{
  "type": "FeatureCollection",
  "metadata": {
    "distance_tiers_used": [
      400,
      800
    ],
    "include_external_tier": false,
    "priority_region": null,
    "total_regions": 112
  },
  "features": [
    {
      "type": "Feature",
      "properties": {
        "stop_id": "415;448",
        "tier": "0-400m",
        "name": "415;448_0-400m"
      },
      "geometry": {
        "type": "Polygon",
        "coordinates": [
          [
            [
              -71.81094341932425,
              42.2521066829705
            ],
            [
              -71.81098840051978,
              42.25206160855659
            ],
            [
              -71.81130770393385,
              42.25179978756416
            ],
            [
              -71.81166001011424,
              42.25156247786112
            ],
            [
              -71.81204192623578,
              42.25135196458525
            ],
            [
              -71.81240327257431,
              42.251190990783655
            ],
            [
              -71.81846072087208,
              42.256645611420765
            ],
            [
              -71.81816257172561,
              42.25689010885603
            ],
            [
              -71.81781026027656,
              42.2571274383135
            ],
            [
              -71.81742832849662,
              42.25733797058702
            ],
            [
              -71.81702045482304,
              42.257519677862064
            ],
            [
              -71.81659056766865,
              42.257670809946084
            ],
            [
              -71.81614559308974,
              42.25778917021192
            ],
            [
              -71.81094341932425,
              42.2521066829705
            ]
          ]
        ]
      }
    },
    {
      "type": "Feature",
      "properties": {
        "stop_id": "415;448",
        "tier": "400-800m",
        "name": "415;448_400-800m"
      },
      "geometry": {
        "type": "MultiPolygon",
        "coordinates": [
          [
            [
              [
                -71.80815964080581,
                42.2490653614926
              ],
              [
                -71.80858452079853,
                42.248779175235605
              ],
              [
                -71.80927654937172,
                42.2483977369229
              ],
              [
                -71.80929225167145,
                42.24838908189103
              ],
              [
                -71.81240171290996,
                42.25118958617167
              ],
              [
                -71.81204062885669,
                42.251350443127166
              ],
              [
                -71.81204052999236,
                42.25135049222394
              ],
              [
                -71.81165851825662,
                42.251561058200046
              ],
              [
                -71.81165842634513,
                42.25156111425946
              ],
              [
                -71.81130603196124,
                42.251798483371374
              ],
              [
                -71.81130594788775,
                42.25179854585358
              ],
              [
                -71.81098656453021,
                42.25206043239167
              ],
              [
                -71.81098648910438,
                42.252060500695
              ],
              [
                -71.81094197592215,
                42.25210510612483
              ],
              [
                -71.80815964080581,
                42.2490653614926
              ]
            ]
          ],
          [
            [
              [
                -71.81930671124651,
                42.2606951032042
              ],
              [
                -71.81892820043592,
                42.26082817591584
              ],
              [
                -71.8161470011859,
                42.257790708145876
              ],
              [
                -71.81659144080139,
                42.25767249017478
              ],
              [
                -71.81659155066711,
                42.257672456346405
              ],
              [
                -71.81702154545842,
                42.25752128642049
              ],
              [
                -71.81702165033107,
                42.257521244754955
              ],
              [
                -71.81742962612799,
                42.25733949198253
              ],
              [
                -71.81742972499748,
                42.25733944288115
              ],
              [
                -71.81781175240339,
                42.25712885789315
              ],
              [
                -71.81781184431748,
                42.25712880182887
              ],
              [
                -71.81816424397401,
                42.25689141294765
              ],
              [
                -71.8181643280475,
                42.25689135046048
              ],
              [
                -71.81846227971289,
                42.25664701496534
              ],
              [
                -71.82157325079608,
                42.25944789518052
              ],
              [
                -71.82088656100966,
                42.25991048937668
              ],
              [
                -71.82012258616678,
                42.260331625640845
              ],
              [
                -71.81930671124651,
                42.2606951032042
              ]
            ]
          ]
        ]
      }
    },
    {
      "type": "Feature",
      "properties": {
        "stop_id": "408;455",
        "tier": "0-400m",
        "name": "408;455_0-400m"
      },
      "geometry": {
        "type": "Polygon",
        "coordinates": [
          [
            [
              -71.83058630568969,
              42.250044121752246
            ],
            [
              -71.83040270117868,
              42.25019474603142
            ],
            [
              -71.830050472877,
              42.25043211335586
            ],
            [
              -71.82966862219781,
              42.250642686626826
            ],
            [
              -71.82926082679693,
              42.25082443763503
            ],
            [
              -71.82883101433306,
              42.250975615766706
            ],
            [
              -71.8286153590946,
              42.25103301099253
            ],
            [
              -71.82316576908269,
              42.24542974727116
            ],
            [
              -71.82322835534127,
              42.245367005793085
            ],
            [
              -71.82354757437933,
              42.24510515042514
            ],
            [
              -71.82389979743247,
              42.244867802853
            ],
            [
              -71.8242816324758,
              42.24465724857915
            ],
            [
              -71.82468940245434,
              42.24447551508286
            ],
            [
              -71.82492705418989,
              42.244391927851694
            ],
            [
              -71.83058630568969,
              42.250044121752246
            ]
          ]
        ]
      }
    },
    {
      "type": "Feature",
      "properties": {
        "stop_id": "408;455",
        "tier": "400-800m",
        "name": "408;455_400-800m"
      },
      "geometry": {
        "type": "MultiPolygon",
        "coordinates": [
          [
            [
              [
                -71.8208240953537,
                42.242084825241534
              ],
              [
                -71.82158784539317,
                42.2416636829802
              ],
              [
                -71.82200829518392,
                42.24147630282435
              ],
              [
                -71.82492557922038,
                42.24439045455285
              ],
              [
                -71.824688311849,
                42.24447390659368
              ],
              [
                -71.82468820700299,
                42.24447394826632
              ],
              [
                -71.82428033493983,
                42.244655727257786
              ],
              [
                -71.82428023609543,
                42.24465577636517
              ],
              [
                -71.8238983054582,
                42.2448663833495
              ],
              [
                -71.82389821356729,
                42.24486643941877
              ],
              [
                -71.82354590233143,
                42.245103846409286
              ],
              [
                -71.82354581827892,
                42.24510390890055
              ],
              [
                -71.82322651931851,
                42.24536582982275
              ],
              [
                -71.82322644391387,
                42.245365898134224
              ],
              [
                -71.82316428009503,
                42.245428216123585
              ],
              [
                -71.82027375097049,
                42.24245566635019
              ],
              [
                -71.82028841515535,
                42.24244578520535
              ],
              [
                -71.82028841515535,
                42.24244578520535
              ],
              [
                -71.8208240953537,
                42.242084825241534
              ]
            ]
          ],
          [
            [
              [
                -71.83350584759312,
                42.25295951663093
              ],
              [
                -71.83312698623573,
                42.25321483932085
              ],
              [
                -71.83236317363713,
                42.253636057589695
              ],
              [
                -71.83154745530592,
                42.253999622631476
              ],
              [
                -71.83151292081095,
                42.25401176977841
              ],
              [
                -71.82861683687132,
                42.251034530270864
              ],
              [
                -71.82883188769826,
                42.25097729590414
              ],
              [
                -71.82883199754585,
                42.250977262064005
              ],
              [
                -71.82926191762792,
                42.250826046078906
              ],
              [
                -71.82926202248144,
                42.25082600440213
              ],
              [
                -71.82966991998603,
                42.25064420788559
              ],
              [
                -71.82967001883559,
                42.250644158773625
              ],
              [
                -71.83005196512045,
                42.25043353277789
              ],
              [
                -71.83005205701399,
                42.25043347670374
              ],
              [
                -71.8304043735023,
                42.250196049946084
              ],
              [
                -71.83040445755482,
                42.250195987449864
              ],
              [
                -71.8305877802816,
                42.25004559433654
              ],
              [
                -71.83350584759312,
                42.25295951663093
              ]
            ]
          ]
        ]
      }
    },
    {
      "type": "Feature",
      "properties": {
        "stop_id": "412;451",
        "tier": "0-400m",
        "name": "412;451_0-400m"
      },
      "geometry": {
        "type": "Polygon",
        "coordinates": [
          [
            [
              -71.82413456132058,
              42.25331664882066
            ],
            [
              -71.82408005900493,
              42.25338425236494
            ],
            [
              -71.82379688628441,
              42.25366809571044
            ],
            [
              -71.82347762510913,
              42.25392995138399
            ],
            [
              -71.82312535006183,
              42.2541672972879
            ],
            [
              -71.82274345381944,
              42.2543778473669
            ],
            [
              -71.82233561447683,
              42.254559573635014
            ],
            [
              -71.82197337016076,
              42.254686951775234
            ],
            [
              -71.81643539655536,
              42.24899351571067
            ],
            [
              -71.81662265053151,
              42.24883994514987
            ],
            [
              -71.81697492031893,
              42.248602618999435
            ],
            [
              -71.81735680091273,
              42.24839208791784
            ],
            [
              -71.81776461481948,
              42.248210379160945
            ],
            [
              -71.81819443493455,
              42.2480592424313
            ],
            [
              -71.8186421223484,
              42.24794013303725
            ],
            [
              -71.81885484559244,
              42.24790050045491
            ],
            [
              -71.82413456132058,
              42.25331664882066
            ]
          ]
        ]
      }
    },
    {
      "type": "Feature",
      "properties": {
        "stop_id": "412;451",
        "tier": "400-800m",
        "name": "412;451_400-800m"
      },
      "geometry": {
        "type": "MultiPolygon",
        "coordinates": [
          [
            [
              [
                -71.81466318229874,
                42.2453983616023
              ],
              [
                -71.81547888676899,
                42.24503491611
              ],
              [
                -71.81590815712886,
                42.244883975510724
              ],
              [
                -71.81591310714138,
                42.24488223496732
              ],
              [
                -71.8188533143392,
                42.24789892946222
              ],
              [
                -71.8186414751621,
                42.24793839733245
              ],
              [
                -71.8186413613802,
                42.24793842300035
              ],
              [
                -71.81819356189193,
                42.24805756221198
              ],
              [
                -71.81819345204374,
                42.248057596041946
              ],
              [
                -71.81776352432568,
                42.24820877060695
              ],
              [
                -71.81776341946893,
                42.248208812273226
              ],
              [
                -71.81735550346656,
                42.2483905665191
              ],
              [
                -71.81735540461098,
                42.248390615620494
              ],
              [
                -71.81697342841186,
                42.24860119940679
              ],
              [
                -71.8169733365094,
                42.248601255470476
              ],
              [
                -71.8166209785276,
                42.24883864103392
              ],
              [
                -71.81662089446327,
                42.24883870352004
              ],
              [
                -71.8164339455976,
                42.24899202385149
              ],
              [
                -71.81356656766773,
                42.24604364263485
              ],
              [
                -71.81357508194077,
                42.24603790671207
              ],
              [
                -71.81389934115965,
                42.24581945747308
              ],
              [
                -71.81466318229874,
                42.2453983616023
              ]
            ]
          ],
          [
            [
              [
                -71.82707747688468,
                42.256335101930574
              ],
              [
                -71.82690638412397,
                42.25647543622195
              ],
              [
                -71.82620174057692,
                42.25695020721567
              ],
              [
                -71.82543783682786,
                42.25737137909502
              ],
              [
                -71.82484286830375,
                42.2576364924369
              ],
              [
                -71.82197481410087,
                42.25468843608059
              ],
              [
                -71.82233670519626,
                42.2545611821437
              ],
              [
                -71.8223368100605,
                42.2545611404733
              ],
              [
                -71.82274475151787,
                42.25437936870305
              ],
              [
                -71.82274485037861,
                42.254379319597064
              ],
              [
                -71.82312684223805,
                42.25416871679912
              ],
              [
                -71.82312693414315,
                42.25416866073055
              ],
              [
                -71.82347929738881,
                42.25393125539879
              ],
              [
                -71.82347938145313,
                42.253931192907686
              ],
              [
                -71.82379872255862,
                42.25366927166991
              ],
              [
                -71.82379879797254,
                42.25366920335814
              ],
              [
                -71.82408204158541,
                42.2533852889437
              ],
              [
                -71.82408210762273,
                42.253385215469244
              ],
              [
                -71.82413610765651,
                42.253318234943166
              ],
              [
                -71.82707747688468,
                42.256335101930574
              ]
            ]
          ]
        ]
      }
    },
    {
      "type": "Feature",
      "properties": {
        "stop_id": "416;447",
        "tier": "0-400m",
        "name": "416;447_0-400m"
      },
      "geometry": {
        "type": "Polygon",
        "coordinates": [
          [
            [
              -71.80869412631985,
              42.25319215634246
            ],
            [
              -71.80892273473584,
              42.253004716870365
            ],
            [
              -71.80927505656234,
              42.25276741454327
            ],
            [
              -71.80965698788397,
              42.25255690925342
            ],
            [
              -71.81006485071893,
              42.2523752280083
            ],
            [
              -71.81049471749164,
              42.252224120245515
            ],
            [
              -71.81093966351796,
              42.25210578179025
            ],
            [
              -71.81614183687219,
              42.25778826920296
            ],
            [
              -71.81609685527785,
              42.25783334559296
            ],
            [
              -71.81577754124248,
              42.258095179643355
            ],
            [
              -71.81542521414345,
              42.25833250172527
            ],
            [
              -71.81504326715908,
              42.2585430260128
            ],
            [
              -71.81463537887319,
              42.258724724768385
            ],
            [
              -71.81420547783937,
              42.2588758478815
            ],
            [
              -71.81405282942572,
              42.258916447221964
            ],
            [
              -71.80869412631985,
              42.25319215634246
            ]
          ]
        ]
      }
    },
    {
      "type": "Feature",
      "properties": {
        "stop_id": "416;447",
        "tier": "400-800m",
        "name": "416;447_400-800m"
      },
      "geometry": {
        "type": "MultiPolygon",
        "coordinates": [
          [
            [
              [
                -71.80590898435126,
                42.2501797932271
              ],
              [
                -71.80590898435128,
                42.2501797932271
              ],
              [
                -71.80619961356044,
                42.24998404854556
              ],
              [
                -71.80696355615375,
                42.24956300426503
              ],
              [
                -71.80777935847759,
                42.249199613802396
              ],
              [
                -71.80815768604202,
                42.249066625827886
              ],
              [
                -71.80815782319581,
                42.24906657761589
              ],
              [
                -71.81093825567483,
                42.25210424379083
              ],
              [
                -71.81049384459594,
                42.25222243996879
              ],
              [
                -71.81049373473641,
                42.25222247379135
              ],
              [
                -71.81006376034904,
                42.25237361938226
              ],
              [
                -71.81006365548033,
                42.25237366104147
              ],
              [
                -71.8096556905375,
                42.25255538776869
              ],
              [
                -71.80965559166944,
                42.252555436863396
              ],
              [
                -71.8092735647298,
                42.25276599485148
              ],
              [
                -71.80927347281447,
                42.25276605090896
              ],
              [
                -71.80892106278056,
                42.25300341264309
              ],
              [
                -71.8089209787031,
                42.25300347512354
              ],
              [
                -71.80869270620339,
                42.25319063916994
              ],
              [
                -71.80588791659251,
                42.25019398271505
              ],
              [
                -71.80590898435126,
                42.2501797932271
              ]
            ]
          ],
          [
            [
              [
                -71.81692155917298,
                42.261900196989885
              ],
              [
                -71.8168650869795,
                42.26192004916463
              ],
              [
                -71.8140542629788,
                42.25891797840378
              ],
              [
                -71.81420635092539,
                42.25887752812801
              ],
              [
                -71.81420646079451,
                42.25887749430193
              ],
              [
                -71.81463646946871,
                42.25872633334915
              ],
              [
                -71.81463657434495,
                42.25872629168581
              ],
              [
                -71.81504456475783,
                42.25854454743499
              ],
              [
                -71.81504466363107,
                42.25854449833568
              ],
              [
                -71.81542670624518,
                42.25833392133564
              ],
              [
                -71.81542679816314,
                42.258333865273286
              ],
              [
                -71.8157792134736,
                42.258096483769485
              ],
              [
                -71.81577929755103,
                42.258096421284066
              ],
              [
                -71.81609869152985,
                42.257834521674845
              ],
              [
                -71.81609876695705,
                42.25783445336821
              ],
              [
                -71.81614328053347,
                42.25778984598159
              ],
              [
                -71.81892638269508,
                42.26082939220731
              ],
              [
                -71.81850146858594,
                42.261115616177584
              ],
              [
                -71.81773746332611,
                42.26153673646787
              ],
              [
                -71.81692155917298,
                42.261900196989885
              ]
            ]
          ]
        ]
      }
    },
    {
      "type": "Feature",
      "properties": {
        "stop_id": "410;452",
        "tier": "0-400m",
        "name": "410;452_0-400m"
      },
      "geometry": {
        "type": "Polygon",
        "coordinates": [
          [
            [
              -71.82665126898864,
              42.2521422278976
            ],
            [
              -71.82636765721904,
              42.25237486567118
            ],
            [
              -71.82601540166013,
              42.25261222051471
            ],
            [
              -71.82563352441086,
              42.252822780272616
            ],
            [
              -71.82522570338308,
              42.253004516865715
            ],
            [
              -71.82479586648242,
              42.25315567981906
            ],
            [
              -71.82434815376624,
              42.253274813129664
            ],
            [
              -71.82413541590294,
              42.2533144558658
            ],
            [
              -71.81885570028464,
              42.24789830753732
            ],
            [
              -71.81891020345802,
              42.24783070641093
            ],
            [
              -71.81919337198576,
              42.24754687484192
            ],
            [
              -71.81951261870003,
              42.24728503080371
            ],
            [
              -71.81986486900378,
              42.24704769571316
            ],
            [
              -71.82024673060977,
              42.246837154952544
            ],
            [
              -71.82065452620732,
              42.246655435870956
            ],
            [
              -71.82108432886807,
              42.246504288270415
            ],
            [
              -71.82109083983137,
              42.24650255578488
            ],
            [
              -71.82665126898864,
              42.2521422278976
            ]
          ]
        ]
      }
    },
    {
      "type": "Feature",
      "properties": {
        "stop_id": "410;452",
        "tier": "400-800m",
        "name": "410;452_400-800m"
      },
      "geometry": {
        "type": "MultiPolygon",
        "coordinates": [
          [
            [
              [
                -71.81678923835915,
                42.24426461093947
              ],
              [
                -71.81755304152317,
                42.24384349570813
              ],
              [
                -71.8181898610352,
                42.24355972623788
              ],
              [
                -71.82108934620616,
                42.24650104070165
              ],
              [
                -71.82108345577021,
                42.246502608072625
              ],
              [
                -71.82108334592627,
                42.24650264190537
              ],
              [
                -71.82065343566691,
                42.24665382734402
              ],
              [
                -71.82065333081464,
                42.24665386901295
              ],
              [
                -71.82024543312605,
                42.2468356335861
              ],
              [
                -71.82024533427514,
                42.246835682689984
              ],
              [
                -71.81986337706859,
                42.24704627615771
              ],
              [
                -71.81986328517094,
                42.247046332223746
              ],
              [
                -71.81951094667765,
                42.24728372672954
              ],
              [
                -71.81951086261826,
                42.24728378921781
              ],
              [
                -71.8191915359747,
                42.247545698807464
              ],
              [
                -71.8191914605631,
                42.24754576711624
              ],
              [
                -71.8189082211362,
                42.24782966974173
              ],
              [
                -71.81890815509868,
                42.24782974321328
              ],
              [
                -71.81885415421345,
                42.247896721342094
              ],
              [
                -71.81591356902706,
                42.2448796389583
              ],
              [
                -71.81608465482441,
                42.24473932078243
              ],
              [
                -71.81678923835915,
                42.24426461093947
              ]
            ]
          ],
          [
            [
              [
                -71.82955270778076,
                42.255084507487744
              ],
              [
                -71.8295436664565,
                42.25509059989155
              ],
              [
                -71.82954366645649,
                42.25509059989155
              ],
              [
                -71.82909184362904,
                42.255395053669815
              ],
              [
                -71.82832797787627,
                42.25581624490931
              ],
              [
                -71.82751220827696,
                42.25617978111687
              ],
              [
                -71.82708288899643,
                42.25633076485973
              ],
              [
                -71.82707793839592,
                42.25633250588183
              ],
              [
                -71.82413694741832,
                42.25331602678646
              ],
              [
                -71.82434880116362,
                42.253276548800606
              ],
              [
                -71.82434891495278,
                42.25327652312708
              ],
              [
                -71.82479673977062,
                42.25315735998659
              ],
              [
                -71.82479684962414,
                42.253157326150344
              ],
              [
                -71.82522679414913,
                42.25300612534737
              ],
              [
                -71.82522689900892,
                42.253006083674286
              ],
              [
                -71.82563482214684,
                42.25282430157649
              ],
              [
                -71.82563492100293,
                42.252824252468
              ],
              [
                -71.82601689386449,
                42.252613639988716
              ],
              [
                -71.82601698576478,
                42.25261358391783
              ],
              [
                -71.82636932951718,
                42.25237616964419
              ],
              [
                -71.82636941357654,
                42.252376107150944
              ],
              [
                -71.82665273113105,
                42.252143710708964
              ],
              [
                -71.82955270778076,
                42.255084507487744
              ]
            ]
          ]
        ]
      }
    },
    {
      "type": "Feature",
      "properties": {
        "stop_id": "414;449",
        "tier": "0-400m",
        "name": "414;449_0-400m"
      },
      "geometry": {
        "type": "Polygon",
        "coordinates": [
          [
            [
              -71.81240454984449,
              42.251189311646435
            ],
            [
              -71.81270269438492,
              42.250944828936575
            ],
            [
              -71.81305499057842,
              42.25070751491327
            ],
            [
              -71.81343689690367,
              42.25049699696098
            ],
            [
              -71.8138447356195,
              42.250315302209145
            ],
            [
              -71.81427457938247,
              42.250164180225475
            ],
            [
              -71.81452215306699,
              42.25009832408541
            ],
            [
              -71.81996167863427,
              42.2556882245897
            ],
            [
              -71.81987686975731,
              42.25577322294199
            ],
            [
              -71.81955758175005,
              42.2560350676086
            ],
            [
              -71.81920528029019,
              42.25627240138608
            ],
            [
              -71.81882335830919,
              42.25648293833589
            ],
            [
              -71.81846199809159,
              42.25664393221769
            ],
            [
              -71.81240454984449,
              42.251189311646435
            ]
          ]
        ]
      }
    },
    {
      "type": "Feature",
      "properties": {
        "stop_id": "414;449",
        "tier": "400-800m",
        "name": "414;449_400-800m"
      },
      "geometry": {
        "type": "MultiPolygon",
        "coordinates": [
          [
            [
              [
                -71.80929283195431,
                42.2483867749924
              ],
              [
                -71.80997948147356,
                42.247924249282256
              ],
              [
                -71.81074337407479,
                42.24750317967353
              ],
              [
                -71.81155912816175,
                42.24713976219448
              ],
              [
                -71.81162212559518,
                42.24711761448102
              ],
              [
                -71.81452067485374,
                42.250096804837135
              ],
              [
                -71.81427370641484,
                42.25016249997692
              ],
              [
                -71.81427359656091,
                42.25016253380312
              ],
              [
                -71.81384364518904,
                42.250313693618494
              ],
              [
                -71.81384354032622,
                42.250313735281146
              ],
              [
                -71.81343559950857,
                42.25049547551846
              ],
              [
                -71.81343550064665,
                42.25049552461645
              ],
              [
                -71.81305349870968,
                42.250706095270125
              ],
              [
                -71.81305340680068,
                42.25070615133066
              ],
              [
                -71.81270102240616,
                42.250943524763954
              ],
              [
                -71.81270093833518,
                42.250943587247185
              ],
              [
                -71.81240299127242,
                42.251187908018174
              ],
              [
                -71.80929283195431,
                42.2483867749924
              ]
            ]
          ],
          [
            [
              [
                -71.82158953409106,
                42.25943693152529
              ],
              [
                -71.82157383073262,
                42.25944558822424
              ],
              [
                -71.81846355802486,
                42.256645336745905
              ],
              [
                -71.81882465595655,
                42.25648445971586
              ],
              [
                -71.81882475482362,
                42.25648441061327
              ],
              [
                -71.81920677242815,
                42.256273820947776
              ],
              [
                -71.81920686433976,
                42.25627376488237
              ],
              [
                -71.81955925400459,
                42.25603637168007
              ],
              [
                -71.81955933807556,
                42.25603630919187
              ],
              [
                -71.81987870601978,
                42.2557743989638
              ],
              [
                -71.81987878144044,
                42.25577433065464
              ],
              [
                -71.8199631682976,
                42.25568975526323
              ],
              [
                -71.82285976239767,
                42.258665914739765
              ],
              [
                -71.82285136090006,
                42.25867157478574
              ],
              [
                -71.82228160079349,
                42.25905541544566
              ],
              [
                -71.82158953409106,
                42.25943693152529
              ]
            ]
          ]
        ]
      }
    },
    {
      "type": "Feature",
      "properties": {
        "stop_id": "407;456",
        "tier": "0-400m",
        "name": "407;456_0-400m"
      },
      "geometry": {
        "type": "Polygon",
        "coordinates": [
          [
            [
              -71.83227296067668,
              42.24907927333607
            ],
            [
              -71.83196771763915,
              42.24932969990178
            ],
            [
              -71.83161550001708,
              42.24956707206751
            ],
            [
              -71.83123365976009,
              42.24977765058003
            ],
            [
              -71.83082587442365,
              42.24995940717957
            ],
            [
              -71.8305882095803,
              42.25004300655532
            ],
            [
              -71.82492895801025,
              42.24439081274763
            ],
            [
              -71.82511255871763,
              42.24424019707945
            ],
            [
              -71.82546477109376,
              42.24400284466574
            ],
            [
              -71.82584659571776,
              42.24379228515028
            ],
            [
              -71.82625435563494,
              42.24361054606279
            ],
            [
              -71.8266841242604,
              42.243459377397926
            ],
            [
              -71.82713176318019,
              42.24334023477151
            ],
            [
              -71.82723654321707,
              42.2433207035237
            ],
            [
              -71.83227296067668,
              42.24907927333607
            ]
          ]
        ]
      }
    },
    {
      "type": "Feature",
      "properties": {
        "stop_id": "407;456",
        "tier": "400-800m",
        "name": "407;456_400-800m"
      },
      "geometry": {
        "type": "MultiPolygon",
        "coordinates": [
          [
            [
              [
                -71.82315277146101,
                42.24079875586392
              ],
              [
                -71.82396836795522,
                42.24043524970368
              ],
              [
                -71.82453812440359,
                42.2402348443608
              ],
              [
                -71.82723514739153,
                42.24331910737944
              ],
              [
                -71.82713111580823,
                42.243338499113264
              ],
              [
                -71.82713100203806,
                42.24333852478961
              ],
              [
                -71.82668325105597,
                42.2434576972419
              ],
              [
                -71.82668314122029,
                42.24345773108002
              ],
              [
                -71.82625326500472,
                42.243608937588256
              ],
              [
                -71.82625316016119,
                42.24360897926232
              ],
              [
                -71.82584529816191,
                42.243790763846384
              ],
              [
                -71.82584519932009,
                42.243790812955126
              ],
              [
                -71.8254632791048,
                42.2440014251824
              ],
              [
                -71.82546318721651,
                42.24400148125293
              ],
              [
                -71.82511088666035,
                42.24423889308623
              ],
              [
                -71.82511080261052,
                42.24423895557863
              ],
              [
                -71.82492748368172,
                42.24438934008909
              ],
              [
                -71.82201020630373,
                42.241475195096434
              ],
              [
                -71.82238904225999,
                42.241219908609864
              ],
              [
                -71.82315277146101,
                42.24079875586392
              ]
            ]
          ],
          [
            [
              [
                -71.83496995470337,
                42.25216245476494
              ],
              [
                -71.8346920401129,
                42.252349756466195
              ],
              [
                -71.83392824836426,
                42.25277098521939
              ],
              [
                -71.83350775885832,
                42.2529584087136
              ],
              [
                -71.83058968481335,
                42.25004447977984
              ],
              [
                -71.8308269652795,
                42.2499610156088
              ],
              [
                -71.83082707013055,
                42.24996097393059
              ],
              [
                -71.83123495756818,
                42.249779171821324
              ],
              [
                -71.83123505641517,
                42.24977912270799
              ],
              [
                -71.83161699227519,
                42.24956849146939
              ],
              [
                -71.8316170841661,
                42.249568435393975
              ],
              [
                -71.83196938997216,
                42.24933100379383
              ],
              [
                -71.83196947402196,
                42.24933094129645
              ],
              [
                -71.83227432666408,
                42.249080835014155
              ],
              [
                -71.83496995470337,
                42.25216245476494
              ]
            ]
          ]
        ]
      }
    },
    {
      "type": "Feature",
      "properties": {
        "stop_id": "413;450",
        "tier": "0-400m",
        "name": "413;450_0-400m"
      },
      "geometry": {
        "type": "Polygon",
        "coordinates": [
          [
            [
              -71.82196986504222,
              42.254686422609645
            ],
            [
              -71.8217826067482,
              42.25484000174462
            ],
            [
              -71.82143032028154,
              42.255077342405215
            ],
            [
              -71.82104841291125,
              42.25528788680732
            ],
            [
              -71.82064056283943,
              42.25546960701961
            ],
            [
              -71.8202106982515,
              42.25562075272496
            ],
            [
              -71.81996310888798,
              42.255686621082894
            ],
            [
              -71.8145235833322,
              42.250096720644876
            ],
            [
              -71.81460839179401,
              42.250011726166896
            ],
            [
              -71.81492766989865,
              42.24974989500357
            ],
            [
              -71.81527995110264,
              42.24951257409674
            ],
            [
              -71.81566184282123,
              42.2493020486921
            ],
            [
              -71.81606966745387,
              42.24912034599087
            ],
            [
              -71.81643189179837,
              42.24899298637528
            ],
            [
              -71.82196986504222,
              42.254686422609645
            ]
          ]
        ]
      }
    },
    {
      "type": "Feature",
      "properties": {
        "stop_id": "413;450",
        "tier": "400-800m",
        "name": "413;450_400-800m"
      },
      "geometry": {
        "type": "MultiPolygon",
        "coordinates": [
          [
            [
              [
                -71.81356317742797,
                42.24604323077818
              ],
              [
                -71.81643044811817,
                42.24899150199864
              ],
              [
                -71.81606857698748,
                42.249118737421
              ],
              [
                -71.81606847212811,
                42.24911877908571
              ],
              [
                -71.81566054539715,
                42.24930052727445
              ],
              [
                -71.81566044653883,
                42.24930057637435
              ],
              [
                -71.81527845921215,
                42.24951115448226
              ],
              [
                -71.81527836730687,
                42.249511210544576
              ],
              [
                -71.81492599790562,
                42.2497485908631
              ],
              [
                -71.81492591383842,
                42.24974865334798
              ],
              [
                -71.81460655579663,
                42.250010550059514
              ],
              [
                -71.81460648037715,
                42.250010618365266
              ],
              [
                -71.81452209393206,
                42.25009518989917
              ],
              [
                -71.81162628407816,
                42.247118815356544
              ],
              [
                -71.81220440224217,
                42.24672936755499
              ],
              [
                -71.81296826563052,
                42.24630828303962
              ],
              [
                -71.81356317742797,
                42.24604323077818
              ]
            ]
          ],
          [
            [
              [
                -71.8248394773697,
                42.257636080914516
              ],
              [
                -71.82450668051624,
                42.257860297360146
              ],
              [
                -71.8237427545055,
                42.25828145788433
              ],
              [
                -71.82292692680186,
                42.258644961325764
              ],
              [
                -71.82286392185257,
                42.25866711520528
              ],
              [
                -71.81996458736242,
                42.25568814025951
              ],
              [
                -71.82021157145202,
                42.25562243292669
              ],
              [
                -71.82021168131227,
                42.25562239909484
              ],
              [
                -71.82064165353145,
                42.25547121554419
              ],
              [
                -71.82064175839835,
                42.25547117387532
              ],
              [
                -71.82104971058759,
                42.255289408162405
              ],
              [
                -71.82104980945108,
                42.2552893590579
              ],
              [
                -71.82143181244122,
                42.255078761938265
              ],
              [
                -71.82143190434913,
                42.25507870587107
              ],
              [
                -71.82178427901702,
                42.25484130578393
              ],
              [
                -71.82178436308422,
                42.254841243294074
              ],
              [
                -71.82197131626103,
                42.254687914397294
              ],
              [
                -71.8248394773697,
                42.257636080914516
              ]
            ]
          ]
        ]
      }
    },
    {
      "type": "Feature",
      "properties": {
        "stop_id": "419;444;420",
        "tier": "0-400m",
        "name": "419;444;420_0-400m"
      },
      "geometry": {
        "type": "Polygon",
        "coordinates": [
          [
            [
              -71.8118039624668,
              42.26000101423868
            ],
            [
              -71.81162683341526,
              42.260178490941385
            ],
            [
              -71.81130748905711,
              42.26044031244056
            ],
            [
              -71.81095513214281,
              42.26067762069451
            ],
            [
              -71.81057315613798,
              42.260888130010535
            ],
            [
              -71.81016523990597,
              42.26106981279524
            ],
            [
              -71.8097353122697,
              42.2612209190919
            ],
            [
              -71.8092875141608,
              42.26133999344323
            ],
            [
              -71.80892584439745,
              42.26140732954586
            ],
            [
              -71.80325440944338,
              42.25682494851598
            ],
            [
              -71.80340239426606,
              42.25651762822063
            ],
            [
              -71.80360569999287,
              42.25619823371741
            ],
            [
              -71.80385016627241,
              42.25589518031576
            ],
            [
              -71.80413343839393,
              42.25561138633356
            ],
            [
              -71.80445278806606,
              42.25534958458852
            ],
            [
              -71.80480513970046,
              42.25511229609014
            ],
            [
              -71.80518710003442,
              42.25490180577194
            ],
            [
              -71.80559499080682,
              42.25472014049722
            ],
            [
              -71.80602488417315,
              42.25456904954982
            ],
            [
              -71.80646617582273,
              42.254451706823694
            ],
            [
              -71.8118039624668,
              42.26000101423868
            ]
          ]
        ]
      }
    },
    {
      "type": "Feature",
      "properties": {
        "stop_id": "419;444;420",
        "tier": "400-800m",
        "name": "419;444;420_400-800m"
      },
      "geometry": {
        "type": "MultiPolygon",
        "coordinates": [
          [
            [
              [
                -71.8003862085103,
                42.25332707728707
              ],
              [
                -71.8010249931152,
                42.25280342801152
              ],
              [
                -71.80172977931188,
                42.25232881136714
              ],
              [
                -71.80249377992894,
                42.25190779703381
              ],
              [
                -71.803309638126,
                42.25154443851552
              ],
              [
                -71.8035555419811,
                42.25145801468857
              ],
              [
                -71.80357911563789,
                42.25144972959881
              ],
              [
                -71.80646471111527,
                42.2544501839058
              ],
              [
                -71.80602401136376,
                42.254567369239766
              ],
              [
                -71.80602390149775,
                42.254567403058026
              ],
              [
                -71.8055939005101,
                42.25471853182935
              ],
              [
                -71.80559379563458,
                42.254718573484446
              ],
              [
                -71.80518580274732,
                42.25490028423725
              ],
              [
                -71.80518570387213,
                42.2549003333281
              ],
              [
                -71.80480364791292,
                42.25511087634079
              ],
              [
                -71.80480355599022,
                42.25511093239464
              ],
              [
                -71.80445111614091,
                42.25534828029662
              ],
              [
                -71.80445103205595,
                42.25534834277376
              ],
              [
                -71.80413160242878,
                42.25561021005963
              ],
              [
                -71.80413152699131,
                42.25561027835844
              ],
              [
                -71.8038481839447,
                42.255894143387714
              ],
              [
                -71.80384811788127,
                42.255894216850486
              ],
              [
                -71.80360359038974,
                42.25619734612147
              ],
              [
                -71.80360353433669,
                42.25619742404077
              ],
              [
                -71.80340017770082,
                42.25651689850509
              ],
              [
                -71.80340013219806,
                42.2565169801306
              ],
              [
                -71.80325255634405,
                42.25682345110206
              ],
              [
                -71.79982523005943,
                42.25405379547035
              ],
              [
                -71.79983656295325,
                42.253877701936155
              ],
              [
                -71.8003862085103,
                42.25332707728707
              ]
            ]
          ],
          [
            [
              [
                -71.81469952134113,
                42.263010802277044
              ],
              [
                -71.81403130401856,
                42.26346085390338
              ],
              [
                -71.81326724070234,
                42.26388194424702
              ],
              [
                -71.81245128064135,
                42.264245372822806
              ],
              [
                -71.81244270148433,
                42.26424838821093
              ],
              [
                -71.80892771169219,
                42.26140883811837
              ],
              [
                -71.8092881612277,
                42.26134172919674
              ],
              [
                -71.80928827503746,
                42.261341703538186
              ],
              [
                -71.8097361852694,
                42.26122259937175
              ],
              [
                -71.80973629514497,
                42.26122256554997
              ],
              [
                -71.81016633042832,
                42.26107142141785
              ],
              [
                -71.81016643531137,
                42.261071379758604
              ],
              [
                -71.81057445367736,
                42.26088965148266
              ],
              [
                -71.81057455255772,
                42.26088960238722
              ],
              [
                -71.81095662419958,
                42.260679040362454
              ],
              [
                -71.81095671612492,
                42.2606789843037
              ],
              [
                -71.8113091612581,
                42.26044161663132
              ],
              [
                -71.81130924534305,
                42.2604415541492
              ],
              [
                -71.81162866965225,
                42.26017966709438
              ],
              [
                -71.81162874508706,
                42.26017959879069
              ],
              [
                -71.81180544339104,
                42.26000255367735
              ],
              [
                -71.81469952134113,
                42.263010802277044
              ]
            ]
          ]
        ]
      }
    },
    {
      "type": "Feature",
      "properties": {
        "stop_id": "417;445",
        "tier": "0-400m",
        "name": "417;445_0-400m"
      },
      "geometry": {
        "type": "Polygon",
        "coordinates": [
          [
            [
              -71.80647129951953,
              42.25445393701585
            ],
            [
              -71.80664842700926,
              42.25427646809769
            ],
            [
              -71.80696775954499,
              42.254014659289204
            ],
            [
              -71.80732009432107,
              42.253777363009426
            ],
            [
              -71.80770203823705,
              42.25356686426685
            ],
            [
              -71.80810991318988,
              42.25338519000591
            ],
            [
              -71.80853979148735,
              42.253234089596965
            ],
            [
              -71.80869242973397,
              42.25319349755417
            ],
            [
              -71.81405113279997,
              42.25891778851161
            ],
            [
              -71.81382251821763,
              42.25910523801263
            ],
            [
              -71.81347017816579,
              42.25934255404755
            ],
            [
              -71.81308821858353,
              42.259553071787856
            ],
            [
              -71.81268031817598,
              42.25973476355905
            ],
            [
              -71.81225040561355,
              42.25988587931786
            ],
            [
              -71.81180908680092,
              42.26000324419016
            ],
            [
              -71.80647129951953,
              42.25445393701585
            ]
          ]
        ]
      }
    },
    {
      "type": "Feature",
      "properties": {
        "stop_id": "417;445",
        "tier": "400-800m",
        "name": "417;445_400-800m"
      },
      "geometry": {
        "type": "MultiPolygon",
        "coordinates": [
          [
            [
              [
                -71.8035765233987,
                42.25144393673744
              ],
              [
                -71.80424468820648,
                42.25099394507754
              ],
              [
                -71.80500865598808,
                42.250572913893244
              ],
              [
                -71.80582448254695,
                42.25020953740051
              ],
              [
                -71.80588094775598,
                42.25018969062148
              ],
              [
                -71.80869099644026,
                42.25319196630379
              ],
              [
                -71.80853891862961,
                42.253232409305646
              ],
              [
                -71.80853880876727,
                42.25323244312634
              ],
              [
                -71.80810882285226,
                42.25338358136157
              ],
              [
                -71.80810871798059,
                42.25338362301899
              ],
              [
                -71.80770074091686,
                42.25356534276027
              ],
              [
                -71.8077006420457,
                42.25356539185328
              ],
              [
                -71.80731860250856,
                42.25377594329245
              ],
              [
                -71.80731851059005,
                42.25377599934835
              ],
              [
                -71.80696608760329,
                42.25401335503366
              ],
              [
                -71.80696600352256,
                42.25401341751266
              ],
              [
                -71.80664659103608,
                42.254275291863756
              ],
              [
                -71.80664651560294,
                42.25427536016423
              ],
              [
                -71.80646981885485,
                42.2544523975068
              ],
              [
                -71.8035765233987,
                42.25144393673744
              ]
            ]
          ],
          [
            [
              [
                -71.8149664368752,
                42.26291027419333
              ],
              [
                -71.81469692761038,
                42.263005009678885
              ],
              [
                -71.81181055176552,
                42.26000476703832
              ],
              [
                -71.81225127866163,
                42.259887559578964
              ],
              [
                -71.81225138853353,
                42.259887525754756
              ],
              [
                -71.81268140873922,
                42.25973637215812
              ],
              [
                -71.81268151361843,
                42.25973633049658
              ],
              [
                -71.813089516156,
                42.25955459323189
              ],
              [
                -71.81308961503233,
                42.25955454413428
              ],
              [
                -71.8134716702475,
                42.259343973683116
              ],
              [
                -71.81347176216866,
                42.25934391762233
              ],
              [
                -71.81382419043514,
                42.25910654216703
              ],
              [
                -71.81382427451585,
                42.259106479683055
              ],
              [
                -71.8140525531734,
                42.25891930561623
              ],
              [
                -71.81685811610727,
                42.2619157577471
              ],
              [
                -71.81654639574077,
                42.26212572044781
              ],
              [
                -71.81578236527842,
                42.26254682764207
              ],
              [
                -71.8149664368752,
                42.26291027419333
              ]
            ]
          ]
        ]
      }
    },
    {
      "type": "Feature",
      "properties": {
        "stop_id": "405;457",
        "tier": "0-400m",
        "name": "405;457_0-400m"
      },
      "geometry": {
        "type": "Polygon",
        "coordinates": [
          [
            [
              -71.82723679247898,
              42.243317683961614
            ],
            [
              -71.8275420252543,
              42.24306726972599
            ],
            [
              -71.82789422200057,
              42.24282990980354
            ],
            [
              -71.82827603147408,
              42.24261934215748
            ],
            [
              -71.82868377686601,
              42.24243759439585
            ],
            [
              -71.82911353173125,
              42.24228641659682
            ],
            [
              -71.82956115778835,
              42.24216726446417
            ],
            [
              -71.83002234475428,
              42.242081285316615
            ],
            [
              -71.83049265183192,
              42.24202930704535
            ],
            [
              -71.83096755045088,
              42.242011830146296
            ],
            [
              -71.83144246785162,
              42.24202902290326
            ],
            [
              -71.83174904955686,
              42.24206271903236
            ],
            [
              -71.83415634428721,
              42.24831899769539
            ],
            [
              -71.83404505043731,
              42.248394008028725
            ],
            [
              -71.83366322533517,
              42.24860459467182
            ],
            [
              -71.8332554545286,
              42.24878635994579
            ],
            [
              -71.83282566543929,
              42.248937553099516
            ],
            [
              -71.832377997664,
              42.24905671783911
            ],
            [
              -71.83227320972095,
              42.24907625376611
            ],
            [
              -71.82723679247898,
              42.243317683961614
            ]
          ]
        ]
      }
    },
    {
      "type": "Feature",
      "properties": {
        "stop_id": "405;457",
        "tier": "400-800m",
        "name": "405;457_400-800m"
      },
      "geometry": {
        "type": "MultiPolygon",
        "coordinates": [
          [
            [
              [
                -71.82454055193024,
                42.240234315838435
              ],
              [
                -71.82454169487191,
                42.24023354558719
              ],
              [
                -71.82481844338677,
                42.240047038343356
              ],
              [
                -71.82558214228742,
                42.23962586933416
              ],
              [
                -71.82639770973206,
                42.23926234582374
              ],
              [
                -71.82725729282464,
                42.23895996773368
              ],
              [
                -71.82815261528151,
                42.23872164624599
              ],
              [
                -71.82907505706083,
                42.23854967580091
              ],
              [
                -71.83001573728599,
                42.23844571202796
              ],
              [
                -71.8303527517377,
                42.23843331035049
              ],
              [
                -71.83174831836037,
                42.24206081854118
              ],
              [
                -71.8314427635471,
                42.24202723527529
              ],
              [
                -71.83144264521495,
                42.24202722665154
              ],
              [
                -71.83096760892536,
                42.242010029590624
              ],
              [
                -71.83096749002546,
                42.24201002962619
              ],
              [
                -71.83049247252237,
                42.24202751090033
              ],
              [
                -71.83049235419956,
                42.24202751959487
              ],
              [
                -71.83002192938685,
                42.242079510878185
              ],
              [
                -71.83002181278053,
                42.24207952814796
              ],
              [
                -71.8295605103618,
                42.24216552881929
              ],
              [
                -71.82956039659472,
                42.24216555449805
              ],
              [
                -71.82911265847855,
                42.24228473645896
              ],
              [
                -71.82911254864621,
                42.2422847702994
              ],
              [
                -71.82868268619431,
                42.24243598594409
              ],
              [
                -71.82868258135429,
                42.24243602762039
              ],
              [
                -71.82827473388392,
                42.242617820880774
              ],
              [
                -71.8282746350458,
                42.242617869991626
              ],
              [
                -71.82789272998478,
                42.24282849035151
              ],
              [
                -71.82789263810037,
                42.24282854642401
              ],
              [
                -71.82754035317798,
                42.24306596576794
              ],
              [
                -71.8275402691321,
                42.243066028262135
              ],
              [
                -71.82723542674026,
                42.243316122221934
              ],
              [
                -71.82454055193024,
                42.240234315838435
              ]
            ]
          ],
          [
            [
              [
                -71.83497238260024,
                42.2521619260228
              ],
              [
                -71.83227460580049,
                42.24907784984742
              ],
              [
                -71.83237864523835,
                42.24905845346598
              ],
              [
                -71.83237875901666,
                42.249058427784455
              ],
              [
                -71.83282653888237,
                42.248939233207125
              ],
              [
                -71.83282664872428,
                42.24893919936315
              ],
              [
                -71.83325654542594,
                42.24878796835224
              ],
              [
                -71.83325665027344,
                42.24878792667181
              ],
              [
                -71.83366452317759,
                42.24860611588592
              ],
              [
                -71.83366462202088,
                42.24860606677048
              ],
              [
                -71.83404654272225,
                42.24839542739929
              ],
              [
                -71.8340466346093,
                42.24839537132192
              ],
              [
                -71.83415708712202,
                42.24832092803673
              ],
              [
                -71.83555579453629,
                42.25195541091223
              ],
              [
                -71.8355422097319,
                42.251961466407856
              ],
              [
                -71.83497238260024,
                42.2521619260228
              ]
            ]
          ]
        ]
      }
    },
    {
      "type": "Feature",
      "properties": {
        "stop_id": "404;459",
        "tier": "0-400m",
        "name": "404;459_0-400m"
      },
      "geometry": {
        "type": "Polygon",
        "coordinates": [
          [
            [
              -71.83175130265317,
              42.242062024632894
            ],
            [
              -71.83186258809414,
              42.241987016443545
            ],
            [
              -71.8322443792895,
              42.24177643555611
            ],
            [
              -71.83265210786405,
              42.241594673659705
            ],
            [
              -71.83308184753463,
              42.241443480968584
            ],
            [
              -71.83352946016593,
              42.241324313329955
            ],
            [
              -71.83399063560421,
              42.24123831821179
            ],
            [
              -71.83446093316329,
              42.24118632365911
            ],
            [
              -71.83493582436436,
              42.2411688303246
            ],
            [
              -71.83541073651932,
              42.241186006650246
            ],
            [
              -71.83588109673839,
              42.241237687246326
            ],
            [
              -71.83634237593985,
              42.241323374483
            ],
            [
              -71.83679013243898,
              42.2414422432797
            ],
            [
              -71.83722005469757,
              42.241593149045904
            ],
            [
              -71.83762800282322,
              42.2417746386972
            ],
            [
              -71.83801004841983,
              42.24198496464083
            ],
            [
              -71.8383625124061,
              42.24222210159626
            ],
            [
              -71.8386820004383,
              42.24248376608931
            ],
            [
              -71.83896543559672,
              42.24276743843223
            ],
            [
              -71.83921008802109,
              42.243070386978836
            ],
            [
              -71.83941360120909,
              42.243389694421204
            ],
            [
              -71.8395740147249,
              42.24372228587523
            ],
            [
              -71.83968978309815,
              42.24406495848498
            ],
            [
              -71.83975979073075,
              42.24441441226095
            ],
            [
              -71.83978336266702,
              42.244767281855594
            ],
            [
              -71.83976027112249,
              42.24512016897023
            ],
            [
              -71.83969073770726,
              42.24546967508144
            ],
            [
              -71.83957543132162,
              42.24581243417172
            ],
            [
              -71.83941546174272,
              42.24614514514934
            ],
            [
              -71.8392123689632,
              42.24646460364473
            ],
            [
              -71.83896810838343,
              42.24676773287728
            ],
            [
              -71.83868503199878,
              42.24705161329495
            ],
            [
              -71.83836586576287,
              42.24731351070077
            ],
            [
              -71.83801368334385,
              42.24755090259517
            ],
            [
              -71.83763187652622,
              42.247761502480024
            ],
            [
              -71.8372241225433,
              42.247943281889675
            ],
            [
              -71.83679434865465,
              42.248094489936854
            ],
            [
              -71.83634669431055,
              42.248213670184214
            ],
            [
              -71.83588547126773,
              42.24829967467924
            ],
            [
              -71.83541512204187,
              42.248351675016565
            ],
            [
              -71.8349401770972,
              42.24836917032121
            ],
            [
              -71.8344652111872,
              42.248351992075456
            ],
            [
              -71.83415859757974,
              42.24831830324936
            ],
            [
              -71.83175130265317,
              42.242062024632894
            ]
          ]
        ]
      }
    },
    {
      "type": "Feature",
      "properties": {
        "stop_id": "404;459",
        "tier": "400-800m",
        "name": "404;459_400-800m"
      },
      "geometry": {
        "type": "Polygon",
        "coordinates": [
          [
            [
              -71.83122542490558,
              42.23811709587535
            ],
            [
              -71.83212072051293,
              42.237878743373585
            ],
            [
              -71.8330431392387,
              42.23770674098543
            ],
            [
              -71.83398380042802,
              42.237602744647944
            ],
            [
              -71.83493364797492,
              42.23756775556959
            ],
            [
              -71.83588353742341,
              42.23760211060089
            ],
            [
              -71.83682432391453,
              42.23770547899468
            ],
            [
              -71.83774695013761,
              42.23787686558712
            ],
            [
              -71.8386425334426,
              42.238114620369075
            ],
            [
              -71.8395024512795,
              42.23841645435592
            ],
            [
              -71.84031842414575,
              42.23877946160383
            ],
            [
              -71.84108259524639,
              42.23920014716186
            ],
            [
              -71.8417876061029,
              42.23967446069137
            ],
            [
              -71.84242666738436,
              42.24019783543116
            ],
            [
              -71.84299362428064,
              42.240765232134095
            ],
            [
              -71.843483015788,
              42.2413711875541
            ],
            [
              -71.8438901273361,
              42.242009867018204
            ],
            [
              -71.84421103624798,
              42.24267512057881
            ],
            [
              -71.84444264959329,
              42.243360542207064
            ],
            [
              -71.8445827340671,
              42.2440595314585
            ],
            [
              -71.84462993760327,
              42.24476535701809
            ],
            [
              -71.84458380250982,
              42.24547122151374
            ],
            [
              -71.84444476999577,
              42.24617032697422
            ],
            [
              -71.84421417604115,
              42.246855940301614
            ],
            [
              -71.8438942386452,
              42.24752145812739
            ],
            [
              -71.84348803657147,
              42.24816047042709
            ],
            [
              -71.84299947979021,
              42.248766822280146
            ],
            [
              -71.84243327189931,
              42.24933467317916
            ],
            [
              -71.84179486488266,
              42.249858553315775
            ],
            [
              -71.84109040663948,
              42.25033341630004
            ],
            [
              -71.8403266817887,
              42.250754687803585
            ],
            [
              -71.83951104631772,
              42.25111830965674
            ],
            [
              -71.8386513567058,
              42.251420778972935
            ],
            [
              -71.83775589420547,
              42.25165918192224
            ],
            [
              -71.83683328501397,
              42.25183122182723
            ],
            [
              -71.83589241710564,
              42.251935241309084
            ],
            [
              -71.83557509592495,
              42.25194693118402
            ],
            [
              -71.83555533186495,
              42.25194765924803
            ],
            [
              -71.83415932892092,
              42.24832020372308
            ],
            [
              -71.83446491554758,
              42.24835377970924
            ],
            [
              -71.834465033892,
              42.24835378832985
            ],
            [
              -71.83494011872989,
              42.24837097087691
            ],
            [
              -71.83494023764175,
              42.248370970837215
            ],
            [
              -71.83541530150909,
              42.24835347115187
            ],
            [
              -71.83541541984302,
              42.24835346245227
            ],
            [
              -71.83588588684042,
              42.24830144909446
            ],
            [
              -71.83588600345661,
              42.24830143181873
            ],
            [
              -71.83634734198505,
              42.24821540578891
            ],
            [
              -71.83634745576025,
              42.24821538010346
            ],
            [
              -71.83679522219141,
              42.24809617001447
            ],
            [
              -71.83679533202972,
              42.2480961361667
            ],
            [
              -71.83722521352692,
              42.247944890258594
            ],
            [
              -71.83722531837043,
              42.24794484857453
            ],
            [
              -71.83763317444671,
              42.24776302364943
            ],
            [
              -71.83763327328559,
              42.24776297453056
            ],
            [
              -71.83801517569786,
              42.2475523219143
            ],
            [
              -71.83801526758016,
              42.24755226583374
            ],
            [
              -71.83836753817435,
              42.24731481449996
            ],
            [
              -71.83836762221517,
              42.24731475199787
            ],
            [
              -71.83868686835753,
              42.24705278901739
            ],
            [
              -71.8386869437475,
              42.24705272069576
            ],
            [
              -71.8389700910004,
              42.24676876919986
            ],
            [
              -71.83897015701353,
              42.24676869571676
            ],
            [
              -71.83921447874103,
              42.24646549058712
            ],
            [
              -71.83921453474164,
              42.24646541265028
            ],
            [
              -71.8394176783597,
              42.2461458741701
            ],
            [
              -71.83941772380857,
              42.246145792530164
            ],
            [
              -71.83957773342766,
              42.24581299825048
            ],
            [
              -71.83957776788723,
              42.245812913693726
            ],
            [
              -71.83969310312953,
              42.2454700687865
            ],
            [
              -71.83969312626813,
              42.2454699821273
            ],
            [
              -71.83976267707908,
              42.24512038851086
            ],
            [
              -71.83976268867404,
              42.245120300583814
            ],
            [
              -71.83978578598641,
              42.24476732511841
            ],
            [
              -71.83978578592622,
              42.244767236770315
            ],
            [
              -71.83976220807494,
              42.24441427883026
            ],
            [
              -71.83976219636043,
              42.24441419091196
            ],
            [
              -71.83969217118748,
              42.24406464964673
            ],
            [
              -71.83969214793161,
              42.244064563004905
            ],
            [
              -71.8395763505622,
              42.24372180460458
            ],
            [
              -71.83957631598913,
              42.243721720073616
            ],
            [
              -71.8394158623011,
              42.243389045353766
            ],
            [
              -71.83941581674397,
              42.24338896374773
            ],
            [
              -71.83921225259498,
              42.24306957636606
            ],
            [
              -71.83921219649267,
              42.24306949847076
            ],
            [
              -71.83896748280974,
              42.24276647408108
            ],
            [
              -71.83896741670262,
              42.242766400646666
            ],
            [
              -71.83868391057825,
              42.24248265728711
            ],
            [
              -71.83868383510307,
              42.242482589020725
            ],
            [
              -71.83836426708122,
              42.24222085902122
            ],
            [
              -71.83836418296487,
              42.24222079658022
            ],
            [
              -71.83801163073561,
              42.24198360025913
            ],
            [
              -71.83801153878815,
              42.24198354424481
            ],
            [
              -71.83762939754496,
              42.241773165647864
            ],
            [
              -71.83762929865192,
              42.241773116599575
            ],
            [
              -71.83722124839704,
              42.241591581514164
            ],
            [
              -71.83722114351072,
              42.24159153990422
            ],
            [
              -71.83679111362359,
              42.24144059636047
            ],
            [
              -71.83679100375396,
              42.24144056258953
            ],
            [
              -71.8363431351631,
              42.24132166403548
            ],
            [
              -71.83634302136815,
              42.241321638428744
            ],
            [
              -71.83588162669083,
              42.24123592974139
            ],
            [
              -71.83588151006633,
              42.241235912545406
            ],
            [
              -71.83541103209886,
              42.24118421901179
            ],
            [
              -71.83541091376773,
              42.24118421039214
            ],
            [
              -71.83493588272523,
              42.24116702976663
            ],
            [
              -71.83493576382692,
              42.24116702980631
            ],
            [
              -71.83446075374354,
              42.24118452752004
            ],
            [
              -71.83446063542289,
              42.241184536218675
            ],
            [
              -71.83399022013111,
              42.24123654378748
            ],
            [
              -71.83399010352743,
              42.24123656106131
            ],
            [
              -71.83352881263924,
              42.24132257770723
            ],
            [
              -71.8335286988753,
              42.24132260338993
            ],
            [
              -71.83308097418826,
              42.241441800860706
            ],
            [
              -71.83308086435952,
              42.24144183470496
            ],
            [
              -71.83265101710609,
              42.24159306524546
            ],
            [
              -71.83265091227008,
              42.24159310692541
            ],
            [
              -71.83224308162126,
              42.241774914324104
            ],
            [
              -71.83224298278755,
              42.241774963438374
            ],
            [
              -71.83186109600926,
              42.24198559704295
            ],
            [
              -71.83186100412958,
              42.24198565311863
            ],
            [
              -71.83175055996522,
              42.24206009427383
            ],
            [
              -71.83035228980289,
              42.23842555864686
            ],
            [
              -71.83036587220025,
              42.23841950375195
            ],
            [
              -71.83122542490558,
              42.23811709587535
            ]
          ]
        ]
      }
    },
    {
      "type": "Feature",
      "properties": {
        "stop_id": "421;442",
        "tier": "0-400m",
        "name": "421;442_0-400m"
      },
      "geometry": {
        "type": "Polygon",
        "coordinates": [
          [
            [
              -71.80019314437234,
              42.2584354744315
            ],
            [
              -71.8002701263319,
              42.25834005594933
            ],
            [
              -71.80055342544708,
              42.25805627093075
            ],
            [
              -71.80087280226222,
              42.257794479265996
            ],
            [
              -71.8012251809277,
              42.25755720186746
            ],
            [
              -71.80160716792055,
              42.25734672356179
            ],
            [
              -71.80201508472298,
              42.257165071096566
            ],
            [
              -71.80244500323995,
              42.25701399363226
            ],
            [
              -71.80289278361467,
              42.256894945906495
            ],
            [
              -71.80325443401112,
              42.25682762877552
            ],
            [
              -71.8089258692072,
              42.26141000980201
            ],
            [
              -71.80877789976962,
              42.261717336960224
            ],
            [
              -71.80857460241964,
              42.26203674032287
            ],
            [
              -71.80833013504346,
              42.26233980346905
            ],
            [
              -71.80804685162838,
              42.26262360748289
            ],
            [
              -71.80772748012232,
              42.262885418903075
            ],
            [
              -71.80737509617094,
              42.26312271605801
            ],
            [
              -71.8069930935003,
              42.263333213361875
            ],
            [
              -71.80658515123068,
              42.263514883336924
            ],
            [
              -71.80644567384198,
              42.26356389834825
            ],
            [
              -71.80035012528442,
              42.25962121265276
            ],
            [
              -71.80019314437234,
              42.2584354744315
            ]
          ]
        ]
      }
    },
    {
      "type": "Feature",
      "properties": {
        "stop_id": "421;442",
        "tier": "400-800m",
        "name": "421;442_400-800m"
      },
      "geometry": {
        "type": "MultiPolygon",
        "coordinates": [
          [
            [
              [
                -71.79982452255487,
                42.25405588421845
              ],
              [
                -71.80325256698679,
                42.25682612010942
              ],
              [
                -71.80289213676865,
                42.25689321011554
              ],
              [
                -71.80289202296429,
                42.25689323576777
              ],
              [
                -71.80244413049188,
                42.25701231329568
              ],
              [
                -71.80244402061972,
                42.2570123471105
              ],
              [
                -71.80201399447516,
                42.25716346239534
              ],
              [
                -71.8020138895932,
                42.25716350404716
              ],
              [
                -71.80160587066939,
                42.25734520198726
              ],
              [
                -71.80160577178759,
                42.257345251074995
              ],
              [
                -71.80122368916282,
                42.257555782072146
              ],
              [
                -71.80122359723342,
                42.257555838123125
              ],
              [
                -71.80087113034627,
                42.25779317492247
              ],
              [
                -71.80087104625453,
                42.25779323739695
              ],
              [
                -71.80055158947754,
                42.25805509460002
              ],
              [
                -71.80055151403329,
                42.25805516289643
              ],
              [
                -71.80026814398624,
                42.25833901895986
              ],
              [
                -71.80026807791613,
                42.25833909242053
              ],
              [
                -71.80019274604273,
                42.258432465634925
              ],
              [
                -71.79966368781153,
                42.254435950867496
              ],
              [
                -71.79982452255487,
                42.25405588421845
              ]
            ]
          ],
          [
            [
              [
                -71.81243697873589,
                42.26424642553244
              ],
              [
                -71.81243231595136,
                42.26425220635061
              ],
              [
                -71.81236153056345,
                42.264339964370855
              ],
              [
                -71.81179490852602,
                42.26490766245553
              ],
              [
                -71.81115609087487,
                42.2654313706082
              ],
              [
                -71.81045122946634,
                42.26590604409467
              ],
              [
                -71.81024395318775,
                42.266020264702
              ],
              [
                -71.80644766937233,
                42.26356518895115
              ],
              [
                -71.80658624170414,
                42.26351649199289
              ],
              [
                -71.80658634659362,
                42.26351645033694
              ],
              [
                -71.80699439100376,
                42.263334734873844
              ],
              [
                -71.80699448989071,
                42.263334685781516
              ],
              [
                -71.80737658820506,
                42.263124135771925
              ],
              [
                -71.80737668013711,
                42.263124079716064
              ],
              [
                -71.80772915231414,
                42.26288672314547
              ],
              [
                -71.80772923640589,
                42.262886660666005
              ],
              [
                -71.80804868786979,
                42.26262478369268
              ],
              [
                -71.80804876331138,
                42.26262471539139
              ],
              [
                -71.80833211764653,
                42.26234084031843
              ],
              [
                -71.80833218371147,
                42.262340766853164
              ],
              [
                -71.80857671228713,
                42.262037627826466
              ],
              [
                -71.80857676833924,
                42.2620375499048
              ],
              [
                -71.80878011657899,
                42.261718066571156
              ],
              [
                -71.80878016207856,
                42.261717984943566
              ],
              [
                -71.80892772257506,
                42.261411507123064
              ],
              [
                -71.81243697873589,
                42.26424642553244
              ]
            ]
          ]
        ]
      }
    },
    {
      "type": "Feature",
      "properties": {
        "stop_id": "196;24;1508",
        "tier": "0-400m",
        "name": "196;24;1508_0-400m"
      },
      "geometry": {
        "type": "Polygon",
        "coordinates": [
          [
            [
              -71.80047533343331,
              42.26468926219901
            ],
            [
              -71.79902651643074,
              42.26209519811544
            ],
            [
              -71.80034946054077,
              42.25962317018746
            ],
            [
              -71.80644447904382,
              42.263565513010704
            ],
            [
              -71.80632798730643,
              42.26380743184306
            ],
            [
              -71.80612467087784,
              42.264126830746974
            ],
            [
              -71.80588018369554,
              42.26442988856094
            ],
            [
              -71.80559687993758,
              42.264713686420485
            ],
            [
              -71.80527748774784,
              42.26497549092351
            ],
            [
              -71.8049250829712,
              42.26521278046503
            ],
            [
              -71.80454305953434,
              42.265423269532505
            ],
            [
              -71.8041350967576,
              42.265604930727555
            ],
            [
              -71.80370512391231,
              42.26575601430138
            ],
            [
              -71.80325728236573,
              42.265875065015514
            ],
            [
              -71.80283373787208,
              42.26595389152182
            ],
            [
              -71.80047533343331,
              42.26468926219901
            ]
          ]
        ]
      }
    },
    {
      "type": "Feature",
      "properties": {
        "stop_id": "196;24;1508",
        "tier": "400-800m",
        "name": "196;24;1508_400-800m"
      },
      "geometry": {
        "type": "Polygon",
        "coordinates": [
          [
            [
              -71.8093449722138,
              42.26699782061507
            ],
            [
              -71.80870611318686,
              42.26752151493275
            ],
            [
              -71.80809049657563,
              42.2679360512991
            ],
            [
              -71.80802828010583,
              42.267921549631765
            ],
            [
              -71.8039656886335,
              42.266560833616914
            ],
            [
              -71.80283630766567,
              42.26595526944857
            ],
            [
              -71.8032579293136,
              42.265876800801664
            ],
            [
              -71.80325804313398,
              42.26587677514912
            ],
            [
              -71.8037059968145,
              42.26575769462579
            ],
            [
              -71.80370610670114,
              42.26575766080981
            ],
            [
              -71.8041361872048,
              42.26560653940623
            ],
            [
              -71.80413629209934,
              42.265606497752536
            ],
            [
              -71.80454435702173,
              42.26542479107165
            ],
            [
              -71.80454445591388,
              42.265424741981455
            ],
            [
              -71.80492657499961,
              42.2652142002103
            ],
            [
              -71.80492666693688,
              42.26521414415642
            ],
            [
              -71.80527915994439,
              42.26497679520116
            ],
            [
              -71.80527924404133,
              42.26497673272352
            ],
            [
              -71.80559871619411,
              42.264714862669074
            ],
            [
              -71.80559879164082,
              42.26471479436942
            ],
            [
              -71.80588216632397,
              42.26443092545232
            ],
            [
              -71.80588223239393,
              42.26443085198848
            ],
            [
              -71.80612678078066,
              42.2641277182953
            ],
            [
              -71.80612683683763,
              42.26412764037486
            ],
            [
              -71.80633020416077,
              42.263808161501075
            ],
            [
              -71.80633024966501,
              42.2638080798745
            ],
            [
              -71.80644644209205,
              42.26356678260589
            ],
            [
              -71.81024157863568,
              42.26602111646714
            ],
            [
              -71.81024079145354,
              42.266022092313705
            ],
            [
              -71.80991163494417,
              42.26643013483919
            ],
            [
              -71.8093449722138,
              42.26699782061507
            ]
          ]
        ]
      }
    },
    {
      "type": "Feature",
      "properties": {
        "stop_id": "409;453",
        "tier": "0-400m",
        "name": "409;453_0-400m"
      },
      "geometry": {
        "type": "Polygon",
        "coordinates": [
          [
            [
              -71.828614497749,
              42.251035199532815
            ],
            [
              -71.82855191122702,
              42.25109794388813
            ],
            [
              -71.82823268267994,
              42.25135981291255
            ],
            [
              -71.82788043976089,
              42.251597173525276
            ],
            [
              -71.82749857483729,
              42.25180773952941
            ],
            [
              -71.82709076570227,
              42.251989482785625
            ],
            [
              -71.8266609401468,
              42.25214065275479
            ],
            [
              -71.82665442875613,
              42.252142385554905
            ],
            [
              -71.82109399930351,
              42.24650271359557
            ],
            [
              -71.82137760415301,
              42.24627008862545
            ],
            [
              -71.82172984181997,
              42.24603274776539
            ],
            [
              -71.82211169110373,
              42.24582220075846
            ],
            [
              -71.82251947481218,
              42.24564047501394
            ],
            [
              -71.82294926613146,
              42.24548932039799
            ],
            [
              -71.82316490762489,
              42.24543193577263
            ],
            [
              -71.828614497749,
              42.251035199532815
            ]
          ]
        ]
      }
    },
    {
      "type": "Feature",
      "properties": {
        "stop_id": "409;453",
        "tier": "400-800m",
        "name": "409;453_400-800m"
      },
      "geometry": {
        "type": "MultiPolygon",
        "coordinates": [
          [
            [
              [
                -71.82023360110979,
                42.242465105321585
              ],
              [
                -71.82026813147127,
                42.24245296154698
              ],
              [
                -71.82316343010982,
                42.24543041642256
              ],
              [
                -71.82294839299811,
                42.245487640214115
              ],
              [
                -71.82294828315693,
                42.24548767404864
              ],
              [
                -71.82251838424189,
                42.24563886650445
              ],
              [
                -71.82251827939251,
                42.2456389081751
              ],
              [
                -71.82211039359599,
                42.24582067941285
              ],
              [
                -71.8221102947481,
                42.24582072851835
              ],
              [
                -71.82172834986689,
                42.24603132823395
              ],
              [
                -71.82172825797238,
                42.24603138430147
              ],
              [
                -71.82137593211904,
                42.24626878457824
              ],
              [
                -71.82137584806283,
                42.24626884706789
              ],
              [
                -71.82109253742163,
                42.24650123071184
              ],
              [
                -71.8181933470369,
                42.243560215544704
              ],
              [
                -71.81865417851454,
                42.243249712518505
              ],
              [
                -71.81941795703439,
                42.24282858479291
              ],
              [
                -71.82023360110979,
                42.242465105321585
              ]
            ]
          ],
          [
            [
              [
                -71.83150729980555,
                42.25400906553162
              ],
              [
                -71.83095691436986,
                42.25437995714073
              ],
              [
                -71.83019307327497,
                42.254801160874166
              ],
              [
                -71.82955619450493,
                42.255084996448055
              ],
              [
                -71.82665592264767,
                42.25214390056411
              ],
              [
                -71.8266618134705,
                42.25214233290844
              ],
              [
                -71.82666192332124,
                42.25214229907039
              ],
              [
                -71.8270918564982,
                42.25199109124981
              ],
              [
                -71.82709196135507,
                42.25199104957503
              ],
              [
                -71.82749987259727,
                42.25180926081244
              ],
              [
                -71.82749997145034,
                42.25180921170234
              ],
              [
                -71.82788193198313,
                42.25159859297527
              ],
              [
                -71.82788202388029,
                42.251598536902875
              ],
              [
                -71.82823435498966,
                42.25136111685859
              ],
              [
                -71.82823443904586,
                42.251361054363976
              ],
              [
                -71.82855374751497,
                42.25109911977199
              ],
              [
                -71.82855382292071,
                42.25109905145709
              ],
              [
                -71.82861598700043,
                42.25103673060806
              ],
              [
                -71.83150729980555,
                42.25400906553162
              ]
            ]
          ]
        ]
      }
    },
    {
      "type": "Feature",
      "properties": {
        "stop_id": "1503",
        "tier": "0-400m",
        "name": "1503_0-400m"
      },
      "geometry": {
        "type": "Polygon",
        "coordinates": [
          [
            [
              -71.79902433233028,
              42.262094405182886
            ],
            [
              -71.79337185219349,
              42.26282838443374
            ],
            [
              -71.7973581925709,
              42.25733954363765
            ],
            [
              -71.79760747153969,
              42.25736701073973
            ],
            [
              -71.79806881642928,
              42.25745285168736
            ],
            [
              -71.7985166151128,
              42.257571869585675
            ],
            [
              -71.79894655564574,
              42.257722918408554
            ],
            [
              -71.79935449795938,
              42.25790454369417
            ],
            [
              -71.79973651371313,
              42.2581149965438
            ],
            [
              -71.80008892411242,
              42.25835225045494
            ],
            [
              -71.80019073753891,
              42.258435690996635
            ],
            [
              -71.8003477313871,
              42.2596215272674
            ],
            [
              -71.79902433233028,
              42.262094405182886
            ]
          ]
        ]
      }
    },
    {
      "type": "Feature",
      "properties": {
        "stop_id": "1503",
        "tier": "400-800m",
        "name": "1503_400-800m"
      },
      "geometry": {
        "type": "Polygon",
        "coordinates": [
          [
            [
              -71.7991742582403,
              42.25483861723706
            ],
            [
              -71.79966151975923,
              42.2544379701587
            ],
            [
              -71.80019033940974,
              42.258432683713295
            ],
            [
              -71.80009067998574,
              42.25835100846911
            ],
            [
              -71.80009059588572,
              42.25835094600021
            ],
            [
              -71.79973809725682,
              42.25811363269414
            ],
            [
              -71.79973800531985,
              42.25811357664928
            ],
            [
              -71.79935589392697,
              42.25790307111456
            ],
            [
              -71.79935579503838,
              42.25790302203342
            ],
            [
              -71.79894775059698,
              42.25772135127973
            ],
            [
              -71.79894764570908,
              42.2577213096349
            ],
            [
              -71.79851759754304,
              42.25757022299866
            ],
            [
              -71.79851748766583,
              42.257570189191156
            ],
            [
              -71.79806957688001,
              42.25745114149817
            ],
            [
              -71.79806946307154,
              42.257451115853534
            ],
            [
              -71.79760800268967,
              42.25736525341673
            ],
            [
              -71.79760788604585,
              42.25736523618186
            ],
            [
              -71.79735941647198,
              42.257337858265
            ],
            [
              -71.7991742582403,
              42.25483861723706
            ]
          ]
        ]
      }
    },
    {
      "type": "Feature",
      "properties": {
        "stop_id": "1125;1163;1162",
        "tier": "0-400m",
        "name": "1125;1163;1162_0-400m"
      },
      "geometry": {
        "type": "Polygon",
        "coordinates": [
          [
            [
              -71.75892691385668,
              42.24054880921537
            ],
            [
              -71.75905066730878,
              42.240603981188514
            ],
            [
              -71.75943244468613,
              42.2408145688758
            ],
            [
              -71.75978460774093,
              42.2410519472998
            ],
            [
              -71.76010376502589,
              42.2413138306609
            ],
            [
              -71.76038684280492,
              42.24159769716349
            ],
            [
              -71.76063111465781,
              42.241900813291295
            ],
            [
              -71.76083422774587,
              42.24222026012206
            ],
            [
              -71.76087008388,
              42.24229482014223
            ],
            [
              -71.75675211811244,
              42.24555744648195
            ],
            [
              -71.75374237835523,
              42.24662430933949
            ],
            [
              -71.75366307800881,
              42.24658895395667
            ],
            [
              -71.75328128501297,
              42.24637834727206
            ],
            [
              -71.75292911672575,
              42.246140949096905
            ],
            [
              -71.75260996479551,
              42.245879045989845
            ],
            [
              -71.75232690275256,
              42.24559516050531
            ],
            [
              -71.75208265641238,
              42.245292026889054
            ],
            [
              -71.75187957763323,
              42.244972564735356
            ],
            [
              -71.75171962168058,
              42.244639850860004
            ],
            [
              -71.75166303367152,
              42.2444716179755
            ],
            [
              -71.75892691385668,
              42.24054880921537
            ]
          ]
        ]
      }
    },
    {
      "type": "Feature",
      "properties": {
        "stop_id": "1125;1163;1162",
        "tier": "400-800m",
        "name": "1125;1163;1162_400-800m"
      },
      "geometry": {
        "type": "MultiPolygon",
        "coordinates": [
          [
            [
              [
                -71.74829554193671,
                42.24759417895898
              ],
              [
                -71.74780701363962,
                42.2469878183385
              ],
              [
                -71.747602805653,
                42.24666654677541
              ],
              [
                -71.74760155447993,
                42.24666457834789
              ],
              [
                -71.75166091980161,
                42.24447275941834
              ],
              [
                -71.75171728514287,
                42.24464033034075
              ],
              [
                -71.75171731959912,
                42.24464041489813
              ],
              [
                -71.75187731558852,
                42.24497321207627
              ],
              [
                -71.75187736103395,
                42.244973293717024
              ],
              [
                -71.75208049064815,
                42.245292835856446
              ],
              [
                -71.75208054664522,
                42.24529291379428
              ],
              [
                -71.75232485412953,
                42.245596123308715
              ],
              [
                -71.75232492013909,
                42.245596196793
              ],
              [
                -71.75260805304667,
                42.24588015335704
              ],
              [
                -71.75260812843308,
                42.24588022168001
              ],
              [
                -71.7529273602662,
                42.24614219036318
              ],
              [
                -71.75292744430345,
                42.24614225286676
              ],
              [
                -71.7532797007623,
                42.24637971048285
              ],
              [
                -71.75327979264111,
                42.246379766565056
              ],
              [
                -71.75366168122814,
                42.24659042598278
              ],
              [
                -71.75366178006361,
                42.24659047510339
              ],
              [
                -71.75373975453235,
                42.246625239356106
              ],
              [
                -71.74902517855313,
                42.24829618410279
              ],
              [
                -71.74902329156102,
                42.24829463551519
              ],
              [
                -71.74886172113848,
                42.24816203999211
              ],
              [
                -71.74829554193671,
                42.24759417895898
              ]
            ]
          ],
          [
            [
              [
                -71.76298808273783,
                42.2383551891023
              ],
              [
                -71.76321279800823,
                42.238506653868576
              ],
              [
                -71.76385119783143,
                42.23903046640486
              ],
              [
                -71.76435373629467,
                42.23953437486014
              ],
              [
                -71.76087194714526,
                42.242293343784304
              ],
              [
                -71.76083648960065,
                42.24221961260415
              ],
              [
                -71.76083644414564,
                42.24221953096689
              ],
              [
                -71.76063328019677,
                42.2419000041619
              ],
              [
                -71.76063322419216,
                42.241899926228186
              ],
              [
                -71.76038889117596,
                42.24159673421536
              ],
              [
                -71.76038882516121,
                42.24159666073566
              ],
              [
                -71.76010567650572,
                42.24131272316783
              ],
              [
                -71.76010560111668,
                42.241312654849736
              ],
              [
                -71.75978636392482,
                42.241050705927364
              ],
              [
                -71.75978627988754,
                42.241050643428764
              ],
              [
                -71.75943402866503,
                42.24081320557864
              ],
              [
                -71.75943393678885,
                42.24081314950132
              ],
              [
                -71.75905206383203,
                42.24060250909518
              ],
              [
                -71.75905196500173,
                42.24060245997915
              ],
              [
                -71.75892904356903,
                42.24054765893963
              ],
              [
                -71.76298808273783,
                42.2383551891023
              ]
            ]
          ]
        ]
      }
    },
    {
      "type": "Feature",
      "properties": {
        "stop_id": "1134;1153",
        "tier": "0-400m",
        "name": "1134;1153_0-400m"
      },
      "geometry": {
        "type": "Polygon",
        "coordinates": [
          [
            [
              -71.77134795734509,
              42.247275155804346
            ],
            [
              -71.77168590493446,
              42.247156489814955
            ],
            [
              -71.77213367339662,
              42.24703756197975
            ],
            [
              -71.77259497371989,
              42.246951813885055
            ],
            [
              -71.77306536401619,
              42.246900071197395
            ],
            [
              -71.77342326054678,
              42.246887080991215
            ],
            [
              -71.77505675637806,
              42.25233413873577
            ],
            [
              -71.77471092047323,
              42.25397183399932
            ],
            [
              -71.77448313152182,
              42.25401417617245
            ],
            [
              -71.77439007729336,
              42.254024412260655
            ],
            [
              -71.77134795734509,
              42.247275155804346
            ]
          ]
        ]
      }
    },
    {
      "type": "Feature",
      "properties": {
        "stop_id": "1134;1153",
        "tier": "400-800m",
        "name": "1134;1153_400-800m"
      },
      "geometry": {
        "type": "MultiPolygon",
        "coordinates": [
          [
            [
              [
                -71.7708353848379,
                42.2435713089683
              ],
              [
                -71.77165081637861,
                42.24341973373943
              ],
              [
                -71.77236020686094,
                42.24334170194771
              ],
              [
                -71.77342272581569,
                42.246885297718045
              ],
              [
                -71.77306518632199,
                42.24689827496448
              ],
              [
                -71.77306506798226,
                42.246898283599755
              ],
              [
                -71.77259455993004,
                42.246950039240495
              ],
              [
                -71.7725944432991,
                42.246950056451865
              ],
              [
                -71.7721330274947,
                42.247035826012485
              ],
              [
                -71.77213291369561,
                42.247035851634244
              ],
              [
                -71.77168503313872,
                42.24715480924156
              ],
              [
                -71.77168492326726,
                42.24715484302697
              ],
              [
                -71.77134718244446,
                42.24727343641294
              ],
              [
                -71.77095444270074,
                42.24640199146955
              ],
              [
                -71.7708353848379,
                42.2435713089683
              ]
            ]
          ],
          [
            [
              [
                -71.77460100453558,
                42.25449231945798
              ],
              [
                -71.77439085903217,
                42.254026146432444
              ],
              [
                -71.77448354541072,
                42.254015950808004
              ],
              [
                -71.77448366205417,
                42.25401593359472
              ],
              [
                -71.77471051250389,
                42.253973765874555
              ],
              [
                -71.77460100453558,
                42.25449231945798
              ]
            ]
          ]
        ]
      }
    },
    {
      "type": "Feature",
      "properties": {
        "stop_id": "21;28;1612",
        "tier": "0-400m",
        "name": "21;28;1612_0-400m"
      },
      "geometry": {
        "type": "Polygon",
        "coordinates": [
          [
            [
              -71.7960530921448,
              42.25656486232223
            ],
            [
              -71.79642758647584,
              42.25673161181853
            ],
            [
              -71.7968095854178,
              42.25694207446036
            ],
            [
              -71.7971619783144,
              42.25717933741373
            ],
            [
              -71.79735618675892,
              42.25733851340253
            ],
            [
              -71.79336867766405,
              42.26282896304033
            ],
            [
              -71.79257443752124,
              42.263215974842375
            ],
            [
              -71.79232789711475,
              42.26317009380056
            ],
            [
              -71.79188007045894,
              42.26305105185519
            ],
            [
              -71.79145011059623,
              42.26289997668295
            ],
            [
              -71.79104215876882,
              42.26271832344131
            ],
            [
              -71.79066014414262,
              42.26250784180248
            ],
            [
              -71.7903077459531,
              42.26227055909326
            ],
            [
              -71.78998835806358,
              42.262008760760395
            ],
            [
              -71.78970505627758,
              42.261724968349405
            ],
            [
              -71.78946056872003,
              42.26142191520992
            ],
            [
              -71.78925724957273,
              42.26110252016141
            ],
            [
              -71.7890970564163,
              42.26076985937373
            ],
            [
              -71.78899518933339,
              42.26046765529229
            ],
            [
              -71.7960530921448,
              42.25656486232223
            ]
          ]
        ]
      }
    },
    {
      "type": "Feature",
      "properties": {
        "stop_id": "21;28;1612",
        "tier": "400-800m",
        "name": "21;28;1612_400-800m"
      },
      "geometry": {
        "type": "MultiPolygon",
        "coordinates": [
          [
            [
              [
                -71.78899308314891,
                42.26046881980743
              ],
              [
                -71.78909471956646,
                42.26077033961466
              ],
              [
                -71.7890947540814,
                42.26077042416057
              ],
              [
                -71.78925498733399,
                42.261103168237746
              ],
              [
                -71.78925503283921,
                42.26110324986346
              ],
              [
                -71.78945840288175,
                42.26142272488089
              ],
              [
                -71.7894584589391,
                42.26142280280026
              ],
              [
                -71.78970300770119,
                42.26172593181778
              ],
              [
                -71.78970307377094,
                42.26172600528035
              ],
              [
                -71.78998644648163,
                42.262009868747526
              ],
              [
                -71.78998652192757,
                42.262009937045725
              ],
              [
                -71.79030598977904,
                42.26227180092847
              ],
              [
                -71.79030607387463,
                42.26227186340448
              ],
              [
                -71.79065856029335,
                42.262509205525724
              ],
              [
                -71.79065865222869,
                42.26250926157781
              ],
              [
                -71.7910407625016,
                42.262719795918464
              ],
              [
                -71.79104086139124,
                42.26271984500674
              ],
              [
                -71.79144891536154,
                42.26290154373221
              ],
              [
                -71.79144902025308,
                42.26290158538387
              ],
              [
                -71.79187908777094,
                42.26305269838378
              ],
              [
                -71.79187919765411,
                42.26305273219761
              ],
              [
                -71.79232713644012,
                42.26317180394996
              ],
              [
                -71.79232725025653,
                42.26317182960028
              ],
              [
                -71.7925716809485,
                42.26321731802807
              ],
              [
                -71.78792718192285,
                42.26548025152491
              ],
              [
                -71.78792714210336,
                42.26548022958466
              ],
              [
                -71.78758424792166,
                42.265291296471524
              ],
              [
                -71.7868793580263,
                42.264816651880686
              ],
              [
                -71.78624050759679,
                42.264292969905895
              ],
              [
                -71.7856738488056,
                42.263725295029225
              ],
              [
                -71.78520573517496,
                42.263145000740785
              ],
              [
                -71.7853732083921,
                42.26295136612616
              ],
              [
                -71.78666399131832,
                42.26175653097659
              ],
              [
                -71.78899308314891,
                42.26046881980743
              ]
            ]
          ],
          [
            [
              [
                -71.79916959807979,
                42.254841242603625
              ],
              [
                -71.79735740729261,
                42.257336832667036
              ],
              [
                -71.79716373421263,
                42.25717809547245
              ],
              [
                -71.79716365011706,
                42.257178033001395
              ],
              [
                -71.79681116899522,
                42.25694071065083
              ],
              [
                -71.79681107706253,
                42.256940654603625
              ],
              [
                -71.79642898248565,
                42.256730139274254
              ],
              [
                -71.79642888360118,
                42.25673009019057
              ],
              [
                -71.79605519491189,
                42.2565636994229
              ],
              [
                -71.79916959807979,
                42.254841242603625
              ]
            ]
          ]
        ]
      }
    },
    {
      "type": "Feature",
      "properties": {
        "stop_id": "1131;1158",
        "tier": "0-400m",
        "name": "1131;1158_0-400m"
      },
      "geometry": {
        "type": "Polygon",
        "coordinates": [
          [
            [
              -71.76679645104713,
              42.25390007580531
            ],
            [
              -71.76638801562183,
              42.254008523496225
            ],
            [
              -71.76592665546407,
              42.25409424651059
            ],
            [
              -71.7654562058729,
              42.254145959844784
            ],
            [
              -71.76498119827983,
              42.25416316538844
            ],
            [
              -71.764506208042,
              42.254145697415034
            ],
            [
              -71.76403581034931,
              42.254093724179036
            ],
            [
              -71.76357453613304,
              42.25400774629438
            ],
            [
              -71.76312682840187,
              42.25388859191008
            ],
            [
              -71.76269699942696,
              42.25373740872962
            ],
            [
              -71.76228918918932,
              42.25355565295077
            ],
            [
              -71.76190732549054,
              42.25334507523332
            ],
            [
              -71.76155508611191,
              42.25310770382937
            ],
            [
              -71.76123586338662,
              42.252845825039806
            ],
            [
              -71.76095273152698,
              42.25256196118493
            ],
            [
              -71.76070841702095,
              42.25225884630224
            ],
            [
              -71.76053872206194,
              42.25199199992877
            ],
            [
              -71.76666854438382,
              42.24719201757164
            ],
            [
              -71.76683897659028,
              42.24723737612002
            ],
            [
              -71.76689960752037,
              42.247258701431434
            ],
            [
              -71.76679645104713,
              42.25390007580531
            ]
          ]
        ]
      }
    },
    {
      "type": "Feature",
      "properties": {
        "stop_id": "1131;1158",
        "tier": "400-800m",
        "name": "1131;1158_400-800m"
      },
      "geometry": {
        "type": "MultiPolygon",
        "coordinates": [
          [
            [
              [
                -71.76592958369584,
                42.25772981252622
              ],
              [
                -71.76497939578391,
                42.257764229847034
              ],
              [
                -71.76402924259631,
                42.2577292875596
              ],
              [
                -71.76308827772598,
                42.257625322290586
              ],
              [
                -71.7621655661577,
                42.257453335615594
              ],
              [
                -71.76126999685277,
                42.25721498440063
              ],
              [
                -71.76041019703793,
                42.25691256482483
              ],
              [
                -71.75959444902804,
                42.25654899023902
              ],
              [
                -71.75883061038705,
                42.25612776307457
              ],
              [
                -71.75812603819901,
                42.255652941074246
              ],
              [
                -71.75748751818082,
                42.25512909817181
              ],
              [
                -71.75706846050443,
                42.254708932602604
              ],
              [
                -71.76053693261423,
                42.251993401008356
              ],
              [
                -71.76070625112857,
                42.25225965543152
              ],
              [
                -71.76070630714241,
                42.25225973336506
              ],
              [
                -71.76095068280965,
                42.25256292414122
              ],
              [
                -71.76095074883646,
                42.252562997620466
              ],
              [
                -71.76123395157823,
                42.25284693254943
              ],
              [
                -71.76123402698224,
                42.25284700086666
              ],
              [
                -71.7615533296281,
                42.253108945226224
              ],
              [
                -71.76155341368315,
                42.253109007723424
              ],
              [
                -71.76190574125121,
                42.2533464385616
              ],
              [
                -71.76190583314776,
                42.25334649463683
              ],
              [
                -71.76228779245544,
                42.253557125080164
              ],
              [
                -71.76228789130849,
                42.2535571741933
              ],
              [
                -71.76269580365357,
                42.25373897548165
              ],
              [
                -71.762695908511,
                42.25373901715966
              ],
              [
                -71.76312584510825,
                42.253890238194835
              ],
              [
                -71.76312595496015,
                42.25389027203627
              ],
              [
                -71.76357377479174,
                42.25400945625569
              ],
              [
                -71.76357388858003,
                42.25400948193459
              ],
              [
                -71.76403527829476,
                42.25409548134737
              ],
              [
                -71.76403539492343,
                42.25409549861639
              ],
              [
                -71.76450591039979,
                42.25414748486609
              ],
              [
                -71.76450602874546,
                42.254147493558875
              ],
              [
                -71.76498113791727,
                42.25416496590612
              ],
              [
                -71.76498125684002,
                42.254164965938976
              ],
              [
                -71.76545638337146,
                42.25414775608718
              ],
              [
                -71.76545650172578,
                42.254147747459776
              ],
              [
                -71.76592706911362,
                42.25409602117696
              ],
              [
                -71.76592718575955,
                42.2540960039724
              ],
              [
                -71.76638866143729,
                42.25401025949371
              ],
              [
                -71.76638877525126,
                42.25401023387769
              ],
              [
                -71.76679642122174,
                42.253901995804334
              ],
              [
                -71.76673833718463,
                42.25764091217594
              ],
              [
                -71.76592958369584,
                42.25772981252622
              ]
            ]
          ],
          [
            [
              [
                -71.76690350088407,
                42.247008012836396
              ],
              [
                -71.76689963829101,
                42.247256720158994
              ],
              [
                -71.76683995968394,
                42.2472357298015
              ],
              [
                -71.7668398498416,
                42.247235695963596
              ],
              [
                -71.76667036712223,
                42.24719059011129
              ],
              [
                -71.76690350088407,
                42.247008012836396
              ]
            ]
          ]
        ]
      }
    },
    {
      "type": "Feature",
      "properties": {
        "stop_id": "1135;1152",
        "tier": "0-400m",
        "name": "1135;1152_0-400m"
      },
      "geometry": {
        "type": "Polygon",
        "coordinates": [
          [
            [
              -71.77505845341705,
              42.252331518073504
            ],
            [
              -71.77342556733973,
              42.24688649407879
            ],
            [
              -71.77352231739066,
              42.246852519323475
            ],
            [
              -71.77397008025312,
              42.246733584311166
            ],
            [
              -71.77443137587414,
              42.24664782882452
            ],
            [
              -71.77490176241086,
              42.24659607860124
            ],
            [
              -71.77537671052823,
              42.24657883194153
            ],
            [
              -71.77585164699023,
              42.246596254912326
            ],
            [
              -71.77632199867308,
              42.24664817974912
            ],
            [
              -71.77678323657707,
              42.24673410647047
            ],
            [
              -71.77723091941476,
              42.24685320768994
            ],
            [
              -71.77766073635664,
              42.24700433657912
            ],
            [
              -71.77806854852368,
              42.24718603790516
            ],
            [
              -71.77845042882807,
              42.24739656203707
            ],
            [
              -71.77850620891502,
              42.247434140451
            ],
            [
              -71.77849294209928,
              42.24747593516065
            ],
            [
              -71.77505845341705,
              42.252331518073504
            ]
          ]
        ]
      }
    },
    {
      "type": "Feature",
      "properties": {
        "stop_id": "1135;1152",
        "tier": "400-800m",
        "name": "1135;1152_400-800m"
      },
      "geometry": {
        "type": "Polygon",
        "coordinates": [
          [
            [
              -71.77236246177519,
              42.24334094242423
            ],
            [
              -71.77256446155201,
              42.243287286701246
            ],
            [
              -71.77348712061908,
              42.243115763602745
            ],
            [
              -71.77442795974721,
              42.243012255948514
            ],
            [
              -71.77537792111909,
              42.24297776024283
            ],
            [
              -71.77632785918371,
              42.243012608586994
            ],
            [
              -71.77726862861421,
              42.243116465485215
            ],
            [
              -71.77819117226336,
              42.24328833107133
            ],
            [
              -71.77908660827457,
              42.24352655072526
            ],
            [
              -71.77966004908662,
              42.24372817835308
            ],
            [
              -71.77968025822092,
              42.2437352840146
            ],
            [
              -71.77850684450479,
              42.247432138138635
            ],
            [
              -71.77845201256217,
              42.2473951984788
            ],
            [
              -71.77845192065959,
              42.24739514241678
            ],
            [
              -71.77806994474997,
              42.247184565581925
            ],
            [
              -71.77806984589463,
              42.247184516482335
            ],
            [
              -71.77766193163242,
              42.24700276966918
            ],
            [
              -71.77766182677628,
              42.247002728004816
            ],
            [
              -71.77723190223223,
              42.246851561282234
            ],
            [
              -71.777231792385,
              42.24685152745427
            ],
            [
              -71.77678399747401,
              42.24673239641927
            ],
            [
              -71.77678388369345,
              42.246732370753456
            ],
            [
              -71.77632253032394,
              42.24664642252148
            ],
            [
              -71.77632241370564,
              42.24664640526495
            ],
            [
              -71.77585194427654,
              42.246594467429475
            ],
            [
              -71.77585182594343,
              42.24659445874836
            ],
            [
              -71.77537677058781,
              42.24657703141597
            ],
            [
              -71.77537665167934,
              42.246577031393905
            ],
            [
              -71.77490158466546,
              42.24659428237108
            ],
            [
              -71.77490146632653,
              42.24659429100825
            ],
            [
              -71.7744309620348,
              42.24664605418649
            ],
            [
              -71.77443084540492,
              42.24664607139973
            ],
            [
              -71.77396943430392,
              42.24673184835414
            ],
            [
              -71.77396932050613,
              42.24673187397772
            ],
            [
              -71.77352144555036,
              42.24685083876395
            ],
            [
              -71.77352133568039,
              42.246850872551114
            ],
            [
              -71.77342502705787,
              42.24688469229456
            ],
            [
              -71.77236246177519,
              42.24334094242423
            ]
          ]
        ]
      }
    },
    {
      "type": "Feature",
      "properties": {
        "stop_id": "584;604",
        "tier": "0-400m",
        "name": "584;604_0-400m"
      },
      "geometry": {
        "type": "Polygon",
        "coordinates": [
          [
            [
              -71.78269157491528,
              42.24812458056219
            ],
            [
              -71.78307264487559,
              42.24816662497365
            ],
            [
              -71.78353390300225,
              42.24825252452175
            ],
            [
              -71.78398160927466,
              42.24837159935707
            ],
            [
              -71.78441145263777,
              42.24852270290526
            ],
            [
              -71.78481929395821,
              42.248704380177486
            ],
            [
              -71.78520120586758,
              42.2489148817744
            ],
            [
              -71.78555351057099,
              42.24915218072401
            ],
            [
              -71.78587281525762,
              42.24941399199212
            ],
            [
              -71.78615604477228,
              42.249697794477484
            ],
            [
              -71.78640047123396,
              42.25000085528044
            ],
            [
              -71.78660374031536,
              42.25032025601178
            ],
            [
              -71.7867638939305,
              42.25065292088871
            ],
            [
              -71.78679563710324,
              42.25074711735367
            ],
            [
              -71.77993360203294,
              42.25301659659859
            ],
            [
              -71.78269157491528,
              42.24812458056219
            ]
          ]
        ]
      }
    },
    {
      "type": "Feature",
      "properties": {
        "stop_id": "584;604",
        "tier": "400-800m",
        "name": "584;604_400-800m"
      },
      "geometry": {
        "type": "Polygon",
        "coordinates": [
          [
            [
              -71.78494150507485,
              42.24480666715093
            ],
            [
              -71.78583698795204,
              42.24504483403297
            ],
            [
              -71.78669674802985,
              42.2453470636089
            ],
            [
              -71.78751250732212,
              42.24571044612661
            ],
            [
              -71.78827641108704,
              42.24613148302217
            ],
            [
              -71.7889811034165,
              42.246606120574135
            ],
            [
              -71.7896197980427,
              42.24712978890115
            ],
            [
              -71.79018634368184,
              42.24769744592865
            ],
            [
              -71.79067528328613,
              42.24830362590311
            ],
            [
              -71.79108190663277,
              42.24894249198817
            ],
            [
              -71.79122572301794,
              42.24924117904513
            ],
            [
              -71.79124253257112,
              42.24927609000235
            ],
            [
              -71.78679788487025,
              42.25074637385612
            ],
            [
              -71.78676623042452,
              42.250652440694424
            ],
            [
              -71.7867661959182,
              42.250652356147654
            ],
            [
              -71.78660600219587,
              42.250319607986505
            ],
            [
              -71.78660595670183,
              42.25031952635959
            ],
            [
              -71.78640263672055,
              42.25000004566559
            ],
            [
              -71.78640258067708,
              42.249999967744564
            ],
            [
              -71.78615809301337,
              42.24969683107042
            ],
            [
              -71.7861580269603,
              42.24969675760567
            ],
            [
              -71.78587472653118,
              42.2494128840711
            ],
            [
              -71.78587465110468,
              42.24941281577005
            ],
            [
              -71.78555526647429,
              42.24915093895872
            ],
            [
              -71.78555518240084,
              42.24915087647908
            ],
            [
              -71.78520278949425,
              42.248913518123246
            ],
            [
              -71.7852026975835,
              42.24891346206666
            ],
            [
              -71.78482069006098,
              42.248702907772454
            ],
            [
              -71.78482059119804,
              42.2487028586787
            ],
            [
              -71.78441264777513,
              42.248521135925365
            ],
            [
              -71.78441254291202,
              42.24852109426719
            ],
            [
              -71.78398259194014,
              42.248369952891935
            ],
            [
              -71.78398248208669,
              42.248369919070456
            ],
            [
              -71.78353466373511,
              42.248250814426214
            ],
            [
              -71.78353454994908,
              42.24825078876709
            ],
            [
              -71.78307317635183,
              42.24816486771518
            ],
            [
              -71.7830730597289,
              42.2481648504655
            ],
            [
              -71.78269254096232,
              42.24812286686982
            ],
            [
              -71.78459791603782,
              42.24474268213698
            ],
            [
              -71.78494150507485,
              42.24480666715093
            ]
          ]
        ]
      }
    },
    {
      "type": "Feature",
      "properties": {
        "stop_id": "1139;1149",
        "tier": "0-400m",
        "name": "1139;1149_0-400m"
      },
      "geometry": {
        "type": "Polygon",
        "coordinates": [
          [
            [
              -71.77917003414662,
              42.25513393151138
            ],
            [
              -71.77897487716692,
              42.25497390382308
            ],
            [
              -71.77869165624662,
              42.25469008386553
            ],
            [
              -71.77847335194969,
              42.254419376439536
            ],
            [
              -71.77993207576719,
              42.253019072166964
            ],
            [
              -71.78679759903628,
              42.25074843932412
            ],
            [
              -71.7869955222837,
              42.25099383342757
            ],
            [
              -71.78719879755522,
              42.25131323304893
            ],
            [
              -71.78735895680892,
              42.25164589703724
            ],
            [
              -71.78747445702218,
              42.25198862183769
            ],
            [
              -71.78749982177416,
              42.2521157531929
            ],
            [
              -71.77917003414662,
              42.25513393151138
            ]
          ]
        ]
      }
    },
    {
      "type": "Feature",
      "properties": {
        "stop_id": "1139;1149",
        "tier": "400-800m",
        "name": "1139;1149_400-800m"
      },
      "geometry": {
        "type": "MultiPolygon",
        "coordinates": [
          [
            [
              [
                -71.77843165859859,
                42.25445939885026
              ],
              [
                -71.77847175941889,
                42.25442090514782
              ],
              [
                -71.7786896077303,
                42.25469104713837
              ],
              [
                -71.77868967377994,
                42.254691120607355
              ],
              [
                -71.77897296560467,
                42.254975011628005
              ],
              [
                -71.77897304103034,
                42.25497507993355
              ],
              [
                -71.77916776586355,
                42.255134753269196
              ],
              [
                -71.77772631330376,
                42.25565695197492
              ],
              [
                -71.77843165859859,
                42.25445939885026
              ]
            ]
          ],
          [
            [
              [
                -71.79125272569777,
                42.24927468882062
              ],
              [
                -71.79127038543547,
                42.24929658216465
              ],
              [
                -71.79135112003769,
                42.249423425140684
              ],
              [
                -71.79066775556153,
                42.25010354996372
              ],
              [
                -71.7887003001189,
                42.251680703446034
              ],
              [
                -71.78750210662216,
                42.2521149251885
              ],
              [
                -71.78747684566468,
                42.2519883140873
              ],
              [
                -71.78747682247739,
                42.25198822743502
              ],
              [
                -71.78736129333508,
                42.2516454168309
              ],
              [
                -71.78736125882742,
                42.25164533228434
              ],
              [
                -71.78720105946512,
                42.25131258501202
              ],
              [
                -71.78720101396961,
                42.25131250338536
              ],
              [
                -71.78699768779666,
                42.25099302380163
              ],
              [
                -71.78699763175157,
                42.25099294588092
              ],
              [
                -71.78679982933792,
                42.2507477016036
              ],
              [
                -71.79125272569777,
                42.24927468882062
              ]
            ]
          ]
        ]
      }
    },
    {
      "type": "Feature",
      "properties": {
        "stop_id": "1138;1150;1137",
        "tier": "0-400m",
        "name": "1138;1150;1137_0-400m"
      },
      "geometry": {
        "type": "Polygon",
        "coordinates": [
          [
            [
              -71.77847384182971,
              42.25441596431421
            ],
            [
              -71.77843228141064,
              42.254408223465624
            ],
            [
              -71.77849529692158,
              42.24747636062457
            ],
            [
              -71.77850788203517,
              42.24743671349129
            ],
            [
              -71.77871412569085,
              42.24739836453054
            ],
            [
              -71.7791845143027,
              42.247346596747285
            ],
            [
              -71.77965946688298,
              42.247329332352784
            ],
            [
              -71.78013441015281,
              42.24734673758476
            ],
            [
              -71.78060477092285,
              42.247398644849504
            ],
            [
              -71.78106602010592,
              42.247484554334754
            ],
            [
              -71.78151371630604,
              42.24760363882004
            ],
            [
              -71.78194354856505,
              42.24775475163805
            ],
            [
              -71.78235137785654,
              42.24793643771073
            ],
            [
              -71.78268983696042,
              42.24812300277416
            ],
            [
              -71.77993024815221,
              42.25301788469601
            ],
            [
              -71.77847384182971,
              42.25441596431421
            ]
          ]
        ]
      }
    },
    {
      "type": "Feature",
      "properties": {
        "stop_id": "1138;1150;1137",
        "tier": "400-800m",
        "name": "1138;1150;1137_400-800m"
      },
      "geometry": {
        "type": "MultiPolygon",
        "coordinates": [
          [
            [
              [
                -71.7784322645626,
                42.25441007658677
              ],
              [
                -71.7784722223105,
                42.25441751892944
              ],
              [
                -71.77843184450737,
                42.25445627851642
              ],
              [
                -71.7784322645626,
                42.25441007658677
              ]
            ]
          ],
          [
            [
              [
                -71.77968469473336,
                42.24372915025387
              ],
              [
                -71.7806103856001,
                42.2437630739347
              ],
              [
                -71.78155117320362,
                42.243866895687006
              ],
              [
                -71.7824737394091,
                42.24403872679892
              ],
              [
                -71.78336920214295,
                42.24427691298224
              ],
              [
                -71.78422894001396,
                42.24457916109938
              ],
              [
                -71.7845944658767,
                42.244741999659084
              ],
              [
                -71.78459543112108,
                42.24474242966432
              ],
              [
                -71.7826908011842,
                42.248121292316135
              ],
              [
                -71.78235277399979,
                42.247934965335546
              ],
              [
                -71.78235267513998,
                42.24793491623967
              ],
              [
                -71.781944743749,
                42.24775318468368
              ],
              [
                -71.7819446388888,
                42.24775314302323
              ],
              [
                -71.78151469902376,
                42.24760199237582
              ],
              [
                -71.78151458917294,
                42.247601958551975
              ],
              [
                -71.7810667808962,
                42.24748284425536
              ],
              [
                -71.78106666711255,
                42.24748281859379
              ],
              [
                -71.78060530246114,
                42.24739688760223
              ],
              [
                -71.7806051858403,
                42.24739687035005
              ],
              [
                -71.78013470732172,
                42.24734495009103
              ],
              [
                -71.78013458898664,
                42.24734494141436
              ],
              [
                -71.77965952682149,
                42.24732753182522
              ],
              [
                -71.77965940791158,
                42.247327531807585
              ],
              [
                -71.77918433643364,
                42.247344800523976
              ],
              [
                -71.7791842180939,
                42.24734480916557
              ],
              [
                -71.77871371172658,
                42.24739658990819
              ],
              [
                -71.77871359509648,
                42.247396607125786
              ],
              [
                -71.77850850815635,
                42.247434741007986
              ],
              [
                -71.77968469473336,
                42.24372915025387
              ]
            ]
          ]
        ]
      }
    },
    {
      "type": "Feature",
      "properties": {
        "stop_id": "1124;1164",
        "tier": "0-400m",
        "name": "1124;1164_0-400m"
      },
      "geometry": {
        "type": "Polygon",
        "coordinates": [
          [
            [
              -71.75166082456518,
              42.244470585053534
            ],
            [
              -71.75153706999728,
              42.244415405142576
            ],
            [
              -71.75115529717567,
              42.244204791303154
            ],
            [
              -71.75080314894454,
              42.243967386512246
            ],
            [
              -71.75048401675907,
              42.24370547739222
            ],
            [
              -71.75020097395937,
              42.243421586555385
            ],
            [
              -71.74995674617558,
              42.24311844829904
            ],
            [
              -71.74975368508726,
              42.2427989822621
            ],
            [
              -71.74959374578951,
              42.24246626529776
            ],
            [
              -71.74947846798337,
              42.242123501833156
            ],
            [
              -71.74940896117086,
              42.241773993002184
            ],
            [
              -71.7493858939961,
              42.24142110484844
            ],
            [
              -71.74940948783468,
              42.24106823590532
            ],
            [
              -71.74947951469127,
              42.2407187844652
            ],
            [
              -71.74959529942518,
              42.24037611585309
            ],
            [
              -71.74975572628092,
              42.24004353001999
            ],
            [
              -71.74995924965982,
              42.23972422976765
            ],
            [
              -71.75020390902803,
              42.23942128991096
            ],
            [
              -71.75048734781652,
              42.23913762767412
            ],
            [
              -71.75080683613011,
              42.238875974606024
            ],
            [
              -71.75115929704654,
              42.23863885028439
            ],
            [
              -71.75154133625175,
              42.23842853806177
            ],
            [
              -71.751949274726,
              42.23824706308658
            ],
            [
              -71.75237918416617,
              42.23809617281028
            ],
            [
              -71.75282692480333,
              42.237977320168135
            ],
            [
              -71.75328818525196,
              42.23789164959514
            ],
            [
              -71.75375852400789,
              42.23783998601146
            ],
            [
              -71.75423341219604,
              42.23782282688307
            ],
            [
              -71.75470827715735,
              42.237840337434186
            ],
            [
              -71.75517854645624,
              42.23789234905703
            ],
            [
              -71.75563969188597,
              42.23797836093452
            ],
            [
              -71.7560872730492,
              42.2380975448603
            ],
            [
              -71.7565169800951,
              42.23824875320955
            ],
            [
              -71.75692467520243,
              42.23843052998425
            ],
            [
              -71.75730643241018,
              42.23864112482688
            ],
            [
              -71.7576585754126,
              42.23887850986745
            ],
            [
              -71.75797771295552,
              42.239140399242615
            ],
            [
              -71.75826077149289,
              42.23942427109883
            ],
            [
              -71.75850502478977,
              42.23972739186821
            ],
            [
              -71.7587081201862,
              42.24004684258386
            ],
            [
              -71.7588681012686,
              42.240379546981394
            ],
            [
              -71.75892470476869,
              42.24054777643264
            ],
            [
              -71.75166082456518,
              42.244470585053534
            ]
          ]
        ]
      }
    },
    {
      "type": "Feature",
      "properties": {
        "stop_id": "1124;1164",
        "tier": "400-800m",
        "name": "1124;1164_400-800m"
      },
      "geometry": {
        "type": "Polygon",
        "coordinates": [
          [
            [
              -71.74673582517183,
              42.24598840278598
            ],
            [
              -71.74616968446297,
              42.245420531048225
            ],
            [
              -71.7456811932837,
              42.244814161147914
            ],
            [
              -71.74527505460004,
              42.244175133766106
            ],
            [
              -71.74495517777176,
              42.24350960396841
            ],
            [
              -71.74472464097921,
              42.242823981894446
            ],
            [
              -71.74458566167142,
              42.242124870996776
            ],
            [
              -71.74453957531627,
              42.2414190044255
            ],
            [
              -71.74458682265387,
              42.240713180171696
            ],
            [
              -71.74472694557095,
              42.240014195594725
            ],
            [
              -71.74495859163162,
              42.23932878196447
            ],
            [
              -71.74527952721651,
              42.238663539648265
            ],
            [
              -71.74568665913895,
              42.23802487456662
            ],
            [
              -71.74617606452637,
              42.23741893652858
            ],
            [
              -71.74674302867525,
              42.23685156003973
            ],
            [
              -71.74738209051253,
              42.236328208151484
            ],
            [
              -71.74808709522311,
              42.23585391989099
            ],
            [
              -71.74885125353562,
              42.23543326177622
            ],
            [
              -71.74966720709484,
              42.23507028388159
            ],
            [
              -71.75052709929192,
              42.23476848087556
            ],
            [
              -71.75142265087115,
              42.23453075840372
            ],
            [
              -71.75234523958798,
              42.23435940513971
            ],
            [
              -71.75328598315333,
              42.23425607077193
            ],
            [
              -71.75423582466958,
              42.23422175013665
            ],
            [
              -71.75518561973897,
              42.23425677364993
            ],
            [
              -71.75612622441037,
              42.2343608041298
            ],
            [
              -71.75704858312159,
              42.2345328400391
            ],
            [
              -71.75794381579514,
              42.23477122511808
            ],
            [
              -71.75880330325298,
              42.23507366431425
            ],
            [
              -71.7596187701315,
              42.23543724585722
            ],
            [
              -71.76038236450226,
              42.235858469266574
            ],
            [
              -71.76108673343403,
              42.23633327902474
            ],
            [
              -71.76172509377088,
              42.23685710359175
            ],
            [
              -71.76229129744614,
              42.237424899387975
            ],
            [
              -71.76277989070338,
              42.23803119932295
            ],
            [
              -71.76298414786288,
              42.23835244434842
            ],
            [
              -71.76298539934999,
              42.23835441261097
            ],
            [
              -71.75892681837658,
              42.24054663485507
            ],
            [
              -71.75887043759494,
              42.24037906735456
            ],
            [
              -71.75887040313145,
              42.24037898279925
            ],
            [
              -71.75871038198507,
              42.24004619510762
            ],
            [
              -71.75871033653435,
              42.24004611346949
            ],
            [
              -71.75850719028153,
              42.23972658277866
            ],
            [
              -71.75850713428147,
              42.23972650484388
            ],
            [
              -71.75826281982592,
              42.23942330818829
            ],
            [
              -71.75826275381591,
              42.239423234707346
            ],
            [
              -71.7579796244069,
              42.239139291784554
            ],
            [
              -71.75797954902275,
              42.239139223465045
            ],
            [
              -71.75766033157788,
              42.2388772685271
            ],
            [
              -71.75766024754559,
              42.238877206026906
            ],
            [
              -71.75730801638046,
              42.23863976155857
            ],
            [
              -71.7573079245093,
              42.23863970547953
            ],
            [
              -71.75692607172715,
              42.23842905791626
            ],
            [
              -71.75692597290188,
              42.238429008798384
            ],
            [
              -71.75651817572869,
              42.238247186517654
            ],
            [
              -71.75651807090097,
              42.2382471448339
            ],
            [
              -71.75608825628039,
              42.23809589863135
            ],
            [
              -71.75608814645965,
              42.2380958647831
            ],
            [
              -71.75564045324856,
              42.23797665102109
            ],
            [
              -71.7556403394923,
              42.23797662533426
            ],
            [
              -71.75517907862019,
              42.23789059192482
            ],
            [
              -71.75517896202378,
              42.237890574646755
            ],
            [
              -71.75470857499927,
              42.237838550003524
            ],
            [
              -71.75470845668542,
              42.2378385413006
            ],
            [
              -71.7542334728484,
              42.23782102636595
            ],
            [
              -71.75423335395635,
              42.23782102632196
            ],
            [
              -71.75375834688667,
              42.237838189745894
            ],
            [
              -71.75375822856124,
              42.23783819836126
            ],
            [
              -71.75328777206227,
              42.23788987487822
            ],
            [
              -71.75328765544278,
              42.23788989207
            ],
            [
              -71.75282627952299,
              42.2379755840895
            ],
            [
              -71.75282616573237,
              42.23797560969213
            ],
            [
              -71.75237831300747,
              42.23809449208757
            ],
            [
              -71.75237820314143,
              42.23809452585454
            ],
            [
              -71.75194818607594,
              42.238245453904526
            ],
            [
              -71.75194808119241,
              42.238245495510704
            ],
            [
              -71.75154004059137,
              42.23842701591633
            ],
            [
              -71.75153994170033,
              42.238427064961066
            ],
            [
              -71.75115780685014,
              42.23863742983355
            ],
            [
              -71.75115771490388,
              42.23863748584458
            ],
            [
              -71.7508051657452,
              42.23887466952871
            ],
            [
              -71.75080508162921,
              42.23887473196669
            ],
            [
              -71.75048551332587,
              42.239136450538375
            ],
            [
              -71.75048543785019,
              42.23913651880207
            ],
            [
              -71.75020192809488,
              42.239420252053016
            ],
            [
              -71.75020186198644,
              42.23942032548507
            ],
            [
              -71.74995714135794,
              42.23972334118269
            ],
            [
              -71.74995708525348,
              42.239723419075986
            ],
            [
              -71.74975351091105,
              42.2400427992658
            ],
            [
              -71.74975346535099,
              42.24004288087026
            ],
            [
              -71.74959299831966,
              42.24037554996778
            ],
            [
              -71.7495929637429,
              42.24037563449753
            ],
            [
              -71.7494771500087,
              42.240718388899225
            ],
            [
              -71.74947712674839,
              42.240718475540255
            ],
            [
              -71.74940708234666,
              42.24106801446905
            ],
            [
              -71.74940707062697,
              42.24106810238697
            ],
            [
              -71.74938347086791,
              42.24142105967534
            ],
            [
              -71.74938347080194,
              42.241421148023484
            ],
            [
              -71.74940654373843,
              42.241774124528256
            ],
            [
              -71.749406555327,
              42.24177421245578
            ],
            [
              -71.74947607952858,
              42.24212380879267
            ],
            [
              -71.74947610266027,
              42.242123895452764
            ],
            [
              -71.7495914093159,
              42.24246674473537
            ],
            [
              -71.74959144376811,
              42.242466829293434
            ],
            [
              -71.74975142309847,
              42.24279962956134
            ],
            [
              -71.7497514685396,
              42.24279971120296
            ],
            [
              -71.74995458045855,
              42.24311925722658
            ],
            [
              -71.7499546364511,
              42.2431193351655
            ],
            [
              -71.75019892537435,
              42.24342254932118
            ],
            [
              -71.75019899137918,
              42.24342262280672
            ],
            [
              -71.75048210503871,
              42.24370658472441
            ],
            [
              -71.75048218042022,
              42.24370665304878
            ],
            [
              -71.75080139250362,
              42.24396862774643
            ],
            [
              -71.75080147653591,
              42.24396869025159
            ],
            [
              -71.75115371293364,
              42.2442061544851
            ],
            [
              -71.75115380480742,
              42.244206210569004
            ],
            [
              -71.75153567321516,
              42.244416877143344
            ],
            [
              -71.7515357720456,
              42.24441692626583
            ],
            [
              -71.75165869458881,
              42.24447173519346
            ],
            [
              -71.74759887092871,
              42.246663801497604
            ],
            [
              -71.74737416407358,
              42.246512306352216
            ],
            [
              -71.74673582517183,
              42.24598840278598
            ]
          ]
        ]
      }
    },
    {
      "type": "Feature",
      "properties": {
        "stop_id": "343;349",
        "tier": "0-400m",
        "name": "343;349_0-400m"
      },
      "geometry": {
        "type": "Polygon",
        "coordinates": [
          [
            [
              -71.78760645276272,
              42.2597806024082
            ],
            [
              -71.7873244571775,
              42.25977028882772
            ],
            [
              -71.78685399896091,
              42.25971840923293
            ],
            [
              -71.78639265277192,
              42.25963252320776
            ],
            [
              -71.7860902313596,
              42.259552111142995
            ],
            [
              -71.78725089761522,
              42.2540478465128
            ],
            [
              -71.78805502696544,
              42.2525966445485
            ],
            [
              -71.78827548904438,
              42.252604707204874
            ],
            [
              -71.78874589555491,
              42.25265658103203
            ],
            [
              -71.78920719409406,
              42.252742457694985
            ],
            [
              -71.78965494279073,
              42.25286151028935
            ],
            [
              -71.78978124880952,
              42.25290590026554
            ],
            [
              -71.78760645276272,
              42.2597806024082
            ]
          ]
        ]
      }
    },
    {
      "type": "Feature",
      "properties": {
        "stop_id": "343;349",
        "tier": "400-800m",
        "name": "343;349_400-800m"
      },
      "geometry": {
        "type": "MultiPolygon",
        "coordinates": [
          [
            [
              [
                -71.78736880132922,
                42.260531743843856
              ],
              [
                -71.7866620945313,
                42.261755409902165
              ],
              [
                -71.78537412452997,
                42.262947641252126
              ],
              [
                -71.78608984947542,
                42.25955392200412
              ],
              [
                -71.78639189197943,
                42.25963423331885
              ],
              [
                -71.78639200578709,
                42.259634258975076
              ],
              [
                -71.78685346749256,
                42.25972016650539
              ],
              [
                -71.78685358413782,
                42.259720183751185
              ],
              [
                -71.78732416015323,
                42.2597720763362
              ],
              [
                -71.78732427851256,
                42.25977208500543
              ],
              [
                -71.78760588893886,
                42.259782384499914
              ],
              [
                -71.78736880132922,
                42.260531743843856
              ]
            ]
          ],
          [
            [
              [
                -71.78978181581994,
                42.25290410769955
              ],
              [
                -71.78965592537836,
                42.25285986377689
              ],
              [
                -71.78965581551408,
                42.25285982996087
              ],
              [
                -71.78920795472762,
                42.25274074756316
              ],
              [
                -71.78920784093123,
                42.252740721909696
              ],
              [
                -71.78874642691137,
                42.252654823748614
              ],
              [
                -71.78874631027864,
                42.25265480650475
              ],
              [
                -71.78827578600813,
                42.2526029196917
              ],
              [
                -71.78827566766209,
                42.252602911023416
              ],
              [
                -71.78805600600685,
                42.25259487764072
              ],
              [
                -71.78819410127946,
                42.252345651551494
              ],
              [
                -71.7887020190257,
                42.2516819743586
              ],
              [
                -71.7906664593412,
                42.25010723791987
              ],
              [
                -71.78978181581994,
                42.25290410769955
              ]
            ]
          ]
        ]
      }
    },
    {
      "type": "Feature",
      "properties": {
        "stop_id": "1136;1151",
        "tier": "0-400m",
        "name": "1136;1151_0-400m"
      },
      "geometry": {
        "type": "Polygon",
        "coordinates": [
          [
            [
              -71.77505915518407,
              42.252334396419705
            ],
            [
              -71.77849284085738,
              42.247479949003875
            ],
            [
              -71.77842985954767,
              42.25440802006892
            ],
            [
              -71.77821134608408,
              42.254448645339686
            ],
            [
              -71.77774090389987,
              42.25450040906324
            ],
            [
              -71.77726589699081,
              42.254517665486404
            ],
            [
              -71.77679090070747,
              42.254500248392546
            ],
            [
              -71.77632049029798,
              42.25444832554601
            ],
            [
              -71.77585919681619,
              42.25436239707532
            ],
            [
              -71.77541146345645,
              42.254243290653555
            ],
            [
              -71.77498160273693,
              42.25409215352216
            ],
            [
              -71.77471321676983,
              42.25397257739505
            ],
            [
              -71.77505915518407,
              42.252334396419705
            ]
          ]
        ]
      }
    },
    {
      "type": "Feature",
      "properties": {
        "stop_id": "1136;1151",
        "tier": "400-800m",
        "name": "1136;1151_400-800m"
      },
      "geometry": {
        "type": "Polygon",
        "coordinates": [
          [
            [
              -71.77537363782083,
              42.257980024962926
            ],
            [
              -71.77448347389962,
              42.25781420736082
            ],
            [
              -71.77460264147832,
              42.254496185154785
            ],
            [
              -71.77471281152795,
              42.25397449635514
            ],
            [
              -71.7749804072609,
              42.25409372040221
            ],
            [
              -71.77498051212702,
              42.25409376206896
            ],
            [
              -71.77541048047682,
              42.254244937043545
            ],
            [
              -71.77541059033591,
              42.254244970873195
            ],
            [
              -71.77585843580249,
              42.254364107118086
            ],
            [
              -71.77585854959638,
              42.25436413278479
            ],
            [
              -71.77631995858147,
              42.25445008277123
            ],
            [
              -71.77632007521413,
              42.25445010002776
            ],
            [
              -71.77679060341049,
              42.25450203587537
            ],
            [
              -71.7767907217585,
              42.25450204455549
            ],
            [
              -71.77726583697735,
              42.25451946601045
            ],
            [
              -71.77726595590077,
              42.25451946603058
            ],
            [
              -71.777741081748,
              42.25450220528653
            ],
            [
              -71.77774120010133,
              42.25450219664644
            ],
            [
              -71.77821176008035,
              42.25445041996166
            ],
            [
              -71.77821187672359,
              42.25445040274459
            ],
            [
              -71.77842984264426,
              42.25440987927179
            ],
            [
              -71.7784293983714,
              42.25445874469407
            ],
            [
              -71.77772282534383,
              42.2556583821769
            ],
            [
              -71.77542353963344,
              42.25798553321922
            ],
            [
              -71.77537363782083,
              42.257980024962926
            ]
          ]
        ]
      }
    },
    {
      "type": "Feature",
      "properties": {
        "stop_id": "342;350",
        "tier": "0-400m",
        "name": "342;350_0-400m"
      },
      "geometry": {
        "type": "Polygon",
        "coordinates": [
          [
            [
              -71.7860879497017,
              42.25955129668698
            ],
            [
              -71.78584438482115,
              42.25956016240311
            ],
            [
              -71.78536934833585,
              42.259542780852314
            ],
            [
              -71.78489889341323,
              42.25949089323595
            ],
            [
              -71.78443755153599,
              42.25940499934323
            ],
            [
              -71.78398976636487,
              42.259285926514146
            ],
            [
              -71.78355985091721,
              42.25913482166657
            ],
            [
              -71.7831519460073,
              42.258953140243854
            ],
            [
              -71.78276998034895,
              42.258742632189566
            ],
            [
              -71.78241763270583,
              42.258505325084954
            ],
            [
              -71.78212361491252,
              42.25826426306428
            ],
            [
              -71.78724789605613,
              42.25405044726115
            ],
            [
              -71.7860879497017,
              42.25955129668698
            ]
          ]
        ]
      }
    },
    {
      "type": "Feature",
      "properties": {
        "stop_id": "342;350",
        "tier": "400-800m",
        "name": "342;350_400-800m"
      },
      "geometry": {
        "type": "Polygon",
        "coordinates": [
          [
            [
              -71.78520891302531,
              42.263137995314075
            ],
            [
              -71.7848935235233,
              42.26312645436273
            ],
            [
              -71.78395244415711,
              42.26302266036687
            ],
            [
              -71.78302959722355,
              42.262850841707746
            ],
            [
              -71.78213387298908,
              42.26261265363269
            ],
            [
              -71.78127390017424,
              42.262310390749136
            ],
            [
              -71.7804579627619,
              42.261946964898556
            ],
            [
              -71.77969392014198,
              42.261525877079585
            ],
            [
              -71.77898913136497,
              42.26105118369298
            ],
            [
              -71.77886139451476,
              42.26094644973399
            ],
            [
              -71.78212198190438,
              42.258265605798506
            ],
            [
              -71.78241587648144,
              42.25850656680015
            ],
            [
              -71.78241596056424,
              42.258506629282
            ],
            [
              -71.78276839642389,
              42.25874399580476
            ],
            [
              -71.78276848834676,
              42.258744051863204
            ],
            [
              -71.78315054963956,
              42.25895461262592
            ],
            [
              -71.7831506485172,
              42.258954661721035
            ],
            [
              -71.78355865555828,
              42.25913638863465
            ],
            [
              -71.78355876043841,
              42.25913643029354
            ],
            [
              -71.78398878353006,
              42.25928757297619
            ],
            [
              -71.78398889340248,
              42.259287606797606
            ],
            [
              -71.78443679069342,
              42.25940670944142
            ],
            [
              -71.78443690449987,
              42.25940673509958
            ],
            [
              -71.7848983618925,
              42.259492650499396
            ],
            [
              -71.7848984785368,
              42.259492667747196
            ],
            [
              -71.78536905125743,
              42.25954456835579
            ],
            [
              -71.78536916961605,
              42.25954457702704
            ],
            [
              -71.78584432504692,
              42.259561962930064
            ],
            [
              -71.78584444397983,
              42.259561962941284
            ],
            [
              -71.7860875665994,
              42.25955311332397
            ],
            [
              -71.7853710653545,
              42.26295051276195
            ],
            [
              -71.78520891302531,
              42.263137995314075
            ]
          ]
        ]
      }
    },
    {
      "type": "Feature",
      "properties": {
        "stop_id": "1141;1147",
        "tier": "0-400m",
        "name": "1141;1147_0-400m"
      },
      "geometry": {
        "type": "Polygon",
        "coordinates": [
          [
            [
              -71.78212131990743,
              42.25826346426776
            ],
            [
              -71.78175596852807,
              42.25806210538526
            ],
            [
              -71.781403628475,
              42.25782479513762
            ],
            [
              -71.78108429985119,
              42.25756297181025
            ],
            [
              -71.78084416544868,
              42.257322352114
            ],
            [
              -71.78793847234085,
              42.25251884185042
            ],
            [
              -71.78805283797293,
              42.25259586506694
            ],
            [
              -71.78724868212566,
              42.25404711476111
            ],
            [
              -71.78212131990743,
              42.25826346426776
            ]
          ]
        ]
      }
    },
    {
      "type": "Feature",
      "properties": {
        "stop_id": "1141;1147",
        "tier": "400-800m",
        "name": "1141;1147_400-800m"
      },
      "geometry": {
        "type": "MultiPolygon",
        "coordinates": [
          [
            [
              [
                -71.77867989681076,
                42.26084532341005
              ],
              [
                -71.77797512321742,
                42.26037062373686
              ],
              [
                -71.77733639134665,
                42.25984689176935
              ],
              [
                -71.77724712341382,
                42.259757438744266
              ],
              [
                -71.7808423648279,
                42.25732357115414
              ],
              [
                -71.78108238824765,
                42.257564079649846
              ],
              [
                -71.7810824636787,
                42.25756414795396
              ],
              [
                -71.78140187224962,
                42.25782603683744
              ],
              [
                -71.78140195633051,
                42.25782609932004
              ],
              [
                -71.7817543845982,
                42.258063468986606
              ],
              [
                -71.7817544765192,
                42.25806352504586
              ],
              [
                -71.78211968746744,
                42.25826480653478
              ],
              [
                -71.7788602345137,
                42.26094471768591
              ],
              [
                -71.77867989681076,
                42.26084532341005
              ]
            ]
          ],
          [
            [
              [
                -71.78818983214231,
                42.25234862622145
              ],
              [
                -71.78805381862004,
                42.25259409526144
              ],
              [
                -71.78794027165075,
                42.25251762340041
              ],
              [
                -71.78818983214231,
                42.25234862622145
              ]
            ]
          ]
        ]
      }
    },
    {
      "type": "Feature",
      "properties": {
        "stop_id": "1132;1155;1156",
        "tier": "0-400m",
        "name": "1132;1155;1156_0-400m"
      },
      "geometry": {
        "type": "Polygon",
        "coordinates": [
          [
            [
              -71.77006836704943,
              42.254050207183475
            ],
            [
              -71.76965936437533,
              42.25412621591787
            ],
            [
              -71.76918891759645,
              42.254177944563786
            ],
            [
              -71.76871391077836,
              42.254195165567516
            ],
            [
              -71.76823891927073,
              42.25417771305366
            ],
            [
              -71.76776851827566,
              42.25412575512769
            ],
            [
              -71.7673072387563,
              42.25403979225613
            ],
            [
              -71.76685952377242,
              42.253920652443384
            ],
            [
              -71.76679888647581,
              42.25389932713495
            ],
            [
              -71.76690204269235,
              42.247257952758
            ],
            [
              -71.76731043368137,
              42.2471495031038
            ],
            [
              -71.76777174135216,
              42.247063774413306
            ],
            [
              -71.76824213642152,
              42.24701205151118
            ],
            [
              -71.76871708947219,
              42.246994832434545
            ],
            [
              -71.7691920272208,
              42.24701228298478
            ],
            [
              -71.76966237653107,
              42.24706423513182
            ],
            [
              -71.77012360842616,
              42.247150188631295
            ],
            [
              -71.77057128167645,
              42.24726931583891
            ],
            [
              -71.77084088614714,
              42.247364130871205
            ],
            [
              -71.77006836704943,
              42.254050207183475
            ]
          ]
        ]
      }
    },
    {
      "type": "Feature",
      "properties": {
        "stop_id": "1132;1155;1156",
        "tier": "400-800m",
        "name": "1132;1155;1156_400-800m"
      },
      "geometry": {
        "type": "MultiPolygon",
        "coordinates": [
          [
            [
              [
                -71.76963935805104,
                42.2577626211774
              ],
              [
                -71.76871232065227,
                42.25779623008352
              ],
              [
                -71.7677621649241,
                42.257761318721464
              ],
              [
                -71.76682119344648,
                42.25765738407872
              ],
              [
                -71.76674073815306,
                42.257642390925426
              ],
              [
                -71.76679885569874,
                42.25390130840506
              ],
              [
                -71.76685854057538,
                42.25392229876013
              ],
              [
                -71.76685865042933,
                42.253922332597966
              ],
              [
                -71.76730647751546,
                42.25404150224223
              ],
              [
                -71.7673065913053,
                42.25404152791741
              ],
              [
                -71.76776798632447,
                42.25412751231335
              ],
              [
                -71.76776810295421,
                42.25412752957856
              ],
              [
                -71.76823862173377,
                42.25417950051436
              ],
              [
                -71.76823874008001,
                42.25417950920331
              ],
              [
                -71.76871385052196,
                42.25419696608717
              ],
              [
                -71.76871396944476,
                42.25419696611614
              ],
              [
                -71.76918909520101,
                42.254179740800396
              ],
              [
                -71.7691892135549,
                42.25417973216913
              ],
              [
                -71.76965977812972,
                42.254127990570794
              ],
              [
                -71.76965989477469,
                42.25412797336243
              ],
              [
                -71.77006814787312,
                42.254052103930206
              ],
              [
                -71.76963935805104,
                42.2577626211774
              ]
            ]
          ],
          [
            [
              [
                -71.76966861947399,
                42.24342866461779
              ],
              [
                -71.77060938416076,
                42.24353257613912
              ],
              [
                -71.77083308472929,
                42.24357426481125
              ],
              [
                -71.77095202388165,
                42.246402127328125
              ],
              [
                -71.77084110730176,
                42.24736221659539
              ],
              [
                -71.77057226467356,
                42.24726766948842
              ],
              [
                -71.77057215482917,
                42.24726763565408
              ],
              [
                -71.770124369508,
                42.247148478624425
              ],
              [
                -71.77012425572937,
                42.24714845295199
              ],
              [
                -71.76966290837026,
                42.2470624779352
              ],
              [
                -71.76966279175302,
                42.247062460671884
              ],
              [
                -71.76919232469706,
                42.24701049551933
              ],
              [
                -71.7691922063641,
                42.24701048683137
              ],
              [
                -71.76871714972158,
                42.24699303191262
              ],
              [
                -71.7687170308123,
                42.24699303188365
              ],
              [
                -71.76824195886385,
                42.24701025527084
              ],
              [
                -71.76824184052325,
                42.247010263901146
              ],
              [
                -71.76777132769678,
                42.247061999751395
              ],
              [
                -71.76777121106433,
                42.24706201695787
              ],
              [
                -71.76730978791055,
                42.24714776710941
              ],
              [
                -71.7673096741093,
                42.24714779272639
              ],
              [
                -71.7669020725113,
                42.2472560327567
              ],
              [
                -71.76690595707215,
                42.247005910329555
              ],
              [
                -71.76889470682063,
                42.24340022947511
              ],
              [
                -71.76966861947399,
                42.24342866461779
              ]
            ]
          ]
        ]
      }
    },
    {
      "type": "Feature",
      "properties": {
        "stop_id": "1133;1154",
        "tier": "0-400m",
        "name": "1133;1154_0-400m"
      },
      "geometry": {
        "type": "Polygon",
        "coordinates": [
          [
            [
              -71.7743877079438,
              42.25402482618118
            ],
            [
              -71.77404972874756,
              42.254143499987315
            ],
            [
              -71.77360191361673,
              42.25426243515207
            ],
            [
              -71.77314056137926,
              42.254348187183155
            ],
            [
              -71.77267011579583,
              42.25439993010708
            ],
            [
              -71.77219510825933,
              42.25441716552843
            ],
            [
              -71.77172011412634,
              42.254399727432904
            ],
            [
              -71.77124970862427,
              42.254347783787146
            ],
            [
              -71.7707884227597,
              42.254261834920044
            ],
            [
              -71.77034069965354,
              42.254142708701124
            ],
            [
              -71.77007106706519,
              42.25404789260274
            ],
            [
              -71.77084358584942,
              42.247361816269546
            ],
            [
              -71.77125254339768,
              42.24728580321792
            ],
            [
              -71.77134558822826,
              42.24727556966254
            ],
            [
              -71.7743877079438,
              42.25402482618118
            ]
          ]
        ]
      }
    },
    {
      "type": "Feature",
      "properties": {
        "stop_id": "1133;1154",
        "tier": "400-800m",
        "name": "1133;1154_400-800m"
      },
      "geometry": {
        "type": "MultiPolygon",
        "coordinates": [
          [
            [
              [
                -71.7744813232911,
                42.25780657754686
              ],
              [
                -71.77446160347422,
                42.257810242886016
              ],
              [
                -71.77408496467358,
                42.25788024832783
              ],
              [
                -71.77314390398433,
                42.257983752879746
              ],
              [
                -71.77219371618601,
                42.258018229968165
              ],
              [
                -71.7712435552054,
                42.25798334744865
              ],
              [
                -71.7703025747106,
                42.25787944137204
              ],
              [
                -71.7696681419098,
                42.25776123154209
              ],
              [
                -71.76964250343032,
                42.257756454404124
              ],
              [
                -71.77007084586384,
                42.25404980687481
              ],
              [
                -71.77033971654359,
                42.25414435504766
              ],
              [
                -71.7703398263998,
                42.254144388882175
              ],
              [
                -71.77078766161021,
                42.25426354492918
              ],
              [
                -71.77078777540189,
                42.25426357060092
              ],
              [
                -71.77124917676785,
                42.25434954098888
              ],
              [
                -71.77124929339895,
                42.254349558250574
              ],
              [
                -71.77171981668663,
                42.2544015149026
              ],
              [
                -71.77171993503376,
                42.25440152358796
              ],
              [
                -71.77219504810174,
                42.25441896604984
              ],
              [
                -71.77219516702496,
                42.254418966075214
              ],
              [
                -71.7726702934998,
                42.254401726338244
              ],
              [
                -71.77267041185364,
                42.25440171770339
              ],
              [
                -71.77314097523272,
                42.25434996182346
              ],
              [
                -71.77314109187715,
                42.25434994461155
              ],
              [
                -71.77360255963261,
                42.25426417110888
              ],
              [
                -71.7736026734441,
                42.254264145485706
              ],
              [
                -71.77405060070228,
                42.25414518054069
              ],
              [
                -71.7740507105846,
                42.254145146753046
              ],
              [
                -71.7743884830096,
                42.254026545550026
              ],
              [
                -71.77460021505524,
                42.25449623806971
              ],
              [
                -71.7744813232911,
                42.25780657754686
              ]
            ]
          ],
          [
            [
              [
                -71.7709539444533,
                42.246406556560544
              ],
              [
                -71.77134480665616,
                42.247273835467944
              ],
              [
                -71.77125212964327,
                42.247284028568615
              ],
              [
                -71.77125201301135,
                42.247284045778635
              ],
              [
                -71.77084380497926,
                42.247359919519106
              ],
              [
                -71.7709539444533,
                42.246406556560544
              ]
            ]
          ]
        ]
      }
    },
    {
      "type": "Feature",
      "properties": {
        "stop_id": "1130;1159;1160",
        "tier": "0-400m",
        "name": "1130;1159;1160_0-400m"
      },
      "geometry": {
        "type": "Polygon",
        "coordinates": [
          [
            [
              -71.76053868074621,
              42.25198941642161
            ],
            [
              -71.7603682402622,
              42.25194404854666
            ],
            [
              -71.75993843107744,
              42.251792854978554
            ],
            [
              -71.75953064128531,
              42.25161108933148
            ],
            [
              -71.75914879849039,
              42.251400502360205
            ],
            [
              -71.75879658027259,
              42.25116312240603
            ],
            [
              -71.75847737876126,
              42.25090123585208
            ],
            [
              -71.75819426796433,
              42.2506173650935
            ],
            [
              -71.75818937999063,
              42.25061130010713
            ],
            [
              -71.76096232828034,
              42.24709631186083
            ],
            [
              -71.76422706355338,
              42.24534445289285
            ],
            [
              -71.76451033911174,
              42.24544409801893
            ],
            [
              -71.76491810348601,
              42.24562584615245
            ],
            [
              -71.7652999306504,
              42.2458364141254
            ],
            [
              -71.76565214362573,
              42.24607377432662
            ],
            [
              -71.76597135048407,
              42.24633564113199
            ],
            [
              -71.76625447701201,
              42.246619492905396
            ],
            [
              -71.76649879631996,
              42.24692259627245
            ],
            [
              -71.76666850282102,
              42.2471894340645
            ],
            [
              -71.76053868074621,
              42.25198941642161
            ]
          ]
        ]
      }
    },
    {
      "type": "Feature",
      "properties": {
        "stop_id": "1130;1159;1160",
        "tier": "400-800m",
        "name": "1130;1159;1160_400-800m"
      },
      "geometry": {
        "type": "MultiPolygon",
        "coordinates": [
          [
            [
              [
                -71.75683585350454,
                42.25460436281443
              ],
              [
                -71.75607205668187,
                42.254183117140364
              ],
              [
                -71.75562341646842,
                42.25388074389354
              ],
              [
                -71.75561453663225,
                42.25387475903996
              ],
              [
                -71.75818798266783,
                42.25061307123714
              ],
              [
                -71.75819221926798,
                42.25061832800086
              ],
              [
                -71.75819228528958,
                42.2506184014817
              ],
              [
                -71.75847546696335,
                42.25090234331611
              ],
              [
                -71.75847554236205,
                42.25090241163517
              ],
              [
                -71.75879482378866,
                42.251164363761056
              ],
              [
                -71.75879490783838,
                42.25116442626029
              ],
              [
                -71.75914721424031,
                42.251401865650855
              ],
              [
                -71.75914730613162,
                42.25140192172831
              ],
              [
                -71.7595292445302,
                42.25161256142776
              ],
              [
                -71.75952934337806,
                42.2516126105433
              ],
              [
                -71.75993723527252,
                42.25179442170236
              ],
              [
                -71.75993734012492,
                42.25179446338291
              ],
              [
                -71.76036725692708,
                42.25194569480831
              ],
              [
                -71.76036736677412,
                42.251945728652395
              ],
              [
                -71.76053685773134,
                42.251990843783275
              ],
              [
                -71.75706705280909,
                42.25470741890232
              ],
              [
                -71.75683585350454,
                42.25460436281443
              ]
            ]
          ],
          [
            [
              [
                -71.76842904390263,
                42.243089387299115
              ],
              [
                -71.76888973492908,
                42.243399842179414
              ],
              [
                -71.76889160614297,
                42.24340110316094
              ],
              [
                -71.76690371297514,
                42.24700523067351
              ],
              [
                -71.76667029199717,
                42.24718803288804
              ],
              [
                -71.7665009619557,
                42.24692178703299
              ],
              [
                -71.76650090593944,
                42.24692170910219
              ],
              [
                -71.7662565254563,
                42.246618529853315
              ],
              [
                -71.76625645942953,
                42.246618456377064
              ],
              [
                -71.76597326201289,
                42.246334533542104
              ],
              [
                -71.76597318661155,
                42.246334465227925
              ],
              [
                -71.76565389983391,
                42.24607253286542
              ],
              [
                -71.76565381578418,
                42.24607247037115
              ],
              [
                -71.76530151462866,
                42.24583505074842
              ],
              [
                -71.76530142273998,
                42.24583499467583
              ],
              [
                -71.76491949998366,
                42.24562437398896
              ],
              [
                -71.76491940114097,
                42.24562432487803
              ],
              [
                -71.76451153468349,
                42.24544253124568
              ],
              [
                -71.76451142983859,
                42.24544248956927
              ],
              [
                -71.76422930594794,
                42.24534324955708
              ],
              [
                -71.76842904390263,
                42.243089387299115
              ]
            ]
          ]
        ]
      }
    },
    {
      "type": "Feature",
      "properties": {
        "stop_id": "345;347",
        "tier": "0-400m",
        "name": "345;347_0-400m"
      },
      "geometry": {
        "type": "Polygon",
        "coordinates": [
          [
            [
              -71.78899314381398,
              42.26046654172098
            ],
            [
              -71.78861864697235,
              42.26029976805833
            ],
            [
              -71.78823665500481,
              42.26008927825922
            ],
            [
              -71.7879253089548,
              42.259879617534025
            ],
            [
              -71.79297619037133,
              42.25392991590168
            ],
            [
              -71.79316629092966,
              42.253980454296055
            ],
            [
              -71.79359619429988,
              42.25413152327012
            ],
            [
              -71.79400409811423,
              42.254313167700026
            ],
            [
              -71.79438607440274,
              42.254523638502675
            ],
            [
              -71.79473844475076,
              42.25476090900268
            ],
            [
              -71.79505781571547,
              42.25502269443986
            ],
            [
              -71.79534111150359,
              42.25530647396174
            ],
            [
              -71.79558560359601,
              42.25560951488992
            ],
            [
              -71.79578893703344,
              42.25592889902665
            ],
            [
              -71.79594915311013,
              42.25626155074899
            ],
            [
              -71.79605104662735,
              42.25656374887603
            ],
            [
              -71.78899314381398,
              42.26046654172098
            ]
          ]
        ]
      }
    },
    {
      "type": "Feature",
      "properties": {
        "stop_id": "345;347",
        "tier": "400-800m",
        "name": "345;347_400-800m"
      },
      "geometry": {
        "type": "MultiPolygon",
        "coordinates": [
          [
            [
              [
                -71.78666603278343,
                42.26175315783421
              ],
              [
                -71.78737103297915,
                42.26053244662833
              ],
              [
                -71.78792399617339,
                42.25988116375387
              ],
              [
                -71.78823507116385,
                42.26009064194959
              ],
              [
                -71.78823516309352,
                42.26009069800364
              ],
              [
                -71.78861725070207,
                42.260301240506614
              ],
              [
                -71.78861734958608,
                42.260301289596974
              ],
              [
                -71.78899104078748,
                42.260467704490026
              ],
              [
                -71.78666603278343,
                42.26175315783421
              ]
            ]
          ],
          [
            [
              [
                -71.7991724417952,
                42.25483742502568
              ],
              [
                -71.79605315255202,
                42.25656258423049
              ],
              [
                -71.79595148974148,
                42.25626107036804
              ],
              [
                -71.79595145521984,
                42.25626098582411
              ],
              [
                -71.79579119902031,
                42.255928250820844
              ],
              [
                -71.7957911535104,
                42.255928169197645
              ],
              [
                -71.795587769157,
                42.25560870510243
              ],
              [
                -71.79558771309723,
                42.25560862718597
              ],
              [
                -71.7953431597864,
                42.255305510391594
              ],
              [
                -71.79534309371678,
                42.25530543693219
              ],
              [
                -71.79505972699762,
                42.255021586366844
              ],
              [
                -71.79505965155452,
                42.2550215180719
              ],
              [
                -71.79474020062945,
                42.254759667097986
              ],
              [
                -71.79474011653949,
                42.254759604625136
              ],
              [
                -71.79438765797187,
                42.254522274726035
              ],
              [
                -71.79438756604483,
                42.25452221867687
              ],
              [
                -71.79400549412708,
                42.254311695184626
              ],
              [
                -71.79400539524826,
                42.25431164609884
              ],
              [
                -71.79359738931578,
                42.25412995619607
              ],
              [
                -71.79359728443735,
                42.25412991454631
              ],
              [
                -71.79316727344333,
                42.253978807753846
              ],
              [
                -71.79316716357522,
                42.25397877394118
              ],
              [
                -71.79297751476925,
                42.2539283556463
              ],
              [
                -71.79558808757797,
                42.250852694861244
              ],
              [
                -71.79560151797732,
                42.250857414256686
              ],
              [
                -71.79560151797732,
                42.25085741425669
              ],
              [
                -71.79588123143385,
                42.25095570407047
              ],
              [
                -71.79669711571087,
                42.25131902089598
              ],
              [
                -71.79746114823287,
                42.251739996194694
              ],
              [
                -71.7981659718527,
                42.25221457683843
              ],
              [
                -71.79880479903903,
                42.25273819349405
              ],
              [
                -71.79937147723221,
                42.253305804584734
              ],
              [
                -71.79983404657753,
                42.25387909992588
              ],
              [
                -71.7998227924879,
                42.254053968870934
              ],
              [
                -71.7996613809442,
                42.25443539852592
              ],
              [
                -71.7991724417952,
                42.25483742502568
              ]
            ]
          ]
        ]
      }
    },
    {
      "type": "Feature",
      "properties": {
        "stop_id": "344;348",
        "tier": "0-400m",
        "name": "344;348_0-400m"
      },
      "geometry": {
        "type": "Polygon",
        "coordinates": [
          [
            [
              -71.78978342446456,
              42.25290689283959
            ],
            [
              -71.79006538987372,
              42.25291720038591
            ],
            [
              -71.7905358001731,
              42.252969066868594
            ],
            [
              -71.79099710341754,
              42.25305493632739
            ],
            [
              -71.7914448576907,
              42.25317398192723
            ],
            [
              -71.79187475147546,
              42.25332505737525
            ],
            [
              -71.79228264515312,
              42.25350670795324
            ],
            [
              -71.7926646108513,
              42.25371718451891
            ],
            [
              -71.79297594228865,
              42.25392683260447
            ],
            [
              -71.78792506109487,
              42.25987653422911
            ],
            [
              -71.78773494701295,
              42.259825987198795
            ],
            [
              -71.78760862861998,
              42.25978159502233
            ],
            [
              -71.78978342446456,
              42.25290689283959
            ]
          ]
        ]
      }
    },
    {
      "type": "Feature",
      "properties": {
        "stop_id": "344;348",
        "tier": "400-800m",
        "name": "344;348_400-800m"
      },
      "geometry": {
        "type": "MultiPolygon",
        "coordinates": [
          [
            [
              [
                -71.78737279244413,
                42.260526999142954
              ],
              [
                -71.78760806148635,
                42.25978338757541
              ],
              [
                -71.78773396426719,
                42.25982763369279
              ],
              [
                -71.78773407414255,
                42.2598276675106
              ],
              [
                -71.78792373644791,
                42.25987809442451
              ],
              [
                -71.78737279244413,
                42.260526999142954
              ]
            ]
          ],
          [
            [
              [
                -71.79135437311758,
                42.24942319737466
              ],
              [
                -71.79148173174329,
                42.249437239197086
              ],
              [
                -71.79240440606611,
                42.249608990250664
              ],
              [
                -71.79329998494067,
                42.24984709865686
              ],
              [
                -71.79415984585836,
                42.2501492720269
              ],
              [
                -71.79497570986271,
                42.25051260114989
              ],
              [
                -71.79558767336451,
                42.25084980717169
              ],
              [
                -71.79297725482313,
                42.25392528632519
              ],
              [
                -71.79266619443734,
                42.25371582076585
              ],
              [
                -71.792666102513,
                42.25371576471529
              ],
              [
                -71.79228404118824,
                42.25350523545858
              ],
              [
                -71.79228394231201,
                42.25350518637131
              ],
              [
                -71.79187594651876,
                42.253323490318905
              ],
              [
                -71.7918758416428,
                42.25332344866757
              ],
              [
                -71.79144584023662,
                42.253172335399526
              ],
              [
                -71.79144573037084,
                42.25317230158521
              ],
              [
                -71.79099786400651,
                42.253053226183766
              ],
              [
                -71.79099775020883,
                42.253053200532094
              ],
              [
                -71.7905363314825,
                42.252967309577
              ],
              [
                -71.79053621484869,
                42.25296729233493
              ],
              [
                -71.79006568678838,
                42.25291541286818
              ],
              [
                -71.79006556844152,
                42.25291540420176
              ],
              [
                -71.78978398816585,
                42.252905110735036
              ],
              [
                -71.79066980999256,
                42.25010451520432
              ],
              [
                -71.79135437311758,
                42.24942319737466
              ]
            ]
          ]
        ]
      }
    },
    {
      "type": "Feature",
      "properties": {
        "stop_id": "1140;1148",
        "tier": "0-400m",
        "name": "1140;1148_0-400m"
      },
      "geometry": {
        "type": "Polygon",
        "coordinates": [
          [
            [
              -71.78084175245036,
              42.25732154965197
            ],
            [
              -71.78052213128429,
              42.25710626936387
            ],
            [
              -71.78020280993147,
              42.25684444354968
            ],
            [
              -71.77991957513694,
              42.25656062671663
            ],
            [
              -71.77967515438031,
              42.25625755244938
            ],
            [
              -71.77947190119995,
              42.255938139770876
            ],
            [
              -71.77931177254113,
              42.25560546502064
            ],
            [
              -71.77919630992862,
              42.25526273221958
            ],
            [
              -71.77917096059402,
              42.25513559909919
            ],
            [
              -71.78750074839684,
              42.25211742071431
            ],
            [
              -71.78769591812402,
              42.25227743397454
            ],
            [
              -71.7879360594357,
              42.25251803953698
            ],
            [
              -71.78084175245036,
              42.25732154965197
            ]
          ]
        ]
      }
    },
    {
      "type": "Feature",
      "properties": {
        "stop_id": "1140;1148",
        "tier": "400-800m",
        "name": "1140;1148_400-800m"
      },
      "geometry": {
        "type": "MultiPolygon",
        "coordinates": [
          [
            [
              [
                -71.77724101733722,
                42.259751349042894
              ],
              [
                -71.77724101733722,
                42.25975134904289
              ],
              [
                -71.77709362949952,
                42.25965207193265
              ],
              [
                -71.77645491217372,
                42.25912833499128
              ],
              [
                -71.77588838739294,
                42.258560611268344
              ],
              [
                -71.77542549699872,
                42.257986595148935
              ],
              [
                -71.77772468173214,
                42.25565954623953
              ],
              [
                -71.779168675528,
                42.25513642693716
              ],
              [
                -71.7791939211223,
                42.25526303979732
              ],
              [
                -71.77919394429948,
                42.25526312645122
              ],
              [
                -71.77930943580773,
                42.25560594506263
              ],
              [
                -71.7793094703068,
                42.25560602961156
              ],
              [
                -71.77946963904563,
                42.25593878765478
              ],
              [
                -71.77946968453452,
                42.255938869284456
              ],
              [
                -71.77967298859359,
                42.2562583619363
              ],
              [
                -71.77967304463434,
                42.256258439860524
              ],
              [
                -71.77991752657876,
                42.25656159001107
              ],
              [
                -71.77991759263176,
                42.256561663479324
              ],
              [
                -71.78020089833421,
                42.256845551374724
              ],
              [
                -71.78020097376343,
                42.256845619679424
              ],
              [
                -71.78052037506154,
                42.257107511050336
              ],
              [
                -71.7805204591406,
                42.25710757353358
              ],
              [
                -71.78083995286725,
                42.25732276798957
              ],
              [
                -71.7772467833949,
                42.25975523291857
              ],
              [
                -71.77724101733722,
                42.259751349042894
              ]
            ]
          ],
          [
            [
              [
                -71.78869804522064,
                42.25168352396522
              ],
              [
                -71.788192051529,
                42.25234468701018
              ],
              [
                -71.78793785978314,
                42.25251682038443
              ],
              [
                -71.78769782945213,
                42.2522763260237
              ],
              [
                -71.78769775402026,
                42.25227625772387
              ],
              [
                -71.78750301646357,
                42.25211659879125
              ],
              [
                -71.78869804522064,
                42.25168352396522
              ]
            ]
          ]
        ]
      }
    },
    {
      "type": "Feature",
      "properties": {
        "stop_id": "1127;1161",
        "tier": "0-400m",
        "name": "1127;1161_0-400m"
      },
      "geometry": {
        "type": "Polygon",
        "coordinates": [
          [
            [
              -71.75675484932218,
              42.2455579147784
            ],
            [
              -71.76087312412088,
              42.24229504339271
            ],
            [
              -71.76126912389022,
              42.242400464450874
            ],
            [
              -71.76169887250427,
              42.242551653272905
            ],
            [
              -71.7621066101848,
              42.24273341149202
            ],
            [
              -71.762488410561,
              42.242943988929355
            ],
            [
              -71.76284059691154,
              42.24318135788257
            ],
            [
              -71.76315977756485,
              42.2434432326433
            ],
            [
              -71.76344287855983,
              42.24372709149873
            ],
            [
              -71.76368717325276,
              42.24403020100627
            ],
            [
              -71.76389030858498,
              42.244349642307476
            ],
            [
              -71.76405032775834,
              42.24468233922872
            ],
            [
              -71.76416568909913,
              42.245025087897794
            ],
            [
              -71.7642286669439,
              42.24534137142495
            ],
            [
              -71.76096129299748,
              42.2470946463855
            ],
            [
              -71.75675484932218,
              42.2455579147784
            ]
          ]
        ]
      }
    },
    {
      "type": "Feature",
      "properties": {
        "stop_id": "1127;1161",
        "tier": "400-800m",
        "name": "1127;1161_400-800m"
      },
      "geometry": {
        "type": "Polygon",
        "coordinates": [
          [
            [
              -71.76435067826337,
              42.239539430496684
            ],
            [
              -71.76436546786026,
              42.239546023186875
            ],
            [
              -71.7648006433189,
              42.239740007866835
            ],
            [
              -71.76556432402681,
              42.24016119646043
            ],
            [
              -71.76626877965677,
              42.24063597403832
            ],
            [
              -71.76690722621835,
              42.24115976937055
            ],
            [
              -71.76747351481495,
              42.24172753915916
            ],
            [
              -71.76796219087254,
              42.24233381656432
            ],
            [
              -71.76836854670498,
              42.24297276381079
            ],
            [
              -71.76842470055112,
              42.24308949727625
            ],
            [
              -71.76423088014336,
              42.24534018375603
            ],
            [
              -71.76416807759212,
              42.245024780632505
            ],
            [
              -71.76416805443925,
              42.24502469397541
            ],
            [
              -71.76405266420419,
              42.24468185949668
            ],
            [
              -71.76405262973145,
              42.244681774943004
            ],
            [
              -71.76389257048457,
              42.24434899472953
            ],
            [
              -71.7638925250241,
              42.24434891309351
            ],
            [
              -71.76368933882547,
              42.244029391819474
            ],
            [
              -71.76368928281525,
              42.24402931388729
            ],
            [
              -71.76344492695331,
              42.24372612849638
            ],
            [
              -71.7634448609328,
              42.24372605501846
            ],
            [
              -71.76316168905551,
              42.24344212509969
            ],
            [
              -71.76316161366066,
              42.24344205678365
            ],
            [
              -71.7628423530946,
              42.24318011646381
            ],
            [
              -71.76284226905149,
              42.24318005396745
            ],
            [
              -71.76248999452741,
              42.24294262559049
            ],
            [
              -71.76248990264544,
              42.24294256951565
            ],
            [
              -71.76210800668403,
              42.242731939362024
            ],
            [
              -71.76210790784802,
              42.24273189024864
            ],
            [
              -71.76170006809093,
              42.24255008652817
            ],
            [
              -71.76169996325268,
              42.242550044849175
            ],
            [
              -71.76127010705353,
              42.24239881817873
            ],
            [
              -71.76126999722256,
              42.24239878433546
            ],
            [
              -71.76087493091332,
              42.242293611780916
            ],
            [
              -71.76435067826337,
              42.239539430496684
            ]
          ]
        ]
      }
    },
    {
      "type": "Feature",
      "properties": {
        "stop_id": "1855",
        "tier": "0-400m",
        "name": "1855_0-400m"
      },
      "geometry": {
        "type": "Polygon",
        "coordinates": [
          [
            [
              -71.76095970734453,
              42.24709607353869
            ],
            [
              -71.75818937691741,
              42.250607743365855
            ],
            [
              -71.75807887104385,
              42.250603672850026
            ],
            [
              -71.7576085049483,
              42.250551673223946
            ],
            [
              -71.75714726527033,
              42.250465669440054
            ],
            [
              -71.75669959468591,
              42.250346489896884
            ],
            [
              -71.75626980510826,
              42.250195282540176
            ],
            [
              -71.75586203613874,
              42.2500135038006
            ],
            [
              -71.75548021518135,
              42.24980290455905
            ],
            [
              -71.75512801960556,
              42.24956551327492
            ],
            [
              -71.7548088413226,
              42.24930361644056
            ],
            [
              -71.75452575411663,
              42.249019736549975
            ],
            [
              -71.75428148404548,
              42.24871660779511
            ],
            [
              -71.75407838319592,
              42.24839714972344
            ],
            [
              -71.75391840704594,
              42.24806443911146
            ],
            [
              -71.75380309565143,
              42.247721680325235
            ],
            [
              -71.75373355883772,
              42.24737217445361
            ],
            [
              -71.75371046553772,
              42.247019287511755
            ],
            [
              -71.7537340373784,
              42.24666641802144
            ],
            [
              -71.75374205048331,
              42.246626420483366
            ],
            [
              -71.75675283783194,
              42.24555918631249
            ],
            [
              -71.76095970734453,
              42.24709607353869
            ]
          ]
        ]
      }
    },
    {
      "type": "Feature",
      "properties": {
        "stop_id": "1855",
        "tier": "400-800m",
        "name": "1855_400-800m"
      },
      "geometry": {
        "type": "Polygon",
        "coordinates": [
          [
            [
              -71.75560990139255,
              42.25387707311931
            ],
            [
              -71.7548425293859,
              42.25367278034913
            ],
            [
              -71.75398280838836,
              42.253370312413324
            ],
            [
              -71.75316714293771,
              42.25300669189971
            ],
            [
              -71.75240338980201,
              42.252585421681964
            ],
            [
              -71.75169890524124,
              42.25211055991746
            ],
            [
              -71.75106047412777,
              42.251586680922856
            ],
            [
              -71.75049424459287,
              42.2510188310772
            ],
            [
              -71.75000566882882,
              42.2504124801787
            ],
            [
              -71.74959945061617,
              42.249773468725664
            ],
            [
              -71.74927950008045,
              42.249107951630556
            ],
            [
              -71.74904889611147,
              42.248422338910814
            ],
            [
              -71.74902426697462,
              42.24829850203406
            ],
            [
              -71.75373941314561,
              42.246627355290265
            ],
            [
              -71.75373163166259,
              42.24666619667607
            ],
            [
              -71.75373161994787,
              42.24666628459434
            ],
            [
              -71.75370804219219,
              42.247019242430056
            ],
            [
              -71.75370804213226,
              42.247019330778116
            ],
            [
              -71.75373114120053,
              42.24737230607068
            ],
            [
              -71.75373115279612,
              42.24737239399768
            ],
            [
              -71.75380070700642,
              42.247721987374476
            ],
            [
              -71.75380073014607,
              42.24772207403362
            ],
            [
              -71.75391607039847,
              42.2480649186367
            ],
            [
              -71.75391610485951,
              42.24806500319336
            ],
            [
              -71.75407612105131,
              42.24839779710731
            ],
            [
              -71.75407616650203,
              42.24839787874716
            ],
            [
              -71.75427931819218,
              42.24871741680352
            ],
            [
              -71.75427937419497,
              42.248717494740255
            ],
            [
              -71.7545237054162,
              42.24902069939207
            ],
            [
              -71.75452377143188,
              42.249020772875056
            ],
            [
              -71.7548069295088,
              42.249304723843736
            ],
            [
              -71.75480700490164,
              42.24930479216522
            ],
            [
              -71.75512626309406,
              42.24956675457412
            ],
            [
              -71.75512634713802,
              42.24956681707606
            ],
            [
              -71.75547863089228,
              42.24980426779939
            ],
            [
              -71.755478722778,
              42.24980432387979
            ],
            [
              -71.75586063933359,
              42.250014975852615
            ],
            [
              -71.75586073817611,
              42.25001502497132
            ],
            [
              -71.75626860924275,
              42.25019684922616
            ],
            [
              -71.75626871409007,
              42.25019689091006
            ],
            [
              -71.75669861128023,
              42.25034813612752
            ],
            [
              -71.75669872112255,
              42.25034816997512
            ],
            [
              -71.75714650379808,
              42.25046737935974
            ],
            [
              -71.75714661757739,
              42.250467405045036
            ],
            [
              -71.75760797274513,
              42.25055343036353
            ],
            [
              -71.75760808936553,
              42.25055344763909
            ],
            [
              -71.75807857323684,
              42.250605460285456
            ],
            [
              -71.75807869157501,
              42.250605468984894
            ],
            [
              -71.75818799481642,
              42.25060949520208
            ],
            [
              -71.75560990139255,
              42.25387707311931
            ]
          ]
        ]
      }
    },
    {
      "type": "Feature",
      "properties": {
        "stop_id": "187;204",
        "tier": "0-400m",
        "name": "187;204_0-400m"
      },
      "geometry": {
        "type": "Polygon",
        "coordinates": [
          [
            [
              -71.79928307939417,
              42.27847528359819
            ],
            [
              -71.79919917677337,
              42.27872405945434
            ],
            [
              -71.79903891171442,
              42.279056712173414
            ],
            [
              -71.79883550947797,
              42.27937609730409
            ],
            [
              -71.79859092844453,
              42.279679138771876
            ],
            [
              -71.79847531353414,
              42.27979490679166
            ],
            [
              -71.78979606481298,
              42.27702288852311
            ],
            [
              -71.78980534378982,
              42.27697645990751
            ],
            [
              -71.7899209765335,
              42.276633752771716
            ],
            [
              -71.79008128340129,
              42.27630111265223
            ],
            [
              -71.79028471994859,
              42.27598174287379
            ],
            [
              -71.7905293264763,
              42.27567871892088
            ],
            [
              -71.7908127469229,
              42.2753949588276
            ],
            [
              -71.79082561557799,
              42.27538441585612
            ],
            [
              -71.79928307939417,
              42.27847528359819
            ]
          ]
        ]
      }
    },
    {
      "type": "Feature",
      "properties": {
        "stop_id": "187;204",
        "tier": "400-800m",
        "name": "187;204_400-800m"
      },
      "geometry": {
        "type": "MultiPolygon",
        "coordinates": [
          [
            [
              [
                -71.78600859901815,
                42.27428390091107
              ],
              [
                -71.78642019936872,
                42.27377404355794
              ],
              [
                -71.7908233528057,
                42.27538358877846
              ],
              [
                -71.79081091063131,
                42.27539378234451
              ],
              [
                -71.79081083515588,
                42.275393850634295
              ],
              [
                -71.79052734374704,
                42.27567768176617
              ],
              [
                -71.79052727764751,
                42.275677755221004
              ],
              [
                -71.79028260987272,
                42.275980855035876
              ],
              [
                -71.79028255378572,
                42.27598093294841
              ],
              [
                -71.79007906629663,
                42.276300382681754
              ],
              [
                -71.79007902076243,
                42.276300464301706
              ],
              [
                -71.78991867374907,
                42.276633187699204
              ],
              [
                -71.78991863920635,
                42.276633272240566
              ],
              [
                -71.78980297750043,
                42.2769760651756
              ],
              [
                -71.789802954282,
                42.27697615182426
              ],
              [
                -71.7897937608205,
                42.27702215254381
              ],
              [
                -71.7852841124334,
                42.27558148452804
              ],
              [
                -71.78560164067787,
                42.274922705066764
              ],
              [
                -71.78600859901815,
                42.27428390091107
              ]
            ]
          ],
          [
            [
              [
                -71.80368771753577,
                42.2800846370303
              ],
              [
                -71.80367865193914,
                42.28010345677123
              ],
              [
                -71.80351913995955,
                42.28043459398065
              ],
              [
                -71.80311231889699,
                42.2810734595606
              ],
              [
                -71.80299889691291,
                42.28121400459881
              ],
              [
                -71.80298265736492,
                42.28123412751449
              ],
              [
                -71.79847760226772,
                42.27979563765906
              ],
              [
                -71.79859291143141,
                42.27968017578646
              ],
              [
                -71.79859297752576,
                42.27968010232703
              ],
              [
                -71.79883761978714,
                42.27937698498414
              ],
              [
                -71.79883767586661,
                42.279376907067466
              ],
              [
                -71.7990411290191,
                42.27905744197036
              ],
              [
                -71.7990411745437,
                42.27905736034689
              ],
              [
                -71.7992014797168,
                42.278724624340335
              ],
              [
                -71.79920151424825,
                42.2787245397962
              ],
              [
                -71.79928530462931,
                42.27847609671141
              ],
              [
                -71.80368771753577,
                42.2800846370303
              ]
            ]
          ]
        ]
      }
    },
    {
      "type": "Feature",
      "properties": {
        "stop_id": "661;674",
        "tier": "0-400m",
        "name": "661;674_0-400m"
      },
      "geometry": {
        "type": "Polygon",
        "coordinates": [
          [
            [
              -71.79375215618808,
              42.288809507150184
            ],
            [
              -71.79371099235622,
              42.28889491784562
            ],
            [
              -71.79350753156794,
              42.28921429297829
            ],
            [
              -71.79326288695253,
              42.28951732256348
            ],
            [
              -71.79297941420405,
              42.28980108800837
            ],
            [
              -71.79265984309389,
              42.29006285622283
            ],
            [
              -71.79230725119017,
              42.290300105951175
            ],
            [
              -71.79192503422212,
              42.290510552064156
            ],
            [
              -71.7915168733744,
              42.29069216757694
            ],
            [
              -71.79108669982651,
              42.2908432031806
            ],
            [
              -71.79097155770671,
              42.29087378532046
            ],
            [
              -71.78484345989348,
              42.28599569096035
            ],
            [
              -71.78495569790941,
              42.28581954717684
            ],
            [
              -71.78520036802306,
              42.285516535112
            ],
            [
              -71.78548385646856,
              42.28523278867676
            ],
            [
              -71.78580343287133,
              42.284971040230644
            ],
            [
              -71.78615601945985,
              42.28473381026969
            ],
            [
              -71.78643377175872,
              42.28458088949606
            ],
            [
              -71.79375215618808,
              42.288809507150184
            ]
          ]
        ]
      }
    },
    {
      "type": "Feature",
      "properties": {
        "stop_id": "661;674",
        "tier": "400-800m",
        "name": "661;674_400-800m"
      },
      "geometry": {
        "type": "MultiPolygon",
        "coordinates": [
          [
            [
              [
                -71.78173554549699,
                42.28294788209082
              ],
              [
                -71.7823747835986,
                42.28242433944071
              ],
              [
                -71.78247310400565,
                42.282358189711566
              ],
              [
                -71.78277370101011,
                42.282465684601405
              ],
              [
                -71.78643178542835,
                42.284579741638844
              ],
              [
                -71.78615452739234,
                42.28473239028512
              ],
              [
                -71.78615443541007,
                42.284732446323765
              ],
              [
                -71.78580176054784,
                42.28496973567365
              ],
              [
                -71.78580167640507,
                42.2849697981368
              ],
              [
                -71.7854820199905,
                42.285231612110366
              ],
              [
                -71.78548194449758,
                42.28523168039654
              ],
              [
                -71.7851983850728,
                42.285515497866974
              ],
              [
                -71.78519831895679,
                42.28551557131861
              ],
              [
                -71.78495358758013,
                42.28581865924244
              ],
              [
                -71.78495353147785,
                42.28581873715223
              ],
              [
                -71.78484168014118,
                42.28599427408273
              ],
              [
                -71.78141645193544,
                42.283267248110846
              ],
              [
                -71.78141939334392,
                42.283264304209695
              ],
              [
                -71.78141939334394,
                42.283264304209695
              ],
              [
                -71.78173554549699,
                42.28294788209082
              ]
            ]
          ],
          [
            [
              [
                -71.79765970401164,
                42.29106689371386
              ],
              [
                -71.79765854977593,
                42.29106832353423
              ],
              [
                -71.79765854977593,
                42.29106832353423
              ],
              [
                -71.79729553839513,
                42.291518003504045
              ],
              [
                -71.79672853764046,
                42.292085624455495
              ],
              [
                -71.7960893207146,
                42.2926092461988
              ],
              [
                -71.79538404332006,
                42.293083824831214
              ],
              [
                -71.79461949796918,
                42.29350478876194
              ],
              [
                -71.79440002816193,
                42.29360244682936
              ],
              [
                -71.79097335911776,
                42.29087521912206
              ],
              [
                -71.79108757273968,
                42.29084488359366
              ],
              [
                -71.79108768267668,
                42.29084484978991
              ],
              [
                -71.7915179639332,
                42.29069377636853
              ],
              [
                -71.79151806887766,
                42.290693734726545
              ],
              [
                -71.79192633192065,
                42.29051207373935
              ],
              [
                -71.79192643086179,
                42.290512024660245
              ],
              [
                -71.7923087435272,
                42.29030152585434
              ],
              [
                -71.79230883551212,
                42.29030146981083
              ],
              [
                -71.79266151569354,
                42.290064160678696
              ],
              [
                -71.79266159983631,
                42.29006409821057
              ],
              [
                -71.79298125095431,
                42.28980226445379
              ],
              [
                -71.79298132644458,
                42.28980219616274
              ],
              [
                -71.79326487016054,
                42.289518359668406
              ],
              [
                -71.79326493627136,
                42.289518286212164
              ],
              [
                -71.79350964213063,
                42.28921518075483
              ],
              [
                -71.79350969822536,
                42.2892151028409
              ],
              [
                -71.79371320994436,
                42.28889564774429
              ],
              [
                -71.79371325548293,
                42.288895566123074
              ],
              [
                -71.79375417079964,
                42.288810671065356
              ],
              [
                -71.79765970401164,
                42.29106689371386
              ]
            ]
          ]
        ]
      }
    },
    {
      "type": "Feature",
      "properties": {
        "stop_id": "184;207",
        "tier": "0-400m",
        "name": "184;207_0-400m"
      },
      "geometry": {
        "type": "Polygon",
        "coordinates": [
          [
            [
              -71.79695517894706,
              42.283253808700735
            ],
            [
              -71.7969444515222,
              42.283415965673065
            ],
            [
              -71.79687463953061,
              42.28376544345514
            ],
            [
              -71.7967590314257,
              42.28410815717206
            ],
            [
              -71.79659873988959,
              42.284440806168504
            ],
            [
              -71.79639530801516,
              42.2847601866714
            ],
            [
              -71.79615069446828,
              42.28506322265079
            ],
            [
              -71.79586725464381,
              42.28534699545231
            ],
            [
              -71.79576348563704,
              42.28543200726942
            ],
            [
              -71.78731153328579,
              42.283500925312055
            ],
            [
              -71.78729449793643,
              42.283415583521055
            ],
            [
              -71.78727120433558,
              42.28306270557279
            ],
            [
              -71.78729460247186,
              42.28270983142037
            ],
            [
              -71.78736446623319,
              42.28236035940664
            ],
            [
              -71.78748012204795,
              42.282017655055036
            ],
            [
              -71.78764045540055,
              42.28168501866092
            ],
            [
              -71.78784392159115,
              42.2813656535131
            ],
            [
              -71.78791947993065,
              42.281272064682916
            ],
            [
              -71.79695517894706,
              42.283253808700735
            ]
          ]
        ]
      }
    },
    {
      "type": "Feature",
      "properties": {
        "stop_id": "184;207",
        "tier": "400-800m",
        "name": "184;207_400-800m"
      },
      "geometry": {
        "type": "MultiPolygon",
        "coordinates": [
          [
            [
              [
                -71.78260834761777,
                42.281657345626144
              ],
              [
                -71.78283973592329,
                42.28097186049468
              ],
              [
                -71.78316048459241,
                42.28030651703625
              ],
              [
                -71.7832043952027,
                42.28023760210896
              ],
              [
                -71.78791707824311,
                42.281271537824416
              ],
              [
                -71.78784181136993,
                42.28136476563113
              ],
              [
                -71.78784175527517,
                42.281364843542406
              ],
              [
                -71.78763823813533,
                42.281684288643945
              ],
              [
                -71.78763819259413,
                42.281684370262845
              ],
              [
                -71.78747781908933,
                42.282017089934044
              ],
              [
                -71.7874777845404,
                42.2820171744746
              ],
              [
                -71.78736209975762,
                42.28235996462475
              ],
              [
                -71.78736207653385,
                42.28236005127282
              ],
              [
                -71.7872921952682,
                42.28270961078038
              ],
              [
                -71.78729218359342,
                42.282709698701524
              ],
              [
                -71.78726877958562,
                42.2830626612005
              ],
              [
                -71.78726877957249,
                42.28306274954802
              ],
              [
                -71.78729207899174,
                42.283415715844754
              ],
              [
                -71.78729209064058,
                42.28341580376781
              ],
              [
                -71.7873089648613,
                42.283500338371866
              ],
              [
                -71.78277478741975,
                42.28246407467176
              ],
              [
                -71.78246888833334,
                42.28235468372309
              ],
              [
                -71.78260834761777,
                42.281657345626144
              ]
            ]
          ],
          [
            [
              [
                -71.80166720435388,
                42.284286936240264
              ],
              [
                -71.80166512146347,
                42.284297367055004
              ],
              [
                -71.80166512146347,
                42.284297367055004
              ],
              [
                -71.8016310751698,
                42.28446786548754
              ],
              [
                -71.80139987775146,
                42.28515338808959
              ],
              [
                -71.80107929639021,
                42.28581878197
              ],
              [
                -71.80067241604962,
                42.28645763829612
              ],
              [
                -71.80061006863933,
                42.28653488351703
              ],
              [
                -71.80060725733406,
                42.28653836657376
              ],
              [
                -71.79576604471606,
                42.28543259184946
              ],
              [
                -71.79586909131842,
                42.285348171852405
              ],
              [
                -71.79586916680026,
                42.2853481035594
              ],
              [
                -71.79615267758398,
                42.28506425970659
              ],
              [
                -71.79615274368678,
                42.28506418624863
              ],
              [
                -71.79639741846974,
                42.28476107439551
              ],
              [
                -71.79639747455698,
                42.2847609964801
              ],
              [
                -71.79660095735487,
                42.28444153601193
              ],
              [
                -71.7966010028865,
                42.284441454389516
              ],
              [
                -71.79676133454338,
                42.28410872210652
              ],
              [
                -71.79676136908104,
                42.2841086375632
              ],
              [
                -71.79687700611814,
                42.283765838040715
              ],
              [
                -71.79687702932938,
                42.283765751390725
              ],
              [
                -71.79694685878641,
                42.28341618611048
              ],
              [
                -71.79694687044788,
                42.28341609818836
              ],
              [
                -71.79695757192016,
                42.28325433342593
              ],
              [
                -71.80166720435388,
                42.284286936240264
              ]
            ]
          ]
        ]
      }
    },
    {
      "type": "Feature",
      "properties": {
        "stop_id": "657;678",
        "tier": "0-400m",
        "name": "657;678_0-400m"
      },
      "geometry": {
        "type": "Polygon",
        "coordinates": [
          [
            [
              -71.77674051186055,
              42.28960906820689
            ],
            [
              -71.7770831930271,
              42.28937856932305
            ],
            [
              -71.77746545254085,
              42.289168172619476
            ],
            [
              -71.77787364390255,
              42.28898660705223
            ],
            [
              -71.77830383637398,
              42.28883562094479
            ],
            [
              -71.77875188746111,
              42.28871666815492
            ],
            [
              -71.77903008251977,
              42.28866497394082
            ],
            [
              -71.78319450561237,
              42.294967128771304
            ],
            [
              -71.78285180258128,
              42.29515576262717
            ],
            [
              -71.78244358568382,
              42.29533734570918
            ],
            [
              -71.78201335885748,
              42.295488347166035
            ],
            [
              -71.78166743864998,
              42.29558018663361
            ],
            [
              -71.77674051186055,
              42.28960906820689
            ]
          ]
        ]
      }
    },
    {
      "type": "Feature",
      "properties": {
        "stop_id": "657;678",
        "tier": "400-800m",
        "name": "657;678_400-800m"
      },
      "geometry": {
        "type": "MultiPolygon",
        "coordinates": [
          [
            [
              [
                -71.77417659214028,
                42.28650123011454
              ],
              [
                -71.77477198583354,
                42.28617353089532
              ],
              [
                -71.77558844520836,
                42.285810371821675
              ],
              [
                -71.77644890349197,
                42.28550837715749
              ],
              [
                -71.77687061122008,
                42.2853964200426
              ],
              [
                -71.77902899028949,
                42.28866332084825
              ],
              [
                -71.77875124095227,
                42.28871493223755
              ],
              [
                -71.77875112708085,
                42.288714957865686
              ],
              [
                -71.77830296382827,
                42.2888339404339
              ],
              [
                -71.77830285388795,
                42.288833974225405
              ],
              [
                -71.77787255372033,
                42.28898499813053
              ],
              [
                -71.77787244876973,
                42.288985039760014
              ],
              [
                -71.77746415521791,
                42.28916665078041
              ],
              [
                -71.77746405626763,
                42.28916669984705
              ],
              [
                -71.77708170105375,
                42.289377149221636
              ],
              [
                -71.7770816090567,
                42.28937720525294
              ],
              [
                -71.77673922279774,
                42.28960750576959
              ],
              [
                -71.77417659214028,
                42.28650123011454
              ]
            ]
          ],
          [
            [
              [
                -71.78424687487882,
                42.29868282490569
              ],
              [
                -71.78423219714261,
                42.29868797655786
              ],
              [
                -71.78166873303667,
                42.29558175517023
              ],
              [
                -71.78201423159362,
                42.29549002764674
              ],
              [
                -71.78201434154354,
                42.29548999385172
              ],
              [
                -71.78244467609186,
                42.295338954585674
              ],
              [
                -71.78244478105,
                42.29533891295203
              ],
              [
                -71.78285310015673,
                42.29515728440375
              ],
              [
                -71.78285319911221,
                42.2951572353325
              ],
              [
                -71.78319559177497,
                42.29496877231147
              ],
              [
                -71.78535452564323,
                42.298235399320475
              ],
              [
                -71.78472947301113,
                42.298513439113805
              ],
              [
                -71.78424687487882,
                42.29868282490569
              ]
            ]
          ]
        ]
      }
    },
    {
      "type": "Feature",
      "properties": {
        "stop_id": "656;679",
        "tier": "0-400m",
        "name": "656;679_0-400m"
      },
      "geometry": {
        "type": "Polygon",
        "coordinates": [
          [
            [
              -71.78166723410389,
              42.29558338535604
            ],
            [
              -71.78132453601461,
              42.29581389768084
            ],
            [
              -71.78094224915824,
              42.296024306996316
            ],
            [
              -71.7805340211679,
              42.29620588325583
            ],
            [
              -71.78010378387006,
              42.296356877528524
            ],
            [
              -71.77965568117988,
              42.29647583543592
            ],
            [
              -71.77922225110106,
              42.29655636754476
            ],
            [
              -71.77446381279343,
              42.290783566894696
            ],
            [
              -71.77450142660068,
              42.29074593213127
            ],
            [
              -71.77482107632787,
              42.290484214538246
            ],
            [
              -71.7751737348591,
              42.29024701856638
            ],
            [
              -71.77555600597678,
              42.29003662825794
            ],
            [
              -71.77596420842781,
              42.28985506951292
            ],
            [
              -71.77639441136716,
              42.28970409058913
            ],
            [
              -71.77674030708461,
              42.28961226692387
            ],
            [
              -71.78166723410389,
              42.29558338535604
            ]
          ]
        ]
      }
    },
    {
      "type": "Feature",
      "properties": {
        "stop_id": "656;679",
        "tier": "400-800m",
        "name": "656;679_400-800m"
      },
      "geometry": {
        "type": "MultiPolygon",
        "coordinates": [
          [
            [
              [
                -71.77367907426746,
                42.28667879673664
              ],
              [
                -71.77417628481341,
                42.28650430465995
              ],
              [
                -71.77673901294234,
                42.28961069833
              ],
              [
                -71.77639353886022,
                42.28970241006399
              ],
              [
                -71.77639342891736,
                42.289702443853656
              ],
              [
                -71.77596311827921,
                42.289853460573305
              ],
              [
                -71.7759630133259,
                42.28985350220105
              ],
              [
                -71.775554708682,
                42.29003510639749
              ],
              [
                -71.77555460972889,
                42.29003515546248
              ],
              [
                -71.77517224290814,
                42.29024559844038
              ],
              [
                -71.77517215090812,
                42.29024565447015
              ],
              [
                -71.77481940408518,
                42.29048290982242
              ],
              [
                -71.77481931992423,
                42.29048297227745
              ],
              [
                -71.77449959016688,
                42.29074475539022
              ],
              [
                -71.77449951465552,
                42.2907448236691
              ],
              [
                -71.77446244799508,
                42.2907819109802
              ],
              [
                -71.77185928206444,
                42.2876232926515
              ],
              [
                -71.77209797052029,
                42.28746275644398
              ],
              [
                -71.7728625927148,
                42.28704194216437
              ],
              [
                -71.77367907426746,
                42.28667879673664
              ]
            ]
          ],
          [
            [
              [
                -71.78423189024538,
                42.29869105112364
              ],
              [
                -71.78363642769104,
                42.29901879871625
              ],
              [
                -71.7828198439556,
                42.29938201421952
              ],
              [
                -71.78195922726876,
                42.29968405592607
              ],
              [
                -71.78182924395541,
                42.29971856338214
              ],
              [
                -71.7792235779521,
                42.29655797706701
              ],
              [
                -71.77965632779288,
                42.29647757134583
              ],
              [
                -71.77965644167789,
                42.296477545716854
              ],
              [
                -71.78010465656743,
                42.296358558023506
              ],
              [
                -71.78010476651988,
                42.296358524230314
              ],
              [
                -71.78053511154232,
                42.296207492150224
              ],
              [
                -71.78053521650317,
                42.296207450518345
              ],
              [
                -71.78094354670556,
                42.296025828794264
              ],
              [
                -71.78094364566387,
                42.29602577972465
              ],
              [
                -71.78132602823511,
                42.29581531772547
              ],
              [
                -71.78132612023778,
                42.29581526169083
              ],
              [
                -71.78166852341029,
                42.29558494773633
              ],
              [
                -71.78423189024538,
                42.29869105112364
              ]
            ]
          ]
        ]
      }
    },
    {
      "type": "Feature",
      "properties": {
        "stop_id": "1383;1461;1384",
        "tier": "0-400m",
        "name": "1383;1461;1384_0-400m"
      },
      "geometry": {
        "type": "Polygon",
        "coordinates": [
          [
            [
              -71.79390644242005,
              42.26947424937357
            ],
            [
              -71.79375701806299,
              42.26916404631889
            ],
            [
              -71.7936414524808,
              42.26882132887559
            ],
            [
              -71.79357167249397,
              42.268471848470654
            ],
            [
              -71.79354834937686,
              42.268118970874426
            ],
            [
              -71.79356971674038,
              42.267796162184105
            ],
            [
              -71.8028445242274,
              42.26669555409509
            ],
            [
              -71.80287354788521,
              42.266741124839974
            ],
            [
              -71.80303382858118,
              42.267073766033846
            ],
            [
              -71.80314944184359,
              42.2674164741166
            ],
            [
              -71.80321927356704,
              42.26776594875685
            ],
            [
              -71.803242650489,
              42.268118824405825
            ],
            [
              -71.80322076240206,
              42.26845026554021
            ],
            [
              -71.79390644242005,
              42.26947424937357
            ]
          ]
        ]
      }
    },
    {
      "type": "Feature",
      "properties": {
        "stop_id": "1383;1461;1384",
        "tier": "400-800m",
        "name": "1383;1461;1384_400-800m"
      },
      "geometry": {
        "type": "MultiPolygon",
        "coordinates": [
          [
            [
              [
                -71.78904937015479,
                42.27000790569178
              ],
              [
                -71.7888861092123,
                42.26952363632649
              ],
              [
                -71.78874658352927,
                42.268824582256826
              ],
              [
                -71.7887179987387,
                42.26839159691471
              ],
              [
                -71.78871668780194,
                42.26837173948422
              ],
              [
                -71.79356727043461,
                42.26779645237443
              ],
              [
                -71.79354592519522,
                42.2681189266347
              ],
              [
                -71.79354592519087,
                42.268119014982446
              ],
              [
                -71.79356925413377,
                42.268471980927075
              ],
              [
                -71.79356926578859,
                42.26847206884972
              ],
              [
                -71.79363906323287,
                42.26882163675345
              ],
              [
                -71.79363908643478,
                42.268821723404244
              ],
              [
                -71.7937546809385,
                42.26916452665406
              ],
              [
                -71.79375471546426,
                42.26916461119843
              ],
              [
                -71.79390399714995,
                42.26947451809435
              ],
              [
                -71.78904937015479,
                42.27000790569178
              ]
            ]
          ],
          [
            [
              [
                -71.80322320726815,
                42.2684499966565
              ],
              [
                -71.80324507467739,
                42.26811886844061
              ],
              [
                -71.80324507466821,
                42.26811878009286
              ],
              [
                -71.80322169188004,
                42.26776581609696
              ],
              [
                -71.80322168021195,
                42.267765728175284
              ],
              [
                -71.80315183099216,
                42.26741616604055
              ],
              [
                -71.80315180777774,
                42.26741607939169
              ],
              [
                -71.80303616555798,
                42.26707328550946
              ],
              [
                -71.80303613102097,
                42.267073200967836
              ],
              [
                -71.802875810186,
                42.26674047649567
              ],
              [
                -71.80287576465918,
                42.26674039487544
              ],
              [
                -71.80284701741164,
                42.26669525813187
              ],
              [
                -71.80396491133499,
                42.26656254840501
              ],
              [
                -71.80802358299862,
                42.26792195162077
              ],
              [
                -71.80322320726815,
                42.2684499966565
              ]
            ]
          ]
        ]
      }
    },
    {
      "type": "Feature",
      "properties": {
        "stop_id": "665;670",
        "tier": "0-400m",
        "name": "665;670_0-400m"
      },
      "geometry": {
        "type": "Polygon",
        "coordinates": [
          [
            [
              -71.80322097780552,
              42.26845206201076
            ],
            [
              -71.80337044687907,
              42.26876225277311
            ],
            [
              -71.80348606505078,
              42.26910496041518
            ],
            [
              -71.80355590049788,
              42.269454434747146
            ],
            [
              -71.80357927992195,
              42.26980731022319
            ],
            [
              -71.80355597739148,
              42.27016018848767
            ],
            [
              -71.8035253101684,
              42.270313823312684
            ],
            [
              -71.79395413515586,
              42.27039118108991
            ],
            [
              -71.79390804571551,
              42.270160362557306
            ],
            [
              -71.79388472010028,
              42.2698074851337
            ],
            [
              -71.79390665756254,
              42.26947604586126
            ],
            [
              -71.80322097780552,
              42.26845206201076
            ]
          ]
        ]
      }
    },
    {
      "type": "Feature",
      "properties": {
        "stop_id": "665;670",
        "tier": "400-800m",
        "name": "665;670_400-800m"
      },
      "geometry": {
        "type": "MultiPolygon",
        "coordinates": [
          [
            [
              [
                -71.78904959230267,
                42.27000970140394
              ],
              [
                -71.79390421261724,
                42.26947631454635
              ],
              [
                -71.79388229585372,
                42.269807440901104
              ],
              [
                -71.79388229584984,
                42.26980752924882
              ],
              [
                -71.79390562729147,
                42.27016049502078
              ],
              [
                -71.79390563894705,
                42.27016058294336
              ],
              [
                -71.79395168830067,
                42.270391200764166
              ],
              [
                -71.78948209828528,
                42.270427051926625
              ],
              [
                -71.78907277726302,
                42.270360856787896
              ],
              [
                -71.78904959230267,
                42.27000970140394
              ]
            ]
          ],
          [
            [
              [
                -71.80802775044684,
                42.26792331328288
              ],
              [
                -71.8080841017,
                42.267936447863356
              ],
              [
                -71.8080853532846,
                42.267940156925675
              ],
              [
                -71.80824121470432,
                42.26840204764621
              ],
              [
                -71.80838095483766,
                42.269101078034296
              ],
              [
                -71.80842777336645,
                42.26980691538075
              ],
              [
                -71.80839972215496,
                42.270232198787966
              ],
              [
                -71.80839695560137,
                42.27027414209576
              ],
              [
                -71.80352776491218,
                42.270313803370065
              ],
              [
                -71.80355838417434,
                42.27016040878688
              ],
              [
                -71.80355839582417,
                42.27016032086389
              ],
              [
                -71.80358170417526,
                42.26980735425083
              ],
              [
                -71.80358170416561,
                42.26980726590312
              ],
              [
                -71.8035583188747,
                42.26945430208017
              ],
              [
                -71.80355830720585,
                42.26945421415858
              ],
              [
                -71.80348845426147,
                42.26910465233221
              ],
              [
                -71.80348843104598,
                42.269104565683435
              ],
              [
                -71.80337278391568,
                42.268761772241994
              ],
              [
                -71.80337274937729,
                42.2687616877005
              ],
              [
                -71.80322342299652,
                42.26845179309131
              ],
              [
                -71.80802775044684,
                42.26792331328288
              ]
            ]
          ]
        ]
      }
    },
    {
      "type": "Feature",
      "properties": {
        "stop_id": "659;676;675",
        "tier": "0-400m",
        "name": "659;676;675_0-400m"
      },
      "geometry": {
        "type": "Polygon",
        "coordinates": [
          [
            [
              -71.79096881490273,
              42.29087424183024
            ],
            [
              -71.7908565846637,
              42.29105039134077
            ],
            [
              -71.79061192023971,
              42.291353415175074
            ],
            [
              -71.79032842736264,
              42.29163717397802
            ],
            [
              -71.79000883599771,
              42.29189893472341
            ],
            [
              -71.78965622390818,
              42.292136176227515
            ],
            [
              -71.78927398701776,
              42.292346613440245
            ],
            [
              -71.78886580670303,
              42.29252821946249
            ],
            [
              -71.78843561433105,
              42.292679245076705
            ],
            [
              -71.78798755338408,
              42.29279823560259
            ],
            [
              -71.78752593953661,
              42.292884044914885
            ],
            [
              -71.78705521906974,
              42.292935846488234
            ],
            [
              -71.7865799260248,
              42.29295314136223
            ],
            [
              -71.78648252951811,
              42.292949580317604
            ],
            [
              -71.78216762263489,
              42.28787046507849
            ],
            [
              -71.78230464504007,
              42.287655449013364
            ],
            [
              -71.78254933496078,
              42.287352442700936
            ],
            [
              -71.7828328435323,
              42.2870687029089
            ],
            [
              -71.78315244018624,
              42.286806961932825
            ],
            [
              -71.78350504695608,
              42.286569740196754
            ],
            [
              -71.78388726812258,
              42.286359321991085
            ],
            [
              -71.78429542291342,
              42.286177733484486
            ],
            [
              -71.78472558094238,
              42.286026723221404
            ],
            [
              -71.78484071725684,
              42.285996147324006
            ],
            [
              -71.79096881490273,
              42.29087424183024
            ]
          ]
        ]
      }
    },
    {
      "type": "Feature",
      "properties": {
        "stop_id": "659;676;675",
        "tier": "400-800m",
        "name": "659;676;675_400-800m"
      },
      "geometry": {
        "type": "MultiPolygon",
        "coordinates": [
          [
            [
              [
                -71.77972379814939,
                42.28426018273118
              ],
              [
                -71.78042909464105,
                42.28378569964059
              ],
              [
                -71.78119361693541,
                42.28336482955959
              ],
              [
                -71.78141307160367,
                42.283267196580034
              ],
              [
                -71.78483891612382,
                42.28599471342491
              ],
              [
                -71.78472470826475,
                42.286025042758546
              ],
              [
                -71.78472459833273,
                42.28602507655621
              ],
              [
                -71.78429433261623,
                42.28617612462301
              ],
              [
                -71.7842942276745,
                42.286176166258414
              ],
              [
                -71.78388597070273,
                42.28635780022387
              ],
              [
                -71.78388587176183,
                42.28635784929608
              ],
              [
                -71.78350355490478,
                42.286568320178176
              ],
              [
                -71.78350346291751,
                42.28656837621466
              ],
              [
                -71.78315076786889,
                42.28680565733759
              ],
              [
                -71.78315068372106,
                42.286805719798785
              ],
              [
                -71.78283100705025,
                42.287067526300454
              ],
              [
                -71.78283093155227,
                42.28706759458487
              ],
              [
                -71.78254735199644,
                42.28735140541043
              ],
              [
                -71.78254728587544,
                42.28735147886051
              ],
              [
                -71.78230253468675,
                42.28765456103047
              ],
              [
                -71.78230247857958,
                42.28765463893894
              ],
              [
                -71.78216608984317,
                42.287868660641145
              ],
              [
                -71.77935651934165,
                42.28456096174978
              ],
              [
                -71.77936421823453,
                42.28455465686607
              ],
              [
                -71.77936421823453,
                42.28455465686607
              ],
              [
                -71.77972379814939,
                42.28426018273118
              ]
            ]
          ],
          [
            [
              [
                -71.79439664726709,
                42.29360239568121
              ],
              [
                -71.79407756388369,
                42.29392179632104
              ],
              [
                -71.79343830643963,
                42.294445403125344
              ],
              [
                -71.79273298866396,
                42.294919965307834
              ],
              [
                -71.79196840345818,
                42.295340911436085
              ],
              [
                -71.79115191510127,
                42.29570418647339
              ],
              [
                -71.79029138829286,
                42.29600629087308
              ],
              [
                -71.7893951123554,
                42.296244314319864
              ],
              [
                -71.78929741372177,
                42.29626247594797
              ],
              [
                -71.78648411023703,
                42.29295144081581
              ],
              [
                -71.78657986623983,
                42.292954941879046
              ],
              [
                -71.78657998523553,
                42.29295494188949
              ],
              [
                -71.7870553972903,
                42.292937642685
              ],
              [
                -71.78705551571429,
                42.29293763403537
              ],
              [
                -71.78752635404565,
                42.2928858194913
              ],
              [
                -71.78752647075724,
                42.29288580226488
              ],
              [
                -71.78798820018825,
                42.29279997146667
              ],
              [
                -71.78798831406327,
                42.29279994582939
              ],
              [
                -71.7884364871991,
                42.292680925509394
              ],
              [
                -71.78843659714072,
                42.292680891708194
              ],
              [
                -71.78886689722604,
                42.29252982827874
              ],
              [
                -71.78886700217531,
                42.29252978663921
              ],
              [
                -71.78927528469016,
                42.292348135144934
              ],
              [
                -71.78927538363625,
                42.29234808606814
              ],
              [
                -71.78965771622903,
                42.2921375961647
              ],
              [
                -71.78965780821895,
                42.29213754012334
              ],
              [
                -71.79001050859124,
                42.29190023921752
              ],
              [
                -71.79001059273907,
                42.29190017675136
              ],
              [
                -71.79033026411689,
                42.291638350465504
              ],
              [
                -71.79033033961223,
                42.291638282176216
              ],
              [
                -71.79061390346183,
                42.291354452325486
              ],
              [
                -71.79061396957765,
                42.29135437887079
              ],
              [
                -71.79085869525045,
                42.29105127916578
              ],
              [
                -71.79085875135009,
                42.29105120125317
              ],
              [
                -71.79097059492965,
                42.29087565861158
              ],
              [
                -71.79439664726709,
                42.29360239568121
              ]
            ]
          ]
        ]
      }
    },
    {
      "type": "Feature",
      "properties": {
        "stop_id": "664;671",
        "tier": "0-400m",
        "name": "664;671_0-400m"
      },
      "geometry": {
        "type": "Polygon",
        "coordinates": [
          [
            [
              -71.80352585913677,
              42.270315619488414
            ],
            [
              -71.80357198377774,
              42.270546434148464
            ],
            [
              -71.80359536369555,
              42.27089930955378
            ],
            [
              -71.80357206085314,
              42.271252187754115
            ],
            [
              -71.80350229889474,
              42.271601670311526
            ],
            [
              -71.80348365585782,
              42.27165696580355
            ],
            [
              -71.79393747941735,
              42.27132005479407
            ],
            [
              -71.79392396265473,
              42.271252363170746
            ],
            [
              -71.79390063654837,
              42.2708994858178
            ],
            [
              -71.79392399320282,
              42.27054660956236
            ],
            [
              -71.79395468385316,
              42.2703929773114
            ],
            [
              -71.80352585913677,
              42.270315619488414
            ]
          ]
        ]
      }
    },
    {
      "type": "Feature",
      "properties": {
        "stop_id": "664;671",
        "tier": "400-800m",
        "name": "664;671_400-800m"
      },
      "geometry": {
        "type": "MultiPolygon",
        "coordinates": [
          [
            [
              [
                -71.79395222910333,
                42.27039299704915
              ],
              [
                -71.79392158643884,
                42.270546389061
              ],
              [
                -71.79392157477555,
                42.27054647698302
              ],
              [
                -71.79389821225995,
                42.270899441585556
              ],
              [
                -71.79389821225608,
                42.27089952993327
              ],
              [
                -71.79392154418899,
                42.27125249563453
              ],
              [
                -71.79392155584482,
                42.27125258355709
              ],
              [
                -71.7939350111827,
                42.27131996758002
              ],
              [
                -71.7933695193009,
                42.2712999847546
              ],
              [
                -71.78948988922961,
                42.270428790218354
              ],
              [
                -71.79395222910333,
                42.27039299704915
              ]
            ]
          ],
          [
            [
              [
                -71.80840261483723,
                42.27027589651573
              ],
              [
                -71.80844394082362,
                42.27089891402703
              ],
              [
                -71.80839738313861,
                42.27160476071664
              ],
              [
                -71.80835273832778,
                42.27182850187039
              ],
              [
                -71.80348612567003,
                42.27165705286681
              ],
              [
                -71.80350466506856,
                42.271602064761204
              ],
              [
                -71.80350468826626,
                42.2716019781097
              ],
              [
                -71.80357446767759,
                42.271252408052945
              ],
              [
                -71.80357447932761,
                42.27125232012996
              ],
              [
                -71.80359778799074,
                42.270899353581086
              ],
              [
                -71.80359778798105,
                42.27089926523339
              ],
              [
                -71.80357440219628,
                42.27054630148119
              ],
              [
                -71.80357439052717,
                42.2705462135596
              ],
              [
                -71.80352830598603,
                42.270315599609916
              ],
              [
                -71.80840261483723,
                42.27027589651573
              ]
            ]
          ]
        ]
      }
    },
    {
      "type": "Feature",
      "properties": {
        "stop_id": "185;206",
        "tier": "0-400m",
        "name": "185;206_0-400m"
      },
      "geometry": {
        "type": "Polygon",
        "coordinates": [
          [
            [
              -71.79759354017789,
              42.28129331921396
            ],
            [
              -71.79760467316716,
              42.281461562676704
            ],
            [
              -71.79758133301537,
              42.28181443900736
            ],
            [
              -71.79751152631064,
              42.28216391727495
            ],
            [
              -71.7973959245842,
              42.28250663172971
            ],
            [
              -71.7972356404568,
              42.282839281709286
            ],
            [
              -71.79703221695002,
              42.28315866343108
            ],
            [
              -71.79695666984148,
              42.28325225823217
            ],
            [
              -71.78792097099985,
              42.28127051433126
            ],
            [
              -71.7879317211949,
              42.28110835814309
            ],
            [
              -71.78800157966597,
              42.280758885643245
            ],
            [
              -71.78811722909933,
              42.28041618055309
            ],
            [
              -71.78827755504086,
              42.28008354317509
            ],
            [
              -71.78848101286214,
              42.27976417680755
            ],
            [
              -71.78872564265913,
              42.279461156902094
            ],
            [
              -71.78887539862063,
              42.279311237581545
            ],
            [
              -71.79759354017789,
              42.28129331921396
            ]
          ]
        ]
      }
    },
    {
      "type": "Feature",
      "properties": {
        "stop_id": "185;206",
        "tier": "400-800m",
        "name": "185;206_400-800m"
      },
      "geometry": {
        "type": "MultiPolygon",
        "coordinates": [
          [
            [
              [
                -71.78347694992658,
                42.27937041147749
              ],
              [
                -71.78379768376936,
                42.27870506605028
              ],
              [
                -71.7841029854956,
                42.27822588927402
              ],
              [
                -71.78887293855462,
                42.27931067817097
              ],
              [
                -71.7887236598409,
                42.27946011971691
              ],
              [
                -71.78872359373533,
                42.27946019317065
              ],
              [
                -71.7884789026854,
                42.27976328893707
              ],
              [
                -71.78847884659284,
                42.27976336684866
              ],
              [
                -71.78827533782443,
                42.28008281317025
              ],
              [
                -71.7882752922852,
                42.28008289478944
              ],
              [
                -71.78811492619332,
                42.280415615444745
              ],
              [
                -71.78811489164613,
                42.28041569998552
              ],
              [
                -71.78799921324635,
                42.2807584908744
              ],
              [
                -71.78799919002405,
                42.280758577522626
              ],
              [
                -71.78792931404995,
                42.28110813751641
              ],
              [
                -71.78792930237637,
                42.28110822543765
              ],
              [
                -71.78791857817679,
                42.2812699894174
              ],
              [
                -71.7832093949264,
                42.28023682166168
              ],
              [
                -71.78321148072665,
                42.280226391174885
              ],
              [
                -71.7832455743884,
                42.28005589808694
              ],
              [
                -71.78347694992658,
                42.27937041147749
              ]
            ]
          ],
          [
            [
              [
                -71.80236537634548,
                42.28237786936385
              ],
              [
                -71.80226784857818,
                42.28286631310158
              ],
              [
                -71.80203666391544,
                42.28355183717882
              ],
              [
                -71.80171609737111,
                42.28421723302495
              ],
              [
                -71.80167220416973,
                42.28428615498886
              ],
              [
                -71.79695907167951,
                42.28325278490124
              ],
              [
                -71.7970343273601,
                42.28315955114372
              ],
              [
                -71.79703438344512,
                42.28315947322797
              ],
              [
                -71.79723785787328,
                42.28284001154059
              ],
              [
                -71.79723790340293,
                42.2828399299179
              ],
              [
                -71.79739822764925,
                42.28250719665154
              ],
              [
                -71.79739826218518,
                42.282507112108014
              ],
              [
                -71.7975138928422,
                42.28216431184748
              ],
              [
                -71.797513916052,
                42.28216422519736
              ],
              [
                -71.79758374022087,
                42.28181465943148
              ],
              [
                -71.79758375188115,
                42.28181457150927
              ],
              [
                -71.79760709786298,
                42.28146160683055
              ],
              [
                -71.79760709786166,
                42.281461518483
              ],
              [
                -71.79759600486224,
                42.28129387945205
              ],
              [
                -71.80236537634548,
                42.28237786936385
              ]
            ]
          ]
        ]
      }
    },
    {
      "type": "Feature",
      "properties": {
        "stop_id": "662;673",
        "tier": "0-400m",
        "name": "662;673_0-400m"
      },
      "geometry": {
        "type": "Polygon",
        "coordinates": [
          [
            [
              -71.80232401807892,
              42.274442472671176
            ],
            [
              -71.80230250699665,
              42.2745502195739
            ],
            [
              -71.80218694513876,
              42.2748929393121
            ],
            [
              -71.80202670549642,
              42.2752255964278
            ],
            [
              -71.8018233306629,
              42.275544987069715
            ],
            [
              -71.80157877875487,
              42.27584803511037
            ],
            [
              -71.80129540457364,
              42.27613182177931
            ],
            [
              -71.80097593694123,
              42.27639361378211
            ],
            [
              -71.80062345242915,
              42.276630889634134
            ],
            [
              -71.8003266314145,
              42.27679438661195
            ],
            [
              -71.79277620999481,
              42.27323261528423
            ],
            [
              -71.79279359849365,
              42.27314558328182
            ],
            [
              -71.7929092080458,
              42.272802872903846
            ],
            [
              -71.79306948949277,
              42.27247022838515
            ],
            [
              -71.79327289863481,
              42.27215085309291
            ],
            [
              -71.79351747603678,
              42.271847822564716
            ],
            [
              -71.79380086591769,
              42.27156405489803
            ],
            [
              -71.79389555638367,
              42.271486467000564
            ],
            [
              -71.80232401807892,
              42.274442472671176
            ]
          ]
        ]
      }
    },
    {
      "type": "Feature",
      "properties": {
        "stop_id": "662;673",
        "tier": "400-800m",
        "name": "662;673_400-800m"
      },
      "geometry": {
        "type": "MultiPolygon",
        "coordinates": [
          [
            [
              [
                -71.79389326521954,
                42.27148566332814
              ],
              [
                -71.79379902968174,
                42.27156287846198
              ],
              [
                -71.79379895421411,
                42.27156294675381
              ],
              [
                -71.7935154933786,
                42.27184678546096
              ],
              [
                -71.79351542728655,
                42.27184685891757
              ],
              [
                -71.79327078864478,
                42.272149965309374
              ],
              [
                -71.79327073256486,
                42.27215004322342
              ],
              [
                -71.79306727248786,
                42.27246949847195
              ],
              [
                -71.7930672269603,
                42.272469580093144
              ],
              [
                -71.79290690537411,
                42.27280230789094
              ],
              [
                -71.79290687083747,
                42.27280239243326
              ],
              [
                -71.79279123232891,
                42.273145188611295
              ],
              [
                -71.79279120911596,
                42.2731452752606
              ],
              [
                -71.792773970199,
                42.273231558568504
              ],
              [
                -71.78852505393284,
                42.271226815056885
              ],
              [
                -71.78859005290707,
                42.271091936579474
              ],
              [
                -71.78899695642767,
                42.27045312139222
              ],
              [
                -71.78907027024654,
                42.270362294067496
              ],
              [
                -71.7894816694681,
                42.27042882529513
              ],
              [
                -71.79336887538133,
                42.27130172118435
              ],
              [
                -71.79389326521954,
                42.27148566332814
              ]
            ]
          ],
          [
            [
              [
                -71.80679280061823,
                42.27600938725092
              ],
              [
                -71.80650672746656,
                42.27660336247829
              ],
              [
                -71.80609996121444,
                42.277242239079584
              ],
              [
                -71.8056108216864,
                42.27784842855146
              ],
              [
                -71.80504401809347,
                42.27841609194897
              ],
              [
                -71.80457683874695,
                42.27879894712577
              ],
              [
                -71.800328823835,
                42.276795420714926
              ],
              [
                -71.80062494463036,
                42.27663230943251
              ],
              [
                -71.80062503658802,
                42.276632253382196
              ],
              [
                -71.80097760935091,
                42.27639491811988
              ],
              [
                -71.8009776934673,
                42.276394855645506
              ],
              [
                -71.8012972410816,
                42.276132998094404
              ],
              [
                -71.8012973165466,
                42.27613292979772
              ],
              [
                -71.80158076167065,
                42.27584907207401
              ],
              [
                -71.80158082775752,
                42.27584899861281
              ],
              [
                -71.8018254408862,
                42.275545874695396
              ],
              [
                -71.80182549695859,
                42.27554579677721
              ],
              [
                -71.80202892270127,
                42.275226326167484
              ],
              [
                -71.80202896821928,
                42.27522624454277
              ],
              [
                -71.8021892479694,
                42.27489350413851
              ],
              [
                -71.80218928249477,
                42.274893419593425
              ],
              [
                -71.80230487327327,
                42.27455061404813
              ],
              [
                -71.8023048964737,
                42.274550527396904
              ],
              [
                -71.80232630864879,
                42.27444327589128
              ],
              [
                -71.80679280061823,
                42.27600938725092
              ]
            ]
          ]
        ]
      }
    },
    {
      "type": "Feature",
      "properties": {
        "stop_id": "1385;1459",
        "tier": "0-400m",
        "name": "1385;1459_0-400m"
      },
      "geometry": {
        "type": "Polygon",
        "coordinates": [
          [
            [
              -71.80283042963092,
              42.26595433831379
            ],
            [
              -71.8028431426716,
              42.26601796447005
            ],
            [
              -71.80286651684936,
              42.26637084030368
            ],
            [
              -71.80284519739617,
              42.266693650804186
            ],
            [
              -71.79357039019983,
              42.26779425894802
            ],
            [
              -71.79354137275931,
              42.2677486858577
            ],
            [
              -71.79338114025745,
              42.267416031440305
            ],
            [
              -71.79326557990339,
              42.26707331351353
            ],
            [
              -71.7931958039199,
              42.26672383277309
            ],
            [
              -71.79317248354286,
              42.26637095499252
            ],
            [
              -71.7931958425855,
              42.26601807860573
            ],
            [
              -71.79325203334905,
              42.26573679268786
            ],
            [
              -71.80047406197612,
              42.26469080110867
            ],
            [
              -71.80283042963092,
              42.26595433831379
            ]
          ]
        ]
      }
    },
    {
      "type": "Feature",
      "properties": {
        "stop_id": "1385;1459",
        "tier": "400-800m",
        "name": "1385;1459_400-800m"
      },
      "geometry": {
        "type": "MultiPolygon",
        "coordinates": [
          [
            [
              [
                -71.78871094343353,
                42.268370597317066
              ],
              [
                -71.78851036383773,
                42.26777560560161
              ],
              [
                -71.78837084615856,
                42.2670765508613
              ],
              [
                -71.7883294523843,
                42.266449466718214
              ],
              [
                -71.79324950972206,
                42.265737158108
              ],
              [
                -71.7931934359963,
                42.26601785808894
              ],
              [
                -71.79319342433284,
                42.266017946010955
              ],
              [
                -71.79317005942843,
                42.26637091074484
              ],
              [
                -71.79317005942356,
                42.26637099909262
              ],
              [
                -71.79319338562573,
                42.26672396522163
              ],
              [
                -71.7931933972797,
                42.26672405314433
              ],
              [
                -71.79326319071963,
                42.26707362138368
              ],
              [
                -71.79326321392038,
                42.267073708034545
              ],
              [
                -71.79337880319467,
                42.26741651176796
              ],
              [
                -71.79337883771896,
                42.26741659631248
              ],
              [
                -71.79353911032685,
                42.26774933401778
              ],
              [
                -71.79353915584235,
                42.2677494156417
              ],
              [
                -71.7935678969289,
                42.267794554709546
              ],
              [
                -71.78871094343353,
                42.268370597317066
              ]
            ]
          ],
          [
            [
              [
                -71.80284764361673,
                42.26669336041594
              ],
              [
                -71.80286894097054,
                42.266370884346436
              ],
              [
                -71.80286894096186,
                42.26637079599865
              ],
              [
                -71.80284556091857,
                42.26601783181804
              ],
              [
                -71.80284554925134,
                42.266017743896306
              ],
              [
                -71.80283317434203,
                42.26595581003164
              ],
              [
                -71.80396199107905,
                42.266561071711735
              ],
              [
                -71.80284764361673,
                42.26669336041594
              ]
            ]
          ]
        ]
      }
    },
    {
      "type": "Feature",
      "properties": {
        "stop_id": "658;677",
        "tier": "0-400m",
        "name": "658;677_0-400m"
      },
      "geometry": {
        "type": "Polygon",
        "coordinates": [
          [
            [
              -71.78647962630156,
              42.29294953805077
            ],
            [
              -71.78634260661833,
              42.2931645589031
            ],
            [
              -71.78609791237929,
              42.29346757299752
            ],
            [
              -71.78581438976398,
              42.29375132053993
            ],
            [
              -71.7854947690241,
              42.29401306861258
            ],
            [
              -71.78514212820589,
              42.294250296153734
            ],
            [
              -71.78475986350986,
              42.29446071824776
            ],
            [
              -71.78435165658043,
              42.29464230814118
            ],
            [
              -71.78392143904115,
              42.29479331677178
            ],
            [
              -71.7834733546168,
              42.29491228962282
            ],
            [
              -71.78319513570246,
              42.29496399455368
            ],
            [
              -71.7790307127534,
              42.28866183974262
            ],
            [
              -71.77937339198438,
              42.28847321708467
            ],
            [
              -71.77978157338141,
              42.28829164470632
            ],
            [
              -71.7802117565691,
              42.28814065142569
            ],
            [
              -71.7806597991428,
              42.288021691169625
            ],
            [
              -71.78112138681014,
              42.28793590940911
            ],
            [
              -71.78159207491687,
              42.28788413213465
            ],
            [
              -71.78206733122498,
              42.28786685790687
            ],
            [
              -71.78216471965439,
              42.28787042270245
            ],
            [
              -71.78647962630156,
              42.29294953805077
            ]
          ]
        ]
      }
    },
    {
      "type": "Feature",
      "properties": {
        "stop_id": "658;677",
        "tier": "400-800m",
        "name": "658;677_400-800m"
      },
      "geometry": {
        "type": "MultiPolygon",
        "coordinates": [
          [
            [
              [
                -71.77835674368329,
                42.28481343807751
              ],
              [
                -71.77925289914516,
                42.28457550037902
              ],
              [
                -71.77935058260682,
                42.28455734726618
              ],
              [
                -71.78216313918958,
                42.28786856214307
              ],
              [
                -71.7820673911336,
                42.28786505739082
              ],
              [
                -71.78206727214747,
                42.2878650573757
              ],
              [
                -71.78159189686572,
                42.28788233592783
              ],
              [
                -71.78159177845046,
                42.28788234457183
              ],
              [
                -71.78112097251325,
                42.287934134808005
              ],
              [
                -71.78112085580905,
                42.28793415202793
              ],
              [
                -71.78065915258867,
                42.28801995526279
              ],
              [
                -71.78065903871929,
                42.28801998089282
              ],
              [
                -71.78021088398226,
                42.28813897092912
              ],
              [
                -71.78021077404416,
                42.28813900472246
              ],
              [
                -71.77978048316263,
                42.28829003580255
              ],
              [
                -71.77978037821443,
                42.2882900774338
              ],
              [
                -71.77937209462978,
                42.28847169526697
              ],
              [
                -71.77937199568208,
                42.28847174433527
              ],
              [
                -71.77902962680736,
                42.28866019616122
              ],
              [
                -71.77687134647951,
                42.285393444717116
              ],
              [
                -71.77749630396616,
                42.2851154470893
              ],
              [
                -71.77835674368329,
                42.28481343807751
              ]
            ]
          ],
          [
            [
              [
                -71.78929147532007,
                42.29625886198617
              ],
              [
                -71.78928377599179,
                42.296265167523146
              ],
              [
                -71.78928377599179,
                42.296265167523146
              ],
              [
                -71.78892417232096,
                42.29655967100252
              ],
              [
                -71.78821879707337,
                42.297034205256246
              ],
              [
                -71.78745415624128,
                42.29745512114336
              ],
              [
                -71.78663761463986,
                42.297818363918424
              ],
              [
                -71.785777037482,
                42.298120434345456
              ],
              [
                -71.78537014278506,
                42.29822847249725
              ],
              [
                -71.78535526065284,
                42.29823242394728
              ],
              [
                -71.78319622815047,
                42.29496564760477
              ],
              [
                -71.78347400131864,
                42.294914025511716
              ],
              [
                -71.7834741151993,
                42.29491399987892
              ],
              [
                -71.78392231181842,
                42.294794997238185
              ],
              [
                -71.78392242176612,
                42.294794963441326
              ],
              [
                -71.78435274702504,
                42.29464391699974
              ],
              [
                -71.78435285198077,
                42.29464387536435
              ],
              [
                -71.78476116111699,
                42.294462240002936
              ],
              [
                -71.78476126006989,
                42.29446219093006
              ],
              [
                -71.78514362047525,
                42.2942517161491
              ],
              [
                -71.78514371247226,
                42.29425166011137
              ],
              [
                -71.78549644158042,
                42.294014373172004
              ],
              [
                -71.78549652573551,
                42.29401431070917
              ],
              [
                -71.78581622649565,
                42.29375249709925
              ],
              [
                -71.7858163019984,
                42.29375242881296
              ],
              [
                -71.78609989559368,
                42.293468610225574
              ],
              [
                -71.78609996171694,
                42.29346853677352
              ],
              [
                -71.78634471721226,
                42.293165446810825
              ],
              [
                -71.78634477331934,
                42.29316536890045
              ],
              [
                -71.7864811593395,
                42.292951342428886
              ],
              [
                -71.78929147532007,
                42.29625886198617
              ]
            ]
          ]
        ]
      }
    },
    {
      "type": "Feature",
      "properties": {
        "stop_id": "663;672",
        "tier": "0-400m",
        "name": "663;672_0-400m"
      },
      "geometry": {
        "type": "Polygon",
        "coordinates": [
          [
            [
              -71.80348304743706,
              42.27165874691055
            ],
            [
              -71.80349657451403,
              42.27172643740213
            ],
            [
              -71.80351995444789,
              42.272079312749966
            ],
            [
              -71.80349665075082,
              42.272432190862126
            ],
            [
              -71.80342688707525,
              42.272781673301544
            ],
            [
              -71.8033113345383,
              42.27312439427833
            ],
            [
              -71.80315110528724,
              42.27345705306738
            ],
            [
              -71.8029477418153,
              42.273776445801396
            ],
            [
              -71.80270320212969,
              42.27407949633272
            ],
            [
              -71.80241984091407,
              42.27436328586693
            ],
            [
              -71.80232515659715,
              42.274440880761844
            ],
            [
              -71.79389669506077,
              42.27148487517405
            ],
            [
              -71.79391821941654,
              42.27137712979032
            ],
            [
              -71.79393687073107,
              42.27132183585053
            ],
            [
              -71.80348304743706,
              42.27165874691055
            ]
          ]
        ]
      }
    },
    {
      "type": "Feature",
      "properties": {
        "stop_id": "663;672",
        "tier": "400-800m",
        "name": "663;672_400-800m"
      },
      "geometry": {
        "type": "MultiPolygon",
        "coordinates": [
          [
            [
              [
                -71.79337532555348,
                42.27130199250951
              ],
              [
                -71.79393440094508,
                42.271321748581656
              ],
              [
                -71.7939158533109,
                42.27137673514283
              ],
              [
                -71.79391583010023,
                42.271376821792394
              ],
              [
                -71.79389440470513,
                42.27148407178523
              ],
              [
                -71.79337532555348,
                42.27130199250951
              ]
            ]
          ],
          [
            [
              [
                -71.80835219843887,
                42.27183132555963
              ],
              [
                -71.80836862200886,
                42.272078920405974
              ],
              [
                -71.80832206261705,
                42.27278476691933
              ],
              [
                -71.80818256957146,
                42.27348382505657
              ],
              [
                -71.80795148328434,
                42.27416936217416
              ],
              [
                -71.8076310264947,
                42.27483477563584
              ],
              [
                -71.80722428296721,
                42.27547365642077
              ],
              [
                -71.80679401367917,
                42.276006919904695
              ],
              [
                -71.80679344664979,
                42.276007622657716
              ],
              [
                -71.80232744797546,
                42.27444168426542
              ],
              [
                -71.80242167739166,
                42.27436446216439
              ],
              [
                -71.80242175285332,
                42.27436439386691
              ],
              [
                -71.80270518500843,
                42.27408053327728
              ],
              [
                -71.80270525109218,
                42.27408045981537
              ],
              [
                -71.80294985199538,
                42.273777333406635
              ],
              [
                -71.80294990806483,
                42.27377725548793
              ],
              [
                -71.80315332244305,
                42.273457782785535
              ],
              [
                -71.80315336795836,
                42.2734577011604
              ],
              [
                -71.80331363731462,
                42.273124959082374
              ],
              [
                -71.80331367183756,
                42.2731248745369
              ],
              [
                -71.80342925329266,
                42.27278206775267
              ],
              [
                -71.80342927649095,
                42.2727819811012
              ],
              [
                -71.80349905761993,
                42.27243241116251
              ],
              [
                -71.8034990692702,
                42.27243232323955
              ],
              [
                -71.80352237878819,
                42.27207935677888
              ],
              [
                -71.80352237877861,
                42.272079268431156
              ],
              [
                -71.8034989929778,
                42.27172630473648
              ],
              [
                -71.80349898130865,
                42.2717262168149
              ],
              [
                -71.80348551569811,
                42.27165883391911
              ],
              [
                -71.80835212928194,
                42.27183028297642
              ],
              [
                -71.80835219843887,
                42.27183132555963
              ]
            ]
          ]
        ]
      }
    },
    {
      "type": "Feature",
      "properties": {
        "stop_id": "183;209",
        "tier": "0-400m",
        "name": "183;209_0-400m"
      },
      "geometry": {
        "type": "Polygon",
        "coordinates": [
          [
            [
              -71.79576362229228,
              42.28543392228734
            ],
            [
              -71.7957806696136,
              42.285519262790345
            ],
            [
              -71.79580401159934,
              42.285872138858146
            ],
            [
              -71.79578065977255,
              42.28622501454998
            ],
            [
              -71.79571083824872,
              42.286574491451994
            ],
            [
              -71.79559521870168,
              42.28691720382755
            ],
            [
              -71.79543491392369,
              42.287249851034254
            ],
            [
              -71.79523146713507,
              42.287569229316254
            ],
            [
              -71.79498683714529,
              42.28787226266493
            ],
            [
              -71.79470337950757,
              42.28815603245126
            ],
            [
              -71.79438382384772,
              42.28841780554331
            ],
            [
              -71.79403124758505,
              42.288655060638476
            ],
            [
              -71.79375349576401,
              42.288807999697184
            ],
            [
              -71.7864351114195,
              42.28457938212741
            ],
            [
              -71.78647628226814,
              42.28449397397854
            ],
            [
              -71.78667976337583,
              42.28417461105308
            ],
            [
              -71.78692441886429,
              42.28387159522358
            ],
            [
              -71.78720789220041,
              42.28358784444585
            ],
            [
              -71.78731166968095,
              42.28350284034068
            ],
            [
              -71.79576362229228,
              42.28543392228734
            ]
          ]
        ]
      }
    },
    {
      "type": "Feature",
      "properties": {
        "stop_id": "183;209",
        "tier": "400-800m",
        "name": "183;209_400-800m"
      },
      "geometry": {
        "type": "MultiPolygon",
        "coordinates": [
          [
            [
              [
                -71.78278030483797,
                42.28246721967048
              ],
              [
                -71.78730911075816,
                42.283502255571854
              ],
              [
                -71.78720605573805,
                42.28358666790673
              ],
              [
                -71.78720598024897,
                42.28358673619406
              ],
              [
                -71.78692243593733,
                42.283870558008054
              ],
              [
                -71.78692236982505,
                42.283870631460715
              ],
              [
                -71.78667765307723,
                42.284173723150126
              ],
              [
                -71.78667759697855,
                42.28417380106078
              ],
              [
                -71.78647406491788,
                42.28449324393942
              ],
              [
                -71.78647401937316,
                42.28449332555783
              ],
              [
                -71.78643309707745,
                42.28457821808286
              ],
              [
                -71.78278030483797,
                42.28246721967048
              ]
            ]
          ],
          [
            [
              [
                -71.80060708096784,
                42.286577914319075
              ],
              [
                -71.80046747223949,
                42.287276961386816
              ],
              [
                -71.80023625193914,
                42.28796248130707
              ],
              [
                -71.79991564409488,
                42.288627871608924
              ],
              [
                -71.79950873392511,
                42.28926672349411
              ],
              [
                -71.79901943821878,
                42.289872883585105
              ],
              [
                -71.79845246769077,
                42.2904405132195
              ],
              [
                -71.79781328167164,
                42.290964144718416
              ],
              [
                -71.79766200853713,
                42.291065943655994
              ],
              [
                -71.79375548236007,
                42.288809147426775
              ],
              [
                -71.79403273992196,
                42.28865648051961
              ],
              [
                -71.79403283190295,
                42.288656424474716
              ],
              [
                -71.79438549643942,
                42.288419109974434
              ],
              [
                -71.7943855805783,
                42.28841904750502
              ],
              [
                -71.79470521624211,
                42.288157208869414
              ],
              [
                -71.79470529172858,
                42.2881571405772
              ],
              [
                -71.79498882032999,
                42.28787329974035
              ],
              [
                -71.7949888864371,
                42.2878732262831
              ],
              [
                -71.79523357766705,
                42.28757011706133
              ],
              [
                -71.79523363375822,
                42.28757003914653
              ],
              [
                -71.79543713147403,
                42.28725058089982
              ],
              [
                -71.79543717700918,
                42.28725049927792
              ],
              [
                -71.79559752191128,
                42.28691776878508
              ],
              [
                -71.79559755645202,
                42.28691768424216
              ],
              [
                -71.7957132049341,
                42.28657488606138
              ],
              [
                -71.79571322814797,
                42.286574799411675
              ],
              [
                -71.79578306713964,
                42.28622523501173
              ],
              [
                -71.79578307880324,
                42.28622514708977
              ],
              [
                -71.79580643646301,
                42.28587218305001
              ],
              [
                -71.7958064364642,
                42.28587209470253
              ],
              [
                -71.79578308862098,
                42.285519130287696
              ],
              [
                -71.79578307695996,
                42.28551904236555
              ],
              [
                -71.79576619087375,
                42.285434509038026
              ],
              [
                -71.80060953615495,
                42.28654077078675
              ],
              [
                -71.80060708096784,
                42.286577914319075
              ]
            ]
          ]
        ]
      }
    },
    {
      "type": "Feature",
      "properties": {
        "stop_id": "186;205",
        "tier": "0-400m",
        "name": "186;205_0-400m"
      },
      "geometry": {
        "type": "Polygon",
        "coordinates": [
          [
            [
              -71.78887611479998,
              42.27930951738881
            ],
            [
              -71.78886500540625,
              42.27914127301678
            ],
            [
              -71.78888839319791,
              42.27878839829688
            ],
            [
              -71.78895824381983,
              42.27843892507238
            ],
            [
              -71.78907388382709,
              42.27809621887839
            ],
            [
              -71.78923419885638,
              42.27776358002806
            ],
            [
              -71.78943764438442,
              42.27744421183388
            ],
            [
              -71.78968226062565,
              42.277141189765025
            ],
            [
              -71.78979788677763,
              42.277025430554204
            ],
            [
              -71.79847713592744,
              42.27979744868365
            ],
            [
              -71.79846786290194,
              42.2798438779776
            ],
            [
              -71.79835227059739,
              42.280186593535156
            ],
            [
              -71.79819199737885,
              42.28051924498591
            ],
            [
              -71.79798858616287,
              42.28083862853318
            ],
            [
              -71.79774399541643,
              42.281141668117726
            ],
            [
              -71.79759425614257,
              42.28129159896739
            ],
            [
              -71.78887611479998,
              42.27930951738881
            ]
          ]
        ]
      }
    },
    {
      "type": "Feature",
      "properties": {
        "stop_id": "186;205",
        "tier": "400-800m",
        "name": "186;205_400-800m"
      },
      "geometry": {
        "type": "MultiPolygon",
        "coordinates": [
          [
            [
              [
                -71.7841051386623,
                42.278222419171286
              ],
              [
                -71.78420240233976,
                42.277735976902434
              ],
              [
                -71.78443375901914,
                42.277050488084015
              ],
              [
                -71.78475447103132,
                42.27638513971062
              ],
              [
                -71.78516144733658,
                42.27574633872469
              ],
              [
                -71.7852911428811,
                42.27558569076294
              ],
              [
                -71.78979559824458,
                42.277024699513255
              ],
              [
                -71.78968027786446,
                42.27714015259596
              ],
              [
                -71.78968021176242,
                42.27714022605029
              ],
              [
                -71.78943553427166,
                42.27744332398061
              ],
              [
                -71.78943547818233,
                42.277443401892704
              ],
              [
                -71.78923198171023,
                42.27776285004139
              ],
              [
                -71.78923193617389,
                42.277762931660995
              ],
              [
                -71.78907158099699,
                42.27809565378901
              ],
              [
                -71.78907154645233,
                42.27809573833011
              ],
              [
                -71.78895587748102,
                42.2784385303231
              ],
              [
                -71.78895585426089,
                42.27843861697156
              ],
              [
                -71.7888859861379,
                42.27878817769018
              ],
              [
                -71.7888859744661,
                42.27878826561156
              ],
              [
                -71.78886258080549,
                42.279141228678164
              ],
              [
                -71.78886258079459,
                42.27914131702574
              ],
              [
                -71.78887365027019,
                42.279308956963185
              ],
              [
                -71.784104741478,
                42.278224405583074
              ],
              [
                -71.7841051386623,
                42.278222419171286
              ]
            ]
          ],
          [
            [
              [
                -71.8029896896177,
                42.28123833266041
              ],
              [
                -71.80267231077431,
                42.28189715951423
              ],
              [
                -71.80236713201474,
                42.28237638539446
              ],
              [
                -71.79759671636275,
                42.281292158190745
              ],
              [
                -71.79774597843529,
                42.281142705146685
              ],
              [
                -71.79774604453215,
                42.28114263168775
              ],
              [
                -71.79799069650896,
                42.28083951622859
              ],
              [
                -71.79799075259076,
                42.28083943831234
              ],
              [
                -71.79819421472503,
                42.28051997479904
              ],
              [
                -71.79819426025178,
                42.28051989317593
              ],
              [
                -71.79835457358652,
                42.280187158438
              ],
              [
                -71.7983546081199,
                42.28018707389415
              ],
              [
                -71.79847022935269,
                42.27984427253057
              ],
              [
                -71.7984702525603,
                42.279844185880215
              ],
              [
                -71.79847944012202,
                42.27979818448818
              ],
              [
                -71.8029896896177,
                42.28123833266041
              ]
            ]
          ]
        ]
      }
    },
    {
      "type": "Feature",
      "properties": {
        "stop_id": "188;203",
        "tier": "0-400m",
        "name": "188;203_0-400m"
      },
      "geometry": {
        "type": "Polygon",
        "coordinates": [
          [
            [
              -71.79083013986168,
              42.27538406276072
            ],
            [
              -71.79091407096442,
              42.275135292881664
            ],
            [
              -71.7910743688124,
              42.27480265128696
            ],
            [
              -71.79127779552675,
              42.274483279663386
            ],
            [
              -71.79152239150311,
              42.27418025351322
            ],
            [
              -71.79180580078155,
              42.27389649089174
            ],
            [
              -71.7921252937499,
              42.27363472431449
            ],
            [
              -71.79247779344004,
              42.27339747445215
            ],
            [
              -71.79277461880022,
              42.27323399768689
            ],
            [
              -71.80032504029533,
              42.27679576911847
            ],
            [
              -71.80030766115502,
              42.27688280220665
            ],
            [
              -71.8001920842289,
              42.27722551979542
            ],
            [
              -71.80003182818795,
              42.277558173988794
            ],
            [
              -71.79982843578333,
              42.27787756096367
            ],
            [
              -71.79958386530089,
              42.27818060462781
            ],
            [
              -71.7993004717208,
              42.278464386252914
            ],
            [
              -71.79928760385171,
              42.278474930169416
            ],
            [
              -71.79083013986168,
              42.27538406276072
            ]
          ]
        ]
      }
    },
    {
      "type": "Feature",
      "properties": {
        "stop_id": "188;203",
        "tier": "400-800m",
        "name": "188;203_400-800m"
      },
      "geometry": {
        "type": "MultiPolygon",
        "coordinates": [
          [
            [
              [
                -71.78643522599356,
                42.27375539596058
              ],
              [
                -71.78643522599356,
                42.27375539596058
              ],
              [
                -71.78659481055318,
                42.27342428212591
              ],
              [
                -71.78700174922398,
                42.27278547427858
              ],
              [
                -71.78749102790671,
                42.27217936363278
              ],
              [
                -71.78805793311264,
                42.271611786356345
              ],
              [
                -71.78852308494763,
                42.271230697500556
              ],
              [
                -71.78852515934354,
                42.27122899797821
              ],
              [
                -71.79277242662664,
                42.27323296343888
              ],
              [
                -71.79247630149798,
                42.273396054547
              ],
              [
                -71.79247620953781,
                42.27339611059082
              ],
              [
                -71.7921236215957,
                42.27363341984707
              ],
              [
                -71.79212353747427,
                42.27363348231497
              ],
              [
                -71.791803964515,
                42.27389531442424
              ],
              [
                -71.79180388904243,
                42.2738953827147
              ],
              [
                -71.79152040880452,
                42.27417921637542
              ],
              [
                -71.79152034270771,
                42.27417928983084
              ],
              [
                -71.79127568548691,
                42.27448239184351
              ],
              [
                -71.79127562940249,
                42.27448246975655
              ],
              [
                -71.79107215174878,
                42.27480192133549
              ],
              [
                -71.79107210621697,
                42.27480200295584
              ],
              [
                -71.79091176822567,
                42.275134727828934
              ],
              [
                -71.79091173368509,
                42.275134812370645
              ],
              [
                -71.79082791484402,
                42.275383249483056
              ],
              [
                -71.78642615617161,
                42.27377421435855
              ],
              [
                -71.78643522599356,
                42.27375539596058
              ]
            ]
          ],
          [
            [
              [
                -71.80410517051985,
                42.279574886649776
              ],
              [
                -71.80369367497944,
                42.28008480693402
              ],
              [
                -71.79928986684523,
                42.27847575707966
              ],
              [
                -71.79930230825941,
                42.278465562599465
              ],
              [
                -71.79930238372933,
                42.27846549430413
              ],
              [
                -71.79958584825708,
                42.278181641625515
              ],
              [
                -71.7995859143487,
                42.278181568165486
              ],
              [
                -71.79983054605644,
                42.27787844862568
              ],
              [
                -71.79983060213335,
                42.27787837070852
              ],
              [
                -71.80003404545154,
                42.277558903766746
              ],
              [
                -71.8000340909738,
                42.27755882214287
              ],
              [
                -71.80019438712664,
                42.277226084661635
              ],
              [
                -71.80019442165595,
                42.27722600011718
              ],
              [
                -71.80031002750644,
                42.27688319672186
              ],
              [
                -71.80031005071046,
                42.2768831100711
              ],
              [
                -71.80032728034347,
                42.2767968256861
              ],
              [
                -71.80457694472419,
                42.27880113002941
              ],
              [
                -71.80451197191738,
                42.27893601738186
              ],
              [
                -71.80410517051985,
                42.279574886649776
              ]
            ]
          ]
        ]
      }
    },
    {
      "type": "Feature",
      "properties": {
        "stop_id": "388;823",
        "tier": "0-400m",
        "name": "388;823_0-400m"
      },
      "geometry": {
        "type": "Polygon",
        "coordinates": [
          [
            [
              -71.77921943479875,
              42.29655640045419
            ],
            [
              -71.7791818203423,
              42.296594036726106
            ],
            [
              -71.77886215777019,
              42.29685576618809
            ],
            [
              -71.7785094762074,
              42.29709297322184
            ],
            [
              -71.77812717224695,
              42.29730337310929
            ],
            [
              -71.77771892791162,
              42.29748493931073
            ],
            [
              -71.77728867518535,
              42.29763592299216
            ],
            [
              -71.77684055813194,
              42.29775486987716
            ],
            [
              -71.77637889296645,
              42.297840634260815
            ],
            [
              -71.77590812646453,
              42.297892390050535
            ],
            [
              -71.77543279311108,
              42.29790963872691
            ],
            [
              -71.77495747140198,
              42.2978922141479
            ],
            [
              -71.7744867397209,
              42.29784028415
            ],
            [
              -71.7740251322171,
              42.297754348930674
            ],
            [
              -71.77357709511051,
              42.29763523622817
            ],
            [
              -71.77314694384565,
              42.297484093344586
            ],
            [
              -71.77273882150844,
              42.29730237608982
            ],
            [
              -71.77235665890713,
              42.297091834752784
            ],
            [
              -71.77200413670222,
              42.296854497235515
            ],
            [
              -71.7716846499511,
              42.296592649512796
            ],
            [
              -71.77140127540885,
              42.29630881360603
            ],
            [
              -71.77115674190036,
              42.296005723283855
            ],
            [
              -71.77095340404901,
              42.29568629772396
            ],
            [
              -71.7707932196145,
              42.29535361339009
            ],
            [
              -71.7706777306576,
              42.295010874395565
            ],
            [
              -71.77060804871235,
              42.294661381638896
            ],
            [
              -71.77058484410794,
              42.294308501009176
            ],
            [
              -71.77060833954167,
              42.293955630967574
            ],
            [
              -71.77067830796405,
              42.2936061698172
            ],
            [
              -71.77079407479528,
              42.2932634829767
            ],
            [
              -71.77095452445042,
              42.29293087057261
            ],
            [
              -71.77115811110951,
              42.29261153566258
            ],
            [
              -71.77140287362779,
              42.29230855339503
            ],
            [
              -71.77168645444156,
              42.292024841402494
            ],
            [
              -71.7720061222869,
              42.29176313171274
            ],
            [
              -71.77235879851189,
              42.29152594444846
            ],
            [
              -71.77274108672864,
              42.29131556356804
            ],
            [
              -71.77314930551944,
              42.291134014880726
            ],
            [
              -71.77357952388196,
              42.29098304654747
            ],
            [
              -71.774027599073,
              42.290864112254866
            ],
            [
              -71.77446099674576,
              42.29078359968737
            ],
            [
              -71.77921943479875,
              42.29655640045419
            ]
          ]
        ]
      }
    },
    {
      "type": "Feature",
      "properties": {
        "stop_id": "388;823",
        "tier": "400-800m",
        "name": "388;823_400-800m"
      },
      "geometry": {
        "type": "Polygon",
        "coordinates": [
          [
            [
              -71.78000465549725,
              42.300661125641646
            ],
            [
              -71.7791440079444,
              42.30096314616232
            ],
            [
              -71.77824761975992,
              42.30120108231215
            ],
            [
              -71.77732412606453,
              42.3013726419101
            ],
            [
              -71.77638242335932,
              42.301476172204445
            ],
            [
              -71.77543158374199,
              42.30151067581019
            ],
            [
              -71.77448076742262,
              42.30147582032734
            ],
            [
              -71.77353913438667,
              42.30137194154626
            ],
            [
              -71.77261575605971,
              42.30120004020959
            ],
            [
              -71.7717195278301,
              42.30096177236164
            ],
            [
              -71.77085908327565,
              42.300659433379096
            ],
            [
              -71.77004271092495,
              42.30029593583725
            ],
            [
              -71.76927827435833,
              42.299874781426254
            ],
            [
              -71.76857313642088,
              42.29940002718919
            ],
            [
              -71.76793408827943,
              42.29887624640831
            ],
            [
              -71.76736728400846,
              42.298308484518024
            ],
            [
              -71.76687818133473,
              42.29770221047088
            ],
            [
              -71.76647148911147,
              42.29706326402639
            ],
            [
              -71.76615112202613,
              42.29639779947228
            ],
            [
              -71.76592016297603,
              42.29571222632127
            ],
            [
              -71.7657808334712,
              42.29501314755613
            ],
            [
              -71.76573447234561,
              42.29430729601867
            ],
            [
              -71.76578152297853,
              42.29360146955607
            ],
            [
              -71.76592152914351,
              42.29290246554968
            ],
            [
              -71.76615313952155,
              42.292217015456835
            ],
            [
              -71.7664741208296,
              42.29155171999612
            ],
            [
              -71.7668813794338,
              42.29091298559962
            ],
            [
              -71.76737099123548,
              42.29030696274336
            ],
            [
              -71.76793823953821,
              42.28973948674899
            ],
            [
              -71.76857766052842,
              42.289216021625144
            ],
            [
              -71.76928309592964,
              42.288741607488234
            ],
            [
              -71.77004775232156,
              42.288320812067084
            ],
            [
              -71.77086426655258,
              42.287957686756904
            ],
            [
              -71.771724776616,
              42.287655727644285
            ],
            [
              -71.77185474064423,
              42.28762123156105
            ],
            [
              -71.77445967013709,
              42.29078199010846
            ],
            [
              -71.77402695267189,
              42.29086237631153
            ],
            [
              -71.7740268387947,
              42.290862401934966
            ],
            [
              -71.77357865143219,
              42.290981366001304
            ],
            [
              -71.77357854148559,
              42.290981399788265
            ],
            [
              -71.7731482154204,
              42.291132405914745
            ],
            [
              -71.77314811046313,
              42.2911324475399
            ],
            [
              -71.7727397894754,
              42.29131404167611
            ],
            [
              -71.77273969051808,
              42.29131409073867
            ],
            [
              -71.77235730659397,
              42.29152452428616
            ],
            [
              -71.77235721458962,
              42.291524580313656
            ],
            [
              -71.77200445006848,
              42.291761826956176
            ],
            [
              -71.77200436590304,
              42.291761889409116
            ],
            [
              -71.77168461802302,
              42.292023664616664
            ],
            [
              -71.77168454250709,
              42.29202373289367
            ],
            [
              -71.77140089069091,
              42.29230751591276
            ],
            [
              -71.77140082455178,
              42.29230758935637
            ],
            [
              -71.77115600074735,
              42.29261064747541
            ],
            [
              -71.77115594462205,
              42.29261072537835
            ],
            [
              -71.77095230698356,
              42.29293014023457
            ],
            [
              -71.77095226141272,
              42.292930221846696
            ],
            [
              -71.77079177157626,
              42.29326291752183
            ],
            [
              -71.77079173699887,
              42.2932630020572
            ],
            [
              -71.77067594117183,
              42.293605774691855
            ],
            [
              -71.77067591792107,
              42.293605861336374
            ],
            [
              -71.77060593196813,
              42.29395540997784
            ],
            [
              -71.77060592026811,
              42.29395549789712
            ],
            [
              -71.77058241893849,
              42.29430845628424
            ],
            [
              -71.77058241890204,
              42.29430854463158
            ],
            [
              -71.77060562930255,
              42.29466151361046
            ],
            [
              -71.77060564093026,
              42.294661601535026
            ],
            [
              -71.77067534030839,
              42.2950111817936
            ],
            [
              -71.77067536348844,
              42.29501126844861
            ],
            [
              -71.77079088134768,
              42.295354093255035
            ],
            [
              -71.770790915857,
              42.29535417780595
            ],
            [
              -71.77095114038546,
              42.29568694543519
            ],
            [
              -71.77095118589192,
              42.29568702706769
            ],
            [
              -71.77115457464316,
              42.29600653260413
            ],
            [
              -71.77115463070862,
              42.296006610531975
            ],
            [
              -71.77139922543313,
              42.296309776741495
            ],
            [
              -71.77139929151775,
              42.29630985021416
            ],
            [
              -71.7716827370029,
              42.29659375718803
            ],
            [
              -71.77168281247033,
              42.29659382549786
            ],
            [
              -71.77200237920815,
              42.29685573878282
            ],
            [
              -71.77200246333163,
              42.29685580127188
            ],
            [
              -71.77235507379679,
              42.2970931982149
            ],
            [
              -71.77235516576616,
              42.29709325428133
            ],
            [
              -71.77273742405121,
              42.29730384833512
            ],
            [
              -71.77273752298075,
              42.29730389743888
            ],
            [
              -71.77314574750353,
              42.29748566019353
            ],
            [
              -71.7731458524404,
              42.29748570186167
            ],
            [
              -71.77357611140832,
              42.297636882589856
            ],
            [
              -71.77357622134178,
              42.29763691642104
            ],
            [
              -71.77402437063132,
              42.29775605894824
            ],
            [
              -71.77402448450255,
              42.29775608461657
            ],
            [
              -71.77448620758825,
              42.29784204135333
            ],
            [
              -71.77448632430045,
              42.29784205861159
            ],
            [
              -71.77495717384885,
              42.29789400161237
            ],
            [
              -71.77495729227782,
              42.29789401029433
            ],
            [
              -71.77543273300392,
              42.297911439236316
            ],
            [
              -71.77543285200895,
              42.297911439258336
            ],
            [
              -71.77590830438234,
              42.297894186263036
            ],
            [
              -71.77590842281712,
              42.29789417762491
            ],
            [
              -71.77637930719507,
              42.29784240887594
            ],
            [
              -71.77637942391885,
              42.29784239166088
            ],
            [
              -71.77684120468071,
              42.29775660580255
            ],
            [
              -71.77684131856917,
              42.297756580176355
            ],
            [
              -71.77728954782553,
              42.29763760350817
            ],
            [
              -71.77728965778171,
              42.29763756971769
            ],
            [
              -71.77772001823645,
              42.297486548231504
            ],
            [
              -71.77772012320129,
              42.29748650660221
            ],
            [
              -71.77812846975276,
              42.29730489493871
            ],
            [
              -71.77812856871526,
              42.297304845871565
            ],
            [
              -71.77851096839485,
              42.297094393302785
            ],
            [
              -71.7785110604019,
              42.2970943372704
            ],
            [
              -71.77886383026483,
              42.29685707084354
            ],
            [
              -71.77886391443027,
              42.29685700838563
            ],
            [
              -71.77918365703313,
              42.296595213391015
            ],
            [
              -71.77918373254641,
              42.29659514510912
            ],
            [
              -71.7792207998463,
              42.296558056310424
            ],
            [
              -71.78182470134145,
              42.29971650269068
            ],
            [
              -71.78158599131444,
              42.29987705878914
            ],
            [
              -71.78082127193203,
              42.30029793025742
            ],
            [
              -71.78000465549725,
              42.300661125641646
            ]
          ]
        ]
      }
    },
    {
      "type": "Feature",
      "properties": {
        "stop_id": "1386;95",
        "tier": "0-400m",
        "name": "1386;95_0-400m"
      },
      "geometry": {
        "type": "Polygon",
        "coordinates": [
          [
            [
              -71.79337005414158,
              42.26283044568918
            ],
            [
              -71.7990244608394,
              42.2620962163379
            ],
            [
              -71.80047265761107,
              42.26468917010052
            ],
            [
              -71.79325256896601,
              42.265734880706574
            ],
            [
              -71.79307438567477,
              42.26551404998115
            ],
            [
              -71.79287103514098,
              42.2651946615673
            ],
            [
              -71.79271081262979,
              42.264862006064945
            ],
            [
              -71.79259526056978,
              42.26451928730978
            ],
            [
              -71.79252549110393,
              42.26416980600547
            ],
            [
              -71.79250217540539,
              42.26381692793098
            ],
            [
              -71.79252553724247,
              42.26346405152304
            ],
            [
              -71.7925746889995,
              42.263218005670254
            ],
            [
              -71.79337005414158,
              42.26283044568918
            ]
          ]
        ]
      }
    },
    {
      "type": "Feature",
      "properties": {
        "stop_id": "1386;95",
        "tier": "400-800m",
        "name": "1386;95_400-800m"
      },
      "geometry": {
        "type": "Polygon",
        "coordinates": [
          [
            [
              -71.79257197420893,
              42.26321932849685
            ],
            [
              -71.79252313075271,
              42.26346383099209
            ],
            [
              -71.79252311908878,
              42.26346391891406
            ],
            [
              -71.79249975138927,
              42.263816883669115
            ],
            [
              -71.79249975138347,
              42.26381697201693
            ],
            [
              -71.79252307290595,
              42.264169938439935
            ],
            [
              -71.79252308455851,
              42.26417002636275
            ],
            [
              -71.79259287147919,
              42.2645195951661
            ],
            [
              -71.79259289467811,
              42.26451968181716
            ],
            [
              -71.79270847565626,
              42.26486248637916
            ],
            [
              -71.79270851017826,
              42.264862570923924
            ],
            [
              -71.79286877279296,
              42.26519530971444
            ],
            [
              -71.79286881830575,
              42.265195391338665
            ],
            [
              -71.79307221974265,
              42.26551485971977
            ],
            [
              -71.79307227580809,
              42.26551493763733
            ],
            [
              -71.79325003850789,
              42.265735247115884
            ],
            [
              -71.78833148628632,
              42.266447337900686
            ],
            [
              -71.78807131435117,
              42.26590708460362
            ],
            [
              -71.78792802113786,
              42.26548199595383
            ],
            [
              -71.79257197420893,
              42.26321932849685
            ]
          ]
        ]
      }
    }
  ]
}