Origin,Destination,Date range: 2024-08-01 - 2024-08-28 Time range: 04:00 - 06:00 Trips,Date range: 2024-08-01 - 2024-08-28 Time range: 04:00 - 06:00 Percent,Date range: 2024-08-01 - 2024-08-28 Time range: 06:00 - 09:00 Trips,Date range: 2024-08-01 - 2024-08-28 Time range: 06:00 - 09:00 Percent,Date range: 2024-08-01 - 2024-08-28 Time range: 09:00 - 15:00 Trips,Date range: 2024-08-01 - 2024-08-28 Time range: 09:00 - 15:00 Percent,Date range: 2024-08-01 - 2024-08-28 Time range: 15:00 - 18:00 Trips,Date range: 2024-08-01 - 2024-08-28 Time range: 15:00 - 18:00 Percent,Date range: 2024-08-01 - 2024-08-28 Time range: 18:00 - 22:00 Trips,Date range: 2024-08-01 - 2024-08-28 Time range: 18:00 - 22:00 Percent,Date range: 2024-08-01 - 2024-08-28 Time range: 22:00 - 00:00 Trips,Date range: 2024-08-01 - 2024-08-28 Time range: 22:00 - 00:00 Percent
415;448_0-400m,415;448_0-400m,5,0.015,29,0.011,112,0.014,43,0.009,58,0.015,12,0.015
415;448_0-400m,415;448_400-800m,1,0.003,6,0.002,26,0.003,10,0.002,16,0.004,1,0.001
415;448_0-400m,408;455_0-400m,0,0,6,0.002,42,0.005,15,0.003,29,0.007,4,0.005
415;448_0-400m,408;455_400-800m,1,0.003,4,0.001,9,0.001,7,0.002,8,0.002,0,0
415;448_0-400m,412;451_0-400m,2,0.006,10,0.004,35,0.004,27,0.006,15,0.004,4,0.005
415;448_0-400m,412;451_400-800m,1,0.003,10,0.004,48,0.006,21,0.005,24,0.006,4,0.005
415;448_0-400m,416;447_0-400m,2,0.006,17,0.006,67,0.009,23,0.005,20,0.005,5,0.006
415;448_0-400m,416;447_400-800m,1,0.003,11,0.004,60,0.008,35,0.008,36,0.009,5,0.006
415;448_0-400m,410;452_0-400m,0,0,9,0.003,60,0.008,25,0.005,9,0.002,2,0.002
415;448_0-400m,410;452_400-800m,1,0.003,3,0.001,39,0.005,18,0.004,26,0.007,5,0.006
415;448_0-400m,414;449_0-400m,0,0,14,0.005,60,0.008,41,0.009,21,0.005,6,0.007
415;448_0-400m,414;449_400-800m,1,0.003,14,0.005,37,0.005,16,0.004,22,0.006,8,0.01
415;448_0-400m,407;456_0-400m,1,0.003,2,0.001,13,0.002,10,0.002,5,0.001,4,0.005
415;448_0-400m,407;456_400-800m,0,0,1,0,12,0.002,10,0.002,8,0.002,1,0.001
415;448_0-400m,413;450_0-400m,1,0.003,11,0.004,43,0.005,15,0.003,23,0.006,3,0.004
415;448_0-400m,413;450_400-800m,0,0,10,0.004,61,0.008,37,0.008,46,0.012,11,0.014
415;448_0-400m,419;444;420_0-400m,4,0.012,19,0.007,69,0.009,53,0.012,33,0.008,7,0.009
415;448_0-400m,419;444;420_400-800m,0,0,13,0.005,30,0.004,15,0.003,12,0.003,4,0.005
415;448_0-400m,417;445_0-400m,1,0.003,11,0.004,38,0.005,27,0.006,11,0.003,7,0.009
415;448_0-400m,417;445_400-800m,1,0.003,10,0.004,39,0.005,31,0.007,16,0.004,2,0.002
415;448_0-400m,405;457_0-400m,3,0.009,7,0.003,48,0.006,27,0.006,20,0.005,4,0.005
415;448_0-400m,405;457_400-800m,0,0,0,0,1,0,1,0,3,0.001,0,0
415;448_0-400m,404;459_0-400m,1,0.003,4,0.001,37,0.005,25,0.005,16,0.004,3,0.004
415;448_0-400m,404;459_400-800m,2,0.006,5,0.002,47,0.006,30,0.007,23,0.006,4,0.005
415;448_0-400m,421;442_0-400m,3,0.009,32,0.012,87,0.011,43,0.009,42,0.011,4,0.005
415;448_0-400m,421;442_400-800m,0,0,3,0.001,20,0.003,14,0.003,10,0.003,0,0
415;448_0-400m,196;24;1508_0-400m,5,0.015,12,0.004,34,0.004,29,0.006,16,0.004,5,0.006
415;448_0-400m,196;24;1508_400-800m,0,0,2,0.001,11,0.001,6,0.001,2,0.001,4,0.005
415;448_0-400m,409;453_0-400m,0,0,8,0.003,42,0.005,19,0.004,25,0.006,0,0
415;448_0-400m,409;453_400-800m,0,0,8,0.003,18,0.002,8,0.002,11,0.003,2,0.002
415;448_0-400m,1503_0-400m,0,0,13,0.005,52,0.007,33,0.007,23,0.006,7,0.009
415;448_0-400m,1503_400-800m,0,0,1,0,13,0.002,6,0.001,2,0.001,2,0.002
415;448_0-400m,1125;1163;1162_0-400m,0,0,0,0,2,0,0,0,2,0.001,3,0.004
415;448_0-400m,1125;1163;1162_400-800m,0,0,0,0,0,0,0,0,0,0,0,0
415;448_0-400m,1134;1153_0-400m,1,0.003,0,0,4,0.001,0,0,0,0,0,0
415;448_0-400m,1134;1153_400-800m,0,0,0,0,1,0,0,0,2,0.001,0,0
415;448_0-400m,21;28;1612_0-400m,0,0,3,0.001,15,0.002,9,0.002,8,0.002,0,0
415;448_0-400m,21;28;1612_400-800m,0,0,10,0.004,20,0.003,5,0.001,1,0,3,0.004
415;448_0-400m,1131;1158_0-400m,0,0,1,0,4,0.001,0,0,0,0,0,0
415;448_0-400m,1131;1158_400-800m,0,0,0,0,0,0,1,0,2,0.001,0,0
415;448_0-400m,1135;1152_0-400m,0,0,0,0,7,0.001,2,0,3,0.001,0,0
415;448_0-400m,1135;1152_400-800m,0,0,0,0,0,0,0,0,0,0,0,0
415;448_0-400m,584;604_0-400m,1,0.003,2,0.001,10,0.001,3,0.001,8,0.002,1,0.001
415;448_0-400m,584;604_400-800m,0,0,1,0,7,0.001,3,0.001,2,0.001,2,0.002
415;448_0-400m,1139;1149_0-400m,1,0.003,1,0,6,0.001,1,0,6,0.002,0,0
415;448_0-400m,1139;1149_400-800m,0,0,0,0,0,0,0,0,1,0,0,0
415;448_0-400m,1138;1150;1137_0-400m,0,0,1,0,5,0.001,5,0.001,0,0,1,0.001
415;448_0-400m,1138;1150;1137_400-800m,0,0,0,0,0,0,0,0,0,0,0,0
415;448_0-400m,1124;1164_0-400m,0,0,3,0.001,3,0,4,0.001,0,0,1,0.001
415;448_0-400m,1124;1164_400-800m,0,0,5,0.002,9,0.001,6,0.001,4,0.001,0,0
415;448_0-400m,343;349_0-400m,0,0,0,0,5,0.001,3,0.001,9,0.002,3,0.004
415;448_0-400m,343;349_400-800m,0,0,0,0,3,0,1,0,3,0.001,0,0
415;448_0-400m,1136;1151_0-400m,0,0,5,0.002,4,0.001,1,0,2,0.001,0,0
415;448_0-400m,1136;1151_400-800m,0,0,0,0,1,0,0,0,4,0.001,0,0
415;448_0-400m,342;350_0-400m,0,0,2,0.001,6,0.001,7,0.002,4,0.001,2,0.002
415;448_0-400m,342;350_400-800m,0,0,0,0,2,0,1,0,1,0,0,0
415;448_0-400m,1141;1147_0-400m,0,0,0,0,3,0,0,0,7,0.002,2,0.002
415;448_0-400m,1141;1147_400-800m,0,0,0,0,1,0,0,0,1,0,0,0
415;448_0-400m,1132;1155;1156_0-400m,0,0,0,0,4,0.001,1,0,1,0,1,0.001
415;448_0-400m,1132;1155;1156_400-800m,0,0,1,0,1,0,0,0,0,0,0,0
415;448_0-400m,1133;1154_0-400m,0,0,0,0,2,0,2,0,1,0,0,0
415;448_0-400m,1133;1154_400-800m,0,0,1,0,2,0,2,0,0,0,0,0
415;448_0-400m,1130;1159;1160_0-400m,0,0,2,0.001,11,0.001,2,0,2,0.001,1,0.001
415;448_0-400m,1130;1159;1160_400-800m,0,0,0,0,0,0,0,0,0,0,0,0
415;448_0-400m,345;347_0-400m,1,0.003,0,0,9,0.001,6,0.001,7,0.002,1,0.001
415;448_0-400m,345;347_400-800m,1,0.003,9,0.003,34,0.004,13,0.003,22,0.006,9,0.011
415;448_0-400m,344;348_0-400m,0,0,1,0,6,0.001,2,0,4,0.001,1,0.001
415;448_0-400m,344;348_400-800m,4,0.012,0,0,12,0.002,8,0.002,5,0.001,2,0.002
415;448_0-400m,1140;1148_0-400m,0,0,2,0.001,4,0.001,3,0.001,3,0.001,2,0.002
415;448_0-400m,1140;1148_400-800m,0,0,1,0,3,0,3,0.001,3,0.001,0,0
415;448_0-400m,1127;1161_0-400m,1,0.003,1,0,4,0.001,3,0.001,1,0,2,0.002
415;448_0-400m,1127;1161_400-800m,0,0,0,0,0,0,1,0,0,0,0,0
415;448_0-400m,1855_0-400m,0,0,0,0,2,0,1,0,0,0,0,0
415;448_0-400m,1855_400-800m,0,0,0,0,0,0,0,0,0,0,0,0
415;448_0-400m,187;204_0-400m,0,0,0,0,1,0,1,0,3,0.001,0,0
415;448_0-400m,187;204_400-800m,0,0,0,0,0,0,1,0,1,0,0,0
415;448_0-400m,661;674_0-400m,0,0,0,0,1,0,1,0,4,0.001,0,0
415;448_0-400m,661;674_400-800m,0,0,0,0,0,0,1,0,0,0,0,0
415;448_0-400m,184;207_0-400m,1,0.003,0,0,0,0,2,0,1,0,2,0.002
415;448_0-400m,184;207_400-800m,1,0.003,2,0.001,2,0,2,0,7,0.002,0,0
415;448_0-400m,657;678_0-400m,1,0.003,2,0.001,1,0,1,0,4,0.001,1,0.001
415;448_0-400m,657;678_400-800m,0,0,0,0,0,0,0,0,0,0,0,0
415;448_0-400m,656;679_0-400m,1,0.003,1,0,4,0.001,2,0,2,0.001,0,0
415;448_0-400m,656;679_400-800m,0,0,0,0,0,0,0,0,1,0,0,0
415;448_0-400m,1383;1461;1384_0-400m,0,0,8,0.003,9,0.001,5,0.001,4,0.001,5,0.006
415;448_0-400m,1383;1461;1384_400-800m,1,0.003,2,0.001,7,0.001,4,0.001,4,0.001,2,0.002
415;448_0-400m,665;670_0-400m,0,0,3,0.001,7,0.001,5,0.001,2,0.001,1,0.001
415;448_0-400m,665;670_400-800m,0,0,1,0,2,0,2,0,0,0,1,0.001
415;448_0-400m,659;676;675_0-400m,0,0,3,0.001,5,0.001,4,0.001,0,0,0,0
415;448_0-400m,659;676;675_400-800m,0,0,0,0,1,0,1,0,0,0,0,0
415;448_0-400m,664;671_0-400m,1,0.003,2,0.001,7,0.001,8,0.002,4,0.001,2,0.002
415;448_0-400m,664;671_400-800m,1,0.003,3,0.001,2,0,4,0.001,0,0,0,0
415;448_0-400m,185;206_0-400m,0,0,0,0,4,0.001,4,0.001,4,0.001,0,0
415;448_0-400m,185;206_400-800m,0,0,0,0,0,0,2,0,1,0,0,0
415;448_0-400m,662;673_0-400m,1,0.003,6,0.002,4,0.001,4,0.001,5,0.001,0,0
415;448_0-400m,662;673_400-800m,2,0.006,2,0.001,15,0.002,6,0.001,1,0,1,0.001
415;448_0-400m,1385;1459_0-400m,0,0,5,0.002,15,0.002,1,0,4,0.001,3,0.004
415;448_0-400m,1385;1459_400-800m,1,0.003,0,0,2,0,0,0,1,0,0,0
415;448_0-400m,658;677_0-400m,1,0.003,1,0,0,0,1,0,1,0,0,0
415;448_0-400m,658;677_400-800m,0,0,0,0,0,0,0,0,0,0,0,0
415;448_0-400m,663;672_0-400m,0,0,5,0.002,9,0.001,3,0.001,3,0.001,1,0.001
415;448_0-400m,663;672_400-800m,0,0,0,0,1,0,4,0.001,1,0,0,0
415;448_0-400m,183;209_0-400m,0,0,3,0.001,5,0.001,3,0.001,1,0,0,0
415;448_0-400m,183;209_400-800m,0,0,1,0,2,0,0,0,0,0,0,0
415;448_0-400m,186;205_0-400m,1,0.003,1,0,1,0,1,0,0,0,0,0
415;448_0-400m,186;205_400-800m,0,0,0,0,0,0,1,0,0,0,0,0
415;448_0-400m,188;203_0-400m,0,0,0,0,7,0.001,5,0.001,4,0.001,1,0.001
415;448_0-400m,188;203_400-800m,0,0,2,0.001,8,0.001,3,0.001,2,0.001,1,0.001
415;448_0-400m,388;823_0-400m,3,0.009,9,0.003,11,0.001,10,0.002,5,0.001,0,0
415;448_0-400m,388;823_400-800m,0,0,9,0.003,4,0.001,4,0.001,3,0.001,0,0
415;448_0-400m,1386;95_0-400m,0,0,5,0.002,13,0.002,6,0.001,2,0.001,1,0.001
415;448_0-400m,1386;95_400-800m,0,0,0,0,3,0,3,0.001,1,0,1,0.001
415;448_0-400m,Orange_0-400m,9,0.027,35,0.013,125,0.016,64,0.014,39,0.01,6,0.007
415;448_0-400m,Blue_0-400m,1,0.003,1,0,9,0.001,6,0.001,4,0.001,0,0
415;448_0-400m,Green_0-400m,2,0.006,7,0.003,19,0.002,11,0.002,17,0.004,5,0.006
415;448_0-400m,Orange_400-800m,4,0.012,18,0.007,37,0.005,17,0.004,12,0.003,5,0.006
415;448_0-400m,Blue_400-800m,2,0.006,8,0.003,9,0.001,11,0.002,8,0.002,2,0.002
415;448_0-400m,Green_400-800m,1,0.003,2,0.001,6,0.001,5,0.001,6,0.002,0,0
415;448_0-400m,External,135,0.411,673,0.248,1596,0.203,870,0.191,776,0.198,165,0.205
415;448_400-800m,415;448_0-400m,0,0,5,0.002,17,0.002,5,0.001,6,0.002,4,0.005
415;448_400-800m,415;448_400-800m,0,0,15,0.006,29,0.004,9,0.002,24,0.006,3,0.004
415;448_400-800m,408;455_0-400m,2,0.006,4,0.001,11,0.001,7,0.002,4,0.001,3,0.004
415;448_400-800m,408;455_400-800m,1,0.003,0,0,7,0.001,2,0,1,0,0,0
415;448_400-800m,412;451_0-400m,0,0,4,0.001,10,0.001,6,0.001,5,0.001,2,0.002
415;448_400-800m,412;451_400-800m,0,0,1,0,10,0.001,4,0.001,8,0.002,1,0.001
415;448_400-800m,416;447_0-400m,0,0,2,0.001,7,0.001,4,0.001,7,0.002,0,0
415;448_400-800m,416;447_400-800m,1,0.003,7,0.003,22,0.003,10,0.002,11,0.003,2,0.002
415;448_400-800m,410;452_0-400m,1,0.003,3,0.001,12,0.002,4,0.001,1,0,0,0
415;448_400-800m,410;452_400-800m,1,0.003,2,0.001,9,0.001,13,0.003,6,0.002,0,0
415;448_400-800m,414;449_0-400m,0,0,3,0.001,7,0.001,3,0.001,2,0.001,1,0.001
415;448_400-800m,414;449_400-800m,0,0,2,0.001,15,0.002,7,0.002,6,0.002,1,0.001
415;448_400-800m,407;456_0-400m,0,0,1,0,2,0,2,0,1,0,1,0.001
415;448_400-800m,407;456_400-800m,0,0,2,0.001,9,0.001,5,0.001,8,0.002,4,0.005
415;448_400-800m,413;450_0-400m,0,0,4,0.001,16,0.002,6,0.001,4,0.001,3,0.004
415;448_400-800m,413;450_400-800m,0,0,3,0.001,23,0.003,11,0.002,14,0.004,8,0.01
415;448_400-800m,419;444;420_0-400m,2,0.006,3,0.001,30,0.004,20,0.004,15,0.004,5,0.006
415;448_400-800m,419;444;420_400-800m,0,0,3,0.001,12,0.002,5,0.001,5,0.001,0,0
415;448_400-800m,417;445_0-400m,0,0,2,0.001,5,0.001,6,0.001,7,0.002,2,0.002
415;448_400-800m,417;445_400-800m,1,0.003,3,0.001,22,0.003,10,0.002,6,0.002,3,0.004
415;448_400-800m,405;457_0-400m,0,0,0,0,8,0.001,8,0.002,6,0.002,0,0
415;448_400-800m,405;457_400-800m,0,0,2,0.001,0,0,1,0,1,0,0,0
415;448_400-800m,404;459_0-400m,1,0.003,3,0.001,11,0.001,5,0.001,14,0.004,4,0.005
415;448_400-800m,404;459_400-800m,0,0,2,0.001,15,0.002,7,0.002,10,0.003,1,0.001
415;448_400-800m,421;442_0-400m,1,0.003,10,0.004,36,0.005,18,0.004,14,0.004,6,0.007
415;448_400-800m,421;442_400-800m,0,0,1,0,16,0.002,7,0.002,6,0.002,1,0.001
415;448_400-800m,196;24;1508_0-400m,1,0.003,8,0.003,15,0.002,8,0.002,10,0.003,2,0.002
415;448_400-800m,196;24;1508_400-800m,1,0.003,2,0.001,7,0.001,7,0.002,2,0.001,1,0.001
415;448_400-800m,409;453_0-400m,1,0.003,4,0.001,11,0.001,5,0.001,6,0.002,1,0.001
415;448_400-800m,409;453_400-800m,0,0,1,0,14,0.002,3,0.001,3,0.001,1,0.001
415;448_400-800m,1503_0-400m,2,0.006,4,0.001,27,0.003,12,0.003,17,0.004,0,0
415;448_400-800m,1503_400-800m,2,0.006,2,0.001,3,0,5,0.001,1,0,2,0.002
415;448_400-800m,1125;1163;1162_0-400m,0,0,2,0.001,0,0,0,0,0,0,0,0
415;448_400-800m,1125;1163;1162_400-800m,0,0,0,0,0,0,0,0,0,0,0,0
415;448_400-800m,1134;1153_0-400m,0,0,0,0,0,0,0,0,0,0,0,0
415;448_400-800m,1134;1153_400-800m,0,0,0,0,3,0,0,0,0,0,0,0
415;448_400-800m,21;28;1612_0-400m,0,0,1,0,6,0.001,6,0.001,5,0.001,1,0.001
415;448_400-800m,21;28;1612_400-800m,3,0.009,3,0.001,6,0.001,3,0.001,5,0.001,2,0.002
415;448_400-800m,1131;1158_0-400m,0,0,0,0,1,0,0,0,0,0,0,0
415;448_400-800m,1131;1158_400-800m,0,0,0,0,1,0,1,0,1,0,0,0
415;448_400-800m,1135;1152_0-400m,0,0,1,0,4,0.001,2,0,0,0,0,0
415;448_400-800m,1135;1152_400-800m,0,0,0,0,0,0,1,0,0,0,0,0
415;448_400-800m,584;604_0-400m,0,0,1,0,4,0.001,3,0.001,2,0.001,1,0.001
415;448_400-800m,584;604_400-800m,0,0,2,0.001,3,0,0,0,2,0.001,2,0.002
415;448_400-800m,1139;1149_0-400m,1,0.003,1,0,2,0,1,0,0,0,0,0
415;448_400-800m,1139;1149_400-800m,0,0,0,0,0,0,1,0,0,0,0,0
415;448_400-800m,1138;1150;1137_0-400m,0,0,1,0,2,0,0,0,1,0,2,0.002
415;448_400-800m,1138;1150;1137_400-800m,0,0,0,0,0,0,0,0,0,0,0,0
415;448_400-800m,1124;1164_0-400m,0,0,0,0,0,0,3,0.001,1,0,0,0
415;448_400-800m,1124;1164_400-800m,0,0,1,0,9,0.001,4,0.001,1,0,0,0
415;448_400-800m,343;349_0-400m,0,0,0,0,3,0,2,0,5,0.001,2,0.002
415;448_400-800m,343;349_400-800m,0,0,1,0,0,0,0,0,0,0,0,0
415;448_400-800m,1136;1151_0-400m,0,0,0,0,2,0,1,0,0,0,0,0
415;448_400-800m,1136;1151_400-800m,0,0,0,0,2,0,0,0,0,0,0,0
415;448_400-800m,342;350_0-400m,0,0,0,0,2,0,4,0.001,2,0.001,2,0.002
415;448_400-800m,342;350_400-800m,0,0,0,0,1,0,2,0,0,0,0,0
415;448_400-800m,1141;1147_0-400m,0,0,0,0,2,0,2,0,2,0.001,1,0.001
415;448_400-800m,1141;1147_400-800m,0,0,0,0,1,0,0,0,0,0,0,0
415;448_400-800m,1132;1155;1156_0-400m,0,0,0,0,0,0,0,0,1,0,0,0
415;448_400-800m,1132;1155;1156_400-800m,1,0.003,0,0,1,0,0,0,0,0,0,0
415;448_400-800m,1133;1154_0-400m,0,0,0,0,2,0,0,0,0,0,1,0.001
415;448_400-800m,1133;1154_400-800m,0,0,0,0,2,0,0,0,1,0,1,0.001
415;448_400-800m,1130;1159;1160_0-400m,0,0,1,0,1,0,0,0,2,0.001,0,0
415;448_400-800m,1130;1159;1160_400-800m,0,0,0,0,0,0,0,0,0,0,0,0
415;448_400-800m,345;347_0-400m,0,0,3,0.001,3,0,0,0,3,0.001,1,0.001
415;448_400-800m,345;347_400-800m,1,0.003,2,0.001,14,0.002,8,0.002,7,0.002,2,0.002
415;448_400-800m,344;348_0-400m,0,0,1,0,3,0,0,0,0,0,0,0
415;448_400-800m,344;348_400-800m,0,0,1,0,5,0.001,6,0.001,1,0,2,0.002
415;448_400-800m,1140;1148_0-400m,0,0,0,0,1,0,0,0,1,0,2,0.002
415;448_400-800m,1140;1148_400-800m,0,0,1,0,2,0,0,0,0,0,1,0.001
415;448_400-800m,1127;1161_0-400m,0,0,1,0,2,0,1,0,0,0,0,0
415;448_400-800m,1127;1161_400-800m,0,0,0,0,0,0,0,0,0,0,0,0
415;448_400-800m,1855_0-400m,0,0,0,0,0,0,0,0,0,0,0,0
415;448_400-800m,1855_400-800m,0,0,0,0,0,0,0,0,0,0,0,0
415;448_400-800m,187;204_0-400m,0,0,0,0,2,0,1,0,0,0,0,0
415;448_400-800m,187;204_400-800m,0,0,2,0.001,2,0,0,0,0,0,0,0
415;448_400-800m,661;674_0-400m,0,0,0,0,0,0,0,0,2,0.001,0,0
415;448_400-800m,661;674_400-800m,0,0,0,0,0,0,1,0,0,0,0,0
415;448_400-800m,184;207_0-400m,1,0.003,0,0,3,0,1,0,0,0,0,0
415;448_400-800m,184;207_400-800m,0,0,1,0,1,0,0,0,0,0,0,0
415;448_400-800m,657;678_0-400m,0,0,0,0,0,0,0,0,1,0,1,0.001
415;448_400-800m,657;678_400-800m,0,0,0,0,0,0,0,0,0,0,0,0
415;448_400-800m,656;679_0-400m,0,0,2,0.001,3,0,1,0,0,0,0,0
415;448_400-800m,656;679_400-800m,0,0,0,0,1,0,1,0,0,0,0,0
415;448_400-800m,1383;1461;1384_0-400m,0,0,1,0,8,0.001,4,0.001,4,0.001,1,0.001
415;448_400-800m,1383;1461;1384_400-800m,0,0,1,0,7,0.001,1,0,0,0,0,0
415;448_400-800m,665;670_0-400m,0,0,2,0.001,8,0.001,0,0,1,0,1,0.001
415;448_400-800m,665;670_400-800m,0,0,1,0,1,0,0,0,0,0,1,0.001
415;448_400-800m,659;676;675_0-400m,0,0,0,0,2,0,3,0.001,1,0,0,0
415;448_400-800m,659;676;675_400-800m,1,0.003,0,0,1,0,1,0,0,0,0,0
415;448_400-800m,664;671_0-400m,0,0,2,0.001,4,0.001,0,0,1,0,0,0
415;448_400-800m,664;671_400-800m,0,0,0,0,3,0,1,0,0,0,1,0.001
415;448_400-800m,185;206_0-400m,0,0,0,0,3,0,1,0,0,0,0,0
415;448_400-800m,185;206_400-800m,0,0,1,0,2,0,2,0,0,0,0,0
415;448_400-800m,662;673_0-400m,0,0,1,0,5,0.001,3,0.001,3,0.001,0,0
415;448_400-800m,662;673_400-800m,0,0,2,0.001,4,0.001,3,0.001,1,0,0,0
415;448_400-800m,1385;1459_0-400m,0,0,4,0.001,6,0.001,4,0.001,2,0.001,1,0.001
415;448_400-800m,1385;1459_400-800m,0,0,0,0,0,0,1,0,2,0.001,0,0
415;448_400-800m,658;677_0-400m,0,0,2,0.001,0,0,1,0,0,0,0,0
415;448_400-800m,658;677_400-800m,0,0,0,0,0,0,0,0,0,0,0,0
415;448_400-800m,663;672_0-400m,0,0,1,0,1,0,4,0.001,1,0,0,0
415;448_400-800m,663;672_400-800m,0,0,0,0,0,0,0,0,0,0,1,0.001
415;448_400-800m,183;209_0-400m,0,0,0,0,3,0,1,0,1,0,0,0
415;448_400-800m,183;209_400-800m,0,0,1,0,0,0,0,0,0,0,0,0
415;448_400-800m,186;205_0-400m,0,0,2,0.001,3,0,1,0,0,0,0,0
415;448_400-800m,186;205_400-800m,0,0,0,0,0,0,0,0,0,0,0,0
415;448_400-800m,188;203_0-400m,0,0,2,0.001,1,0,0,0,1,0,0,0
415;448_400-800m,188;203_400-800m,0,0,0,0,1,0,1,0,3,0.001,0,0
415;448_400-800m,388;823_0-400m,1,0.003,2,0.001,8,0.001,3,0.001,8,0.002,0,0
415;448_400-800m,388;823_400-800m,0,0,4,0.001,1,0,3,0.001,0,0,0,0
415;448_400-800m,1386;95_0-400m,0,0,4,0.001,3,0,3,0.001,1,0,0,0
415;448_400-800m,1386;95_400-800m,0,0,0,0,2,0,1,0,0,0,1,0.001
415;448_400-800m,Orange_0-400m,3,0.009,9,0.003,35,0.004,28,0.006,35,0.009,1,0.001
415;448_400-800m,Blue_0-400m,0,0,4,0.001,3,0,3,0.001,3,0.001,0,0
415;448_400-800m,Green_0-400m,0,0,5,0.002,6,0.001,7,0.002,3,0.001,1,0.001
415;448_400-800m,Orange_400-800m,0,0,3,0.001,10,0.001,13,0.003,3,0.001,0,0
415;448_400-800m,Blue_400-800m,2,0.006,7,0.003,7,0.001,4,0.001,5,0.001,0,0
415;448_400-800m,Green_400-800m,0,0,7,0.003,8,0.001,5,0.001,1,0,0,0
415;448_400-800m,External,81,0.247,353,0.13,644,0.082,364,0.08,300,0.077,55,0.068
408;455_0-400m,415;448_0-400m,0,0,3,0.001,34,0.004,14,0.003,18,0.005,4,0.005
408;455_0-400m,415;448_400-800m,0,0,1,0,6,0.001,5,0.001,7,0.002,3,0.004
408;455_0-400m,408;455_0-400m,2,0.006,16,0.006,78,0.01,46,0.01,55,0.014,17,0.021
408;455_0-400m,408;455_400-800m,0,0,1,0,6,0.001,5,0.001,5,0.001,3,0.004
408;455_0-400m,412;451_0-400m,3,0.009,2,0.001,22,0.003,17,0.004,24,0.006,6,0.007
408;455_0-400m,412;451_400-800m,0,0,2,0.001,16,0.002,14,0.003,18,0.005,6,0.007
408;455_0-400m,416;447_0-400m,0,0,4,0.001,18,0.002,13,0.003,12,0.003,6,0.007
408;455_0-400m,416;447_400-800m,0,0,4,0.001,11,0.001,6,0.001,8,0.002,8,0.01
408;455_0-400m,410;452_0-400m,0,0,6,0.002,22,0.003,10,0.002,25,0.006,4,0.005
408;455_0-400m,410;452_400-800m,0,0,1,0,19,0.002,11,0.002,17,0.004,5,0.006
408;455_0-400m,414;449_0-400m,0,0,6,0.002,25,0.003,12,0.003,16,0.004,4,0.005
408;455_0-400m,414;449_400-800m,0,0,2,0.001,10,0.001,2,0,9,0.002,1,0.001
408;455_0-400m,407;456_0-400m,1,0.003,10,0.004,24,0.003,10,0.002,8,0.002,7,0.009
408;455_0-400m,407;456_400-800m,0,0,5,0.002,21,0.003,16,0.004,13,0.003,1,0.001
408;455_0-400m,413;450_0-400m,1,0.003,5,0.002,17,0.002,8,0.002,16,0.004,7,0.009
408;455_0-400m,413;450_400-800m,1,0.003,4,0.001,20,0.003,11,0.002,15,0.004,2,0.002
408;455_0-400m,419;444;420_0-400m,3,0.009,6,0.002,40,0.005,14,0.003,16,0.004,2,0.002
408;455_0-400m,419;444;420_400-800m,0,0,7,0.003,10,0.001,5,0.001,2,0.001,1,0.001
408;455_0-400m,417;445_0-400m,2,0.006,2,0.001,14,0.002,14,0.003,16,0.004,5,0.006
408;455_0-400m,417;445_400-800m,1,0.003,2,0.001,3,0,5,0.001,9,0.002,5,0.006
408;455_0-400m,405;457_0-400m,0,0,6,0.002,50,0.006,36,0.008,20,0.005,4,0.005
408;455_0-400m,405;457_400-800m,0,0,2,0.001,2,0,3,0.001,2,0.001,0,0
408;455_0-400m,404;459_0-400m,3,0.009,16,0.006,51,0.006,29,0.006,30,0.008,7,0.009
408;455_0-400m,404;459_400-800m,1,0.003,24,0.009,52,0.007,28,0.006,31,0.008,9,0.011
408;455_0-400m,421;442_0-400m,0,0,9,0.003,29,0.004,12,0.003,16,0.004,2,0.002
408;455_0-400m,421;442_400-800m,2,0.006,0,0,9,0.001,2,0,5,0.001,1,0.001
408;455_0-400m,196;24;1508_0-400m,2,0.006,5,0.002,11,0.001,11,0.002,7,0.002,2,0.002
408;455_0-400m,196;24;1508_400-800m,0,0,0,0,3,0,1,0,10,0.003,2,0.002
408;455_0-400m,409;453_0-400m,4,0.012,17,0.006,50,0.006,31,0.007,41,0.01,11,0.014
408;455_0-400m,409;453_400-800m,0,0,10,0.004,27,0.003,16,0.004,15,0.004,3,0.004
408;455_0-400m,1503_0-400m,3,0.009,29,0.011,16,0.002,8,0.002,9,0.002,2,0.002
408;455_0-400m,1503_400-800m,0,0,1,0,2,0,1,0,1,0,2,0.002
408;455_0-400m,1125;1163;1162_0-400m,0,0,1,0,1,0,1,0,1,0,0,0
408;455_0-400m,1125;1163;1162_400-800m,0,0,0,0,0,0,0,0,0,0,0,0
408;455_0-400m,1134;1153_0-400m,0,0,0,0,0,0,0,0,0,0,0,0
408;455_0-400m,1134;1153_400-800m,0,0,0,0,1,0,1,0,0,0,0,0
408;455_0-400m,21;28;1612_0-400m,0,0,2,0.001,3,0,2,0,3,0.001,0,0
408;455_0-400m,21;28;1612_400-800m,1,0.003,0,0,8,0.001,2,0,6,0.002,1,0.001
408;455_0-400m,1131;1158_0-400m,0,0,2,0.001,1,0,2,0,0,0,0,0
408;455_0-400m,1131;1158_400-800m,0,0,0,0,1,0,0,0,0,0,0,0
408;455_0-400m,1135;1152_0-400m,0,0,0,0,2,0,3,0.001,0,0,0,0
408;455_0-400m,1135;1152_400-800m,0,0,0,0,0,0,0,0,0,0,0,0
408;455_0-400m,584;604_0-400m,0,0,1,0,1,0,1,0,3,0.001,0,0
408;455_0-400m,584;604_400-800m,0,0,1,0,5,0.001,1,0,0,0,0,0
408;455_0-400m,1139;1149_0-400m,0,0,0,0,2,0,3,0.001,2,0.001,0,0
408;455_0-400m,1139;1149_400-800m,0,0,0,0,0,0,1,0,1,0,0,0
408;455_0-400m,1138;1150;1137_0-400m,0,0,0,0,1,0,1,0,3,0.001,0,0
408;455_0-400m,1138;1150;1137_400-800m,0,0,0,0,0,0,0,0,1,0,0,0
408;455_0-400m,1124;1164_0-400m,0,0,1,0,3,0,1,0,0,0,0,0
408;455_0-400m,1124;1164_400-800m,0,0,1,0,12,0.002,2,0,1,0,0,0
408;455_0-400m,343;349_0-400m,0,0,0,0,2,0,3,0.001,1,0,2,0.002
408;455_0-400m,343;349_400-800m,0,0,0,0,0,0,0,0,0,0,2,0.002
408;455_0-400m,1136;1151_0-400m,0,0,0,0,1,0,2,0,1,0,2,0.002
408;455_0-400m,1136;1151_400-800m,0,0,0,0,2,0,0,0,0,0,0,0
408;455_0-400m,342;350_0-400m,0,0,0,0,3,0,2,0,0,0,0,0
408;455_0-400m,342;350_400-800m,0,0,0,0,0,0,0,0,0,0,0,0
408;455_0-400m,1141;1147_0-400m,0,0,0,0,0,0,0,0,1,0,1,0.001
408;455_0-400m,1141;1147_400-800m,0,0,0,0,1,0,0,0,0,0,0,0
408;455_0-400m,1132;1155;1156_0-400m,0,0,2,0.001,2,0,0,0,2,0.001,0,0
408;455_0-400m,1132;1155;1156_400-800m,0,0,0,0,1,0,0,0,1,0,0,0
408;455_0-400m,1133;1154_0-400m,0,0,0,0,0,0,0,0,1,0,0,0
408;455_0-400m,1133;1154_400-800m,0,0,0,0,1,0,0,0,0,0,0,0
408;455_0-400m,1130;1159;1160_0-400m,0,0,2,0.001,1,0,2,0,4,0.001,0,0
408;455_0-400m,1130;1159;1160_400-800m,0,0,0,0,0,0,0,0,0,0,0,0
408;455_0-400m,345;347_0-400m,0,0,1,0,3,0,0,0,4,0.001,0,0
408;455_0-400m,345;347_400-800m,1,0.003,3,0.001,6,0.001,5,0.001,11,0.003,2,0.002
408;455_0-400m,344;348_0-400m,0,0,1,0,4,0.001,0,0,2,0.001,1,0.001
408;455_0-400m,344;348_400-800m,3,0.009,1,0,3,0,3,0.001,6,0.002,0,0
408;455_0-400m,1140;1148_0-400m,0,0,1,0,2,0,0,0,2,0.001,0,0
408;455_0-400m,1140;1148_400-800m,0,0,1,0,0,0,1,0,1,0,0,0
408;455_0-400m,1127;1161_0-400m,3,0.009,3,0.001,1,0,1,0,0,0,0,0
408;455_0-400m,1127;1161_400-800m,0,0,0,0,1,0,0,0,0,0,0,0
408;455_0-400m,1855_0-400m,0,0,0,0,0,0,0,0,0,0,0,0
408;455_0-400m,1855_400-800m,0,0,0,0,0,0,0,0,0,0,0,0
408;455_0-400m,187;204_0-400m,0,0,0,0,4,0.001,0,0,1,0,0,0
408;455_0-400m,187;204_400-800m,0,0,0,0,0,0,1,0,1,0,0,0
408;455_0-400m,661;674_0-400m,0,0,0,0,3,0,1,0,0,0,0,0
408;455_0-400m,661;674_400-800m,0,0,0,0,0,0,2,0,0,0,0,0
408;455_0-400m,184;207_0-400m,0,0,0,0,1,0,0,0,0,0,0,0
408;455_0-400m,184;207_400-800m,0,0,0,0,0,0,1,0,1,0,0,0
408;455_0-400m,657;678_0-400m,0,0,2,0.001,2,0,2,0,1,0,0,0
408;455_0-400m,657;678_400-800m,0,0,0,0,0,0,0,0,1,0,0,0
408;455_0-400m,656;679_0-400m,0,0,0,0,2,0,0,0,0,0,0,0
408;455_0-400m,656;679_400-800m,0,0,0,0,0,0,0,0,0,0,0,0
408;455_0-400m,1383;1461;1384_0-400m,0,0,4,0.001,5,0.001,2,0,1,0,3,0.004
408;455_0-400m,1383;1461;1384_400-800m,0,0,1,0,2,0,3,0.001,1,0,2,0.002
408;455_0-400m,665;670_0-400m,0,0,1,0,3,0,2,0,0,0,1,0.001
408;455_0-400m,665;670_400-800m,0,0,8,0.003,1,0,0,0,1,0,2,0.002
408;455_0-400m,659;676;675_0-400m,0,0,0,0,3,0,0,0,1,0,0,0
408;455_0-400m,659;676;675_400-800m,0,0,0,0,3,0,0,0,1,0,0,0
408;455_0-400m,664;671_0-400m,0,0,0,0,2,0,2,0,5,0.001,0,0
408;455_0-400m,664;671_400-800m,0,0,4,0.001,2,0,2,0,2,0.001,1,0.001
408;455_0-400m,185;206_0-400m,0,0,2,0.001,2,0,1,0,3,0.001,0,0
408;455_0-400m,185;206_400-800m,0,0,0,0,1,0,0,0,0,0,0,0
408;455_0-400m,662;673_0-400m,0,0,0,0,6,0.001,2,0,3,0.001,3,0.004
408;455_0-400m,662;673_400-800m,0,0,5,0.002,0,0,0,0,1,0,0,0
408;455_0-400m,1385;1459_0-400m,0,0,7,0.003,6,0.001,1,0,4,0.001,1,0.001
408;455_0-400m,1385;1459_400-800m,0,0,1,0,2,0,1,0,2,0.001,1,0.001
408;455_0-400m,658;677_0-400m,0,0,1,0,1,0,1,0,0,0,0,0
408;455_0-400m,658;677_400-800m,0,0,0,0,0,0,0,0,0,0,0,0
408;455_0-400m,663;672_0-400m,0,0,3,0.001,4,0.001,2,0,1,0,0,0
408;455_0-400m,663;672_400-800m,0,0,0,0,0,0,1,0,0,0,0,0
408;455_0-400m,183;209_0-400m,0,0,4,0.001,8,0.001,1,0,1,0,0,0
408;455_0-400m,183;209_400-800m,0,0,2,0.001,0,0,0,0,1,0,0,0
408;455_0-400m,186;205_0-400m,0,0,2,0.001,2,0,0,0,2,0.001,2,0.002
408;455_0-400m,186;205_400-800m,0,0,0,0,0,0,0,0,0,0,0,0
408;455_0-400m,188;203_0-400m,0,0,0,0,4,0.001,2,0,0,0,1,0.001
408;455_0-400m,188;203_400-800m,0,0,1,0,4,0.001,2,0,3,0.001,0,0
408;455_0-400m,388;823_0-400m,0,0,22,0.008,12,0.002,5,0.001,4,0.001,0,0
408;455_0-400m,388;823_400-800m,0,0,1,0,1,0,0,0,4,0.001,0,0
408;455_0-400m,1386;95_0-400m,0,0,6,0.002,6,0.001,3,0.001,2,0.001,0,0
408;455_0-400m,1386;95_400-800m,1,0.003,0,0,2,0,0,0,2,0.001,0,0
408;455_0-400m,Orange_0-400m,10,0.03,54,0.02,120,0.015,47,0.01,50,0.013,10,0.012
408;455_0-400m,Blue_0-400m,0,0,2,0.001,12,0.002,3,0.001,1,0,0,0
408;455_0-400m,Green_0-400m,1,0.003,10,0.004,5,0.001,3,0.001,5,0.001,1,0.001
408;455_0-400m,Orange_400-800m,1,0.003,9,0.003,22,0.003,14,0.003,9,0.002,1,0.001
408;455_0-400m,Blue_400-800m,1,0.003,1,0,7,0.001,3,0.001,4,0.001,0,0
408;455_0-400m,Green_400-800m,0,0,2,0.001,0,0,0,0,3,0.001,0,0
408;455_0-400m,External,127,0.387,433,0.159,883,0.112,449,0.099,523,0.134,118,0.147
408;455_400-800m,415;448_0-400m,0,0,2,0.001,7,0.001,4,0.001,3,0.001,3,0.004
408;455_400-800m,415;448_400-800m,0,0,2,0.001,4,0.001,1,0,3,0.001,1,0.001
408;455_400-800m,408;455_0-400m,0,0,3,0.001,15,0.002,3,0.001,6,0.002,4,0.005
408;455_400-800m,408;455_400-800m,1,0.003,5,0.002,18,0.002,2,0,13,0.003,1,0.001
408;455_400-800m,412;451_0-400m,0,0,1,0,4,0.001,2,0,6,0.002,1,0.001
408;455_400-800m,412;451_400-800m,0,0,4,0.001,15,0.002,8,0.002,7,0.002,3,0.004
408;455_400-800m,416;447_0-400m,0,0,2,0.001,6,0.001,3,0.001,2,0.001,0,0
408;455_400-800m,416;447_400-800m,0,0,0,0,3,0,4,0.001,7,0.002,2,0.002
408;455_400-800m,410;452_0-400m,0,0,1,0,13,0.002,5,0.001,5,0.001,1,0.001
408;455_400-800m,410;452_400-800m,0,0,1,0,12,0.002,9,0.002,19,0.005,3,0.004
408;455_400-800m,414;449_0-400m,0,0,3,0.001,7,0.001,2,0,3,0.001,0,0
408;455_400-800m,414;449_400-800m,0,0,1,0,6,0.001,6,0.001,0,0,3,0.004
408;455_400-800m,407;456_0-400m,1,0.003,5,0.002,8,0.001,2,0,8,0.002,0,0
408;455_400-800m,407;456_400-800m,1,0.003,6,0.002,34,0.004,11,0.002,15,0.004,1,0.001
408;455_400-800m,413;450_0-400m,0,0,0,0,6,0.001,2,0,9,0.002,0,0
408;455_400-800m,413;450_400-800m,1,0.003,5,0.002,9,0.001,10,0.002,11,0.003,1,0.001
408;455_400-800m,419;444;420_0-400m,0,0,4,0.001,10,0.001,4,0.001,4,0.001,0,0
408;455_400-800m,419;444;420_400-800m,0,0,0,0,2,0,5,0.001,4,0.001,1,0.001
408;455_400-800m,417;445_0-400m,0,0,1,0,4,0.001,4,0.001,1,0,0,0
408;455_400-800m,417;445_400-800m,0,0,5,0.002,7,0.001,5,0.001,3,0.001,1,0.001
408;455_400-800m,405;457_0-400m,0,0,10,0.004,51,0.006,28,0.006,15,0.004,4,0.005
408;455_400-800m,405;457_400-800m,0,0,0,0,0,0,2,0,0,0,0,0
408;455_400-800m,404;459_0-400m,2,0.006,20,0.007,54,0.007,22,0.005,36,0.009,6,0.007
408;455_400-800m,404;459_400-800m,2,0.006,9,0.003,55,0.007,31,0.007,26,0.007,5,0.006
408;455_400-800m,421;442_0-400m,1,0.003,7,0.003,15,0.002,12,0.003,4,0.001,2,0.002
408;455_400-800m,421;442_400-800m,0,0,0,0,4,0.001,1,0,1,0,2,0.002
408;455_400-800m,196;24;1508_0-400m,0,0,4,0.001,5,0.001,9,0.002,6,0.002,3,0.004
408;455_400-800m,196;24;1508_400-800m,0,0,1,0,4,0.001,0,0,2,0.001,0,0
408;455_400-800m,409;453_0-400m,0,0,4,0.001,19,0.002,5,0.001,9,0.002,3,0.004
408;455_400-800m,409;453_400-800m,1,0.003,9,0.003,29,0.004,15,0.003,14,0.004,4,0.005
408;455_400-800m,1503_0-400m,1,0.003,8,0.003,12,0.002,4,0.001,2,0.001,3,0.004
408;455_400-800m,1503_400-800m,1,0.003,1,0,1,0,1,0,2,0.001,0,0
408;455_400-800m,1125;1163;1162_0-400m,0,0,0,0,0,0,0,0,0,0,0,0
408;455_400-800m,1125;1163;1162_400-800m,0,0,0,0,0,0,0,0,0,0,0,0
408;455_400-800m,1134;1153_0-400m,0,0,0,0,0,0,0,0,0,0,0,0
408;455_400-800m,1134;1153_400-800m,0,0,2,0.001,0,0,1,0,0,0,1,0.001
408;455_400-800m,21;28;1612_0-400m,1,0.003,3,0.001,6,0.001,2,0,3,0.001,1,0.001
408;455_400-800m,21;28;1612_400-800m,0,0,0,0,4,0.001,2,0,0,0,0,0
408;455_400-800m,1131;1158_0-400m,0,0,0,0,2,0,0,0,0,0,0,0
408;455_400-800m,1131;1158_400-800m,0,0,0,0,1,0,0,0,0,0,0,0
408;455_400-800m,1135;1152_0-400m,0,0,0,0,2,0,1,0,0,0,0,0
408;455_400-800m,1135;1152_400-800m,0,0,0,0,0,0,0,0,0,0,0,0
408;455_400-800m,584;604_0-400m,0,0,0,0,1,0,0,0,2,0.001,1,0.001
408;455_400-800m,584;604_400-800m,0,0,1,0,8,0.001,4,0.001,0,0,0,0
408;455_400-800m,1139;1149_0-400m,0,0,0,0,0,0,1,0,0,0,0,0
408;455_400-800m,1139;1149_400-800m,0,0,0,0,0,0,0,0,1,0,0,0
408;455_400-800m,1138;1150;1137_0-400m,0,0,1,0,1,0,0,0,1,0,0,0
408;455_400-800m,1138;1150;1137_400-800m,0,0,0,0,0,0,0,0,0,0,0,0
408;455_400-800m,1124;1164_0-400m,0,0,2,0.001,3,0,1,0,2,0.001,0,0
408;455_400-800m,1124;1164_400-800m,0,0,1,0,15,0.002,2,0,3,0.001,0,0
408;455_400-800m,343;349_0-400m,0,0,0,0,0,0,0,0,0,0,1,0.001
408;455_400-800m,343;349_400-800m,0,0,0,0,0,0,0,0,0,0,0,0
408;455_400-800m,1136;1151_0-400m,0,0,0,0,0,0,0,0,0,0,0,0
408;455_400-800m,1136;1151_400-800m,0,0,1,0,0,0,0,0,0,0,0,0
408;455_400-800m,342;350_0-400m,1,0.003,0,0,1,0,0,0,1,0,0,0
408;455_400-800m,342;350_400-800m,0,0,0,0,0,0,0,0,0,0,0,0
408;455_400-800m,1141;1147_0-400m,0,0,0,0,0,0,0,0,1,0,0,0
408;455_400-800m,1141;1147_400-800m,0,0,0,0,0,0,0,0,0,0,0,0
408;455_400-800m,1132;1155;1156_0-400m,0,0,0,0,1,0,1,0,1,0,0,0
408;455_400-800m,1132;1155;1156_400-800m,0,0,0,0,0,0,0,0,0,0,0,0
408;455_400-800m,1133;1154_0-400m,0,0,0,0,0,0,1,0,1,0,1,0.001
408;455_400-800m,1133;1154_400-800m,0,0,0,0,0,0,0,0,0,0,0,0
408;455_400-800m,1130;1159;1160_0-400m,0,0,6,0.002,0,0,1,0,0,0,0,0
408;455_400-800m,1130;1159;1160_400-800m,0,0,0,0,0,0,0,0,0,0,0,0
408;455_400-800m,345;347_0-400m,0,0,1,0,1,0,0,0,2,0.001,1,0.001
408;455_400-800m,345;347_400-800m,0,0,3,0.001,7,0.001,2,0,6,0.002,3,0.004
408;455_400-800m,344;348_0-400m,0,0,0,0,1,0,1,0,4,0.001,0,0
408;455_400-800m,344;348_400-800m,0,0,2,0.001,6,0.001,2,0,3,0.001,1,0.001
408;455_400-800m,1140;1148_0-400m,0,0,1,0,3,0,0,0,1,0,1,0.001
408;455_400-800m,1140;1148_400-800m,0,0,0,0,1,0,0,0,1,0,0,0
408;455_400-800m,1127;1161_0-400m,0,0,0,0,0,0,0,0,0,0,0,0
408;455_400-800m,1127;1161_400-800m,0,0,0,0,0,0,0,0,0,0,0,0
408;455_400-800m,1855_0-400m,0,0,0,0,0,0,0,0,0,0,0,0
408;455_400-800m,1855_400-800m,0,0,0,0,0,0,0,0,0,0,0,0
408;455_400-800m,187;204_0-400m,0,0,0,0,1,0,0,0,1,0,0,0
408;455_400-800m,187;204_400-800m,0,0,0,0,2,0,0,0,0,0,0,0
408;455_400-800m,661;674_0-400m,0,0,0,0,2,0,0,0,0,0,0,0
408;455_400-800m,661;674_400-800m,0,0,0,0,1,0,0,0,0,0,0,0
408;455_400-800m,184;207_0-400m,0,0,0,0,0,0,0,0,0,0,0,0
408;455_400-800m,184;207_400-800m,0,0,0,0,0,0,1,0,1,0,0,0
408;455_400-800m,657;678_0-400m,0,0,0,0,2,0,1,0,1,0,0,0
408;455_400-800m,657;678_400-800m,0,0,0,0,0,0,0,0,0,0,0,0
408;455_400-800m,656;679_0-400m,0,0,0,0,1,0,1,0,1,0,0,0
408;455_400-800m,656;679_400-800m,0,0,0,0,0,0,0,0,0,0,0,0
408;455_400-800m,1383;1461;1384_0-400m,0,0,0,0,4,0.001,1,0,1,0,1,0.001
408;455_400-800m,1383;1461;1384_400-800m,0,0,0,0,4,0.001,0,0,1,0,1,0.001
408;455_400-800m,665;670_0-400m,0,0,0,0,3,0,1,0,0,0,0,0
408;455_400-800m,665;670_400-800m,1,0.003,1,0,2,0,0,0,1,0,1,0.001
408;455_400-800m,659;676;675_0-400m,0,0,0,0,2,0,0,0,1,0,1,0.001
408;455_400-800m,659;676;675_400-800m,0,0,2,0.001,2,0,0,0,0,0,0,0
408;455_400-800m,664;671_0-400m,0,0,1,0,3,0,2,0,0,0,0,0
408;455_400-800m,664;671_400-800m,0,0,0,0,2,0,2,0,1,0,0,0
408;455_400-800m,185;206_0-400m,0,0,0,0,2,0,0,0,2,0.001,0,0
408;455_400-800m,185;206_400-800m,0,0,0,0,0,0,0,0,0,0,0,0
408;455_400-800m,662;673_0-400m,0,0,2,0.001,0,0,0,0,0,0,0,0
408;455_400-800m,662;673_400-800m,0,0,2,0.001,1,0,2,0,2,0.001,0,0
408;455_400-800m,1385;1459_0-400m,0,0,2,0.001,2,0,2,0,0,0,0,0
408;455_400-800m,1385;1459_400-800m,0,0,0,0,1,0,2,0,0,0,0,0
408;455_400-800m,658;677_0-400m,0,0,0,0,2,0,2,0,1,0,1,0.001
408;455_400-800m,658;677_400-800m,0,0,0,0,0,0,0,0,0,0,0,0
408;455_400-800m,663;672_0-400m,0,0,1,0,1,0,0,0,1,0,0,0
408;455_400-800m,663;672_400-800m,0,0,0,0,0,0,1,0,0,0,0,0
408;455_400-800m,183;209_0-400m,0,0,1,0,1,0,0,0,0,0,0,0
408;455_400-800m,183;209_400-800m,0,0,1,0,1,0,0,0,1,0,0,0
408;455_400-800m,186;205_0-400m,0,0,0,0,0,0,0,0,1,0,0,0
408;455_400-800m,186;205_400-800m,0,0,0,0,1,0,0,0,0,0,0,0
408;455_400-800m,188;203_0-400m,0,0,0,0,1,0,2,0,1,0,2,0.002
408;455_400-800m,188;203_400-800m,0,0,1,0,3,0,2,0,1,0,0,0
408;455_400-800m,388;823_0-400m,1,0.003,0,0,12,0.002,6,0.001,4,0.001,0,0
408;455_400-800m,388;823_400-800m,0,0,2,0.001,2,0,0,0,1,0,1,0.001
408;455_400-800m,1386;95_0-400m,0,0,0,0,1,0,1,0,3,0.001,2,0.002
408;455_400-800m,1386;95_400-800m,0,0,0,0,1,0,1,0,0,0,0,0
408;455_400-800m,Orange_0-400m,4,0.012,34,0.013,103,0.013,62,0.014,61,0.016,14,0.017
408;455_400-800m,Blue_0-400m,1,0.003,0,0,4,0.001,5,0.001,6,0.002,0,0
408;455_400-800m,Green_0-400m,0,0,14,0.005,3,0,1,0,6,0.002,1,0.001
408;455_400-800m,Orange_400-800m,0,0,5,0.002,20,0.003,11,0.002,18,0.005,1,0.001
408;455_400-800m,Blue_400-800m,0,0,5,0.002,4,0.001,5,0.001,3,0.001,0,0
408;455_400-800m,Green_400-800m,0,0,2,0.001,3,0,1,0,0,0,2,0.002
408;455_400-800m,External,71,0.216,315,0.116,845,0.107,467,0.103,468,0.12,109,0.136
412;451_0-400m,415;448_0-400m,1,0.003,10,0.004,33,0.004,19,0.004,17,0.004,5,0.006
412;451_0-400m,415;448_400-800m,1,0.003,2,0.001,11,0.001,1,0,1,0,1,0.001
412;451_0-400m,408;455_0-400m,3,0.009,11,0.004,40,0.005,21,0.005,26,0.007,9,0.011
412;451_0-400m,408;455_400-800m,0,0,1,0,7,0.001,7,0.002,5,0.001,1,0.001
412;451_0-400m,412;451_0-400m,3,0.009,20,0.007,64,0.008,27,0.006,49,0.013,11,0.014
412;451_0-400m,412;451_400-800m,1,0.003,5,0.002,29,0.004,12,0.003,10,0.003,5,0.006
412;451_0-400m,416;447_0-400m,0,0,4,0.001,22,0.003,15,0.003,14,0.004,1,0.001
412;451_0-400m,416;447_400-800m,2,0.006,17,0.006,27,0.003,19,0.004,14,0.004,1,0.001
412;451_0-400m,410;452_0-400m,1,0.003,11,0.004,39,0.005,32,0.007,23,0.006,6,0.007
412;451_0-400m,410;452_400-800m,0,0,0,0,20,0.003,17,0.004,15,0.004,3,0.004
412;451_0-400m,414;449_0-400m,0,0,10,0.004,29,0.004,16,0.004,18,0.005,2,0.002
412;451_0-400m,414;449_400-800m,1,0.003,2,0.001,15,0.002,14,0.003,17,0.004,3,0.004
412;451_0-400m,407;456_0-400m,0,0,3,0.001,12,0.002,10,0.002,5,0.001,3,0.004
412;451_0-400m,407;456_400-800m,1,0.003,7,0.003,17,0.002,5,0.001,13,0.003,0,0
412;451_0-400m,413;450_0-400m,5,0.015,6,0.002,32,0.004,15,0.003,20,0.005,6,0.007
412;451_0-400m,413;450_400-800m,0,0,4,0.001,29,0.004,15,0.003,14,0.004,1,0.001
412;451_0-400m,419;444;420_0-400m,3,0.009,15,0.006,51,0.006,21,0.005,14,0.004,10,0.012
412;451_0-400m,419;444;420_400-800m,1,0.003,6,0.002,11,0.001,7,0.002,10,0.003,1,0.001
412;451_0-400m,417;445_0-400m,0,0,4,0.001,16,0.002,14,0.003,13,0.003,3,0.004
412;451_0-400m,417;445_400-800m,3,0.009,8,0.003,23,0.003,16,0.004,6,0.002,3,0.004
412;451_0-400m,405;457_0-400m,2,0.006,8,0.003,41,0.005,31,0.007,29,0.007,2,0.002
412;451_0-400m,405;457_400-800m,0,0,1,0,3,0,0,0,3,0.001,0,0
412;451_0-400m,404;459_0-400m,1,0.003,14,0.005,47,0.006,21,0.005,20,0.005,4,0.005
412;451_0-400m,404;459_400-800m,1,0.003,14,0.005,47,0.006,18,0.004,31,0.008,3,0.004
412;451_0-400m,421;442_0-400m,2,0.006,12,0.004,40,0.005,26,0.006,21,0.005,6,0.007
412;451_0-400m,421;442_400-800m,1,0.003,0,0,10,0.001,7,0.002,9,0.002,2,0.002
412;451_0-400m,196;24;1508_0-400m,2,0.006,5,0.002,33,0.004,16,0.004,17,0.004,8,0.01
412;451_0-400m,196;24;1508_400-800m,0,0,1,0,10,0.001,1,0,1,0,3,0.004
412;451_0-400m,409;453_0-400m,0,0,7,0.003,31,0.004,22,0.005,18,0.005,6,0.007
412;451_0-400m,409;453_400-800m,0,0,6,0.002,16,0.002,11,0.002,21,0.005,5,0.006
412;451_0-400m,1503_0-400m,2,0.006,14,0.005,43,0.005,31,0.007,24,0.006,5,0.006
412;451_0-400m,1503_400-800m,1,0.003,0,0,5,0.001,5,0.001,3,0.001,3,0.004
412;451_0-400m,1125;1163;1162_0-400m,0,0,0,0,2,0,0,0,2,0.001,0,0
412;451_0-400m,1125;1163;1162_400-800m,0,0,0,0,0,0,0,0,1,0,0,0
412;451_0-400m,1134;1153_0-400m,0,0,0,0,1,0,0,0,0,0,0,0
412;451_0-400m,1134;1153_400-800m,0,0,0,0,1,0,0,0,2,0.001,0,0
412;451_0-400m,21;28;1612_0-400m,2,0.006,10,0.004,13,0.002,10,0.002,12,0.003,1,0.001
412;451_0-400m,21;28;1612_400-800m,1,0.003,7,0.003,15,0.002,6,0.001,9,0.002,2,0.002
412;451_0-400m,1131;1158_0-400m,0,0,0,0,1,0,0,0,2,0.001,0,0
412;451_0-400m,1131;1158_400-800m,0,0,0,0,0,0,1,0,1,0,1,0.001
412;451_0-400m,1135;1152_0-400m,0,0,0,0,2,0,1,0,2,0.001,0,0
412;451_0-400m,1135;1152_400-800m,0,0,0,0,0,0,0,0,0,0,0,0
412;451_0-400m,584;604_0-400m,0,0,0,0,3,0,1,0,5,0.001,0,0
412;451_0-400m,584;604_400-800m,0,0,0,0,4,0.001,2,0,2,0.001,0,0
412;451_0-400m,1139;1149_0-400m,0,0,0,0,1,0,1,0,4,0.001,1,0.001
412;451_0-400m,1139;1149_400-800m,0,0,0,0,0,0,0,0,0,0,0,0
412;451_0-400m,1138;1150;1137_0-400m,0,0,0,0,2,0,2,0,6,0.002,1,0.001
412;451_0-400m,1138;1150;1137_400-800m,0,0,0,0,0,0,0,0,0,0,0,0
412;451_0-400m,1124;1164_0-400m,0,0,1,0,3,0,0,0,0,0,0,0
412;451_0-400m,1124;1164_400-800m,0,0,5,0.002,8,0.001,1,0,2,0.001,0,0
412;451_0-400m,343;349_0-400m,0,0,2,0.001,2,0,2,0,2,0.001,1,0.001
412;451_0-400m,343;349_400-800m,0,0,0,0,1,0,0,0,2,0.001,0,0
412;451_0-400m,1136;1151_0-400m,0,0,0,0,1,0,1,0,2,0.001,0,0
412;451_0-400m,1136;1151_400-800m,0,0,1,0,0,0,0,0,2,0.001,1,0.001
412;451_0-400m,342;350_0-400m,0,0,8,0.003,8,0.001,2,0,0,0,1,0.001
412;451_0-400m,342;350_400-800m,0,0,0,0,0,0,0,0,0,0,0,0
412;451_0-400m,1141;1147_0-400m,0,0,1,0,1,0,0,0,0,0,1,0.001
412;451_0-400m,1141;1147_400-800m,0,0,0,0,1,0,1,0,1,0,0,0
412;451_0-400m,1132;1155;1156_0-400m,0,0,0,0,2,0,1,0,0,0,0,0
412;451_0-400m,1132;1155;1156_400-800m,0,0,1,0,1,0,0,0,1,0,0,0
412;451_0-400m,1133;1154_0-400m,0,0,0,0,0,0,1,0,1,0,0,0
412;451_0-400m,1133;1154_400-800m,0,0,0,0,1,0,1,0,1,0,1,0.001
412;451_0-400m,1130;1159;1160_0-400m,0,0,4,0.001,8,0.001,2,0,2,0.001,0,0
412;451_0-400m,1130;1159;1160_400-800m,0,0,0,0,0,0,0,0,0,0,0,0
412;451_0-400m,345;347_0-400m,0,0,1,0,6,0.001,6,0.001,4,0.001,3,0.004
412;451_0-400m,345;347_400-800m,0,0,3,0.001,16,0.002,11,0.002,8,0.002,4,0.005
412;451_0-400m,344;348_0-400m,0,0,1,0,2,0,1,0,3,0.001,0,0
412;451_0-400m,344;348_400-800m,0,0,2,0.001,2,0,4,0.001,4,0.001,0,0
412;451_0-400m,1140;1148_0-400m,0,0,0,0,1,0,2,0,1,0,1,0.001
412;451_0-400m,1140;1148_400-800m,0,0,0,0,4,0.001,3,0.001,2,0.001,0,0
412;451_0-400m,1127;1161_0-400m,0,0,0,0,0,0,0,0,0,0,0,0
412;451_0-400m,1127;1161_400-800m,0,0,0,0,0,0,0,0,0,0,0,0
412;451_0-400m,1855_0-400m,0,0,0,0,0,0,0,0,0,0,0,0
412;451_0-400m,1855_400-800m,0,0,0,0,0,0,0,0,0,0,0,0
412;451_0-400m,187;204_0-400m,0,0,1,0,0,0,0,0,1,0,0,0
412;451_0-400m,187;204_400-800m,0,0,0,0,1,0,0,0,1,0,0,0
412;451_0-400m,661;674_0-400m,0,0,2,0.001,0,0,0,0,2,0.001,1,0.001
412;451_0-400m,661;674_400-800m,0,0,1,0,1,0,0,0,1,0,0,0
412;451_0-400m,184;207_0-400m,0,0,0,0,1,0,1,0,3,0.001,0,0
412;451_0-400m,184;207_400-800m,0,0,2,0.001,2,0,2,0,0,0,0,0
412;451_0-400m,657;678_0-400m,0,0,0,0,3,0,0,0,5,0.001,1,0.001
412;451_0-400m,657;678_400-800m,0,0,0,0,1,0,0,0,0,0,0,0
412;451_0-400m,656;679_0-400m,0,0,0,0,3,0,2,0,0,0,0,0
412;451_0-400m,656;679_400-800m,0,0,0,0,0,0,0,0,0,0,0,0
412;451_0-400m,1383;1461;1384_0-400m,0,0,4,0.001,3,0,4,0.001,7,0.002,2,0.002
412;451_0-400m,1383;1461;1384_400-800m,0,0,5,0.002,1,0,2,0,0,0,0,0
412;451_0-400m,665;670_0-400m,0,0,1,0,6,0.001,0,0,1,0,0,0
412;451_0-400m,665;670_400-800m,0,0,0,0,1,0,0,0,0,0,1,0.001
412;451_0-400m,659;676;675_0-400m,0,0,1,0,3,0,1,0,2,0.001,0,0
412;451_0-400m,659;676;675_400-800m,0,0,0,0,0,0,0,0,0,0,0,0
412;451_0-400m,664;671_0-400m,0,0,1,0,9,0.001,3,0.001,7,0.002,1,0.001
412;451_0-400m,664;671_400-800m,0,0,3,0.001,1,0,2,0,1,0,1,0.001
412;451_0-400m,185;206_0-400m,0,0,2,0.001,1,0,1,0,1,0,0,0
412;451_0-400m,185;206_400-800m,0,0,0,0,1,0,0,0,0,0,0,0
412;451_0-400m,662;673_0-400m,2,0.006,4,0.001,13,0.002,2,0,1,0,5,0.006
412;451_0-400m,662;673_400-800m,0,0,5,0.002,5,0.001,6,0.001,4,0.001,2,0.002
412;451_0-400m,1385;1459_0-400m,0,0,2,0.001,9,0.001,5,0.001,6,0.002,2,0.002
412;451_0-400m,1385;1459_400-800m,0,0,0,0,0,0,0,0,2,0.001,0,0
412;451_0-400m,658;677_0-400m,0,0,1,0,4,0.001,2,0,3,0.001,0,0
412;451_0-400m,658;677_400-800m,0,0,0,0,0,0,0,0,0,0,0,0
412;451_0-400m,663;672_0-400m,0,0,6,0.002,13,0.002,1,0,4,0.001,1,0.001
412;451_0-400m,663;672_400-800m,0,0,1,0,2,0,2,0,0,0,0,0
412;451_0-400m,183;209_0-400m,0,0,7,0.003,3,0,0,0,1,0,0,0
412;451_0-400m,183;209_400-800m,0,0,1,0,0,0,0,0,0,0,0,0
412;451_0-400m,186;205_0-400m,0,0,0,0,2,0,1,0,1,0,0,0
412;451_0-400m,186;205_400-800m,0,0,0,0,0,0,0,0,0,0,0,0
412;451_0-400m,188;203_0-400m,0,0,5,0.002,2,0,7,0.002,2,0.001,3,0.004
412;451_0-400m,188;203_400-800m,0,0,11,0.004,1,0,6,0.001,5,0.001,2,0.002
412;451_0-400m,388;823_0-400m,0,0,3,0.001,29,0.004,14,0.003,7,0.002,1,0.001
412;451_0-400m,388;823_400-800m,0,0,5,0.002,2,0,2,0,3,0.001,1,0.001
412;451_0-400m,1386;95_0-400m,1,0.003,4,0.001,10,0.001,2,0,7,0.002,0,0
412;451_0-400m,1386;95_400-800m,0,0,1,0,1,0,0,0,0,0,1,0.001
412;451_0-400m,Orange_0-400m,14,0.043,23,0.008,80,0.01,47,0.01,49,0.013,11,0.014
412;451_0-400m,Blue_0-400m,1,0.003,2,0.001,9,0.001,4,0.001,6,0.002,0,0
412;451_0-400m,Green_0-400m,2,0.006,11,0.004,5,0.001,0,0,2,0.001,1,0.001
412;451_0-400m,Orange_400-800m,0,0,3,0.001,16,0.002,17,0.004,19,0.005,0,0
412;451_0-400m,Blue_400-800m,0,0,4,0.001,4,0.001,7,0.002,5,0.001,1,0.001
412;451_0-400m,Green_400-800m,0,0,2,0.001,9,0.001,1,0,2,0.001,0,0
412;451_0-400m,External,66,0.201,501,0.184,1124,0.143,571,0.126,489,0.125,93,0.116
412;451_400-800m,415;448_0-400m,0,0,11,0.004,43,0.005,24,0.005,14,0.004,2,0.002
412;451_400-800m,415;448_400-800m,0,0,4,0.001,12,0.002,3,0.001,4,0.001,0,0
412;451_400-800m,408;455_0-400m,0,0,10,0.004,26,0.003,13,0.003,21,0.005,7,0.009
412;451_400-800m,408;455_400-800m,0,0,3,0.001,11,0.001,5,0.001,8,0.002,1,0.001
412;451_400-800m,412;451_0-400m,0,0,10,0.004,24,0.003,12,0.003,19,0.005,5,0.006
412;451_400-800m,412;451_400-800m,1,0.003,19,0.007,70,0.009,54,0.012,71,0.018,15,0.019
412;451_400-800m,416;447_0-400m,1,0.003,6,0.002,32,0.004,11,0.002,12,0.003,4,0.005
412;451_400-800m,416;447_400-800m,0,0,11,0.004,37,0.005,15,0.003,19,0.005,4,0.005
412;451_400-800m,410;452_0-400m,1,0.003,16,0.006,30,0.004,11,0.002,8,0.002,3,0.004
412;451_400-800m,410;452_400-800m,2,0.006,10,0.004,41,0.005,18,0.004,31,0.008,4,0.005
412;451_400-800m,414;449_0-400m,1,0.003,6,0.002,19,0.002,13,0.003,11,0.003,6,0.007
412;451_400-800m,414;449_400-800m,1,0.003,5,0.002,24,0.003,10,0.002,16,0.004,1,0.001
412;451_400-800m,407;456_0-400m,0,0,2,0.001,9,0.001,7,0.002,7,0.002,3,0.004
412;451_400-800m,407;456_400-800m,1,0.003,3,0.001,34,0.004,14,0.003,12,0.003,1,0.001
412;451_400-800m,413;450_0-400m,1,0.003,6,0.002,22,0.003,15,0.003,19,0.005,3,0.004
412;451_400-800m,413;450_400-800m,1,0.003,13,0.005,53,0.007,20,0.004,33,0.008,8,0.01
412;451_400-800m,419;444;420_0-400m,1,0.003,15,0.006,24,0.003,14,0.003,21,0.005,3,0.004
412;451_400-800m,419;444;420_400-800m,0,0,4,0.001,9,0.001,11,0.002,12,0.003,1,0.001
412;451_400-800m,417;445_0-400m,0,0,8,0.003,23,0.003,9,0.002,6,0.002,1,0.001
412;451_400-800m,417;445_400-800m,2,0.006,14,0.005,39,0.005,18,0.004,21,0.005,3,0.004
412;451_400-800m,405;457_0-400m,0,0,4,0.001,83,0.011,40,0.009,42,0.011,3,0.004
412;451_400-800m,405;457_400-800m,0,0,1,0,5,0.001,1,0,1,0,0,0
412;451_400-800m,404;459_0-400m,4,0.012,11,0.004,67,0.009,40,0.009,36,0.009,9,0.011
412;451_400-800m,404;459_400-800m,4,0.012,11,0.004,57,0.007,35,0.008,46,0.012,4,0.005
412;451_400-800m,421;442_0-400m,2,0.006,19,0.007,62,0.008,30,0.007,24,0.006,5,0.006
412;451_400-800m,421;442_400-800m,0,0,6,0.002,16,0.002,9,0.002,9,0.002,2,0.002
412;451_400-800m,196;24;1508_0-400m,2,0.006,13,0.005,17,0.002,12,0.003,7,0.002,2,0.002
412;451_400-800m,196;24;1508_400-800m,0,0,1,0,10,0.001,2,0,5,0.001,1,0.001
412;451_400-800m,409;453_0-400m,0,0,2,0.001,33,0.004,12,0.003,20,0.005,3,0.004
412;451_400-800m,409;453_400-800m,0,0,12,0.004,31,0.004,16,0.004,20,0.005,7,0.009
412;451_400-800m,1503_0-400m,3,0.009,14,0.005,50,0.006,25,0.005,19,0.005,5,0.006
412;451_400-800m,1503_400-800m,1,0.003,0,0,6,0.001,3,0.001,2,0.001,0,0
412;451_400-800m,1125;1163;1162_0-400m,0,0,2,0.001,1,0,2,0,0,0,0,0
412;451_400-800m,1125;1163;1162_400-800m,0,0,0,0,0,0,0,0,0,0,0,0
412;451_400-800m,1134;1153_0-400m,0,0,1,0,0,0,0,0,1,0,0,0
412;451_400-800m,1134;1153_400-800m,0,0,2,0.001,3,0,0,0,1,0,0,0
412;451_400-800m,21;28;1612_0-400m,1,0.003,3,0.001,10,0.001,10,0.002,7,0.002,4,0.005
412;451_400-800m,21;28;1612_400-800m,3,0.009,4,0.001,7,0.001,8,0.002,9,0.002,2,0.002
412;451_400-800m,1131;1158_0-400m,0,0,0,0,0,0,1,0,0,0,0,0
412;451_400-800m,1131;1158_400-800m,0,0,0,0,1,0,0,0,0,0,0,0
412;451_400-800m,1135;1152_0-400m,1,0.003,1,0,1,0,1,0,1,0,0,0
412;451_400-800m,1135;1152_400-800m,0,0,0,0,0,0,0,0,0,0,0,0
412;451_400-800m,584;604_0-400m,0,0,2,0.001,3,0,0,0,4,0.001,1,0.001
412;451_400-800m,584;604_400-800m,0,0,3,0.001,3,0,2,0,4,0.001,0,0
412;451_400-800m,1139;1149_0-400m,0,0,0,0,3,0,2,0,1,0,0,0
412;451_400-800m,1139;1149_400-800m,0,0,0,0,0,0,0,0,1,0,0,0
412;451_400-800m,1138;1150;1137_0-400m,0,0,1,0,2,0,1,0,2,0.001,1,0.001
412;451_400-800m,1138;1150;1137_400-800m,0,0,0,0,1,0,0,0,0,0,0,0
412;451_400-800m,1124;1164_0-400m,1,0.003,0,0,3,0,2,0,3,0.001,0,0
412;451_400-800m,1124;1164_400-800m,0,0,1,0,9,0.001,11,0.002,3,0.001,0,0
412;451_400-800m,343;349_0-400m,1,0.003,1,0,2,0,5,0.001,5,0.001,1,0.001
412;451_400-800m,343;349_400-800m,0,0,0,0,1,0,1,0,0,0,0,0
412;451_400-800m,1136;1151_0-400m,0,0,0,0,0,0,0,0,0,0,0,0
412;451_400-800m,1136;1151_400-800m,0,0,0,0,1,0,0,0,0,0,0,0
412;451_400-800m,342;350_0-400m,0,0,4,0.001,7,0.001,3,0.001,7,0.002,5,0.006
412;451_400-800m,342;350_400-800m,0,0,0,0,5,0.001,1,0,4,0.001,0,0
412;451_400-800m,1141;1147_0-400m,0,0,1,0,2,0,1,0,2,0.001,0,0
412;451_400-800m,1141;1147_400-800m,0,0,0,0,0,0,0,0,1,0,0,0
412;451_400-800m,1132;1155;1156_0-400m,0,0,3,0.001,2,0,0,0,1,0,1,0.001
412;451_400-800m,1132;1155;1156_400-800m,0,0,0,0,0,0,1,0,0,0,0,0
412;451_400-800m,1133;1154_0-400m,0,0,0,0,2,0,0,0,1,0,0,0
412;451_400-800m,1133;1154_400-800m,0,0,1,0,0,0,0,0,1,0,0,0
412;451_400-800m,1130;1159;1160_0-400m,0,0,3,0.001,5,0.001,2,0,2,0.001,0,0
412;451_400-800m,1130;1159;1160_400-800m,0,0,0,0,0,0,0,0,0,0,0,0
412;451_400-800m,345;347_0-400m,0,0,2,0.001,14,0.002,1,0,10,0.003,3,0.004
412;451_400-800m,345;347_400-800m,4,0.012,8,0.003,13,0.002,9,0.002,19,0.005,10,0.012
412;451_400-800m,344;348_0-400m,0,0,1,0,3,0,0,0,0,0,2,0.002
412;451_400-800m,344;348_400-800m,0,0,3,0.001,20,0.003,6,0.001,2,0.001,1,0.001
412;451_400-800m,1140;1148_0-400m,0,0,2,0.001,2,0,2,0,2,0.001,0,0
412;451_400-800m,1140;1148_400-800m,0,0,0,0,1,0,0,0,2,0.001,0,0
412;451_400-800m,1127;1161_0-400m,0,0,1,0,3,0,2,0,1,0,0,0
412;451_400-800m,1127;1161_400-800m,0,0,1,0,0,0,0,0,1,0,0,0
412;451_400-800m,1855_0-400m,0,0,0,0,1,0,0,0,0,0,0,0
412;451_400-800m,1855_400-800m,0,0,0,0,0,0,0,0,0,0,0,0
412;451_400-800m,187;204_0-400m,0,0,0,0,1,0,1,0,2,0.001,1,0.001
412;451_400-800m,187;204_400-800m,0,0,0,0,1,0,0,0,0,0,0,0
412;451_400-800m,661;674_0-400m,0,0,0,0,0,0,1,0,2,0.001,0,0
412;451_400-800m,661;674_400-800m,0,0,0,0,2,0,2,0,3,0.001,0,0
412;451_400-800m,184;207_0-400m,0,0,0,0,2,0,2,0,0,0,0,0
412;451_400-800m,184;207_400-800m,0,0,0,0,1,0,3,0.001,1,0,0,0
412;451_400-800m,657;678_0-400m,0,0,1,0,4,0.001,5,0.001,2,0.001,0,0
412;451_400-800m,657;678_400-800m,0,0,0,0,1,0,0,0,0,0,0,0
412;451_400-800m,656;679_0-400m,0,0,0,0,5,0.001,1,0,2,0.001,0,0
412;451_400-800m,656;679_400-800m,0,0,0,0,0,0,0,0,0,0,0,0
412;451_400-800m,1383;1461;1384_0-400m,0,0,6,0.002,8,0.001,2,0,7,0.002,4,0.005
412;451_400-800m,1383;1461;1384_400-800m,0,0,5,0.002,9,0.001,3,0.001,5,0.001,0,0
412;451_400-800m,665;670_0-400m,1,0.003,3,0.001,2,0,1,0,3,0.001,0,0
412;451_400-800m,665;670_400-800m,0,0,3,0.001,1,0,1,0,2,0.001,0,0
412;451_400-800m,659;676;675_0-400m,0,0,0,0,7,0.001,5,0.001,2,0.001,0,0
412;451_400-800m,659;676;675_400-800m,1,0.003,5,0.002,1,0,1,0,0,0,0,0
412;451_400-800m,664;671_0-400m,2,0.006,4,0.001,8,0.001,3,0.001,4,0.001,0,0
412;451_400-800m,664;671_400-800m,0,0,5,0.002,7,0.001,5,0.001,4,0.001,2,0.002
412;451_400-800m,185;206_0-400m,0,0,1,0,3,0,1,0,2,0.001,1,0.001
412;451_400-800m,185;206_400-800m,0,0,0,0,2,0,0,0,4,0.001,1,0.001
412;451_400-800m,662;673_0-400m,1,0.003,7,0.003,7,0.001,1,0,4,0.001,4,0.005
412;451_400-800m,662;673_400-800m,1,0.003,7,0.003,8,0.001,7,0.002,5,0.001,2,0.002
412;451_400-800m,1385;1459_0-400m,4,0.012,6,0.002,17,0.002,5,0.001,7,0.002,3,0.004
412;451_400-800m,1385;1459_400-800m,0,0,2,0.001,1,0,0,0,2,0.001,0,0
412;451_400-800m,658;677_0-400m,0,0,1,0,4,0.001,3,0.001,3,0.001,0,0
412;451_400-800m,658;677_400-800m,0,0,1,0,0,0,0,0,0,0,0,0
412;451_400-800m,663;672_0-400m,0,0,2,0.001,9,0.001,2,0,5,0.001,3,0.004
412;451_400-800m,663;672_400-800m,0,0,2,0.001,6,0.001,2,0,1,0,1,0.001
412;451_400-800m,183;209_0-400m,0,0,1,0,5,0.001,2,0,1,0,1,0.001
412;451_400-800m,183;209_400-800m,0,0,1,0,2,0,2,0,0,0,0,0
412;451_400-800m,186;205_0-400m,0,0,0,0,3,0,0,0,1,0,2,0.002
412;451_400-800m,186;205_400-800m,0,0,0,0,0,0,0,0,0,0,0,0
412;451_400-800m,188;203_0-400m,1,0.003,2,0.001,1,0,3,0.001,4,0.001,0,0
412;451_400-800m,188;203_400-800m,0,0,3,0.001,10,0.001,1,0,6,0.002,1,0.001
412;451_400-800m,388;823_0-400m,0,0,2,0.001,21,0.003,10,0.002,14,0.004,2,0.002
412;451_400-800m,388;823_400-800m,0,0,0,0,5,0.001,4,0.001,3,0.001,1,0.001
412;451_400-800m,1386;95_0-400m,1,0.003,6,0.002,11,0.001,1,0,3,0.001,1,0.001
412;451_400-800m,1386;95_400-800m,0,0,2,0.001,2,0,1,0,1,0,0,0
412;451_400-800m,Orange_0-400m,15,0.046,57,0.021,108,0.014,66,0.015,67,0.017,10,0.012
412;451_400-800m,Blue_0-400m,0,0,6,0.002,7,0.001,5,0.001,2,0.001,1,0.001
412;451_400-800m,Green_0-400m,0,0,10,0.004,8,0.001,8,0.002,4,0.001,3,0.004
412;451_400-800m,Orange_400-800m,0,0,8,0.003,21,0.003,23,0.005,16,0.004,3,0.004
412;451_400-800m,Blue_400-800m,1,0.003,1,0,9,0.001,4,0.001,7,0.002,1,0.001
412;451_400-800m,Green_400-800m,2,0.006,5,0.002,9,0.001,2,0,1,0,1,0.001
412;451_400-800m,External,122,0.372,708,0.26,1569,0.199,720,0.158,783,0.2,166,0.207
416;447_0-400m,415;448_0-400m,0,0,14,0.005,42,0.005,24,0.005,26,0.007,4,0.005
416;447_0-400m,415;448_400-800m,1,0.003,3,0.001,10,0.001,1,0,3,0.001,0,0
416;447_0-400m,408;455_0-400m,1,0.003,10,0.004,22,0.003,12,0.003,17,0.004,7,0.009
416;447_0-400m,408;455_400-800m,0,0,1,0,7,0.001,3,0.001,7,0.002,0,0
416;447_0-400m,412;451_0-400m,0,0,6,0.002,18,0.002,17,0.004,13,0.003,1,0.001
416;447_0-400m,412;451_400-800m,0,0,2,0.001,20,0.003,15,0.003,13,0.003,2,0.002
416;447_0-400m,416;447_0-400m,0,0,13,0.005,57,0.007,41,0.009,30,0.008,12,0.015
416;447_0-400m,416;447_400-800m,0,0,7,0.003,49,0.006,22,0.005,19,0.005,1,0.001
416;447_0-400m,410;452_0-400m,2,0.006,4,0.001,25,0.003,20,0.004,8,0.002,3,0.004
416;447_0-400m,410;452_400-800m,0,0,3,0.001,19,0.002,14,0.003,14,0.004,4,0.005
416;447_0-400m,414;449_0-400m,0,0,6,0.002,30,0.004,12,0.003,12,0.003,3,0.004
416;447_0-400m,414;449_400-800m,1,0.003,4,0.001,12,0.002,20,0.004,10,0.003,3,0.004
416;447_0-400m,407;456_0-400m,3,0.009,1,0,15,0.002,6,0.001,4,0.001,4,0.005
416;447_0-400m,407;456_400-800m,0,0,2,0.001,10,0.001,8,0.002,5,0.001,1,0.001
416;447_0-400m,413;450_0-400m,0,0,5,0.002,32,0.004,11,0.002,16,0.004,4,0.005
416;447_0-400m,413;450_400-800m,0,0,3,0.001,29,0.004,18,0.004,26,0.007,8,0.01
416;447_0-400m,419;444;420_0-400m,1,0.003,9,0.003,57,0.007,25,0.005,31,0.008,10,0.012
416;447_0-400m,419;444;420_400-800m,1,0.003,5,0.002,23,0.003,10,0.002,12,0.003,3,0.004
416;447_0-400m,417;445_0-400m,0,0,5,0.002,31,0.004,14,0.003,18,0.005,1,0.001
416;447_0-400m,417;445_400-800m,1,0.003,2,0.001,31,0.004,17,0.004,9,0.002,0,0
416;447_0-400m,405;457_0-400m,6,0.018,5,0.002,29,0.004,24,0.005,18,0.005,4,0.005
416;447_0-400m,405;457_400-800m,0,0,1,0,3,0,1,0,2,0.001,0,0
416;447_0-400m,404;459_0-400m,8,0.024,5,0.002,27,0.003,13,0.003,19,0.005,2,0.002
416;447_0-400m,404;459_400-800m,1,0.003,12,0.004,37,0.005,22,0.005,17,0.004,0,0
416;447_0-400m,421;442_0-400m,3,0.009,10,0.004,63,0.008,35,0.008,29,0.007,8,0.01
416;447_0-400m,421;442_400-800m,1,0.003,4,0.001,13,0.002,14,0.003,10,0.003,1,0.001
416;447_0-400m,196;24;1508_0-400m,1,0.003,8,0.003,35,0.004,33,0.007,19,0.005,5,0.006
416;447_0-400m,196;24;1508_400-800m,0,0,8,0.003,6,0.001,1,0,1,0,0,0
416;447_0-400m,409;453_0-400m,1,0.003,7,0.003,31,0.004,14,0.003,20,0.005,5,0.006
416;447_0-400m,409;453_400-800m,0,0,1,0,15,0.002,9,0.002,5,0.001,2,0.002
416;447_0-400m,1503_0-400m,1,0.003,11,0.004,26,0.003,22,0.005,15,0.004,7,0.009
416;447_0-400m,1503_400-800m,1,0.003,0,0,10,0.001,5,0.001,7,0.002,1,0.001
416;447_0-400m,1125;1163;1162_0-400m,0,0,2,0.001,1,0,0,0,0,0,0,0
416;447_0-400m,1125;1163;1162_400-800m,0,0,0,0,0,0,0,0,0,0,0,0
416;447_0-400m,1134;1153_0-400m,0,0,0,0,0,0,1,0,0,0,0,0
416;447_0-400m,1134;1153_400-800m,0,0,0,0,1,0,0,0,1,0,0,0
416;447_0-400m,21;28;1612_0-400m,2,0.006,5,0.002,10,0.001,6,0.001,8,0.002,1,0.001
416;447_0-400m,21;28;1612_400-800m,0,0,3,0.001,8,0.001,5,0.001,7,0.002,3,0.004
416;447_0-400m,1131;1158_0-400m,0,0,0,0,0,0,1,0,0,0,0,0
416;447_0-400m,1131;1158_400-800m,0,0,0,0,1,0,0,0,0,0,0,0
416;447_0-400m,1135;1152_0-400m,0,0,0,0,2,0,1,0,2,0.001,0,0
416;447_0-400m,1135;1152_400-800m,0,0,0,0,0,0,1,0,0,0,0,0
416;447_0-400m,584;604_0-400m,0,0,0,0,0,0,3,0.001,1,0,0,0
416;447_0-400m,584;604_400-800m,0,0,0,0,6,0.001,4,0.001,3,0.001,2,0.002
416;447_0-400m,1139;1149_0-400m,0,0,1,0,3,0,6,0.001,4,0.001,1,0.001
416;447_0-400m,1139;1149_400-800m,0,0,1,0,1,0,0,0,0,0,0,0
416;447_0-400m,1138;1150;1137_0-400m,0,0,1,0,1,0,1,0,3,0.001,0,0
416;447_0-400m,1138;1150;1137_400-800m,0,0,0,0,0,0,0,0,0,0,0,0
416;447_0-400m,1124;1164_0-400m,0,0,1,0,7,0.001,1,0,0,0,0,0
416;447_0-400m,1124;1164_400-800m,0,0,0,0,5,0.001,3,0.001,0,0,0,0
416;447_0-400m,343;349_0-400m,0,0,0,0,11,0.001,15,0.003,7,0.002,1,0.001
416;447_0-400m,343;349_400-800m,0,0,0,0,3,0,1,0,2,0.001,0,0
416;447_0-400m,1136;1151_0-400m,0,0,0,0,2,0,1,0,0,0,0,0
416;447_0-400m,1136;1151_400-800m,0,0,1,0,1,0,0,0,0,0,3,0.004
416;447_0-400m,342;350_0-400m,0,0,4,0.001,10,0.001,10,0.002,4,0.001,0,0
416;447_0-400m,342;350_400-800m,0,0,0,0,0,0,1,0,2,0.001,0,0
416;447_0-400m,1141;1147_0-400m,0,0,5,0.002,4,0.001,5,0.001,3,0.001,2,0.002
416;447_0-400m,1141;1147_400-800m,0,0,0,0,0,0,0,0,0,0,0,0
416;447_0-400m,1132;1155;1156_0-400m,0,0,0,0,1,0,2,0,1,0,0,0
416;447_0-400m,1132;1155;1156_400-800m,0,0,0,0,0,0,1,0,1,0,0,0
416;447_0-400m,1133;1154_0-400m,0,0,0,0,0,0,0,0,0,0,0,0
416;447_0-400m,1133;1154_400-800m,0,0,1,0,1,0,1,0,0,0,0,0
416;447_0-400m,1130;1159;1160_0-400m,3,0.009,0,0,5,0.001,3,0.001,3,0.001,0,0
416;447_0-400m,1130;1159;1160_400-800m,0,0,0,0,0,0,0,0,0,0,0,0
416;447_0-400m,345;347_0-400m,0,0,1,0,6,0.001,2,0,3,0.001,0,0
416;447_0-400m,345;347_400-800m,2,0.006,3,0.001,17,0.002,9,0.002,10,0.003,6,0.007
416;447_0-400m,344;348_0-400m,0,0,1,0,7,0.001,5,0.001,3,0.001,1,0.001
416;447_0-400m,344;348_400-800m,1,0.003,0,0,4,0.001,6,0.001,9,0.002,2,0.002
416;447_0-400m,1140;1148_0-400m,0,0,1,0,2,0,0,0,6,0.002,0,0
416;447_0-400m,1140;1148_400-800m,0,0,0,0,4,0.001,1,0,1,0,0,0
416;447_0-400m,1127;1161_0-400m,0,0,1,0,3,0,0,0,3,0.001,1,0.001
416;447_0-400m,1127;1161_400-800m,0,0,0,0,0,0,1,0,0,0,0,0
416;447_0-400m,1855_0-400m,0,0,0,0,0,0,1,0,0,0,0,0
416;447_0-400m,1855_400-800m,0,0,0,0,0,0,0,0,0,0,0,0
416;447_0-400m,187;204_0-400m,0,0,2,0.001,0,0,1,0,1,0,0,0
416;447_0-400m,187;204_400-800m,0,0,0,0,0,0,1,0,3,0.001,0,0
416;447_0-400m,661;674_0-400m,0,0,0,0,3,0,4,0.001,2,0.001,1,0.001
416;447_0-400m,661;674_400-800m,0,0,0,0,1,0,0,0,0,0,0,0
416;447_0-400m,184;207_0-400m,0,0,2,0.001,3,0,4,0.001,0,0,1,0.001
416;447_0-400m,184;207_400-800m,0,0,0,0,0,0,2,0,0,0,1,0.001
416;447_0-400m,657;678_0-400m,0,0,0,0,1,0,2,0,3,0.001,0,0
416;447_0-400m,657;678_400-800m,0,0,0,0,0,0,0,0,0,0,0,0
416;447_0-400m,656;679_0-400m,0,0,0,0,1,0,2,0,0,0,0,0
416;447_0-400m,656;679_400-800m,0,0,1,0,0,0,0,0,0,0,0,0
416;447_0-400m,1383;1461;1384_0-400m,0,0,1,0,11,0.001,12,0.003,6,0.002,3,0.004
416;447_0-400m,1383;1461;1384_400-800m,0,0,1,0,5,0.001,11,0.002,4,0.001,0,0
416;447_0-400m,665;670_0-400m,1,0.003,3,0.001,4,0.001,1,0,1,0,1,0.001
416;447_0-400m,665;670_400-800m,0,0,0,0,1,0,1,0,1,0,0,0
416;447_0-400m,659;676;675_0-400m,0,0,0,0,2,0,1,0,0,0,0,0
416;447_0-400m,659;676;675_400-800m,0,0,0,0,2,0,0,0,0,0,0,0
416;447_0-400m,664;671_0-400m,0,0,2,0.001,4,0.001,1,0,6,0.002,3,0.004
416;447_0-400m,664;671_400-800m,0,0,1,0,1,0,4,0.001,2,0.001,0,0
416;447_0-400m,185;206_0-400m,0,0,0,0,2,0,1,0,2,0.001,0,0
416;447_0-400m,185;206_400-800m,0,0,0,0,0,0,0,0,0,0,0,0
416;447_0-400m,662;673_0-400m,0,0,7,0.003,5,0.001,2,0,1,0,1,0.001
416;447_0-400m,662;673_400-800m,0,0,3,0.001,6,0.001,4,0.001,5,0.001,1,0.001
416;447_0-400m,1385;1459_0-400m,1,0.003,15,0.006,11,0.001,10,0.002,7,0.002,2,0.002
416;447_0-400m,1385;1459_400-800m,0,0,0,0,1,0,1,0,0,0,0,0
416;447_0-400m,658;677_0-400m,0,0,0,0,1,0,0,0,2,0.001,0,0
416;447_0-400m,658;677_400-800m,0,0,0,0,0,0,0,0,0,0,0,0
416;447_0-400m,663;672_0-400m,0,0,6,0.002,10,0.001,5,0.001,0,0,0,0
416;447_0-400m,663;672_400-800m,0,0,0,0,1,0,1,0,0,0,0,0
416;447_0-400m,183;209_0-400m,0,0,4,0.001,1,0,0,0,0,0,0,0
416;447_0-400m,183;209_400-800m,0,0,1,0,1,0,0,0,1,0,0,0
416;447_0-400m,186;205_0-400m,1,0.003,6,0.002,2,0,3,0.001,1,0,0,0
416;447_0-400m,186;205_400-800m,0,0,0,0,0,0,0,0,0,0,0,0
416;447_0-400m,188;203_0-400m,0,0,2,0.001,6,0.001,6,0.001,4,0.001,1,0.001
416;447_0-400m,188;203_400-800m,0,0,5,0.002,7,0.001,3,0.001,2,0.001,0,0
416;447_0-400m,388;823_0-400m,9,0.027,6,0.002,20,0.003,16,0.004,10,0.003,1,0.001
416;447_0-400m,388;823_400-800m,0,0,1,0,4,0.001,1,0,1,0,1,0.001
416;447_0-400m,1386;95_0-400m,0,0,7,0.003,4,0.001,3,0.001,5,0.001,2,0.002
416;447_0-400m,1386;95_400-800m,0,0,0,0,0,0,2,0,1,0,0,0
416;447_0-400m,Orange_0-400m,5,0.015,15,0.006,69,0.009,50,0.011,23,0.006,10,0.012
416;447_0-400m,Blue_0-400m,1,0.003,5,0.002,8,0.001,6,0.001,2,0.001,0,0
416;447_0-400m,Green_0-400m,2,0.006,7,0.003,8,0.001,9,0.002,10,0.003,3,0.004
416;447_0-400m,Orange_400-800m,3,0.009,7,0.003,12,0.002,7,0.002,7,0.002,5,0.006
416;447_0-400m,Blue_400-800m,0,0,6,0.002,6,0.001,5,0.001,0,0,2,0.002
416;447_0-400m,Green_400-800m,0,0,1,0,8,0.001,9,0.002,14,0.004,0,0
416;447_0-400m,External,111,0.338,339,0.125,863,0.11,556,0.122,467,0.119,79,0.098
416;447_400-800m,415;448_0-400m,3,0.009,14,0.005,59,0.007,26,0.006,32,0.008,3,0.004
416;447_400-800m,415;448_400-800m,0,0,4,0.001,22,0.003,6,0.001,11,0.003,5,0.006
416;447_400-800m,408;455_0-400m,3,0.009,2,0.001,28,0.004,13,0.003,10,0.003,6,0.007
416;447_400-800m,408;455_400-800m,1,0.003,1,0,8,0.001,5,0.001,8,0.002,0,0
416;447_400-800m,412;451_0-400m,0,0,10,0.004,23,0.003,15,0.003,12,0.003,2,0.002
416;447_400-800m,412;451_400-800m,2,0.006,7,0.003,30,0.004,17,0.004,19,0.005,6,0.007
416;447_400-800m,416;447_0-400m,0,0,10,0.004,33,0.004,23,0.005,29,0.007,6,0.007
416;447_400-800m,416;447_400-800m,5,0.015,12,0.004,109,0.014,40,0.009,30,0.008,5,0.006
416;447_400-800m,410;452_0-400m,0,0,9,0.003,15,0.002,16,0.004,12,0.003,2,0.002
416;447_400-800m,410;452_400-800m,0,0,5,0.002,34,0.004,24,0.005,15,0.004,7,0.009
416;447_400-800m,414;449_0-400m,1,0.003,10,0.004,41,0.005,19,0.004,16,0.004,5,0.006
416;447_400-800m,414;449_400-800m,0,0,7,0.003,24,0.003,22,0.005,14,0.004,3,0.004
416;447_400-800m,407;456_0-400m,0,0,1,0,13,0.002,6,0.001,3,0.001,0,0
416;447_400-800m,407;456_400-800m,0,0,4,0.001,22,0.003,10,0.002,7,0.002,4,0.005
416;447_400-800m,413;450_0-400m,0,0,6,0.002,27,0.003,12,0.003,20,0.005,2,0.002
416;447_400-800m,413;450_400-800m,3,0.009,10,0.004,49,0.006,28,0.006,23,0.006,7,0.009
416;447_400-800m,419;444;420_0-400m,2,0.006,14,0.005,64,0.008,49,0.011,35,0.009,11,0.014
416;447_400-800m,419;444;420_400-800m,0,0,5,0.002,33,0.004,28,0.006,16,0.004,6,0.007
416;447_400-800m,417;445_0-400m,1,0.003,6,0.002,32,0.004,13,0.003,14,0.004,6,0.007
416;447_400-800m,417;445_400-800m,1,0.003,13,0.005,63,0.008,37,0.008,41,0.01,7,0.009
416;447_400-800m,405;457_0-400m,0,0,8,0.003,37,0.005,19,0.004,13,0.003,2,0.002
416;447_400-800m,405;457_400-800m,0,0,0,0,0,0,0,0,1,0,0,0
416;447_400-800m,404;459_0-400m,0,0,5,0.002,29,0.004,24,0.005,10,0.003,7,0.009
416;447_400-800m,404;459_400-800m,4,0.012,11,0.004,32,0.004,15,0.003,15,0.004,2,0.002
416;447_400-800m,421;442_0-400m,1,0.003,22,0.008,140,0.018,70,0.015,64,0.016,19,0.024
416;447_400-800m,421;442_400-800m,2,0.006,9,0.003,45,0.006,28,0.006,26,0.007,7,0.009
416;447_400-800m,196;24;1508_0-400m,0,0,15,0.006,66,0.008,30,0.007,28,0.007,5,0.006
416;447_400-800m,196;24;1508_400-800m,0,0,4,0.001,12,0.002,9,0.002,6,0.002,2,0.002
416;447_400-800m,409;453_0-400m,0,0,2,0.001,23,0.003,19,0.004,9,0.002,2,0.002
416;447_400-800m,409;453_400-800m,0,0,5,0.002,14,0.002,14,0.003,9,0.002,2,0.002
416;447_400-800m,1503_0-400m,6,0.018,25,0.009,65,0.008,37,0.008,37,0.009,4,0.005
416;447_400-800m,1503_400-800m,0,0,4,0.001,24,0.003,5,0.001,13,0.003,11,0.014
416;447_400-800m,1125;1163;1162_0-400m,0,0,1,0,2,0,1,0,3,0.001,0,0
416;447_400-800m,1125;1163;1162_400-800m,0,0,0,0,0,0,0,0,0,0,0,0
416;447_400-800m,1134;1153_0-400m,0,0,0,0,2,0,0,0,1,0,0,0
416;447_400-800m,1134;1153_400-800m,0,0,2,0.001,2,0,2,0,1,0,0,0
416;447_400-800m,21;28;1612_0-400m,3,0.009,3,0.001,30,0.004,11,0.002,13,0.003,2,0.002
416;447_400-800m,21;28;1612_400-800m,3,0.009,7,0.003,30,0.004,12,0.003,11,0.003,1,0.001
416;447_400-800m,1131;1158_0-400m,0,0,1,0,4,0.001,1,0,0,0,1,0.001
416;447_400-800m,1131;1158_400-800m,0,0,0,0,0,0,2,0,5,0.001,0,0
416;447_400-800m,1135;1152_0-400m,0,0,1,0,9,0.001,5,0.001,4,0.001,1,0.001
416;447_400-800m,1135;1152_400-800m,0,0,0,0,1,0,0,0,0,0,0,0
416;447_400-800m,584;604_0-400m,0,0,5,0.002,5,0.001,6,0.001,6,0.002,2,0.002
416;447_400-800m,584;604_400-800m,1,0.003,2,0.001,8,0.001,3,0.001,7,0.002,2,0.002
416;447_400-800m,1139;1149_0-400m,0,0,2,0.001,8,0.001,7,0.002,5,0.001,2,0.002
416;447_400-800m,1139;1149_400-800m,0,0,0,0,4,0.001,2,0,2,0.001,0,0
416;447_400-800m,1138;1150;1137_0-400m,0,0,4,0.001,7,0.001,4,0.001,7,0.002,1,0.001
416;447_400-800m,1138;1150;1137_400-800m,0,0,0,0,0,0,2,0,0,0,0,0
416;447_400-800m,1124;1164_0-400m,0,0,2,0.001,5,0.001,7,0.002,1,0,0,0
416;447_400-800m,1124;1164_400-800m,0,0,1,0,20,0.003,8,0.002,0,0,1,0.001
416;447_400-800m,343;349_0-400m,2,0.006,1,0,9,0.001,9,0.002,7,0.002,4,0.005
416;447_400-800m,343;349_400-800m,1,0.003,3,0.001,10,0.001,4,0.001,1,0,0,0
416;447_400-800m,1136;1151_0-400m,0,0,1,0,1,0,2,0,1,0,0,0
416;447_400-800m,1136;1151_400-800m,0,0,0,0,4,0.001,0,0,1,0,1,0.001
416;447_400-800m,342;350_0-400m,0,0,5,0.002,10,0.001,11,0.002,8,0.002,5,0.006
416;447_400-800m,342;350_400-800m,1,0.003,0,0,3,0,2,0,4,0.001,1,0.001
416;447_400-800m,1141;1147_0-400m,0,0,1,0,9,0.001,0,0,3,0.001,4,0.005
416;447_400-800m,1141;1147_400-800m,0,0,0,0,0,0,1,0,1,0,0,0
416;447_400-800m,1132;1155;1156_0-400m,0,0,2,0.001,9,0.001,4,0.001,2,0.001,0,0
416;447_400-800m,1132;1155;1156_400-800m,0,0,0,0,1,0,0,0,0,0,0,0
416;447_400-800m,1133;1154_0-400m,0,0,2,0.001,0,0,0,0,1,0,0,0
416;447_400-800m,1133;1154_400-800m,0,0,0,0,3,0,2,0,1,0,0,0
416;447_400-800m,1130;1159;1160_0-400m,0,0,1,0,11,0.001,7,0.002,2,0.001,0,0
416;447_400-800m,1130;1159;1160_400-800m,0,0,0,0,0,0,0,0,0,0,0,0
416;447_400-800m,345;347_0-400m,0,0,4,0.001,17,0.002,4,0.001,12,0.003,4,0.005
416;447_400-800m,345;347_400-800m,3,0.009,22,0.008,59,0.007,28,0.006,39,0.01,11,0.014
416;447_400-800m,344;348_0-400m,0,0,2,0.001,7,0.001,6,0.001,8,0.002,5,0.006
416;447_400-800m,344;348_400-800m,0,0,2,0.001,19,0.002,11,0.002,19,0.005,7,0.009
416;447_400-800m,1140;1148_0-400m,0,0,1,0,4,0.001,6,0.001,4,0.001,3,0.004
416;447_400-800m,1140;1148_400-800m,0,0,3,0.001,6,0.001,3,0.001,4,0.001,0,0
416;447_400-800m,1127;1161_0-400m,0,0,7,0.003,14,0.002,2,0,2,0.001,1,0.001
416;447_400-800m,1127;1161_400-800m,0,0,0,0,0,0,0,0,0,0,0,0
416;447_400-800m,1855_0-400m,0,0,0,0,3,0,1,0,0,0,1,0.001
416;447_400-800m,1855_400-800m,0,0,0,0,1,0,0,0,0,0,0,0
416;447_400-800m,187;204_0-400m,0,0,4,0.001,6,0.001,1,0,3,0.001,1,0.001
416;447_400-800m,187;204_400-800m,0,0,0,0,2,0,0,0,3,0.001,0,0
416;447_400-800m,661;674_0-400m,0,0,0,0,6,0.001,2,0,3,0.001,0,0
416;447_400-800m,661;674_400-800m,1,0.003,2,0.001,2,0,0,0,0,0,2,0.002
416;447_400-800m,184;207_0-400m,0,0,1,0,5,0.001,3,0.001,3,0.001,1,0.001
416;447_400-800m,184;207_400-800m,0,0,1,0,1,0,1,0,5,0.001,0,0
416;447_400-800m,657;678_0-400m,0,0,0,0,3,0,7,0.002,5,0.001,0,0
416;447_400-800m,657;678_400-800m,0,0,0,0,0,0,0,0,0,0,0,0
416;447_400-800m,656;679_0-400m,0,0,2,0.001,2,0,1,0,3,0.001,0,0
416;447_400-800m,656;679_400-800m,0,0,0,0,0,0,0,0,0,0,0,0
416;447_400-800m,1383;1461;1384_0-400m,1,0.003,3,0.001,10,0.001,10,0.002,9,0.002,3,0.004
416;447_400-800m,1383;1461;1384_400-800m,0,0,7,0.003,12,0.002,6,0.001,5,0.001,6,0.007
416;447_400-800m,665;670_0-400m,0,0,1,0,4,0.001,5,0.001,6,0.002,2,0.002
416;447_400-800m,665;670_400-800m,0,0,1,0,3,0,1,0,4,0.001,0,0
416;447_400-800m,659;676;675_0-400m,0,0,0,0,4,0.001,0,0,1,0,0,0
416;447_400-800m,659;676;675_400-800m,0,0,1,0,1,0,1,0,1,0,0,0
416;447_400-800m,664;671_0-400m,1,0.003,3,0.001,15,0.002,10,0.002,6,0.002,2,0.002
416;447_400-800m,664;671_400-800m,0,0,1,0,10,0.001,6,0.001,5,0.001,1,0.001
416;447_400-800m,185;206_0-400m,0,0,1,0,7,0.001,3,0.001,1,0,1,0.001
416;447_400-800m,185;206_400-800m,0,0,0,0,1,0,3,0.001,0,0,0,0
416;447_400-800m,662;673_0-400m,0,0,5,0.002,18,0.002,6,0.001,10,0.003,2,0.002
416;447_400-800m,662;673_400-800m,1,0.003,2,0.001,14,0.002,4,0.001,4,0.001,1,0.001
416;447_400-800m,1385;1459_0-400m,1,0.003,4,0.001,28,0.004,8,0.002,5,0.001,1,0.001
416;447_400-800m,1385;1459_400-800m,0,0,1,0,3,0,3,0.001,3,0.001,1,0.001
416;447_400-800m,658;677_0-400m,0,0,0,0,2,0,1,0,0,0,1,0.001
416;447_400-800m,658;677_400-800m,0,0,0,0,0,0,0,0,0,0,0,0
416;447_400-800m,663;672_0-400m,1,0.003,4,0.001,8,0.001,3,0.001,5,0.001,0,0
416;447_400-800m,663;672_400-800m,0,0,0,0,1,0,2,0,3,0.001,0,0
416;447_400-800m,183;209_0-400m,0,0,3,0.001,10,0.001,0,0,1,0,1,0.001
416;447_400-800m,183;209_400-800m,0,0,1,0,0,0,1,0,0,0,0,0
416;447_400-800m,186;205_0-400m,0,0,2,0.001,0,0,3,0.001,2,0.001,0,0
416;447_400-800m,186;205_400-800m,0,0,0,0,0,0,1,0,0,0,0,0
416;447_400-800m,188;203_0-400m,0,0,3,0.001,8,0.001,6,0.001,4,0.001,4,0.005
416;447_400-800m,188;203_400-800m,0,0,2,0.001,4,0.001,2,0,8,0.002,1,0.001
416;447_400-800m,388;823_0-400m,0,0,4,0.001,19,0.002,14,0.003,13,0.003,2,0.002
416;447_400-800m,388;823_400-800m,0,0,4,0.001,5,0.001,1,0,4,0.001,1,0.001
416;447_400-800m,1386;95_0-400m,3,0.009,14,0.005,22,0.003,6,0.001,9,0.002,4,0.005
416;447_400-800m,1386;95_400-800m,0,0,1,0,5,0.001,3,0.001,4,0.001,1,0.001
416;447_400-800m,Orange_0-400m,8,0.024,17,0.006,84,0.011,61,0.013,40,0.01,9,0.011
416;447_400-800m,Blue_0-400m,1,0.003,11,0.004,18,0.002,13,0.003,9,0.002,1,0.001
416;447_400-800m,Green_0-400m,1,0.003,10,0.004,16,0.002,7,0.002,16,0.004,4,0.005
416;447_400-800m,Orange_400-800m,0,0,6,0.002,37,0.005,17,0.004,14,0.004,5,0.006
416;447_400-800m,Blue_400-800m,1,0.003,2,0.001,17,0.002,9,0.002,26,0.007,4,0.005
416;447_400-800m,Green_400-800m,1,0.003,5,0.002,12,0.002,4,0.001,3,0.001,3,0.004
416;447_400-800m,External,149,0.454,668,0.246,2101,0.267,1203,0.264,920,0.235,180,0.224
410;452_0-400m,415;448_0-400m,1,0.003,10,0.004,48,0.006,25,0.005,20,0.005,2,0.002
410;452_0-400m,415;448_400-800m,0,0,2,0.001,7,0.001,5,0.001,4,0.001,0,0
410;452_0-400m,408;455_0-400m,0,0,11,0.004,48,0.006,28,0.006,37,0.009,14,0.017
410;452_0-400m,408;455_400-800m,0,0,2,0.001,16,0.002,5,0.001,5,0.001,2,0.002
410;452_0-400m,412;451_0-400m,1,0.003,12,0.004,42,0.005,13,0.003,24,0.006,3,0.004
410;452_0-400m,412;451_400-800m,1,0.003,4,0.001,28,0.004,23,0.005,18,0.005,7,0.009
410;452_0-400m,416;447_0-400m,2,0.006,5,0.002,20,0.003,14,0.003,19,0.005,4,0.005
410;452_0-400m,416;447_400-800m,4,0.012,7,0.003,29,0.004,8,0.002,4,0.001,2,0.002
410;452_0-400m,410;452_0-400m,1,0.003,15,0.006,86,0.011,45,0.01,42,0.011,7,0.009
410;452_0-400m,410;452_400-800m,1,0.003,6,0.002,52,0.007,27,0.006,26,0.007,4,0.005
410;452_0-400m,414;449_0-400m,1,0.003,11,0.004,35,0.004,15,0.003,13,0.003,1,0.001
410;452_0-400m,414;449_400-800m,0,0,4,0.001,22,0.003,18,0.004,10,0.003,4,0.005
410;452_0-400m,407;456_0-400m,0,0,1,0,23,0.003,12,0.003,16,0.004,1,0.001
410;452_0-400m,407;456_400-800m,0,0,5,0.002,15,0.002,27,0.006,16,0.004,4,0.005
410;452_0-400m,413;450_0-400m,1,0.003,6,0.002,26,0.003,16,0.004,26,0.007,5,0.006
410;452_0-400m,413;450_400-800m,2,0.006,1,0,18,0.002,21,0.005,21,0.005,3,0.004
410;452_0-400m,419;444;420_0-400m,4,0.012,8,0.003,37,0.005,21,0.005,28,0.007,4,0.005
410;452_0-400m,419;444;420_400-800m,1,0.003,4,0.001,9,0.001,5,0.001,6,0.002,5,0.006
410;452_0-400m,417;445_0-400m,0,0,5,0.002,20,0.003,19,0.004,15,0.004,4,0.005
410;452_0-400m,417;445_400-800m,2,0.006,3,0.001,22,0.003,7,0.002,10,0.003,3,0.004
410;452_0-400m,405;457_0-400m,0,0,11,0.004,67,0.009,46,0.01,33,0.008,6,0.007
410;452_0-400m,405;457_400-800m,0,0,1,0,1,0,1,0,0,0,0,0
410;452_0-400m,404;459_0-400m,1,0.003,15,0.006,52,0.007,47,0.01,27,0.007,4,0.005
410;452_0-400m,404;459_400-800m,1,0.003,13,0.005,50,0.006,33,0.007,20,0.005,3,0.004
410;452_0-400m,421;442_0-400m,0,0,21,0.008,54,0.007,32,0.007,24,0.006,8,0.01
410;452_0-400m,421;442_400-800m,1,0.003,4,0.001,11,0.001,10,0.002,7,0.002,1,0.001
410;452_0-400m,196;24;1508_0-400m,0,0,9,0.003,33,0.004,21,0.005,13,0.003,6,0.007
410;452_0-400m,196;24;1508_400-800m,0,0,0,0,9,0.001,1,0,4,0.001,1,0.001
410;452_0-400m,409;453_0-400m,3,0.009,5,0.002,51,0.006,32,0.007,42,0.011,10,0.012
410;452_0-400m,409;453_400-800m,1,0.003,12,0.004,38,0.005,15,0.003,25,0.006,3,0.004
410;452_0-400m,1503_0-400m,4,0.012,17,0.006,54,0.007,24,0.005,23,0.006,7,0.009
410;452_0-400m,1503_400-800m,0,0,3,0.001,8,0.001,5,0.001,5,0.001,2,0.002
410;452_0-400m,1125;1163;1162_0-400m,0,0,0,0,0,0,0,0,2,0.001,0,0
410;452_0-400m,1125;1163;1162_400-800m,0,0,0,0,0,0,0,0,0,0,0,0
410;452_0-400m,1134;1153_0-400m,0,0,0,0,0,0,0,0,2,0.001,0,0
410;452_0-400m,1134;1153_400-800m,0,0,1,0,2,0,0,0,1,0,0,0
410;452_0-400m,21;28;1612_0-400m,0,0,1,0,5,0.001,5,0.001,8,0.002,0,0
410;452_0-400m,21;28;1612_400-800m,0,0,0,0,13,0.002,6,0.001,14,0.004,2,0.002
410;452_0-400m,1131;1158_0-400m,0,0,0,0,5,0.001,0,0,1,0,0,0
410;452_0-400m,1131;1158_400-800m,0,0,0,0,0,0,1,0,1,0,0,0
410;452_0-400m,1135;1152_0-400m,0,0,1,0,2,0,3,0.001,3,0.001,0,0
410;452_0-400m,1135;1152_400-800m,0,0,0,0,1,0,0,0,0,0,0,0
410;452_0-400m,584;604_0-400m,0,0,0,0,4,0.001,0,0,0,0,1,0.001
410;452_0-400m,584;604_400-800m,0,0,1,0,2,0,0,0,4,0.001,1,0.001
410;452_0-400m,1139;1149_0-400m,0,0,2,0.001,2,0,2,0,3,0.001,0,0
410;452_0-400m,1139;1149_400-800m,0,0,0,0,0,0,0,0,0,0,0,0
410;452_0-400m,1138;1150;1137_0-400m,0,0,0,0,0,0,1,0,5,0.001,1,0.001
410;452_0-400m,1138;1150;1137_400-800m,0,0,0,0,1,0,1,0,0,0,0,0
410;452_0-400m,1124;1164_0-400m,0,0,2,0.001,4,0.001,3,0.001,1,0,0,0
410;452_0-400m,1124;1164_400-800m,0,0,1,0,4,0.001,1,0,1,0,0,0
410;452_0-400m,343;349_0-400m,0,0,1,0,2,0,2,0,0,0,1,0.001
410;452_0-400m,343;349_400-800m,0,0,0,0,1,0,1,0,0,0,0,0
410;452_0-400m,1136;1151_0-400m,1,0.003,0,0,1,0,1,0,1,0,0,0
410;452_0-400m,1136;1151_400-800m,0,0,0,0,1,0,0,0,1,0,0,0
410;452_0-400m,342;350_0-400m,0,0,2,0.001,4,0.001,2,0,6,0.002,2,0.002
410;452_0-400m,342;350_400-800m,0,0,0,0,0,0,1,0,0,0,2,0.002
410;452_0-400m,1141;1147_0-400m,0,0,1,0,2,0,1,0,1,0,0,0
410;452_0-400m,1141;1147_400-800m,0,0,0,0,0,0,0,0,0,0,0,0
410;452_0-400m,1132;1155;1156_0-400m,0,0,1,0,2,0,1,0,0,0,1,0.001
410;452_0-400m,1132;1155;1156_400-800m,0,0,0,0,1,0,0,0,0,0,1,0.001
410;452_0-400m,1133;1154_0-400m,0,0,0,0,0,0,0,0,1,0,0,0
410;452_0-400m,1133;1154_400-800m,0,0,0,0,0,0,0,0,0,0,0,0
410;452_0-400m,1130;1159;1160_0-400m,0,0,2,0.001,13,0.002,1,0,3,0.001,0,0
410;452_0-400m,1130;1159;1160_400-800m,0,0,0,0,0,0,0,0,0,0,0,0
410;452_0-400m,345;347_0-400m,0,0,1,0,2,0,2,0,3,0.001,2,0.002
410;452_0-400m,345;347_400-800m,1,0.003,2,0.001,21,0.003,5,0.001,14,0.004,1,0.001
410;452_0-400m,344;348_0-400m,0,0,1,0,1,0,1,0,1,0,0,0
410;452_0-400m,344;348_400-800m,0,0,1,0,4,0.001,3,0.001,4,0.001,3,0.004
410;452_0-400m,1140;1148_0-400m,0,0,1,0,1,0,0,0,1,0,0,0
410;452_0-400m,1140;1148_400-800m,0,0,0,0,2,0,5,0.001,2,0.001,0,0
410;452_0-400m,1127;1161_0-400m,0,0,0,0,2,0,1,0,1,0,0,0
410;452_0-400m,1127;1161_400-800m,0,0,0,0,0,0,0,0,0,0,0,0
410;452_0-400m,1855_0-400m,0,0,0,0,0,0,0,0,0,0,0,0
410;452_0-400m,1855_400-800m,0,0,0,0,0,0,0,0,0,0,0,0
410;452_0-400m,187;204_0-400m,0,0,1,0,0,0,0,0,0,0,0,0
410;452_0-400m,187;204_400-800m,0,0,0,0,3,0,0,0,0,0,0,0
410;452_0-400m,661;674_0-400m,0,0,1,0,1,0,0,0,2,0.001,0,0
410;452_0-400m,661;674_400-800m,0,0,0,0,1,0,0,0,0,0,0,0
410;452_0-400m,184;207_0-400m,0,0,1,0,0,0,1,0,3,0.001,0,0
410;452_0-400m,184;207_400-800m,0,0,1,0,2,0,0,0,4,0.001,0,0
410;452_0-400m,657;678_0-400m,0,0,0,0,6,0.001,2,0,4,0.001,0,0
410;452_0-400m,657;678_400-800m,0,0,0,0,0,0,0,0,0,0,0,0
410;452_0-400m,656;679_0-400m,0,0,1,0,6,0.001,5,0.001,6,0.002,0,0
410;452_0-400m,656;679_400-800m,0,0,0,0,0,0,0,0,0,0,0,0
410;452_0-400m,1383;1461;1384_0-400m,0,0,4,0.001,9,0.001,6,0.001,6,0.002,2,0.002
410;452_0-400m,1383;1461;1384_400-800m,0,0,0,0,3,0,4,0.001,1,0,0,0
410;452_0-400m,665;670_0-400m,0,0,2,0.001,9,0.001,0,0,1,0,2,0.002
410;452_0-400m,665;670_400-800m,0,0,0,0,3,0,0,0,0,0,0,0
410;452_0-400m,659;676;675_0-400m,0,0,1,0,2,0,4,0.001,1,0,0,0
410;452_0-400m,659;676;675_400-800m,0,0,2,0.001,0,0,1,0,2,0.001,1,0.001
410;452_0-400m,664;671_0-400m,1,0.003,1,0,4,0.001,5,0.001,2,0.001,0,0
410;452_0-400m,664;671_400-800m,0,0,1,0,6,0.001,4,0.001,1,0,2,0.002
410;452_0-400m,185;206_0-400m,1,0.003,0,0,2,0,0,0,1,0,0,0
410;452_0-400m,185;206_400-800m,0,0,0,0,0,0,1,0,0,0,0,0
410;452_0-400m,662;673_0-400m,2,0.006,3,0.001,6,0.001,3,0.001,3,0.001,3,0.004
410;452_0-400m,662;673_400-800m,0,0,1,0,3,0,4,0.001,6,0.002,0,0
410;452_0-400m,1385;1459_0-400m,0,0,3,0.001,10,0.001,6,0.001,9,0.002,2,0.002
410;452_0-400m,1385;1459_400-800m,0,0,0,0,1,0,1,0,2,0.001,0,0
410;452_0-400m,658;677_0-400m,0,0,0,0,5,0.001,0,0,0,0,0,0
410;452_0-400m,658;677_400-800m,0,0,0,0,0,0,0,0,0,0,0,0
410;452_0-400m,663;672_0-400m,0,0,1,0,9,0.001,2,0,3,0.001,1,0.001
410;452_0-400m,663;672_400-800m,0,0,0,0,0,0,0,0,2,0.001,0,0
410;452_0-400m,183;209_0-400m,0,0,1,0,5,0.001,2,0,2,0.001,0,0
410;452_0-400m,183;209_400-800m,0,0,0,0,2,0,1,0,0,0,0,0
410;452_0-400m,186;205_0-400m,0,0,0,0,0,0,0,0,2,0.001,0,0
410;452_0-400m,186;205_400-800m,0,0,0,0,0,0,0,0,0,0,0,0
410;452_0-400m,188;203_0-400m,0,0,0,0,3,0,1,0,3,0.001,1,0.001
410;452_0-400m,188;203_400-800m,0,0,2,0.001,3,0,2,0,4,0.001,2,0.002
410;452_0-400m,388;823_0-400m,0,0,5,0.002,38,0.005,15,0.003,13,0.003,0,0
410;452_0-400m,388;823_400-800m,0,0,6,0.002,4,0.001,3,0.001,0,0,0,0
410;452_0-400m,1386;95_0-400m,1,0.003,6,0.002,6,0.001,4,0.001,5,0.001,1,0.001
410;452_0-400m,1386;95_400-800m,0,0,0,0,5,0.001,0,0,0,0,0,0
410;452_0-400m,Orange_0-400m,9,0.027,40,0.015,103,0.013,58,0.013,40,0.01,8,0.01
410;452_0-400m,Blue_0-400m,1,0.003,1,0,13,0.002,10,0.002,1,0,0,0
410;452_0-400m,Green_0-400m,0,0,5,0.002,5,0.001,8,0.002,3,0.001,1,0.001
410;452_0-400m,Orange_400-800m,0,0,4,0.001,22,0.003,15,0.003,10,0.003,4,0.005
410;452_0-400m,Blue_400-800m,0,0,1,0,7,0.001,1,0,4,0.001,1,0.001
410;452_0-400m,Green_400-800m,0,0,0,0,5,0.001,5,0.001,2,0.001,1,0.001
410;452_0-400m,External,44,0.134,385,0.142,1134,0.144,775,0.17,640,0.163,120,0.149
410;452_400-800m,415;448_0-400m,0,0,4,0.001,19,0.002,16,0.004,8,0.002,1,0.001
410;452_400-800m,415;448_400-800m,0,0,1,0,7,0.001,10,0.002,8,0.002,1,0.001
410;452_400-800m,408;455_0-400m,1,0.003,9,0.003,26,0.003,11,0.002,22,0.006,3,0.004
410;452_400-800m,408;455_400-800m,0,0,3,0.001,8,0.001,6,0.001,11,0.003,2,0.002
410;452_400-800m,412;451_0-400m,1,0.003,0,0,10,0.001,9,0.002,12,0.003,0,0
410;452_400-800m,412;451_400-800m,0,0,10,0.004,43,0.005,24,0.005,37,0.009,7,0.009
410;452_400-800m,416;447_0-400m,1,0.003,1,0,19,0.002,11,0.002,13,0.003,4,0.005
410;452_400-800m,416;447_400-800m,1,0.003,5,0.002,31,0.004,14,0.003,12,0.003,1,0.001
410;452_400-800m,410;452_0-400m,0,0,2,0.001,27,0.003,16,0.004,13,0.003,5,0.006
410;452_400-800m,410;452_400-800m,1,0.003,16,0.006,55,0.007,31,0.007,47,0.012,5,0.006
410;452_400-800m,414;449_0-400m,0,0,2,0.001,13,0.002,10,0.002,11,0.003,3,0.004
410;452_400-800m,414;449_400-800m,0,0,4,0.001,14,0.002,7,0.002,6,0.002,4,0.005
410;452_400-800m,407;456_0-400m,1,0.003,2,0.001,15,0.002,11,0.002,10,0.003,2,0.002
410;452_400-800m,407;456_400-800m,2,0.006,4,0.001,24,0.003,12,0.003,15,0.004,0,0
410;452_400-800m,413;450_0-400m,0,0,1,0,23,0.003,11,0.002,12,0.003,2,0.002
410;452_400-800m,413;450_400-800m,0,0,3,0.001,36,0.005,26,0.006,30,0.008,9,0.011
410;452_400-800m,419;444;420_0-400m,2,0.006,8,0.003,17,0.002,15,0.003,15,0.004,7,0.009
410;452_400-800m,419;444;420_400-800m,0,0,5,0.002,8,0.001,9,0.002,11,0.003,1,0.001
410;452_400-800m,417;445_0-400m,0,0,4,0.001,16,0.002,7,0.002,8,0.002,3,0.004
410;452_400-800m,417;445_400-800m,0,0,7,0.003,32,0.004,13,0.003,15,0.004,1,0.001
410;452_400-800m,405;457_0-400m,1,0.003,10,0.004,55,0.007,35,0.008,37,0.009,3,0.004
410;452_400-800m,405;457_400-800m,0,0,0,0,4,0.001,2,0,0,0,0,0
410;452_400-800m,404;459_0-400m,3,0.009,11,0.004,82,0.01,52,0.011,38,0.01,10,0.012
410;452_400-800m,404;459_400-800m,1,0.003,11,0.004,63,0.008,44,0.01,43,0.011,4,0.005
410;452_400-800m,421;442_0-400m,1,0.003,16,0.006,41,0.005,23,0.005,21,0.005,7,0.009
410;452_400-800m,421;442_400-800m,0,0,2,0.001,9,0.001,12,0.003,3,0.001,2,0.002
410;452_400-800m,196;24;1508_0-400m,0,0,10,0.004,17,0.002,9,0.002,9,0.002,1,0.001
410;452_400-800m,196;24;1508_400-800m,1,0.003,0,0,3,0,6,0.001,5,0.001,0,0
410;452_400-800m,409;453_0-400m,0,0,1,0,33,0.004,15,0.003,16,0.004,4,0.005
410;452_400-800m,409;453_400-800m,1,0.003,7,0.003,38,0.005,16,0.004,25,0.006,7,0.009
410;452_400-800m,1503_0-400m,1,0.003,15,0.006,29,0.004,16,0.004,17,0.004,3,0.004
410;452_400-800m,1503_400-800m,0,0,1,0,4,0.001,1,0,2,0.001,3,0.004
410;452_400-800m,1125;1163;1162_0-400m,0,0,0,0,2,0,0,0,0,0,0,0
410;452_400-800m,1125;1163;1162_400-800m,0,0,0,0,0,0,0,0,0,0,0,0
410;452_400-800m,1134;1153_0-400m,0,0,0,0,0,0,0,0,1,0,1,0.001
410;452_400-800m,1134;1153_400-800m,0,0,0,0,0,0,0,0,4,0.001,0,0
410;452_400-800m,21;28;1612_0-400m,0,0,4,0.001,6,0.001,7,0.002,5,0.001,3,0.004
410;452_400-800m,21;28;1612_400-800m,0,0,7,0.003,7,0.001,7,0.002,4,0.001,1,0.001
410;452_400-800m,1131;1158_0-400m,0,0,0,0,2,0,0,0,0,0,1,0.001
410;452_400-800m,1131;1158_400-800m,0,0,0,0,1,0,0,0,1,0,0,0
410;452_400-800m,1135;1152_0-400m,0,0,0,0,0,0,3,0.001,5,0.001,1,0.001
410;452_400-800m,1135;1152_400-800m,0,0,0,0,0,0,0,0,0,0,0,0
410;452_400-800m,584;604_0-400m,0,0,0,0,1,0,1,0,2,0.001,0,0
410;452_400-800m,584;604_400-800m,0,0,1,0,2,0,3,0.001,4,0.001,0,0
410;452_400-800m,1139;1149_0-400m,0,0,1,0,2,0,2,0,3,0.001,0,0
410;452_400-800m,1139;1149_400-800m,0,0,0,0,0,0,0,0,2,0.001,0,0
410;452_400-800m,1138;1150;1137_0-400m,0,0,0,0,1,0,6,0.001,3,0.001,1,0.001
410;452_400-800m,1138;1150;1137_400-800m,0,0,0,0,0,0,0,0,0,0,0,0
410;452_400-800m,1124;1164_0-400m,0,0,1,0,4,0.001,1,0,2,0.001,1,0.001
410;452_400-800m,1124;1164_400-800m,0,0,1,0,5,0.001,3,0.001,2,0.001,0,0
410;452_400-800m,343;349_0-400m,0,0,2,0.001,1,0,8,0.002,1,0,3,0.004
410;452_400-800m,343;349_400-800m,0,0,2,0.001,3,0,0,0,1,0,0,0
410;452_400-800m,1136;1151_0-400m,0,0,0,0,1,0,0,0,0,0,0,0
410;452_400-800m,1136;1151_400-800m,0,0,0,0,1,0,0,0,0,0,0,0
410;452_400-800m,342;350_0-400m,0,0,2,0.001,2,0,2,0,3,0.001,1,0.001
410;452_400-800m,342;350_400-800m,0,0,0,0,0,0,1,0,0,0,1,0.001
410;452_400-800m,1141;1147_0-400m,0,0,0,0,3,0,2,0,1,0,0,0
410;452_400-800m,1141;1147_400-800m,0,0,0,0,0,0,0,0,0,0,0,0
410;452_400-800m,1132;1155;1156_0-400m,0,0,0,0,2,0,0,0,1,0,0,0
410;452_400-800m,1132;1155;1156_400-800m,0,0,0,0,0,0,1,0,1,0,0,0
410;452_400-800m,1133;1154_0-400m,0,0,1,0,0,0,1,0,1,0,0,0
410;452_400-800m,1133;1154_400-800m,0,0,0,0,0,0,0,0,1,0,0,0
410;452_400-800m,1130;1159;1160_0-400m,0,0,1,0,5,0.001,2,0,2,0.001,0,0
410;452_400-800m,1130;1159;1160_400-800m,0,0,0,0,0,0,0,0,0,0,0,0
410;452_400-800m,345;347_0-400m,0,0,2,0.001,3,0,8,0.002,7,0.002,3,0.004
410;452_400-800m,345;347_400-800m,0,0,1,0,15,0.002,11,0.002,14,0.004,6,0.007
410;452_400-800m,344;348_0-400m,0,0,0,0,0,0,4,0.001,3,0.001,0,0
410;452_400-800m,344;348_400-800m,0,0,3,0.001,3,0,5,0.001,5,0.001,2,0.002
410;452_400-800m,1140;1148_0-400m,0,0,1,0,2,0,0,0,2,0.001,1,0.001
410;452_400-800m,1140;1148_400-800m,0,0,0,0,1,0,1,0,0,0,0,0
410;452_400-800m,1127;1161_0-400m,0,0,1,0,0,0,1,0,0,0,0,0
410;452_400-800m,1127;1161_400-800m,0,0,0,0,0,0,0,0,0,0,0,0
410;452_400-800m,1855_0-400m,0,0,0,0,1,0,1,0,0,0,0,0
410;452_400-800m,1855_400-800m,0,0,0,0,0,0,0,0,0,0,0,0
410;452_400-800m,187;204_0-400m,0,0,0,0,2,0,1,0,1,0,1,0.001
410;452_400-800m,187;204_400-800m,0,0,0,0,0,0,2,0,2,0.001,0,0
410;452_400-800m,661;674_0-400m,0,0,1,0,3,0,1,0,1,0,0,0
410;452_400-800m,661;674_400-800m,0,0,0,0,2,0,1,0,0,0,0,0
410;452_400-800m,184;207_0-400m,0,0,1,0,2,0,2,0,0,0,0,0
410;452_400-800m,184;207_400-800m,0,0,1,0,1,0,0,0,0,0,0,0
410;452_400-800m,657;678_0-400m,0,0,0,0,10,0.001,7,0.002,2,0.001,0,0
410;452_400-800m,657;678_400-800m,0,0,0,0,1,0,0,0,0,0,0,0
410;452_400-800m,656;679_0-400m,0,0,0,0,3,0,0,0,0,0,1,0.001
410;452_400-800m,656;679_400-800m,0,0,0,0,0,0,0,0,0,0,0,0
410;452_400-800m,1383;1461;1384_0-400m,3,0.009,3,0.001,1,0,6,0.001,6,0.002,1,0.001
410;452_400-800m,1383;1461;1384_400-800m,0,0,3,0.001,3,0,4,0.001,5,0.001,2,0.002
410;452_400-800m,665;670_0-400m,2,0.006,2,0.001,4,0.001,1,0,1,0,4,0.005
410;452_400-800m,665;670_400-800m,0,0,2,0.001,3,0,3,0.001,2,0.001,1,0.001
410;452_400-800m,659;676;675_0-400m,0,0,1,0,4,0.001,0,0,1,0,0,0
410;452_400-800m,659;676;675_400-800m,0,0,2,0.001,2,0,1,0,0,0,0,0
410;452_400-800m,664;671_0-400m,4,0.012,2,0.001,6,0.001,1,0,3,0.001,0,0
410;452_400-800m,664;671_400-800m,0,0,7,0.003,6,0.001,0,0,4,0.001,2,0.002
410;452_400-800m,185;206_0-400m,0,0,1,0,2,0,0,0,4,0.001,1,0.001
410;452_400-800m,185;206_400-800m,0,0,0,0,0,0,0,0,0,0,0,0
410;452_400-800m,662;673_0-400m,2,0.006,3,0.001,9,0.001,2,0,7,0.002,1,0.001
410;452_400-800m,662;673_400-800m,0,0,1,0,2,0,3,0.001,1,0,2,0.002
410;452_400-800m,1385;1459_0-400m,0,0,4,0.001,15,0.002,3,0.001,7,0.002,1,0.001
410;452_400-800m,1385;1459_400-800m,0,0,1,0,0,0,1,0,0,0,2,0.002
410;452_400-800m,658;677_0-400m,0,0,1,0,2,0,0,0,1,0,0,0
410;452_400-800m,658;677_400-800m,0,0,0,0,0,0,0,0,0,0,0,0
410;452_400-800m,663;672_0-400m,1,0.003,1,0,5,0.001,1,0,3,0.001,0,0
410;452_400-800m,663;672_400-800m,0,0,0,0,6,0.001,4,0.001,4,0.001,0,0
410;452_400-800m,183;209_0-400m,0,0,2,0.001,3,0,1,0,2,0.001,0,0
410;452_400-800m,183;209_400-800m,0,0,0,0,0,0,0,0,1,0,0,0
410;452_400-800m,186;205_0-400m,0,0,0,0,1,0,2,0,3,0.001,0,0
410;452_400-800m,186;205_400-800m,0,0,0,0,1,0,0,0,0,0,0,0
410;452_400-800m,188;203_0-400m,9,0.027,1,0,7,0.001,2,0,3,0.001,0,0
410;452_400-800m,188;203_400-800m,1,0.003,0,0,3,0,2,0,9,0.002,6,0.007
410;452_400-800m,388;823_0-400m,1,0.003,4,0.001,23,0.003,10,0.002,8,0.002,0,0
410;452_400-800m,388;823_400-800m,0,0,2,0.001,6,0.001,1,0,4,0.001,0,0
410;452_400-800m,1386;95_0-400m,1,0.003,5,0.002,4,0.001,1,0,2,0.001,1,0.001
410;452_400-800m,1386;95_400-800m,0,0,1,0,0,0,0,0,0,0,0,0
410;452_400-800m,Orange_0-400m,10,0.03,41,0.015,125,0.016,103,0.023,98,0.025,11,0.014
410;452_400-800m,Blue_0-400m,4,0.012,1,0,17,0.002,2,0,3,0.001,1,0.001
410;452_400-800m,Green_0-400m,2,0.006,13,0.005,4,0.001,11,0.002,7,0.002,1,0.001
410;452_400-800m,Orange_400-800m,1,0.003,5,0.002,37,0.005,23,0.005,34,0.009,3,0.004
410;452_400-800m,Blue_400-800m,3,0.009,1,0,3,0,4,0.001,5,0.001,0,0
410;452_400-800m,Green_400-800m,1,0.003,0,0,7,0.001,5,0.001,4,0.001,0,0
410;452_400-800m,External,81,0.247,497,0.183,1173,0.149,681,0.15,769,0.196,148,0.184
414;449_0-400m,415;448_0-400m,2,0.006,10,0.004,53,0.007,16,0.004,25,0.006,2,0.002
414;449_0-400m,415;448_400-800m,0,0,6,0.002,4,0.001,2,0,9,0.002,0,0
414;449_0-400m,408;455_0-400m,2,0.006,8,0.003,30,0.004,12,0.003,18,0.005,4,0.005
414;449_0-400m,408;455_400-800m,0,0,1,0,2,0,3,0.001,3,0.001,0,0
414;449_0-400m,412;451_0-400m,0,0,5,0.002,22,0.003,7,0.002,15,0.004,2,0.002
414;449_0-400m,412;451_400-800m,1,0.003,3,0.001,26,0.003,10,0.002,13,0.003,2,0.002
414;449_0-400m,416;447_0-400m,2,0.006,3,0.001,25,0.003,6,0.001,6,0.002,5,0.006
414;449_0-400m,416;447_400-800m,2,0.006,9,0.003,35,0.004,15,0.003,14,0.004,3,0.004
414;449_0-400m,410;452_0-400m,0,0,5,0.002,32,0.004,20,0.004,9,0.002,3,0.004
414;449_0-400m,410;452_400-800m,1,0.003,3,0.001,23,0.003,11,0.002,9,0.002,3,0.004
414;449_0-400m,414;449_0-400m,0,0,19,0.007,56,0.007,32,0.007,34,0.009,10,0.012
414;449_0-400m,414;449_400-800m,0,0,6,0.002,22,0.003,12,0.003,6,0.002,2,0.002
414;449_0-400m,407;456_0-400m,0,0,0,0,10,0.001,3,0.001,5,0.001,1,0.001
414;449_0-400m,407;456_400-800m,1,0.003,1,0,10,0.001,8,0.002,5,0.001,5,0.006
414;449_0-400m,413;450_0-400m,1,0.003,15,0.006,37,0.005,19,0.004,12,0.003,4,0.005
414;449_0-400m,413;450_400-800m,0,0,10,0.004,31,0.004,20,0.004,34,0.009,7,0.009
414;449_0-400m,419;444;420_0-400m,2,0.006,17,0.006,41,0.005,28,0.006,21,0.005,4,0.005
414;449_0-400m,419;444;420_400-800m,1,0.003,2,0.001,19,0.002,8,0.002,8,0.002,2,0.002
414;449_0-400m,417;445_0-400m,0,0,4,0.001,24,0.003,12,0.003,12,0.003,2,0.002
414;449_0-400m,417;445_400-800m,2,0.006,3,0.001,24,0.003,23,0.005,13,0.003,1,0.001
414;449_0-400m,405;457_0-400m,0,0,3,0.001,30,0.004,17,0.004,9,0.002,0,0
414;449_0-400m,405;457_400-800m,0,0,0,0,2,0,1,0,3,0.001,0,0
414;449_0-400m,404;459_0-400m,2,0.006,11,0.004,20,0.003,19,0.004,11,0.003,2,0.002
414;449_0-400m,404;459_400-800m,4,0.012,5,0.002,29,0.004,17,0.004,11,0.003,4,0.005
414;449_0-400m,421;442_0-400m,2,0.006,28,0.01,57,0.007,23,0.005,24,0.006,7,0.009
414;449_0-400m,421;442_400-800m,1,0.003,1,0,10,0.001,9,0.002,6,0.002,2,0.002
414;449_0-400m,196;24;1508_0-400m,1,0.003,12,0.004,23,0.003,8,0.002,16,0.004,4,0.005
414;449_0-400m,196;24;1508_400-800m,0,0,2,0.001,4,0.001,4,0.001,3,0.001,0,0
414;449_0-400m,409;453_0-400m,0,0,6,0.002,26,0.003,6,0.001,15,0.004,2,0.002
414;449_0-400m,409;453_400-800m,0,0,4,0.001,14,0.002,6,0.001,8,0.002,0,0
414;449_0-400m,1503_0-400m,4,0.012,8,0.003,33,0.004,19,0.004,14,0.004,8,0.01
414;449_0-400m,1503_400-800m,2,0.006,0,0,3,0,2,0,3,0.001,1,0.001
414;449_0-400m,1125;1163;1162_0-400m,0,0,0,0,2,0,0,0,1,0,0,0
414;449_0-400m,1125;1163;1162_400-800m,0,0,0,0,0,0,0,0,0,0,0,0
414;449_0-400m,1134;1153_0-400m,0,0,0,0,0,0,0,0,0,0,0,0
414;449_0-400m,1134;1153_400-800m,0,0,1,0,0,0,0,0,1,0,0,0
414;449_0-400m,21;28;1612_0-400m,1,0.003,2,0.001,16,0.002,12,0.003,5,0.001,1,0.001
414;449_0-400m,21;28;1612_400-800m,2,0.006,3,0.001,7,0.001,3,0.001,2,0.001,1,0.001
414;449_0-400m,1131;1158_0-400m,2,0.006,0,0,1,0,0,0,0,0,0,0
414;449_0-400m,1131;1158_400-800m,0,0,0,0,0,0,0,0,0,0,0,0
414;449_0-400m,1135;1152_0-400m,0,0,0,0,3,0,0,0,3,0.001,0,0
414;449_0-400m,1135;1152_400-800m,0,0,0,0,0,0,0,0,0,0,0,0
414;449_0-400m,584;604_0-400m,0,0,3,0.001,1,0,0,0,0,0,1,0.001
414;449_0-400m,584;604_400-800m,0,0,0,0,3,0,1,0,3,0.001,0,0
414;449_0-400m,1139;1149_0-400m,0,0,1,0,3,0,0,0,1,0,1,0.001
414;449_0-400m,1139;1149_400-800m,0,0,1,0,1,0,0,0,0,0,0,0
414;449_0-400m,1138;1150;1137_0-400m,0,0,1,0,5,0.001,1,0,2,0.001,1,0.001
414;449_0-400m,1138;1150;1137_400-800m,0,0,0,0,0,0,0,0,0,0,0,0
414;449_0-400m,1124;1164_0-400m,1,0.003,4,0.001,3,0,2,0,1,0,0,0
414;449_0-400m,1124;1164_400-800m,0,0,3,0.001,4,0.001,1,0,3,0.001,0,0
414;449_0-400m,343;349_0-400m,0,0,0,0,1,0,2,0,1,0,1,0.001
414;449_0-400m,343;349_400-800m,0,0,0,0,1,0,0,0,2,0.001,0,0
414;449_0-400m,1136;1151_0-400m,0,0,2,0.001,3,0,2,0,0,0,1,0.001
414;449_0-400m,1136;1151_400-800m,0,0,0,0,2,0,1,0,0,0,0,0
414;449_0-400m,342;350_0-400m,0,0,1,0,5,0.001,0,0,2,0.001,1,0.001
414;449_0-400m,342;350_400-800m,0,0,0,0,0,0,0,0,2,0.001,0,0
414;449_0-400m,1141;1147_0-400m,0,0,0,0,1,0,1,0,2,0.001,1,0.001
414;449_0-400m,1141;1147_400-800m,0,0,0,0,0,0,0,0,0,0,0,0
414;449_0-400m,1132;1155;1156_0-400m,1,0.003,0,0,3,0,0,0,0,0,0,0
414;449_0-400m,1132;1155;1156_400-800m,0,0,0,0,0,0,0,0,0,0,0,0
414;449_0-400m,1133;1154_0-400m,0,0,0,0,2,0,0,0,1,0,0,0
414;449_0-400m,1133;1154_400-800m,0,0,0,0,2,0,1,0,0,0,0,0
414;449_0-400m,1130;1159;1160_0-400m,4,0.012,1,0,2,0,1,0,2,0.001,1,0.001
414;449_0-400m,1130;1159;1160_400-800m,0,0,0,0,0,0,0,0,0,0,0,0
414;449_0-400m,345;347_0-400m,0,0,2,0.001,3,0,4,0.001,1,0,4,0.005
414;449_0-400m,345;347_400-800m,0,0,1,0,11,0.001,8,0.002,10,0.003,2,0.002
414;449_0-400m,344;348_0-400m,0,0,0,0,3,0,1,0,2,0.001,3,0.004
414;449_0-400m,344;348_400-800m,0,0,0,0,4,0.001,2,0,4,0.001,2,0.002
414;449_0-400m,1140;1148_0-400m,0,0,0,0,1,0,1,0,1,0,0,0
414;449_0-400m,1140;1148_400-800m,0,0,0,0,3,0,1,0,2,0.001,0,0
414;449_0-400m,1127;1161_0-400m,1,0.003,1,0,1,0,2,0,2,0.001,1,0.001
414;449_0-400m,1127;1161_400-800m,0,0,0,0,0,0,0,0,0,0,0,0
414;449_0-400m,1855_0-400m,0,0,0,0,0,0,0,0,0,0,0,0
414;449_0-400m,1855_400-800m,0,0,0,0,0,0,0,0,0,0,0,0
414;449_0-400m,187;204_0-400m,0,0,0,0,1,0,1,0,1,0,0,0
414;449_0-400m,187;204_400-800m,1,0.003,0,0,1,0,0,0,1,0,0,0
414;449_0-400m,661;674_0-400m,0,0,0,0,1,0,0,0,0,0,0,0
414;449_0-400m,661;674_400-800m,0,0,0,0,0,0,0,0,0,0,0,0
414;449_0-400m,184;207_0-400m,0,0,0,0,0,0,0,0,2,0.001,0,0
414;449_0-400m,184;207_400-800m,0,0,1,0,1,0,2,0,3,0.001,0,0
414;449_0-400m,657;678_0-400m,1,0.003,0,0,4,0.001,4,0.001,1,0,0,0
414;449_0-400m,657;678_400-800m,0,0,0,0,0,0,0,0,0,0,0,0
414;449_0-400m,656;679_0-400m,0,0,0,0,3,0,3,0.001,2,0.001,1,0.001
414;449_0-400m,656;679_400-800m,0,0,0,0,0,0,0,0,0,0,0,0
414;449_0-400m,1383;1461;1384_0-400m,1,0.003,6,0.002,2,0,3,0.001,6,0.002,2,0.002
414;449_0-400m,1383;1461;1384_400-800m,1,0.003,2,0.001,4,0.001,0,0,2,0.001,0,0
414;449_0-400m,665;670_0-400m,0,0,0,0,4,0.001,0,0,1,0,1,0.001
414;449_0-400m,665;670_400-800m,0,0,0,0,0,0,1,0,1,0,1,0.001
414;449_0-400m,659;676;675_0-400m,0,0,1,0,1,0,0,0,1,0,0,0
414;449_0-400m,659;676;675_400-800m,0,0,0,0,1,0,0,0,1,0,1,0.001
414;449_0-400m,664;671_0-400m,0,0,2,0.001,5,0.001,3,0.001,0,0,0,0
414;449_0-400m,664;671_400-800m,0,0,0,0,5,0.001,2,0,2,0.001,0,0
414;449_0-400m,185;206_0-400m,0,0,0,0,4,0.001,0,0,2,0.001,0,0
414;449_0-400m,185;206_400-800m,0,0,0,0,1,0,0,0,1,0,0,0
414;449_0-400m,662;673_0-400m,2,0.006,3,0.001,5,0.001,0,0,5,0.001,0,0
414;449_0-400m,662;673_400-800m,1,0.003,1,0,3,0,2,0,4,0.001,0,0
414;449_0-400m,1385;1459_0-400m,0,0,11,0.004,8,0.001,3,0.001,5,0.001,2,0.002
414;449_0-400m,1385;1459_400-800m,0,0,0,0,3,0,1,0,1,0,0,0
414;449_0-400m,658;677_0-400m,0,0,1,0,1,0,1,0,0,0,0,0
414;449_0-400m,658;677_400-800m,0,0,0,0,0,0,0,0,0,0,0,0
414;449_0-400m,663;672_0-400m,0,0,1,0,1,0,1,0,3,0.001,0,0
414;449_0-400m,663;672_400-800m,0,0,0,0,0,0,0,0,0,0,0,0
414;449_0-400m,183;209_0-400m,0,0,0,0,2,0,1,0,1,0,0,0
414;449_0-400m,183;209_400-800m,0,0,0,0,0,0,0,0,1,0,0,0
414;449_0-400m,186;205_0-400m,0,0,0,0,0,0,0,0,0,0,0,0
414;449_0-400m,186;205_400-800m,0,0,0,0,0,0,0,0,0,0,0,0
414;449_0-400m,188;203_0-400m,0,0,2,0.001,6,0.001,4,0.001,0,0,1,0.001
414;449_0-400m,188;203_400-800m,1,0.003,3,0.001,5,0.001,0,0,2,0.001,2,0.002
414;449_0-400m,388;823_0-400m,0,0,5,0.002,12,0.002,6,0.001,5,0.001,0,0
414;449_0-400m,388;823_400-800m,0,0,3,0.001,2,0,1,0,1,0,0,0
414;449_0-400m,1386;95_0-400m,0,0,13,0.005,6,0.001,4,0.001,1,0,1,0.001
414;449_0-400m,1386;95_400-800m,0,0,0,0,1,0,0,0,1,0,0,0
414;449_0-400m,Orange_0-400m,21,0.064,16,0.006,81,0.01,38,0.008,32,0.008,7,0.009
414;449_0-400m,Blue_0-400m,0,0,1,0,8,0.001,2,0,3,0.001,2,0.002
414;449_0-400m,Green_0-400m,0,0,4,0.001,10,0.001,3,0.001,4,0.001,5,0.006
414;449_0-400m,Orange_400-800m,1,0.003,15,0.006,15,0.002,8,0.002,9,0.002,2,0.002
414;449_0-400m,Blue_400-800m,0,0,2,0.001,5,0.001,1,0,3,0.001,2,0.002
414;449_0-400m,Green_400-800m,0,0,2,0.001,9,0.001,7,0.002,3,0.001,0,0
414;449_0-400m,External,79,0.241,324,0.119,875,0.111,432,0.095,384,0.098,89,0.111
414;449_400-800m,415;448_0-400m,1,0.003,6,0.002,27,0.003,9,0.002,11,0.003,3,0.004
414;449_400-800m,415;448_400-800m,0,0,5,0.002,16,0.002,4,0.001,10,0.003,3,0.004
414;449_400-800m,408;455_0-400m,1,0.003,2,0.001,7,0.001,8,0.002,6,0.002,5,0.006
414;449_400-800m,408;455_400-800m,0,0,0,0,3,0,7,0.002,8,0.002,0,0
414;449_400-800m,412;451_0-400m,1,0.003,0,0,23,0.003,7,0.002,13,0.003,1,0.001
414;449_400-800m,412;451_400-800m,0,0,3,0.001,23,0.003,10,0.002,15,0.004,3,0.004
414;449_400-800m,416;447_0-400m,0,0,2,0.001,13,0.002,6,0.001,15,0.004,2,0.002
414;449_400-800m,416;447_400-800m,2,0.006,2,0.001,18,0.002,19,0.004,15,0.004,3,0.004
414;449_400-800m,410;452_0-400m,0,0,0,0,14,0.002,15,0.003,13,0.003,4,0.005
414;449_400-800m,410;452_400-800m,1,0.003,3,0.001,16,0.002,11,0.002,12,0.003,4,0.005
414;449_400-800m,414;449_0-400m,1,0.003,3,0.001,7,0.001,10,0.002,12,0.003,2,0.002
414;449_400-800m,414;449_400-800m,1,0.003,8,0.003,32,0.004,12,0.003,16,0.004,4,0.005
414;449_400-800m,407;456_0-400m,1,0.003,1,0,6,0.001,2,0,3,0.001,1,0.001
414;449_400-800m,407;456_400-800m,0,0,2,0.001,10,0.001,12,0.003,11,0.003,6,0.007
414;449_400-800m,413;450_0-400m,0,0,5,0.002,29,0.004,16,0.004,14,0.004,4,0.005
414;449_400-800m,413;450_400-800m,0,0,8,0.003,19,0.002,22,0.005,15,0.004,3,0.004
414;449_400-800m,419;444;420_0-400m,0,0,5,0.002,18,0.002,12,0.003,11,0.003,4,0.005
414;449_400-800m,419;444;420_400-800m,1,0.003,5,0.002,13,0.002,8,0.002,7,0.002,3,0.004
414;449_400-800m,417;445_0-400m,0,0,4,0.001,9,0.001,6,0.001,2,0.001,2,0.002
414;449_400-800m,417;445_400-800m,0,0,2,0.001,14,0.002,19,0.004,10,0.003,1,0.001
414;449_400-800m,405;457_0-400m,0,0,8,0.003,22,0.003,18,0.004,14,0.004,3,0.004
414;449_400-800m,405;457_400-800m,0,0,0,0,3,0,1,0,2,0.001,0,0
414;449_400-800m,404;459_0-400m,2,0.006,6,0.002,19,0.002,14,0.003,11,0.003,1,0.001
414;449_400-800m,404;459_400-800m,1,0.003,2,0.001,20,0.003,9,0.002,6,0.002,1,0.001
414;449_400-800m,421;442_0-400m,1,0.003,10,0.004,42,0.005,18,0.004,15,0.004,4,0.005
414;449_400-800m,421;442_400-800m,0,0,3,0.001,13,0.002,5,0.001,7,0.002,7,0.009
414;449_400-800m,196;24;1508_0-400m,0,0,3,0.001,14,0.002,8,0.002,3,0.001,3,0.004
414;449_400-800m,196;24;1508_400-800m,0,0,2,0.001,13,0.002,3,0.001,4,0.001,1,0.001
414;449_400-800m,409;453_0-400m,0,0,1,0,13,0.002,8,0.002,5,0.001,0,0
414;449_400-800m,409;453_400-800m,1,0.003,3,0.001,19,0.002,9,0.002,14,0.004,3,0.004
414;449_400-800m,1503_0-400m,2,0.006,5,0.002,35,0.004,4,0.001,14,0.004,7,0.009
414;449_400-800m,1503_400-800m,0,0,2,0.001,2,0,2,0,4,0.001,1,0.001
414;449_400-800m,1125;1163;1162_0-400m,0,0,0,0,0,0,0,0,2,0.001,0,0
414;449_400-800m,1125;1163;1162_400-800m,0,0,0,0,0,0,0,0,0,0,0,0
414;449_400-800m,1134;1153_0-400m,0,0,0,0,1,0,0,0,0,0,0,0
414;449_400-800m,1134;1153_400-800m,0,0,1,0,0,0,1,0,0,0,0,0
414;449_400-800m,21;28;1612_0-400m,0,0,2,0.001,12,0.002,6,0.001,5,0.001,4,0.005
414;449_400-800m,21;28;1612_400-800m,0,0,3,0.001,11,0.001,3,0.001,6,0.002,2,0.002
414;449_400-800m,1131;1158_0-400m,0,0,0,0,2,0,0,0,2,0.001,0,0
414;449_400-800m,1131;1158_400-800m,0,0,0,0,1,0,0,0,0,0,0,0
414;449_400-800m,1135;1152_0-400m,0,0,0,0,3,0,4,0.001,3,0.001,0,0
414;449_400-800m,1135;1152_400-800m,0,0,0,0,0,0,1,0,0,0,0,0
414;449_400-800m,584;604_0-400m,0,0,2,0.001,1,0,1,0,1,0,1,0.001
414;449_400-800m,584;604_400-800m,0,0,2,0.001,2,0,2,0,2,0.001,0,0
414;449_400-800m,1139;1149_0-400m,1,0.003,1,0,4,0.001,1,0,2,0.001,2,0.002
414;449_400-800m,1139;1149_400-800m,0,0,1,0,0,0,0,0,0,0,0,0
414;449_400-800m,1138;1150;1137_0-400m,0,0,1,0,2,0,1,0,4,0.001,0,0
414;449_400-800m,1138;1150;1137_400-800m,0,0,0,0,0,0,0,0,0,0,0,0
414;449_400-800m,1124;1164_0-400m,0,0,1,0,1,0,1,0,1,0,0,0
414;449_400-800m,1124;1164_400-800m,0,0,0,0,5,0.001,0,0,4,0.001,0,0
414;449_400-800m,343;349_0-400m,0,0,1,0,6,0.001,2,0,5,0.001,3,0.004
414;449_400-800m,343;349_400-800m,0,0,2,0.001,0,0,1,0,0,0,0,0
414;449_400-800m,1136;1151_0-400m,0,0,0,0,2,0,0,0,1,0,0,0
414;449_400-800m,1136;1151_400-800m,0,0,0,0,0,0,0,0,1,0,0,0
414;449_400-800m,342;350_0-400m,0,0,4,0.001,6,0.001,2,0,2,0.001,0,0
414;449_400-800m,342;350_400-800m,0,0,0,0,5,0.001,1,0,0,0,0,0
414;449_400-800m,1141;1147_0-400m,0,0,1,0,0,0,1,0,1,0,0,0
414;449_400-800m,1141;1147_400-800m,0,0,0,0,0,0,0,0,0,0,0,0
414;449_400-800m,1132;1155;1156_0-400m,0,0,0,0,3,0,0,0,2,0.001,0,0
414;449_400-800m,1132;1155;1156_400-800m,0,0,0,0,0,0,0,0,1,0,0,0
414;449_400-800m,1133;1154_0-400m,0,0,1,0,1,0,1,0,1,0,0,0
414;449_400-800m,1133;1154_400-800m,0,0,0,0,1,0,0,0,0,0,0,0
414;449_400-800m,1130;1159;1160_0-400m,0,0,0,0,3,0,3,0.001,2,0.001,0,0
414;449_400-800m,1130;1159;1160_400-800m,0,0,0,0,0,0,0,0,0,0,0,0
414;449_400-800m,345;347_0-400m,0,0,2,0.001,3,0,7,0.002,4,0.001,2,0.002
414;449_400-800m,345;347_400-800m,1,0.003,1,0,11,0.001,10,0.002,17,0.004,5,0.006
414;449_400-800m,344;348_0-400m,0,0,2,0.001,3,0,4,0.001,2,0.001,2,0.002
414;449_400-800m,344;348_400-800m,0,0,4,0.001,5,0.001,8,0.002,8,0.002,3,0.004
414;449_400-800m,1140;1148_0-400m,0,0,0,0,0,0,0,0,0,0,1,0.001
414;449_400-800m,1140;1148_400-800m,0,0,0,0,1,0,0,0,0,0,0,0
414;449_400-800m,1127;1161_0-400m,0,0,0,0,2,0,1,0,1,0,0,0
414;449_400-800m,1127;1161_400-800m,0,0,0,0,0,0,0,0,0,0,0,0
414;449_400-800m,1855_0-400m,0,0,0,0,0,0,1,0,0,0,0,0
414;449_400-800m,1855_400-800m,0,0,0,0,0,0,0,0,0,0,0,0
414;449_400-800m,187;204_0-400m,0,0,1,0,2,0,2,0,3,0.001,0,0
414;449_400-800m,187;204_400-800m,0,0,0,0,4,0.001,0,0,1,0,0,0
414;449_400-800m,661;674_0-400m,0,0,1,0,1,0,0,0,2,0.001,0,0
414;449_400-800m,661;674_400-800m,0,0,0,0,0,0,0,0,0,0,0,0
414;449_400-800m,184;207_0-400m,0,0,1,0,0,0,2,0,2,0.001,0,0
414;449_400-800m,184;207_400-800m,0,0,1,0,1,0,1,0,2,0.001,0,0
414;449_400-800m,657;678_0-400m,0,0,1,0,0,0,1,0,1,0,0,0
414;449_400-800m,657;678_400-800m,0,0,0,0,0,0,0,0,0,0,0,0
414;449_400-800m,656;679_0-400m,0,0,0,0,0,0,1,0,2,0.001,0,0
414;449_400-800m,656;679_400-800m,0,0,0,0,0,0,0,0,0,0,0,0
414;449_400-800m,1383;1461;1384_0-400m,0,0,5,0.002,3,0,3,0.001,3,0.001,0,0
414;449_400-800m,1383;1461;1384_400-800m,0,0,1,0,3,0,0,0,4,0.001,0,0
414;449_400-800m,665;670_0-400m,0,0,4,0.001,2,0,0,0,0,0,0,0
414;449_400-800m,665;670_400-800m,0,0,0,0,0,0,2,0,2,0.001,2,0.002
414;449_400-800m,659;676;675_0-400m,0,0,1,0,4,0.001,1,0,1,0,0,0
414;449_400-800m,659;676;675_400-800m,0,0,0,0,1,0,0,0,2,0.001,0,0
414;449_400-800m,664;671_0-400m,0,0,3,0.001,3,0,2,0,3,0.001,0,0
414;449_400-800m,664;671_400-800m,0,0,1,0,5,0.001,4,0.001,5,0.001,0,0
414;449_400-800m,185;206_0-400m,0,0,2,0.001,2,0,2,0,1,0,3,0.004
414;449_400-800m,185;206_400-800m,0,0,0,0,1,0,0,0,1,0,1,0.001
414;449_400-800m,662;673_0-400m,0,0,3,0.001,8,0.001,4,0.001,2,0.001,1,0.001
414;449_400-800m,662;673_400-800m,0,0,1,0,6,0.001,3,0.001,1,0,2,0.002
414;449_400-800m,1385;1459_0-400m,1,0.003,4,0.001,4,0.001,5,0.001,5,0.001,5,0.006
414;449_400-800m,1385;1459_400-800m,0,0,2,0.001,2,0,0,0,3,0.001,0,0
414;449_400-800m,658;677_0-400m,0,0,0,0,3,0,1,0,0,0,0,0
414;449_400-800m,658;677_400-800m,0,0,1,0,0,0,0,0,0,0,0,0
414;449_400-800m,663;672_0-400m,0,0,1,0,2,0,1,0,4,0.001,0,0
414;449_400-800m,663;672_400-800m,0,0,0,0,1,0,0,0,2,0.001,2,0.002
414;449_400-800m,183;209_0-400m,0,0,0,0,2,0,0,0,0,0,0,0
414;449_400-800m,183;209_400-800m,0,0,1,0,2,0,0,0,0,0,0,0
414;449_400-800m,186;205_0-400m,0,0,1,0,0,0,0,0,1,0,0,0
414;449_400-800m,186;205_400-800m,0,0,0,0,0,0,0,0,0,0,0,0
414;449_400-800m,188;203_0-400m,0,0,0,0,3,0,2,0,2,0.001,2,0.002
414;449_400-800m,188;203_400-800m,0,0,1,0,4,0.001,2,0,4,0.001,1,0.001
414;449_400-800m,388;823_0-400m,0,0,1,0,8,0.001,14,0.003,1,0,0,0
414;449_400-800m,388;823_400-800m,0,0,1,0,2,0,0,0,2,0.001,0,0
414;449_400-800m,1386;95_0-400m,2,0.006,4,0.001,9,0.001,1,0,2,0.001,0,0
414;449_400-800m,1386;95_400-800m,0,0,0,0,3,0,2,0,2,0.001,0,0
414;449_400-800m,Orange_0-400m,1,0.003,14,0.005,61,0.008,48,0.011,36,0.009,9,0.011
414;449_400-800m,Blue_0-400m,1,0.003,4,0.001,2,0,2,0,1,0,0,0
414;449_400-800m,Green_0-400m,3,0.009,0,0,9,0.001,2,0,6,0.002,0,0
414;449_400-800m,Orange_400-800m,0,0,14,0.005,26,0.003,11,0.002,10,0.003,2,0.002
414;449_400-800m,Blue_400-800m,1,0.003,5,0.002,7,0.001,1,0,5,0.001,2,0.002
414;449_400-800m,Green_400-800m,0,0,4,0.001,6,0.001,2,0,2,0.001,1,0.001
414;449_400-800m,External,56,0.171,342,0.126,921,0.117,573,0.126,472,0.121,123,0.153
407;456_0-400m,415;448_0-400m,2,0.006,2,0.001,16,0.002,10,0.002,11,0.003,2,0.002
407;456_0-400m,415;448_400-800m,0,0,1,0,7,0.001,3,0.001,3,0.001,2,0.002
407;456_0-400m,408;455_0-400m,0,0,6,0.002,40,0.005,18,0.004,23,0.006,6,0.007
407;456_0-400m,408;455_400-800m,0,0,3,0.001,9,0.001,7,0.002,6,0.002,0,0
407;456_0-400m,412;451_0-400m,1,0.003,3,0.001,14,0.002,8,0.002,12,0.003,2,0.002
407;456_0-400m,412;451_400-800m,0,0,0,0,20,0.003,9,0.002,7,0.002,3,0.004
407;456_0-400m,416;447_0-400m,2,0.006,2,0.001,12,0.002,8,0.002,10,0.003,1,0.001
407;456_0-400m,416;447_400-800m,0,0,2,0.001,6,0.001,5,0.001,2,0.001,3,0.004
407;456_0-400m,410;452_0-400m,0,0,4,0.001,13,0.002,5,0.001,7,0.002,2,0.002
407;456_0-400m,410;452_400-800m,0,0,1,0,14,0.002,8,0.002,12,0.003,1,0.001
407;456_0-400m,414;449_0-400m,0,0,1,0,13,0.002,9,0.002,10,0.003,1,0.001
407;456_0-400m,414;449_400-800m,0,0,3,0.001,10,0.001,3,0.001,1,0,0,0
407;456_0-400m,407;456_0-400m,0,0,7,0.003,20,0.003,14,0.003,18,0.005,3,0.004
407;456_0-400m,407;456_400-800m,1,0.003,9,0.003,14,0.002,9,0.002,8,0.002,1,0.001
407;456_0-400m,413;450_0-400m,0,0,5,0.002,12,0.002,12,0.003,5,0.001,0,0
407;456_0-400m,413;450_400-800m,0,0,4,0.001,13,0.002,7,0.002,11,0.003,1,0.001
407;456_0-400m,419;444;420_0-400m,0,0,3,0.001,20,0.003,11,0.002,9,0.002,2,0.002
407;456_0-400m,419;444;420_400-800m,0,0,1,0,3,0,6,0.001,3,0.001,1,0.001
407;456_0-400m,417;445_0-400m,0,0,1,0,11,0.001,3,0.001,6,0.002,1,0.001
407;456_0-400m,417;445_400-800m,0,0,1,0,9,0.001,9,0.002,5,0.001,0,0
407;456_0-400m,405;457_0-400m,0,0,5,0.002,70,0.009,24,0.005,30,0.008,1,0.001
407;456_0-400m,405;457_400-800m,0,0,1,0,4,0.001,3,0.001,2,0.001,0,0
407;456_0-400m,404;459_0-400m,2,0.006,15,0.006,56,0.007,32,0.007,23,0.006,7,0.009
407;456_0-400m,404;459_400-800m,1,0.003,20,0.007,61,0.008,30,0.007,31,0.008,3,0.004
407;456_0-400m,421;442_0-400m,0,0,5,0.002,19,0.002,11,0.002,14,0.004,3,0.004
407;456_0-400m,421;442_400-800m,0,0,2,0.001,6,0.001,3,0.001,4,0.001,2,0.002
407;456_0-400m,196;24;1508_0-400m,2,0.006,8,0.003,16,0.002,4,0.001,3,0.001,4,0.005
407;456_0-400m,196;24;1508_400-800m,0,0,0,0,0,0,1,0,1,0,0,0
407;456_0-400m,409;453_0-400m,1,0.003,6,0.002,20,0.003,12,0.003,23,0.006,2,0.002
407;456_0-400m,409;453_400-800m,1,0.003,4,0.001,15,0.002,18,0.004,13,0.003,2,0.002
407;456_0-400m,1503_0-400m,1,0.003,7,0.003,14,0.002,5,0.001,8,0.002,0,0
407;456_0-400m,1503_400-800m,0,0,1,0,1,0,1,0,1,0,0,0
407;456_0-400m,1125;1163;1162_0-400m,0,0,0,0,0,0,0,0,0,0,0,0
407;456_0-400m,1125;1163;1162_400-800m,0,0,0,0,0,0,0,0,0,0,0,0
407;456_0-400m,1134;1153_0-400m,0,0,0,0,0,0,1,0,0,0,0,0
407;456_0-400m,1134;1153_400-800m,0,0,0,0,1,0,0,0,0,0,0,0
407;456_0-400m,21;28;1612_0-400m,2,0.006,6,0.002,4,0.001,4,0.001,3,0.001,0,0
407;456_0-400m,21;28;1612_400-800m,2,0.006,0,0,3,0,3,0.001,7,0.002,1,0.001
407;456_0-400m,1131;1158_0-400m,0,0,0,0,1,0,0,0,0,0,0,0
407;456_0-400m,1131;1158_400-800m,0,0,0,0,0,0,0,0,0,0,0,0
407;456_0-400m,1135;1152_0-400m,0,0,0,0,1,0,1,0,0,0,0,0
407;456_0-400m,1135;1152_400-800m,0,0,0,0,0,0,0,0,0,0,0,0
407;456_0-400m,584;604_0-400m,0,0,1,0,2,0,1,0,3,0.001,1,0.001
407;456_0-400m,584;604_400-800m,0,0,0,0,2,0,2,0,2,0.001,0,0
407;456_0-400m,1139;1149_0-400m,0,0,0,0,3,0,0,0,2,0.001,0,0
407;456_0-400m,1139;1149_400-800m,0,0,0,0,0,0,0,0,0,0,0,0
407;456_0-400m,1138;1150;1137_0-400m,0,0,0,0,2,0,0,0,2,0.001,0,0
407;456_0-400m,1138;1150;1137_400-800m,0,0,0,0,0,0,0,0,0,0,0,0
407;456_0-400m,1124;1164_0-400m,0,0,0,0,2,0,2,0,0,0,0,0
407;456_0-400m,1124;1164_400-800m,0,0,1,0,2,0,1,0,1,0,0,0
407;456_0-400m,343;349_0-400m,0,0,1,0,2,0,0,0,2,0.001,0,0
407;456_0-400m,343;349_400-800m,0,0,0,0,0,0,0,0,0,0,0,0
407;456_0-400m,1136;1151_0-400m,0,0,0,0,1,0,1,0,0,0,1,0.001
407;456_0-400m,1136;1151_400-800m,0,0,2,0.001,0,0,1,0,0,0,0,0
407;456_0-400m,342;350_0-400m,0,0,0,0,3,0,2,0,2,0.001,0,0
407;456_0-400m,342;350_400-800m,0,0,0,0,0,0,1,0,0,0,0,0
407;456_0-400m,1141;1147_0-400m,0,0,0,0,1,0,1,0,0,0,0,0
407;456_0-400m,1141;1147_400-800m,0,0,0,0,0,0,0,0,0,0,1,0.001
407;456_0-400m,1132;1155;1156_0-400m,0,0,0,0,1,0,0,0,1,0,0,0
407;456_0-400m,1132;1155;1156_400-800m,0,0,0,0,0,0,0,0,0,0,0,0
407;456_0-400m,1133;1154_0-400m,0,0,0,0,1,0,0,0,0,0,0,0
407;456_0-400m,1133;1154_400-800m,0,0,0,0,0,0,0,0,0,0,0,0
407;456_0-400m,1130;1159;1160_0-400m,0,0,0,0,0,0,0,0,1,0,0,0
407;456_0-400m,1130;1159;1160_400-800m,0,0,0,0,0,0,0,0,0,0,0,0
407;456_0-400m,345;347_0-400m,0,0,0,0,2,0,3,0.001,4,0.001,1,0.001
407;456_0-400m,345;347_400-800m,0,0,1,0,8,0.001,4,0.001,7,0.002,1,0.001
407;456_0-400m,344;348_0-400m,0,0,0,0,2,0,0,0,0,0,0,0
407;456_0-400m,344;348_400-800m,0,0,3,0.001,1,0,0,0,1,0,1,0.001
407;456_0-400m,1140;1148_0-400m,0,0,0,0,2,0,0,0,2,0.001,0,0
407;456_0-400m,1140;1148_400-800m,0,0,1,0,3,0,0,0,3,0.001,0,0
407;456_0-400m,1127;1161_0-400m,0,0,0,0,2,0,1,0,0,0,0,0
407;456_0-400m,1127;1161_400-800m,0,0,0,0,0,0,0,0,0,0,0,0
407;456_0-400m,1855_0-400m,0,0,0,0,0,0,0,0,0,0,0,0
407;456_0-400m,1855_400-800m,0,0,0,0,0,0,0,0,0,0,0,0
407;456_0-400m,187;204_0-400m,0,0,0,0,1,0,0,0,0,0,0,0
407;456_0-400m,187;204_400-800m,0,0,0,0,0,0,1,0,2,0.001,0,0
407;456_0-400m,661;674_0-400m,0,0,0,0,1,0,1,0,0,0,0,0
407;456_0-400m,661;674_400-800m,0,0,2,0.001,0,0,1,0,2,0.001,0,0
407;456_0-400m,184;207_0-400m,0,0,0,0,1,0,0,0,2,0.001,0,0
407;456_0-400m,184;207_400-800m,0,0,0,0,5,0.001,0,0,1,0,0,0
407;456_0-400m,657;678_0-400m,0,0,0,0,3,0,1,0,2,0.001,1,0.001
407;456_0-400m,657;678_400-800m,0,0,0,0,0,0,0,0,0,0,0,0
407;456_0-400m,656;679_0-400m,0,0,0,0,1,0,0,0,1,0,0,0
407;456_0-400m,656;679_400-800m,0,0,0,0,0,0,0,0,0,0,0,0
407;456_0-400m,1383;1461;1384_0-400m,0,0,1,0,4,0.001,2,0,3,0.001,0,0
407;456_0-400m,1383;1461;1384_400-800m,0,0,1,0,0,0,3,0.001,2,0.001,0,0
407;456_0-400m,665;670_0-400m,0,0,0,0,0,0,0,0,1,0,0,0
407;456_0-400m,665;670_400-800m,0,0,0,0,1,0,0,0,0,0,0,0
407;456_0-400m,659;676;675_0-400m,0,0,0,0,1,0,1,0,2,0.001,0,0
407;456_0-400m,659;676;675_400-800m,0,0,0,0,0,0,0,0,0,0,0,0
407;456_0-400m,664;671_0-400m,0,0,1,0,4,0.001,0,0,0,0,0,0
407;456_0-400m,664;671_400-800m,0,0,0,0,0,0,1,0,1,0,1,0.001
407;456_0-400m,185;206_0-400m,0,0,0,0,1,0,0,0,1,0,0,0
407;456_0-400m,185;206_400-800m,0,0,0,0,1,0,0,0,1,0,0,0
407;456_0-400m,662;673_0-400m,0,0,1,0,2,0,0,0,1,0,0,0
407;456_0-400m,662;673_400-800m,0,0,2,0.001,4,0.001,1,0,1,0,0,0
407;456_0-400m,1385;1459_0-400m,0,0,2,0.001,2,0,2,0,2,0.001,1,0.001
407;456_0-400m,1385;1459_400-800m,0,0,0,0,0,0,0,0,2,0.001,0,0
407;456_0-400m,658;677_0-400m,0,0,1,0,1,0,0,0,0,0,0,0
407;456_0-400m,658;677_400-800m,0,0,0,0,0,0,0,0,0,0,0,0
407;456_0-400m,663;672_0-400m,0,0,3,0.001,2,0,0,0,0,0,0,0
407;456_0-400m,663;672_400-800m,0,0,0,0,2,0,0,0,0,0,0,0
407;456_0-400m,183;209_0-400m,0,0,0,0,1,0,1,0,0,0,1,0.001
407;456_0-400m,183;209_400-800m,0,0,0,0,0,0,1,0,0,0,0,0
407;456_0-400m,186;205_0-400m,0,0,0,0,0,0,0,0,5,0.001,0,0
407;456_0-400m,186;205_400-800m,0,0,0,0,0,0,0,0,0,0,0,0
407;456_0-400m,188;203_0-400m,0,0,1,0,3,0,2,0,2,0.001,1,0.001
407;456_0-400m,188;203_400-800m,0,0,0,0,3,0,0,0,0,0,1,0.001
407;456_0-400m,388;823_0-400m,12,0.037,0,0,14,0.002,6,0.001,2,0.001,0,0
407;456_0-400m,388;823_400-800m,1,0.003,0,0,6,0.001,1,0,2,0.001,0,0
407;456_0-400m,1386;95_0-400m,0,0,1,0,3,0,3,0.001,0,0,0,0
407;456_0-400m,1386;95_400-800m,0,0,0,0,0,0,0,0,2,0.001,0,0
407;456_0-400m,Orange_0-400m,13,0.04,43,0.016,110,0.014,51,0.011,36,0.009,7,0.009
407;456_0-400m,Blue_0-400m,1,0.003,4,0.001,3,0,3,0.001,1,0,0,0
407;456_0-400m,Green_0-400m,0,0,5,0.002,8,0.001,2,0,3,0.001,1,0.001
407;456_0-400m,Orange_400-800m,0,0,6,0.002,22,0.003,13,0.003,13,0.003,2,0.002
407;456_0-400m,Blue_400-800m,1,0.003,3,0.001,2,0,3,0.001,3,0.001,0,0
407;456_0-400m,Green_400-800m,0,0,2,0.001,2,0,1,0,1,0,0,0
407;456_0-400m,External,74,0.225,289,0.106,799,0.101,385,0.085,432,0.11,80,0.1
407;456_400-800m,415;448_0-400m,0,0,0,0,22,0.003,9,0.002,5,0.001,3,0.004
407;456_400-800m,415;448_400-800m,0,0,1,0,13,0.002,5,0.001,4,0.001,1,0.001
407;456_400-800m,408;455_0-400m,0,0,9,0.003,31,0.004,21,0.005,24,0.006,10,0.012
407;456_400-800m,408;455_400-800m,0,0,2,0.001,13,0.002,7,0.002,11,0.003,3,0.004
407;456_400-800m,412;451_0-400m,0,0,1,0,13,0.002,8,0.002,7,0.002,2,0.002
407;456_400-800m,412;451_400-800m,0,0,6,0.002,15,0.002,8,0.002,12,0.003,9,0.011
407;456_400-800m,416;447_0-400m,0,0,1,0,12,0.002,4,0.001,4,0.001,1,0.001
407;456_400-800m,416;447_400-800m,1,0.003,1,0,12,0.002,6,0.001,11,0.003,0,0
407;456_400-800m,410;452_0-400m,1,0.003,7,0.003,12,0.002,7,0.002,5,0.001,1,0.001
407;456_400-800m,410;452_400-800m,1,0.003,7,0.003,12,0.002,15,0.003,16,0.004,2,0.002
407;456_400-800m,414;449_0-400m,0,0,2,0.001,5,0.001,7,0.002,6,0.002,2,0.002
407;456_400-800m,414;449_400-800m,0,0,3,0.001,8,0.001,6,0.001,10,0.003,1,0.001
407;456_400-800m,407;456_0-400m,0,0,5,0.002,13,0.002,12,0.003,9,0.002,3,0.004
407;456_400-800m,407;456_400-800m,4,0.012,9,0.003,52,0.007,18,0.004,22,0.006,2,0.002
407;456_400-800m,413;450_0-400m,1,0.003,1,0,13,0.002,5,0.001,6,0.002,0,0
407;456_400-800m,413;450_400-800m,2,0.006,3,0.001,30,0.004,19,0.004,22,0.006,3,0.004
407;456_400-800m,419;444;420_0-400m,1,0.003,7,0.003,16,0.002,11,0.002,6,0.002,3,0.004
407;456_400-800m,419;444;420_400-800m,0,0,0,0,7,0.001,7,0.002,4,0.001,0,0
407;456_400-800m,417;445_0-400m,0,0,1,0,9,0.001,3,0.001,4,0.001,1,0.001
407;456_400-800m,417;445_400-800m,1,0.003,4,0.001,15,0.002,7,0.002,9,0.002,0,0
407;456_400-800m,405;457_0-400m,1,0.003,11,0.004,74,0.009,49,0.011,38,0.01,6,0.007
407;456_400-800m,405;457_400-800m,0,0,2,0.001,3,0,4,0.001,2,0.001,0,0
407;456_400-800m,404;459_0-400m,1,0.003,15,0.006,92,0.012,52,0.011,40,0.01,7,0.009
407;456_400-800m,404;459_400-800m,4,0.012,19,0.007,82,0.01,47,0.01,28,0.007,3,0.004
407;456_400-800m,421;442_0-400m,0,0,6,0.002,30,0.004,14,0.003,19,0.005,7,0.009
407;456_400-800m,421;442_400-800m,0,0,2,0.001,9,0.001,2,0,7,0.002,3,0.004
407;456_400-800m,196;24;1508_0-400m,0,0,6,0.002,5,0.001,6,0.001,5,0.001,2,0.002
407;456_400-800m,196;24;1508_400-800m,0,0,1,0,7,0.001,5,0.001,3,0.001,0,0
407;456_400-800m,409;453_0-400m,0,0,1,0,19,0.002,12,0.003,10,0.003,2,0.002
407;456_400-800m,409;453_400-800m,1,0.003,8,0.003,48,0.006,21,0.005,28,0.007,8,0.01
407;456_400-800m,1503_0-400m,2,0.006,13,0.005,13,0.002,8,0.002,18,0.005,4,0.005
407;456_400-800m,1503_400-800m,0,0,0,0,3,0,1,0,2,0.001,0,0
407;456_400-800m,1125;1163;1162_0-400m,0,0,1,0,0,0,0,0,2,0.001,0,0
407;456_400-800m,1125;1163;1162_400-800m,0,0,0,0,0,0,0,0,0,0,0,0
407;456_400-800m,1134;1153_0-400m,0,0,0,0,0,0,0,0,0,0,0,0
407;456_400-800m,1134;1153_400-800m,0,0,0,0,0,0,0,0,1,0,0,0
407;456_400-800m,21;28;1612_0-400m,1,0.003,4,0.001,14,0.002,6,0.001,5,0.001,2,0.002
407;456_400-800m,21;28;1612_400-800m,0,0,3,0.001,13,0.002,6,0.001,5,0.001,1,0.001
407;456_400-800m,1131;1158_0-400m,0,0,3,0.001,0,0,0,0,1,0,0,0
407;456_400-800m,1131;1158_400-800m,0,0,0,0,1,0,0,0,0,0,0,0
407;456_400-800m,1135;1152_0-400m,0,0,0,0,2,0,2,0,2,0.001,1,0.001
407;456_400-800m,1135;1152_400-800m,0,0,0,0,0,0,0,0,0,0,0,0
407;456_400-800m,584;604_0-400m,0,0,0,0,1,0,1,0,3,0.001,1,0.001
407;456_400-800m,584;604_400-800m,0,0,1,0,6,0.001,2,0,5,0.001,0,0
407;456_400-800m,1139;1149_0-400m,0,0,0,0,2,0,2,0,2,0.001,0,0
407;456_400-800m,1139;1149_400-800m,0,0,0,0,0,0,0,0,0,0,0,0
407;456_400-800m,1138;1150;1137_0-400m,0,0,0,0,1,0,0,0,2,0.001,2,0.002
407;456_400-800m,1138;1150;1137_400-800m,0,0,2,0.001,0,0,0,0,0,0,0,0
407;456_400-800m,1124;1164_0-400m,0,0,0,0,2,0,2,0,1,0,0,0
407;456_400-800m,1124;1164_400-800m,0,0,2,0.001,9,0.001,1,0,0,0,0,0
407;456_400-800m,343;349_0-400m,0,0,1,0,4,0.001,1,0,1,0,2,0.002
407;456_400-800m,343;349_400-800m,0,0,0,0,0,0,0,0,1,0,0,0
407;456_400-800m,1136;1151_0-400m,0,0,0,0,0,0,0,0,1,0,0,0
407;456_400-800m,1136;1151_400-800m,0,0,0,0,0,0,0,0,0,0,0,0
407;456_400-800m,342;350_0-400m,0,0,0,0,2,0,1,0,0,0,2,0.002
407;456_400-800m,342;350_400-800m,0,0,0,0,3,0,0,0,1,0,0,0
407;456_400-800m,1141;1147_0-400m,0,0,0,0,1,0,1,0,1,0,1,0.001
407;456_400-800m,1141;1147_400-800m,0,0,0,0,0,0,0,0,0,0,0,0
407;456_400-800m,1132;1155;1156_0-400m,0,0,0,0,4,0.001,0,0,2,0.001,0,0
407;456_400-800m,1132;1155;1156_400-800m,0,0,0,0,0,0,1,0,0,0,0,0
407;456_400-800m,1133;1154_0-400m,1,0.003,0,0,0,0,1,0,1,0,1,0.001
407;456_400-800m,1133;1154_400-800m,0,0,0,0,0,0,0,0,0,0,0,0
407;456_400-800m,1130;1159;1160_0-400m,10,0.03,1,0,7,0.001,0,0,0,0,0,0
407;456_400-800m,1130;1159;1160_400-800m,0,0,0,0,0,0,0,0,0,0,0,0
407;456_400-800m,345;347_0-400m,0,0,1,0,1,0,1,0,4,0.001,0,0
407;456_400-800m,345;347_400-800m,0,0,3,0.001,9,0.001,11,0.002,14,0.004,5,0.006
407;456_400-800m,344;348_0-400m,0,0,1,0,3,0,1,0,1,0,0,0
407;456_400-800m,344;348_400-800m,0,0,1,0,6,0.001,3,0.001,4,0.001,1,0.001
407;456_400-800m,1140;1148_0-400m,0,0,1,0,1,0,2,0,1,0,1,0.001
407;456_400-800m,1140;1148_400-800m,0,0,0,0,1,0,0,0,1,0,1,0.001
407;456_400-800m,1127;1161_0-400m,0,0,1,0,2,0,0,0,0,0,0,0
407;456_400-800m,1127;1161_400-800m,0,0,0,0,0,0,0,0,0,0,0,0
407;456_400-800m,1855_0-400m,0,0,0,0,0,0,0,0,0,0,0,0
407;456_400-800m,1855_400-800m,0,0,0,0,1,0,0,0,0,0,0,0
407;456_400-800m,187;204_0-400m,0,0,0,0,2,0,0,0,0,0,0,0
407;456_400-800m,187;204_400-800m,1,0.003,0,0,3,0,0,0,0,0,0,0
407;456_400-800m,661;674_0-400m,0,0,10,0.004,3,0,1,0,0,0,2,0.002
407;456_400-800m,661;674_400-800m,0,0,1,0,1,0,3,0.001,1,0,1,0.001
407;456_400-800m,184;207_0-400m,0,0,0,0,3,0,2,0,2,0.001,0,0
407;456_400-800m,184;207_400-800m,0,0,4,0.001,2,0,2,0,0,0,0,0
407;456_400-800m,657;678_0-400m,0,0,0,0,1,0,1,0,2,0.001,0,0
407;456_400-800m,657;678_400-800m,0,0,0,0,0,0,0,0,0,0,0,0
407;456_400-800m,656;679_0-400m,0,0,2,0.001,0,0,1,0,1,0,0,0
407;456_400-800m,656;679_400-800m,0,0,0,0,1,0,1,0,0,0,0,0
407;456_400-800m,1383;1461;1384_0-400m,1,0.003,1,0,6,0.001,3,0.001,3,0.001,0,0
407;456_400-800m,1383;1461;1384_400-800m,0,0,3,0.001,0,0,5,0.001,2,0.001,3,0.004
407;456_400-800m,665;670_0-400m,0,0,1,0,1,0,1,0,1,0,0,0
407;456_400-800m,665;670_400-800m,0,0,0,0,3,0,2,0,2,0.001,0,0
407;456_400-800m,659;676;675_0-400m,0,0,0,0,1,0,0,0,2,0.001,0,0
407;456_400-800m,659;676;675_400-800m,0,0,0,0,1,0,0,0,1,0,0,0
407;456_400-800m,664;671_0-400m,0,0,4,0.001,7,0.001,0,0,3,0.001,1,0.001
407;456_400-800m,664;671_400-800m,0,0,2,0.001,7,0.001,4,0.001,4,0.001,1,0.001
407;456_400-800m,185;206_0-400m,0,0,0,0,2,0,0,0,1,0,1,0.001
407;456_400-800m,185;206_400-800m,0,0,0,0,1,0,1,0,1,0,0,0
407;456_400-800m,662;673_0-400m,0,0,0,0,5,0.001,3,0.001,3,0.001,0,0
407;456_400-800m,662;673_400-800m,0,0,2,0.001,5,0.001,6,0.001,5,0.001,2,0.002
407;456_400-800m,1385;1459_0-400m,0,0,2,0.001,8,0.001,4,0.001,4,0.001,1,0.001
407;456_400-800m,1385;1459_400-800m,0,0,0,0,0,0,2,0,0,0,1,0.001
407;456_400-800m,658;677_0-400m,0,0,0,0,1,0,0,0,2,0.001,0,0
407;456_400-800m,658;677_400-800m,0,0,0,0,0,0,0,0,0,0,0,0
407;456_400-800m,663;672_0-400m,0,0,4,0.001,6,0.001,2,0,4,0.001,2,0.002
407;456_400-800m,663;672_400-800m,0,0,3,0.001,4,0.001,0,0,2,0.001,1,0.001
407;456_400-800m,183;209_0-400m,0,0,1,0,1,0,1,0,0,0,0,0
407;456_400-800m,183;209_400-800m,0,0,1,0,2,0,0,0,0,0,0,0
407;456_400-800m,186;205_0-400m,0,0,1,0,0,0,1,0,0,0,1,0.001
407;456_400-800m,186;205_400-800m,0,0,0,0,0,0,0,0,0,0,0,0
407;456_400-800m,188;203_0-400m,0,0,2,0.001,3,0,0,0,6,0.002,4,0.005
407;456_400-800m,188;203_400-800m,0,0,2,0.001,3,0,5,0.001,1,0,1,0.001
407;456_400-800m,388;823_0-400m,1,0.003,1,0,12,0.002,9,0.002,7,0.002,0,0
407;456_400-800m,388;823_400-800m,1,0.003,0,0,4,0.001,0,0,6,0.002,0,0
407;456_400-800m,1386;95_0-400m,0,0,1,0,6,0.001,0,0,4,0.001,0,0
407;456_400-800m,1386;95_400-800m,0,0,0,0,2,0,2,0,0,0,0,0
407;456_400-800m,Orange_0-400m,16,0.049,69,0.025,148,0.019,82,0.018,60,0.015,13,0.016
407;456_400-800m,Blue_0-400m,2,0.006,1,0,7,0.001,4,0.001,5,0.001,0,0
407;456_400-800m,Green_0-400m,0,0,2,0.001,18,0.002,12,0.003,8,0.002,4,0.005
407;456_400-800m,Orange_400-800m,2,0.006,5,0.002,27,0.003,16,0.004,12,0.003,4,0.005
407;456_400-800m,Blue_400-800m,0,0,2,0.001,7,0.001,5,0.001,1,0,0,0
407;456_400-800m,Green_400-800m,0,0,2,0.001,6,0.001,2,0,3,0.001,2,0.002
407;456_400-800m,External,90,0.274,475,0.175,1305,0.166,721,0.158,697,0.178,124,0.154
413;450_0-400m,415;448_0-400m,0,0,14,0.005,43,0.005,19,0.004,9,0.002,6,0.007
413;450_0-400m,415;448_400-800m,0,0,4,0.001,7,0.001,7,0.002,6,0.002,2,0.002
413;450_0-400m,408;455_0-400m,0,0,2,0.001,38,0.005,14,0.003,26,0.007,4,0.005
413;450_0-400m,408;455_400-800m,1,0.003,1,0,9,0.001,5,0.001,5,0.001,0,0
413;450_0-400m,412;451_0-400m,1,0.003,4,0.001,29,0.004,20,0.004,19,0.005,9,0.011
413;450_0-400m,412;451_400-800m,0,0,3,0.001,18,0.002,19,0.004,14,0.004,3,0.004
413;450_0-400m,416;447_0-400m,0,0,8,0.003,21,0.003,17,0.004,10,0.003,5,0.006
413;450_0-400m,416;447_400-800m,7,0.021,11,0.004,32,0.004,17,0.004,15,0.004,2,0.002
413;450_0-400m,410;452_0-400m,2,0.006,15,0.006,34,0.004,16,0.004,8,0.002,9,0.011
413;450_0-400m,410;452_400-800m,1,0.003,1,0,23,0.003,15,0.003,12,0.003,1,0.001
413;450_0-400m,414;449_0-400m,1,0.003,12,0.004,40,0.005,25,0.005,16,0.004,3,0.004
413;450_0-400m,414;449_400-800m,0,0,5,0.002,29,0.004,23,0.005,17,0.004,2,0.002
413;450_0-400m,407;456_0-400m,0,0,2,0.001,13,0.002,10,0.002,9,0.002,3,0.004
413;450_0-400m,407;456_400-800m,0,0,1,0,13,0.002,11,0.002,11,0.003,3,0.004
413;450_0-400m,413;450_0-400m,2,0.006,27,0.01,76,0.01,46,0.01,47,0.012,11,0.014
413;450_0-400m,413;450_400-800m,1,0.003,8,0.003,34,0.004,24,0.005,34,0.009,4,0.005
413;450_0-400m,419;444;420_0-400m,2,0.006,10,0.004,44,0.006,38,0.008,18,0.005,5,0.006
413;450_0-400m,419;444;420_400-800m,0,0,6,0.002,16,0.002,6,0.001,14,0.004,2,0.002
413;450_0-400m,417;445_0-400m,1,0.003,9,0.003,34,0.004,11,0.002,20,0.005,6,0.007
413;450_0-400m,417;445_400-800m,6,0.018,9,0.003,35,0.004,19,0.004,9,0.002,3,0.004
413;450_0-400m,405;457_0-400m,0,0,11,0.004,32,0.004,26,0.006,15,0.004,3,0.004
413;450_0-400m,405;457_400-800m,0,0,0,0,0,0,1,0,1,0,0,0
413;450_0-400m,404;459_0-400m,1,0.003,13,0.005,37,0.005,20,0.004,20,0.005,0,0
413;450_0-400m,404;459_400-800m,2,0.006,12,0.004,26,0.003,13,0.003,21,0.005,5,0.006
413;450_0-400m,421;442_0-400m,5,0.015,22,0.008,68,0.009,30,0.007,34,0.009,9,0.011
413;450_0-400m,421;442_400-800m,0,0,4,0.001,10,0.001,10,0.002,11,0.003,4,0.005
413;450_0-400m,196;24;1508_0-400m,2,0.006,10,0.004,25,0.003,13,0.003,17,0.004,2,0.002
413;450_0-400m,196;24;1508_400-800m,0,0,1,0,5,0.001,2,0,3,0.001,2,0.002
413;450_0-400m,409;453_0-400m,2,0.006,5,0.002,27,0.003,14,0.003,10,0.003,5,0.006
413;450_0-400m,409;453_400-800m,1,0.003,3,0.001,20,0.003,8,0.002,18,0.005,1,0.001
413;450_0-400m,1503_0-400m,3,0.009,7,0.003,37,0.005,21,0.005,26,0.007,7,0.009
413;450_0-400m,1503_400-800m,0,0,0,0,6,0.001,8,0.002,4,0.001,3,0.004
413;450_0-400m,1125;1163;1162_0-400m,0,0,0,0,1,0,3,0.001,0,0,0,0
413;450_0-400m,1125;1163;1162_400-800m,0,0,0,0,0,0,1,0,0,0,0,0
413;450_0-400m,1134;1153_0-400m,0,0,0,0,0,0,0,0,0,0,0,0
413;450_0-400m,1134;1153_400-800m,0,0,0,0,3,0,2,0,0,0,0,0
413;450_0-400m,21;28;1612_0-400m,3,0.009,5,0.002,4,0.001,7,0.002,5,0.001,3,0.004
413;450_0-400m,21;28;1612_400-800m,0,0,2,0.001,16,0.002,3,0.001,5,0.001,3,0.004
413;450_0-400m,1131;1158_0-400m,0,0,0,0,1,0,3,0.001,2,0.001,1,0.001
413;450_0-400m,1131;1158_400-800m,0,0,0,0,0,0,1,0,0,0,1,0.001
413;450_0-400m,1135;1152_0-400m,0,0,1,0,2,0,2,0,1,0,2,0.002
413;450_0-400m,1135;1152_400-800m,0,0,0,0,1,0,0,0,0,0,0,0
413;450_0-400m,584;604_0-400m,0,0,1,0,3,0,1,0,1,0,3,0.004
413;450_0-400m,584;604_400-800m,1,0.003,0,0,7,0.001,3,0.001,2,0.001,1,0.001
413;450_0-400m,1139;1149_0-400m,0,0,0,0,1,0,0,0,4,0.001,0,0
413;450_0-400m,1139;1149_400-800m,0,0,0,0,2,0,1,0,0,0,0,0
413;450_0-400m,1138;1150;1137_0-400m,0,0,0,0,4,0.001,3,0.001,3,0.001,0,0
413;450_0-400m,1138;1150;1137_400-800m,0,0,0,0,0,0,0,0,0,0,0,0
413;450_0-400m,1124;1164_0-400m,0,0,0,0,3,0,1,0,1,0,0,0
413;450_0-400m,1124;1164_400-800m,0,0,3,0.001,7,0.001,9,0.002,6,0.002,0,0
413;450_0-400m,343;349_0-400m,0,0,1,0,6,0.001,8,0.002,5,0.001,0,0
413;450_0-400m,343;349_400-800m,0,0,0,0,4,0.001,1,0,1,0,0,0
413;450_0-400m,1136;1151_0-400m,0,0,0,0,0,0,2,0,3,0.001,1,0.001
413;450_0-400m,1136;1151_400-800m,1,0.003,0,0,3,0,0,0,0,0,1,0.001
413;450_0-400m,342;350_0-400m,1,0.003,9,0.003,2,0,5,0.001,3,0.001,2,0.002
413;450_0-400m,342;350_400-800m,0,0,0,0,0,0,2,0,0,0,0,0
413;450_0-400m,1141;1147_0-400m,1,0.003,0,0,2,0,1,0,3,0.001,0,0
413;450_0-400m,1141;1147_400-800m,0,0,0,0,1,0,0,0,0,0,0,0
413;450_0-400m,1132;1155;1156_0-400m,0,0,0,0,0,0,2,0,1,0,1,0.001
413;450_0-400m,1132;1155;1156_400-800m,0,0,0,0,0,0,2,0,3,0.001,1,0.001
413;450_0-400m,1133;1154_0-400m,0,0,0,0,2,0,1,0,1,0,0,0
413;450_0-400m,1133;1154_400-800m,0,0,0,0,5,0.001,0,0,2,0.001,0,0
413;450_0-400m,1130;1159;1160_0-400m,4,0.012,1,0,4,0.001,1,0,2,0.001,0,0
413;450_0-400m,1130;1159;1160_400-800m,0,0,0,0,0,0,0,0,0,0,0,0
413;450_0-400m,345;347_0-400m,1,0.003,1,0,7,0.001,3,0.001,6,0.002,2,0.002
413;450_0-400m,345;347_400-800m,1,0.003,8,0.003,13,0.002,8,0.002,15,0.004,4,0.005
413;450_0-400m,344;348_0-400m,1,0.003,1,0,5,0.001,3,0.001,3,0.001,0,0
413;450_0-400m,344;348_400-800m,3,0.009,1,0,8,0.001,7,0.002,6,0.002,3,0.004
413;450_0-400m,1140;1148_0-400m,0,0,0,0,1,0,1,0,1,0,0,0
413;450_0-400m,1140;1148_400-800m,0,0,1,0,2,0,3,0.001,3,0.001,0,0
413;450_0-400m,1127;1161_0-400m,0,0,1,0,1,0,0,0,2,0.001,0,0
413;450_0-400m,1127;1161_400-800m,0,0,0,0,0,0,0,0,0,0,0,0
413;450_0-400m,1855_0-400m,0,0,0,0,0,0,1,0,0,0,0,0
413;450_0-400m,1855_400-800m,0,0,0,0,0,0,0,0,0,0,0,0
413;450_0-400m,187;204_0-400m,0,0,2,0.001,1,0,4,0.001,0,0,0,0
413;450_0-400m,187;204_400-800m,0,0,0,0,0,0,1,0,1,0,0,0
413;450_0-400m,661;674_0-400m,0,0,0,0,1,0,1,0,0,0,0,0
413;450_0-400m,661;674_400-800m,0,0,0,0,1,0,0,0,0,0,0,0
413;450_0-400m,184;207_0-400m,0,0,1,0,0,0,0,0,0,0,0,0
413;450_0-400m,184;207_400-800m,0,0,2,0.001,1,0,0,0,1,0,1,0.001
413;450_0-400m,657;678_0-400m,0,0,1,0,11,0.001,3,0.001,0,0,0,0
413;450_0-400m,657;678_400-800m,0,0,0,0,0,0,0,0,0,0,0,0
413;450_0-400m,656;679_0-400m,0,0,0,0,7,0.001,2,0,2,0.001,0,0
413;450_0-400m,656;679_400-800m,0,0,0,0,0,0,0,0,0,0,1,0.001
413;450_0-400m,1383;1461;1384_0-400m,2,0.006,7,0.003,9,0.001,4,0.001,5,0.001,4,0.005
413;450_0-400m,1383;1461;1384_400-800m,2,0.006,2,0.001,9,0.001,4,0.001,3,0.001,0,0
413;450_0-400m,665;670_0-400m,2,0.006,4,0.001,4,0.001,2,0,4,0.001,0,0
413;450_0-400m,665;670_400-800m,0,0,0,0,0,0,0,0,4,0.001,0,0
413;450_0-400m,659;676;675_0-400m,0,0,0,0,1,0,1,0,0,0,0,0
413;450_0-400m,659;676;675_400-800m,0,0,0,0,1,0,1,0,1,0,0,0
413;450_0-400m,664;671_0-400m,0,0,4,0.001,6,0.001,3,0.001,3,0.001,0,0
413;450_0-400m,664;671_400-800m,0,0,0,0,2,0,4,0.001,0,0,0,0
413;450_0-400m,185;206_0-400m,0,0,2,0.001,3,0,3,0.001,3,0.001,0,0
413;450_0-400m,185;206_400-800m,0,0,0,0,0,0,1,0,0,0,1,0.001
413;450_0-400m,662;673_0-400m,2,0.006,2,0.001,2,0,5,0.001,0,0,0,0
413;450_0-400m,662;673_400-800m,1,0.003,2,0.001,4,0.001,3,0.001,0,0,0,0
413;450_0-400m,1385;1459_0-400m,1,0.003,1,0,12,0.002,2,0,4,0.001,3,0.004
413;450_0-400m,1385;1459_400-800m,0,0,0,0,1,0,1,0,2,0.001,1,0.001
413;450_0-400m,658;677_0-400m,0,0,1,0,3,0,3,0.001,4,0.001,0,0
413;450_0-400m,658;677_400-800m,0,0,0,0,0,0,0,0,0,0,0,0
413;450_0-400m,663;672_0-400m,1,0.003,4,0.001,17,0.002,4,0.001,2,0.001,2,0.002
413;450_0-400m,663;672_400-800m,0,0,0,0,2,0,0,0,0,0,0,0
413;450_0-400m,183;209_0-400m,0,0,1,0,4,0.001,6,0.001,1,0,1,0.001
413;450_0-400m,183;209_400-800m,0,0,1,0,1,0,0,0,1,0,0,0
413;450_0-400m,186;205_0-400m,0,0,1,0,5,0.001,1,0,1,0,0,0
413;450_0-400m,186;205_400-800m,0,0,0,0,0,0,0,0,0,0,0,0
413;450_0-400m,188;203_0-400m,0,0,3,0.001,5,0.001,4,0.001,2,0.001,0,0
413;450_0-400m,188;203_400-800m,0,0,4,0.001,9,0.001,5,0.001,2,0.001,5,0.006
413;450_0-400m,388;823_0-400m,0,0,5,0.002,18,0.002,9,0.002,16,0.004,1,0.001
413;450_0-400m,388;823_400-800m,0,0,2,0.001,6,0.001,6,0.001,2,0.001,0,0
413;450_0-400m,1386;95_0-400m,0,0,3,0.001,10,0.001,6,0.001,3,0.001,1,0.001
413;450_0-400m,1386;95_400-800m,0,0,0,0,1,0,2,0,0,0,0,0
413;450_0-400m,Orange_0-400m,8,0.024,37,0.014,76,0.01,40,0.009,43,0.011,4,0.005
413;450_0-400m,Blue_0-400m,1,0.003,9,0.003,11,0.001,4,0.001,3,0.001,1,0.001
413;450_0-400m,Green_0-400m,2,0.006,9,0.003,23,0.003,6,0.001,7,0.002,3,0.004
413;450_0-400m,Orange_400-800m,2,0.006,12,0.004,24,0.003,19,0.004,16,0.004,0,0
413;450_0-400m,Blue_400-800m,0,0,1,0,7,0.001,6,0.001,4,0.001,2,0.002
413;450_0-400m,Green_400-800m,1,0.003,7,0.003,7,0.001,8,0.002,3,0.001,1,0.001
413;450_0-400m,External,60,0.183,492,0.181,1169,0.148,658,0.145,580,0.148,128,0.159
413;450_400-800m,415;448_0-400m,0,0,11,0.004,67,0.009,46,0.01,28,0.007,6,0.007
413;450_400-800m,415;448_400-800m,0,0,9,0.003,25,0.003,9,0.002,13,0.003,4,0.005
413;450_400-800m,408;455_0-400m,1,0.003,8,0.003,16,0.002,14,0.003,22,0.006,15,0.019
413;450_400-800m,408;455_400-800m,0,0,2,0.001,15,0.002,8,0.002,10,0.003,3,0.004
413;450_400-800m,412;451_0-400m,0,0,7,0.003,33,0.004,18,0.004,31,0.008,7,0.009
413;450_400-800m,412;451_400-800m,1,0.003,16,0.006,55,0.007,28,0.006,24,0.006,9,0.011
413;450_400-800m,416;447_0-400m,1,0.003,6,0.002,31,0.004,20,0.004,24,0.006,5,0.006
413;450_400-800m,416;447_400-800m,0,0,19,0.007,45,0.006,24,0.005,26,0.007,8,0.01
413;450_400-800m,410;452_0-400m,1,0.003,3,0.001,42,0.005,14,0.003,20,0.005,9,0.011
413;450_400-800m,410;452_400-800m,4,0.012,2,0.001,42,0.005,35,0.008,48,0.012,8,0.01
413;450_400-800m,414;449_0-400m,1,0.003,9,0.003,27,0.003,23,0.005,21,0.005,12,0.015
413;450_400-800m,414;449_400-800m,0,0,10,0.004,32,0.004,17,0.004,27,0.007,10,0.012
413;450_400-800m,407;456_0-400m,0,0,2,0.001,7,0.001,10,0.002,6,0.002,4,0.005
413;450_400-800m,407;456_400-800m,0,0,2,0.001,21,0.003,20,0.004,34,0.009,4,0.005
413;450_400-800m,413;450_0-400m,1,0.003,10,0.004,46,0.006,25,0.005,21,0.005,10,0.012
413;450_400-800m,413;450_400-800m,0,0,17,0.006,70,0.009,34,0.007,49,0.013,26,0.032
413;450_400-800m,419;444;420_0-400m,1,0.003,10,0.004,53,0.007,23,0.005,21,0.005,5,0.006
413;450_400-800m,419;444;420_400-800m,1,0.003,4,0.001,24,0.003,15,0.003,21,0.005,9,0.011
413;450_400-800m,417;445_0-400m,0,0,7,0.003,23,0.003,16,0.004,14,0.004,2,0.002
413;450_400-800m,417;445_400-800m,2,0.006,10,0.004,37,0.005,30,0.007,27,0.007,9,0.011
413;450_400-800m,405;457_0-400m,2,0.006,5,0.002,71,0.009,37,0.008,44,0.011,8,0.01
413;450_400-800m,405;457_400-800m,0,0,0,0,5,0.001,0,0,1,0,0,0
413;450_400-800m,404;459_0-400m,3,0.009,12,0.004,80,0.01,38,0.008,55,0.014,27,0.034
413;450_400-800m,404;459_400-800m,4,0.012,13,0.005,70,0.009,47,0.01,40,0.01,10,0.012
413;450_400-800m,421;442_0-400m,2,0.006,20,0.007,57,0.007,44,0.01,48,0.012,11,0.014
413;450_400-800m,421;442_400-800m,0,0,4,0.001,22,0.003,12,0.003,26,0.007,5,0.006
413;450_400-800m,196;24;1508_0-400m,2,0.006,8,0.003,29,0.004,19,0.004,19,0.005,6,0.007
413;450_400-800m,196;24;1508_400-800m,1,0.003,3,0.001,8,0.001,13,0.003,13,0.003,2,0.002
413;450_400-800m,409;453_0-400m,1,0.003,4,0.001,28,0.004,31,0.007,31,0.008,16,0.02
413;450_400-800m,409;453_400-800m,0,0,3,0.001,32,0.004,24,0.005,27,0.007,11,0.014
413;450_400-800m,1503_0-400m,5,0.015,15,0.006,30,0.004,25,0.005,16,0.004,5,0.006
413;450_400-800m,1503_400-800m,1,0.003,1,0,11,0.001,7,0.002,8,0.002,5,0.006
413;450_400-800m,1125;1163;1162_0-400m,0,0,0,0,4,0.001,3,0.001,1,0,0,0
413;450_400-800m,1125;1163;1162_400-800m,0,0,0,0,0,0,0,0,0,0,0,0
413;450_400-800m,1134;1153_0-400m,0,0,0,0,0,0,0,0,0,0,0,0
413;450_400-800m,1134;1153_400-800m,0,0,0,0,1,0,0,0,0,0,0,0
413;450_400-800m,21;28;1612_0-400m,2,0.006,2,0.001,8,0.001,6,0.001,5,0.001,0,0
413;450_400-800m,21;28;1612_400-800m,0,0,7,0.003,13,0.002,5,0.001,7,0.002,2,0.002
413;450_400-800m,1131;1158_0-400m,0,0,0,0,2,0,2,0,1,0,1,0.001
413;450_400-800m,1131;1158_400-800m,0,0,0,0,0,0,1,0,1,0,0,0
413;450_400-800m,1135;1152_0-400m,0,0,0,0,1,0,0,0,1,0,1,0.001
413;450_400-800m,1135;1152_400-800m,0,0,0,0,0,0,0,0,0,0,0,0
413;450_400-800m,584;604_0-400m,0,0,5,0.002,6,0.001,3,0.001,5,0.001,0,0
413;450_400-800m,584;604_400-800m,0,0,1,0,5,0.001,2,0,3,0.001,3,0.004
413;450_400-800m,1139;1149_0-400m,0,0,0,0,3,0,1,0,3,0.001,1,0.001
413;450_400-800m,1139;1149_400-800m,0,0,0,0,0,0,0,0,1,0,0,0
413;450_400-800m,1138;1150;1137_0-400m,0,0,1,0,2,0,4,0.001,3,0.001,1,0.001
413;450_400-800m,1138;1150;1137_400-800m,0,0,0,0,0,0,0,0,0,0,0,0
413;450_400-800m,1124;1164_0-400m,0,0,0,0,7,0.001,2,0,6,0.002,0,0
413;450_400-800m,1124;1164_400-800m,1,0.003,5,0.002,11,0.001,0,0,3,0.001,0,0
413;450_400-800m,343;349_0-400m,0,0,2,0.001,4,0.001,2,0,1,0,0,0
413;450_400-800m,343;349_400-800m,0,0,2,0.001,4,0.001,1,0,2,0.001,1,0.001
413;450_400-800m,1136;1151_0-400m,0,0,0,0,3,0,3,0.001,1,0,0,0
413;450_400-800m,1136;1151_400-800m,0,0,1,0,2,0,0,0,2,0.001,0,0
413;450_400-800m,342;350_0-400m,0,0,5,0.002,6,0.001,1,0,6,0.002,1,0.001
413;450_400-800m,342;350_400-800m,0,0,0,0,4,0.001,0,0,1,0,0,0
413;450_400-800m,1141;1147_0-400m,0,0,0,0,4,0.001,1,0,2,0.001,2,0.002
413;450_400-800m,1141;1147_400-800m,0,0,0,0,0,0,0,0,0,0,1,0.001
413;450_400-800m,1132;1155;1156_0-400m,0,0,0,0,0,0,0,0,4,0.001,0,0
413;450_400-800m,1132;1155;1156_400-800m,0,0,0,0,1,0,0,0,2,0.001,0,0
413;450_400-800m,1133;1154_0-400m,0,0,0,0,0,0,0,0,1,0,1,0.001
413;450_400-800m,1133;1154_400-800m,0,0,0,0,1,0,1,0,0,0,0,0
413;450_400-800m,1130;1159;1160_0-400m,0,0,1,0,6,0.001,1,0,3,0.001,1,0.001
413;450_400-800m,1130;1159;1160_400-800m,0,0,0,0,0,0,0,0,0,0,0,0
413;450_400-800m,345;347_0-400m,0,0,0,0,4,0.001,4,0.001,8,0.002,2,0.002
413;450_400-800m,345;347_400-800m,6,0.018,9,0.003,21,0.003,18,0.004,19,0.005,15,0.019
413;450_400-800m,344;348_0-400m,0,0,2,0.001,5,0.001,3,0.001,3,0.001,4,0.005
413;450_400-800m,344;348_400-800m,0,0,0,0,11,0.001,9,0.002,7,0.002,4,0.005
413;450_400-800m,1140;1148_0-400m,0,0,0,0,3,0,0,0,0,0,1,0.001
413;450_400-800m,1140;1148_400-800m,0,0,0,0,2,0,2,0,3,0.001,0,0
413;450_400-800m,1127;1161_0-400m,1,0.003,2,0.001,3,0,0,0,0,0,1,0.001
413;450_400-800m,1127;1161_400-800m,0,0,0,0,0,0,0,0,0,0,0,0
413;450_400-800m,1855_0-400m,0,0,0,0,0,0,0,0,1,0,0,0
413;450_400-800m,1855_400-800m,0,0,0,0,0,0,0,0,0,0,1,0.001
413;450_400-800m,187;204_0-400m,0,0,1,0,5,0.001,0,0,1,0,2,0.002
413;450_400-800m,187;204_400-800m,0,0,0,0,0,0,1,0,2,0.001,0,0
413;450_400-800m,661;674_0-400m,0,0,0,0,2,0,2,0,1,0,0,0
413;450_400-800m,661;674_400-800m,0,0,0,0,2,0,0,0,0,0,1,0.001
413;450_400-800m,184;207_0-400m,0,0,0,0,6,0.001,1,0,0,0,2,0.002
413;450_400-800m,184;207_400-800m,0,0,1,0,3,0,0,0,5,0.001,0,0
413;450_400-800m,657;678_0-400m,0,0,2,0.001,2,0,1,0,4,0.001,0,0
413;450_400-800m,657;678_400-800m,0,0,0,0,0,0,0,0,0,0,0,0
413;450_400-800m,656;679_0-400m,0,0,1,0,4,0.001,4,0.001,3,0.001,0,0
413;450_400-800m,656;679_400-800m,0,0,0,0,1,0,0,0,0,0,0,0
413;450_400-800m,1383;1461;1384_0-400m,1,0.003,2,0.001,6,0.001,5,0.001,6,0.002,5,0.006
413;450_400-800m,1383;1461;1384_400-800m,0,0,2,0.001,5,0.001,4,0.001,2,0.001,5,0.006
413;450_400-800m,665;670_0-400m,1,0.003,3,0.001,6,0.001,2,0,0,0,2,0.002
413;450_400-800m,665;670_400-800m,0,0,0,0,0,0,5,0.001,8,0.002,1,0.001
413;450_400-800m,659;676;675_0-400m,0,0,1,0,2,0,2,0,2,0.001,0,0
413;450_400-800m,659;676;675_400-800m,0,0,0,0,0,0,0,0,0,0,0,0
413;450_400-800m,664;671_0-400m,0,0,4,0.001,9,0.001,5,0.001,6,0.002,0,0
413;450_400-800m,664;671_400-800m,0,0,2,0.001,4,0.001,8,0.002,14,0.004,3,0.004
413;450_400-800m,185;206_0-400m,3,0.009,2,0.001,5,0.001,3,0.001,2,0.001,0,0
413;450_400-800m,185;206_400-800m,0,0,0,0,2,0,0,0,0,0,1,0.001
413;450_400-800m,662;673_0-400m,2,0.006,3,0.001,7,0.001,4,0.001,7,0.002,1,0.001
413;450_400-800m,662;673_400-800m,1,0.003,3,0.001,10,0.001,3,0.001,6,0.002,2,0.002
413;450_400-800m,1385;1459_0-400m,1,0.003,5,0.002,10,0.001,6,0.001,7,0.002,3,0.004
413;450_400-800m,1385;1459_400-800m,0,0,0,0,2,0,2,0,1,0,3,0.004
413;450_400-800m,658;677_0-400m,0,0,0,0,3,0,1,0,1,0,1,0.001
413;450_400-800m,658;677_400-800m,0,0,0,0,0,0,1,0,0,0,0,0
413;450_400-800m,663;672_0-400m,0,0,10,0.004,5,0.001,6,0.001,5,0.001,4,0.005
413;450_400-800m,663;672_400-800m,0,0,0,0,5,0.001,3,0.001,6,0.002,2,0.002
413;450_400-800m,183;209_0-400m,0,0,2,0.001,4,0.001,2,0,1,0,1,0.001
413;450_400-800m,183;209_400-800m,0,0,1,0,1,0,4,0.001,1,0,0,0
413;450_400-800m,186;205_0-400m,0,0,2,0.001,0,0,1,0,2,0.001,0,0
413;450_400-800m,186;205_400-800m,0,0,0,0,0,0,0,0,0,0,0,0
413;450_400-800m,188;203_0-400m,0,0,3,0.001,7,0.001,1,0,3,0.001,1,0.001
413;450_400-800m,188;203_400-800m,0,0,4,0.001,4,0.001,8,0.002,4,0.001,2,0.002
413;450_400-800m,388;823_0-400m,1,0.003,5,0.002,17,0.002,6,0.001,4,0.001,0,0
413;450_400-800m,388;823_400-800m,0,0,1,0,1,0,0,0,4,0.001,0,0
413;450_400-800m,1386;95_0-400m,0,0,5,0.002,8,0.001,3,0.001,3,0.001,2,0.002
413;450_400-800m,1386;95_400-800m,0,0,1,0,4,0.001,0,0,3,0.001,0,0
413;450_400-800m,Orange_0-400m,8,0.024,32,0.012,149,0.019,104,0.023,96,0.025,20,0.025
413;450_400-800m,Blue_0-400m,0,0,1,0,11,0.001,5,0.001,7,0.002,1,0.001
413;450_400-800m,Green_0-400m,5,0.015,10,0.004,17,0.002,8,0.002,4,0.001,5,0.006
413;450_400-800m,Orange_400-800m,2,0.006,8,0.003,39,0.005,42,0.009,27,0.007,4,0.005
413;450_400-800m,Blue_400-800m,0,0,5,0.002,10,0.001,4,0.001,8,0.002,3,0.004
413;450_400-800m,Green_400-800m,3,0.009,7,0.003,6,0.001,7,0.002,5,0.001,2,0.002
413;450_400-800m,External,89,0.271,609,0.224,1830,0.232,1094,0.24,1123,0.287,297,0.37
419;444;420_0-400m,415;448_0-400m,1,0.003,13,0.005,92,0.012,35,0.008,29,0.007,9,0.011
419;444;420_0-400m,415;448_400-800m,1,0.003,2,0.001,26,0.003,12,0.003,13,0.003,3,0.004
419;444;420_0-400m,408;455_0-400m,2,0.006,6,0.002,38,0.005,11,0.002,24,0.006,10,0.012
419;444;420_0-400m,408;455_400-800m,0,0,3,0.001,12,0.002,6,0.001,11,0.003,0,0
419;444;420_0-400m,412;451_0-400m,0,0,10,0.004,30,0.004,25,0.005,16,0.004,4,0.005
419;444;420_0-400m,412;451_400-800m,1,0.003,8,0.003,49,0.006,18,0.004,17,0.004,7,0.009
419;444;420_0-400m,416;447_0-400m,1,0.003,12,0.004,62,0.008,35,0.008,36,0.009,6,0.007
419;444;420_0-400m,416;447_400-800m,1,0.003,15,0.006,81,0.01,24,0.005,25,0.006,11,0.014
419;444;420_0-400m,410;452_0-400m,0,0,11,0.004,29,0.004,17,0.004,14,0.004,5,0.006
419;444;420_0-400m,410;452_400-800m,0,0,5,0.002,17,0.002,20,0.004,20,0.005,5,0.006
419;444;420_0-400m,414;449_0-400m,1,0.003,7,0.003,45,0.006,24,0.005,26,0.007,2,0.002
419;444;420_0-400m,414;449_400-800m,0,0,7,0.003,44,0.006,27,0.006,19,0.005,7,0.009
419;444;420_0-400m,407;456_0-400m,1,0.003,3,0.001,20,0.003,7,0.002,5,0.001,0,0
419;444;420_0-400m,407;456_400-800m,0,0,8,0.003,32,0.004,19,0.004,16,0.004,3,0.004
419;444;420_0-400m,413;450_0-400m,0,0,9,0.003,36,0.005,25,0.005,18,0.005,10,0.012
419;444;420_0-400m,413;450_400-800m,0,0,13,0.005,34,0.004,29,0.006,25,0.006,11,0.014
419;444;420_0-400m,419;444;420_0-400m,11,0.034,59,0.022,291,0.037,141,0.031,137,0.035,29,0.036
419;444;420_0-400m,419;444;420_400-800m,0,0,13,0.005,66,0.008,38,0.008,43,0.011,9,0.011
419;444;420_0-400m,417;445_0-400m,1,0.003,14,0.005,69,0.009,39,0.009,35,0.009,6,0.007
419;444;420_0-400m,417;445_400-800m,0,0,7,0.003,66,0.008,41,0.009,32,0.008,4,0.005
419;444;420_0-400m,405;457_0-400m,0,0,8,0.003,59,0.007,23,0.005,32,0.008,4,0.005
419;444;420_0-400m,405;457_400-800m,0,0,4,0.001,5,0.001,4,0.001,4,0.001,1,0.001
419;444;420_0-400m,404;459_0-400m,1,0.003,9,0.003,41,0.005,21,0.005,21,0.005,4,0.005
419;444;420_0-400m,404;459_400-800m,2,0.006,15,0.006,50,0.006,25,0.005,35,0.009,7,0.009
419;444;420_0-400m,421;442_0-400m,8,0.024,37,0.014,220,0.028,137,0.03,82,0.021,18,0.022
419;444;420_0-400m,421;442_400-800m,1,0.003,15,0.006,83,0.011,40,0.009,47,0.012,10,0.012
419;444;420_0-400m,196;24;1508_0-400m,4,0.012,21,0.008,99,0.013,50,0.011,55,0.014,9,0.011
419;444;420_0-400m,196;24;1508_400-800m,1,0.003,6,0.002,32,0.004,17,0.004,6,0.002,4,0.005
419;444;420_0-400m,409;453_0-400m,2,0.006,7,0.003,33,0.004,15,0.003,12,0.003,3,0.004
419;444;420_0-400m,409;453_400-800m,0,0,5,0.002,23,0.003,11,0.002,15,0.004,3,0.004
419;444;420_0-400m,1503_0-400m,4,0.012,46,0.017,115,0.015,54,0.012,51,0.013,14,0.017
419;444;420_0-400m,1503_400-800m,3,0.009,9,0.003,38,0.005,27,0.006,24,0.006,10,0.012
419;444;420_0-400m,1125;1163;1162_0-400m,0,0,3,0.001,4,0.001,1,0,2,0.001,0,0
419;444;420_0-400m,1125;1163;1162_400-800m,0,0,0,0,0,0,0,0,1,0,0,0
419;444;420_0-400m,1134;1153_0-400m,0,0,0,0,2,0,1,0,0,0,1,0.001
419;444;420_0-400m,1134;1153_400-800m,0,0,0,0,4,0.001,4,0.001,2,0.001,0,0
419;444;420_0-400m,21;28;1612_0-400m,1,0.003,9,0.003,56,0.007,18,0.004,19,0.005,11,0.014
419;444;420_0-400m,21;28;1612_400-800m,2,0.006,10,0.004,45,0.006,17,0.004,25,0.006,4,0.005
419;444;420_0-400m,1131;1158_0-400m,0,0,3,0.001,8,0.001,2,0,0,0,0,0
419;444;420_0-400m,1131;1158_400-800m,0,0,0,0,1,0,1,0,2,0.001,0,0
419;444;420_0-400m,1135;1152_0-400m,0,0,2,0.001,4,0.001,5,0.001,5,0.001,1,0.001
419;444;420_0-400m,1135;1152_400-800m,0,0,0,0,0,0,0,0,0,0,0,0
419;444;420_0-400m,584;604_0-400m,0,0,2,0.001,12,0.002,4,0.001,7,0.002,1,0.001
419;444;420_0-400m,584;604_400-800m,1,0.003,2,0.001,14,0.002,6,0.001,16,0.004,2,0.002
419;444;420_0-400m,1139;1149_0-400m,1,0.003,1,0,10,0.001,10,0.002,11,0.003,3,0.004
419;444;420_0-400m,1139;1149_400-800m,1,0.003,1,0,4,0.001,2,0,1,0,0,0
419;444;420_0-400m,1138;1150;1137_0-400m,0,0,3,0.001,18,0.002,2,0,9,0.002,1,0.001
419;444;420_0-400m,1138;1150;1137_400-800m,0,0,2,0.001,0,0,1,0,1,0,0,0
419;444;420_0-400m,1124;1164_0-400m,0,0,3,0.001,8,0.001,7,0.002,2,0.001,0,0
419;444;420_0-400m,1124;1164_400-800m,0,0,10,0.004,25,0.003,9,0.002,1,0,1,0.001
419;444;420_0-400m,343;349_0-400m,2,0.006,6,0.002,30,0.004,11,0.002,13,0.003,3,0.004
419;444;420_0-400m,343;349_400-800m,0,0,2,0.001,6,0.001,5,0.001,7,0.002,0,0
419;444;420_0-400m,1136;1151_0-400m,0,0,1,0,5,0.001,6,0.001,5,0.001,2,0.002
419;444;420_0-400m,1136;1151_400-800m,0,0,2,0.001,2,0,1,0,3,0.001,0,0
419;444;420_0-400m,342;350_0-400m,0,0,2,0.001,23,0.003,9,0.002,9,0.002,2,0.002
419;444;420_0-400m,342;350_400-800m,1,0.003,1,0,4,0.001,6,0.001,5,0.001,2,0.002
419;444;420_0-400m,1141;1147_0-400m,1,0.003,3,0.001,15,0.002,7,0.002,6,0.002,1,0.001
419;444;420_0-400m,1141;1147_400-800m,0,0,0,0,0,0,2,0,0,0,0,0
419;444;420_0-400m,1132;1155;1156_0-400m,0,0,1,0,5,0.001,6,0.001,1,0,0,0
419;444;420_0-400m,1132;1155;1156_400-800m,0,0,1,0,3,0,1,0,3,0.001,0,0
419;444;420_0-400m,1133;1154_0-400m,0,0,1,0,2,0,2,0,2,0.001,1,0.001
419;444;420_0-400m,1133;1154_400-800m,0,0,2,0.001,5,0.001,2,0,4,0.001,0,0
419;444;420_0-400m,1130;1159;1160_0-400m,0,0,7,0.003,17,0.002,8,0.002,11,0.003,0,0
419;444;420_0-400m,1130;1159;1160_400-800m,0,0,0,0,0,0,0,0,0,0,0,0
419;444;420_0-400m,345;347_0-400m,0,0,7,0.003,28,0.004,25,0.005,16,0.004,3,0.004
419;444;420_0-400m,345;347_400-800m,3,0.009,33,0.012,116,0.015,88,0.019,72,0.018,16,0.02
419;444;420_0-400m,344;348_0-400m,0,0,3,0.001,15,0.002,14,0.003,11,0.003,1,0.001
419;444;420_0-400m,344;348_400-800m,3,0.009,6,0.002,24,0.003,19,0.004,16,0.004,8,0.01
419;444;420_0-400m,1140;1148_0-400m,0,0,1,0,7,0.001,9,0.002,6,0.002,5,0.006
419;444;420_0-400m,1140;1148_400-800m,0,0,1,0,11,0.001,13,0.003,6,0.002,1,0.001
419;444;420_0-400m,1127;1161_0-400m,0,0,2,0.001,9,0.001,11,0.002,7,0.002,0,0
419;444;420_0-400m,1127;1161_400-800m,0,0,0,0,2,0,1,0,1,0,0,0
419;444;420_0-400m,1855_0-400m,0,0,1,0,3,0,3,0.001,0,0,0,0
419;444;420_0-400m,1855_400-800m,0,0,0,0,0,0,0,0,1,0,0,0
419;444;420_0-400m,187;204_0-400m,2,0.006,3,0.001,12,0.002,6,0.001,7,0.002,2,0.002
419;444;420_0-400m,187;204_400-800m,0,0,0,0,7,0.001,1,0,6,0.002,1,0.001
419;444;420_0-400m,661;674_0-400m,0,0,4,0.001,7,0.001,3,0.001,4,0.001,0,0
419;444;420_0-400m,661;674_400-800m,0,0,0,0,1,0,0,0,1,0,1,0.001
419;444;420_0-400m,184;207_0-400m,0,0,2,0.001,4,0.001,6,0.001,11,0.003,3,0.004
419;444;420_0-400m,184;207_400-800m,0,0,3,0.001,9,0.001,8,0.002,6,0.002,1,0.001
419;444;420_0-400m,657;678_0-400m,1,0.003,10,0.004,11,0.001,5,0.001,3,0.001,1,0.001
419;444;420_0-400m,657;678_400-800m,0,0,0,0,0,0,0,0,0,0,0,0
419;444;420_0-400m,656;679_0-400m,0,0,4,0.001,9,0.001,3,0.001,4,0.001,1,0.001
419;444;420_0-400m,656;679_400-800m,0,0,0,0,1,0,0,0,1,0,0,0
419;444;420_0-400m,1383;1461;1384_0-400m,2,0.006,9,0.003,39,0.005,23,0.005,18,0.005,4,0.005
419;444;420_0-400m,1383;1461;1384_400-800m,0,0,4,0.001,26,0.003,14,0.003,8,0.002,6,0.007
419;444;420_0-400m,665;670_0-400m,0,0,3,0.001,10,0.001,5,0.001,8,0.002,3,0.004
419;444;420_0-400m,665;670_400-800m,0,0,1,0,9,0.001,5,0.001,2,0.001,1,0.001
419;444;420_0-400m,659;676;675_0-400m,1,0.003,0,0,9,0.001,2,0,2,0.001,2,0.002
419;444;420_0-400m,659;676;675_400-800m,0,0,1,0,7,0.001,2,0,0,0,1,0.001
419;444;420_0-400m,664;671_0-400m,1,0.003,7,0.003,12,0.002,11,0.002,7,0.002,3,0.004
419;444;420_0-400m,664;671_400-800m,0,0,3,0.001,10,0.001,5,0.001,9,0.002,3,0.004
419;444;420_0-400m,185;206_0-400m,0,0,2,0.001,7,0.001,11,0.002,9,0.002,5,0.006
419;444;420_0-400m,185;206_400-800m,0,0,1,0,2,0,2,0,1,0,0,0
419;444;420_0-400m,662;673_0-400m,2,0.006,6,0.002,13,0.002,14,0.003,4,0.001,4,0.005
419;444;420_0-400m,662;673_400-800m,1,0.003,6,0.002,28,0.004,17,0.004,10,0.003,2,0.002
419;444;420_0-400m,1385;1459_0-400m,2,0.006,14,0.005,52,0.007,20,0.004,18,0.005,7,0.009
419;444;420_0-400m,1385;1459_400-800m,1,0.003,2,0.001,9,0.001,5,0.001,10,0.003,1,0.001
419;444;420_0-400m,658;677_0-400m,1,0.003,3,0.001,2,0,7,0.002,1,0,0,0
419;444;420_0-400m,658;677_400-800m,0,0,1,0,0,0,0,0,0,0,0,0
419;444;420_0-400m,663;672_0-400m,1,0.003,11,0.004,30,0.004,10,0.002,2,0.001,3,0.004
419;444;420_0-400m,663;672_400-800m,0,0,0,0,3,0,2,0,2,0.001,1,0.001
419;444;420_0-400m,183;209_0-400m,1,0.003,13,0.005,14,0.002,3,0.001,2,0.001,1,0.001
419;444;420_0-400m,183;209_400-800m,0,0,1,0,1,0,3,0.001,1,0,0,0
419;444;420_0-400m,186;205_0-400m,0,0,5,0.002,17,0.002,6,0.001,6,0.002,2,0.002
419;444;420_0-400m,186;205_400-800m,0,0,0,0,0,0,0,0,2,0.001,0,0
419;444;420_0-400m,188;203_0-400m,0,0,7,0.003,21,0.003,12,0.003,6,0.002,1,0.001
419;444;420_0-400m,188;203_400-800m,1,0.003,8,0.003,28,0.004,16,0.004,14,0.004,3,0.004
419;444;420_0-400m,388;823_0-400m,5,0.015,24,0.009,61,0.008,42,0.009,23,0.006,1,0.001
419;444;420_0-400m,388;823_400-800m,1,0.003,6,0.002,11,0.001,3,0.001,8,0.002,3,0.004
419;444;420_0-400m,1386;95_0-400m,6,0.018,9,0.003,38,0.005,16,0.004,16,0.004,4,0.005
419;444;420_0-400m,1386;95_400-800m,1,0.003,1,0,9,0.001,6,0.001,4,0.001,0,0
419;444;420_0-400m,Orange_0-400m,7,0.021,41,0.015,156,0.02,96,0.021,79,0.02,8,0.01
419;444;420_0-400m,Blue_0-400m,3,0.009,6,0.002,29,0.004,13,0.003,14,0.004,0,0
419;444;420_0-400m,Green_0-400m,4,0.012,25,0.009,45,0.006,28,0.006,35,0.009,16,0.02
419;444;420_0-400m,Orange_400-800m,0,0,9,0.003,50,0.006,27,0.006,20,0.005,6,0.007
419;444;420_0-400m,Blue_400-800m,2,0.006,11,0.004,33,0.004,10,0.002,18,0.005,6,0.007
419;444;420_0-400m,Green_400-800m,1,0.003,12,0.004,20,0.003,7,0.002,12,0.003,1,0.001
419;444;420_0-400m,External,181,0.551,1063,0.391,2993,0.38,1620,0.356,1474,0.376,301,0.375
419;444;420_400-800m,415;448_0-400m,2,0.006,6,0.002,24,0.003,22,0.005,14,0.004,3,0.004
419;444;420_400-800m,415;448_400-800m,0,0,6,0.002,12,0.002,8,0.002,2,0.001,2,0.002
419;444;420_400-800m,408;455_0-400m,1,0.003,8,0.003,9,0.001,7,0.002,9,0.002,5,0.006
419;444;420_400-800m,408;455_400-800m,0,0,1,0,3,0,4,0.001,3,0.001,1,0.001
419;444;420_400-800m,412;451_0-400m,0,0,6,0.002,16,0.002,6,0.001,11,0.003,3,0.004
419;444;420_400-800m,412;451_400-800m,0,0,8,0.003,15,0.002,15,0.003,14,0.004,7,0.009
419;444;420_400-800m,416;447_0-400m,0,0,5,0.002,20,0.003,16,0.004,7,0.002,2,0.002
419;444;420_400-800m,416;447_400-800m,0,0,6,0.002,33,0.004,18,0.004,29,0.007,1,0.001
419;444;420_400-800m,410;452_0-400m,0,0,3,0.001,8,0.001,6,0.001,12,0.003,4,0.005
419;444;420_400-800m,410;452_400-800m,0,0,2,0.001,12,0.002,6,0.001,10,0.003,3,0.004
419;444;420_400-800m,414;449_0-400m,0,0,6,0.002,17,0.002,6,0.001,10,0.003,6,0.007
419;444;420_400-800m,414;449_400-800m,1,0.003,0,0,27,0.003,18,0.004,11,0.003,5,0.006
419;444;420_400-800m,407;456_0-400m,0,0,6,0.002,4,0.001,2,0,5,0.001,1,0.001
419;444;420_400-800m,407;456_400-800m,1,0.003,4,0.001,7,0.001,11,0.002,14,0.004,2,0.002
419;444;420_400-800m,413;450_0-400m,2,0.006,3,0.001,14,0.002,5,0.001,8,0.002,3,0.004
419;444;420_400-800m,413;450_400-800m,0,0,3,0.001,20,0.003,21,0.005,15,0.004,10,0.012
419;444;420_400-800m,419;444;420_0-400m,2,0.006,16,0.006,65,0.008,33,0.007,47,0.012,11,0.014
419;444;420_400-800m,419;444;420_400-800m,4,0.012,18,0.007,86,0.011,52,0.011,75,0.019,12,0.015
419;444;420_400-800m,417;445_0-400m,1,0.003,7,0.003,32,0.004,13,0.003,17,0.004,2,0.002
419;444;420_400-800m,417;445_400-800m,0,0,7,0.003,39,0.005,29,0.006,17,0.004,7,0.009
419;444;420_400-800m,405;457_0-400m,1,0.003,11,0.004,14,0.002,10,0.002,7,0.002,2,0.002
419;444;420_400-800m,405;457_400-800m,0,0,1,0,1,0,1,0,0,0,0,0
419;444;420_400-800m,404;459_0-400m,1,0.003,7,0.003,16,0.002,16,0.004,13,0.003,5,0.006
419;444;420_400-800m,404;459_400-800m,6,0.018,9,0.003,17,0.002,14,0.003,8,0.002,1,0.001
419;444;420_400-800m,421;442_0-400m,2,0.006,24,0.009,95,0.012,49,0.011,44,0.011,9,0.011
419;444;420_400-800m,421;442_400-800m,1,0.003,16,0.006,54,0.007,27,0.006,27,0.007,12,0.015
419;444;420_400-800m,196;24;1508_0-400m,4,0.012,10,0.004,65,0.008,24,0.005,40,0.01,7,0.009
419;444;420_400-800m,196;24;1508_400-800m,0,0,5,0.002,21,0.003,5,0.001,6,0.002,3,0.004
419;444;420_400-800m,409;453_0-400m,0,0,2,0.001,11,0.001,6,0.001,4,0.001,3,0.004
419;444;420_400-800m,409;453_400-800m,1,0.003,4,0.001,9,0.001,4,0.001,11,0.003,2,0.002
419;444;420_400-800m,1503_0-400m,2,0.006,3,0.001,40,0.005,29,0.006,26,0.007,14,0.017
419;444;420_400-800m,1503_400-800m,0,0,6,0.002,16,0.002,18,0.004,13,0.003,3,0.004
419;444;420_400-800m,1125;1163;1162_0-400m,0,0,0,0,3,0,0,0,1,0,1,0.001
419;444;420_400-800m,1125;1163;1162_400-800m,0,0,0,0,0,0,0,0,0,0,0,0
419;444;420_400-800m,1134;1153_0-400m,0,0,0,0,3,0,1,0,0,0,0,0
419;444;420_400-800m,1134;1153_400-800m,0,0,0,0,0,0,0,0,1,0,0,0
419;444;420_400-800m,21;28;1612_0-400m,2,0.006,8,0.003,18,0.002,11,0.002,20,0.005,4,0.005
419;444;420_400-800m,21;28;1612_400-800m,0,0,3,0.001,22,0.003,14,0.003,23,0.006,8,0.01
419;444;420_400-800m,1131;1158_0-400m,0,0,2,0.001,4,0.001,1,0,1,0,0,0
419;444;420_400-800m,1131;1158_400-800m,0,0,0,0,2,0,2,0,1,0,0,0
419;444;420_400-800m,1135;1152_0-400m,0,0,0,0,2,0,1,0,5,0.001,2,0.002
419;444;420_400-800m,1135;1152_400-800m,0,0,0,0,0,0,0,0,0,0,0,0
419;444;420_400-800m,584;604_0-400m,1,0.003,0,0,2,0,3,0.001,2,0.001,0,0
419;444;420_400-800m,584;604_400-800m,0,0,2,0.001,9,0.001,3,0.001,7,0.002,0,0
419;444;420_400-800m,1139;1149_0-400m,0,0,0,0,9,0.001,3,0.001,6,0.002,0,0
419;444;420_400-800m,1139;1149_400-800m,0,0,0,0,3,0,0,0,3,0.001,0,0
419;444;420_400-800m,1138;1150;1137_0-400m,1,0.003,3,0.001,4,0.001,4,0.001,5,0.001,1,0.001
419;444;420_400-800m,1138;1150;1137_400-800m,0,0,0,0,1,0,0,0,1,0,0,0
419;444;420_400-800m,1124;1164_0-400m,0,0,3,0.001,10,0.001,4,0.001,1,0,0,0
419;444;420_400-800m,1124;1164_400-800m,0,0,1,0,8,0.001,11,0.002,7,0.002,0,0
419;444;420_400-800m,343;349_0-400m,0,0,0,0,7,0.001,8,0.002,4,0.001,2,0.002
419;444;420_400-800m,343;349_400-800m,0,0,0,0,2,0,2,0,2,0.001,1,0.001
419;444;420_400-800m,1136;1151_0-400m,1,0.003,4,0.001,3,0,0,0,7,0.002,3,0.004
419;444;420_400-800m,1136;1151_400-800m,0,0,1,0,1,0,2,0,1,0,0,0
419;444;420_400-800m,342;350_0-400m,0,0,0,0,6,0.001,9,0.002,11,0.003,0,0
419;444;420_400-800m,342;350_400-800m,0,0,0,0,1,0,0,0,0,0,0,0
419;444;420_400-800m,1141;1147_0-400m,0,0,2,0.001,4,0.001,2,0,2,0.001,0,0
419;444;420_400-800m,1141;1147_400-800m,0,0,0,0,2,0,0,0,0,0,0,0
419;444;420_400-800m,1132;1155;1156_0-400m,0,0,6,0.002,3,0,1,0,1,0,0,0
419;444;420_400-800m,1132;1155;1156_400-800m,0,0,0,0,2,0,0,0,2,0.001,0,0
419;444;420_400-800m,1133;1154_0-400m,0,0,2,0.001,0,0,1,0,2,0.001,1,0.001
419;444;420_400-800m,1133;1154_400-800m,0,0,1,0,0,0,0,0,2,0.001,0,0
419;444;420_400-800m,1130;1159;1160_0-400m,0,0,6,0.002,6,0.001,3,0.001,6,0.002,1,0.001
419;444;420_400-800m,1130;1159;1160_400-800m,0,0,0,0,0,0,0,0,0,0,0,0
419;444;420_400-800m,345;347_0-400m,0,0,2,0.001,13,0.002,9,0.002,5,0.001,1,0.001
419;444;420_400-800m,345;347_400-800m,4,0.012,20,0.007,49,0.006,32,0.007,40,0.01,16,0.02
419;444;420_400-800m,344;348_0-400m,1,0.003,1,0,14,0.002,2,0,3,0.001,0,0
419;444;420_400-800m,344;348_400-800m,2,0.006,5,0.002,14,0.002,9,0.002,7,0.002,1,0.001
419;444;420_400-800m,1140;1148_0-400m,0,0,1,0,4,0.001,1,0,2,0.001,1,0.001
419;444;420_400-800m,1140;1148_400-800m,0,0,0,0,3,0,1,0,2,0.001,1,0.001
419;444;420_400-800m,1127;1161_0-400m,0,0,6,0.002,7,0.001,3,0.001,2,0.001,2,0.002
419;444;420_400-800m,1127;1161_400-800m,0,0,0,0,0,0,0,0,0,0,0,0
419;444;420_400-800m,1855_0-400m,0,0,0,0,1,0,0,0,1,0,0,0
419;444;420_400-800m,1855_400-800m,0,0,0,0,0,0,0,0,0,0,0,0
419;444;420_400-800m,187;204_0-400m,0,0,1,0,3,0,5,0.001,1,0,1,0.001
419;444;420_400-800m,187;204_400-800m,0,0,0,0,2,0,0,0,0,0,0,0
419;444;420_400-800m,661;674_0-400m,0,0,1,0,0,0,1,0,4,0.001,0,0
419;444;420_400-800m,661;674_400-800m,0,0,1,0,1,0,2,0,1,0,0,0
419;444;420_400-800m,184;207_0-400m,0,0,0,0,3,0,0,0,2,0.001,0,0
419;444;420_400-800m,184;207_400-800m,0,0,0,0,6,0.001,4,0.001,2,0.001,2,0.002
419;444;420_400-800m,657;678_0-400m,0,0,1,0,5,0.001,4,0.001,1,0,0,0
419;444;420_400-800m,657;678_400-800m,0,0,1,0,1,0,0,0,0,0,0,0
419;444;420_400-800m,656;679_0-400m,0,0,0,0,6,0.001,3,0.001,1,0,1,0.001
419;444;420_400-800m,656;679_400-800m,0,0,0,0,2,0,1,0,2,0.001,2,0.002
419;444;420_400-800m,1383;1461;1384_0-400m,2,0.006,10,0.004,14,0.002,9,0.002,9,0.002,3,0.004
419;444;420_400-800m,1383;1461;1384_400-800m,1,0.003,6,0.002,11,0.001,5,0.001,7,0.002,3,0.004
419;444;420_400-800m,665;670_0-400m,0,0,2,0.001,8,0.001,10,0.002,3,0.001,1,0.001
419;444;420_400-800m,665;670_400-800m,0,0,2,0.001,6,0.001,2,0,2,0.001,0,0
419;444;420_400-800m,659;676;675_0-400m,0,0,2,0.001,4,0.001,1,0,2,0.001,1,0.001
419;444;420_400-800m,659;676;675_400-800m,0,0,0,0,0,0,0,0,1,0,0,0
419;444;420_400-800m,664;671_0-400m,0,0,3,0.001,9,0.001,7,0.002,5,0.001,6,0.007
419;444;420_400-800m,664;671_400-800m,0,0,2,0.001,11,0.001,7,0.002,10,0.003,0,0
419;444;420_400-800m,185;206_0-400m,0,0,0,0,1,0,1,0,0,0,1,0.001
419;444;420_400-800m,185;206_400-800m,0,0,0,0,3,0,0,0,1,0,0,0
419;444;420_400-800m,662;673_0-400m,1,0.003,8,0.003,15,0.002,4,0.001,6,0.002,3,0.004
419;444;420_400-800m,662;673_400-800m,0,0,3,0.001,8,0.001,10,0.002,6,0.002,2,0.002
419;444;420_400-800m,1385;1459_0-400m,0,0,9,0.003,22,0.003,7,0.002,17,0.004,2,0.002
419;444;420_400-800m,1385;1459_400-800m,0,0,0,0,0,0,2,0,3,0.001,0,0
419;444;420_400-800m,658;677_0-400m,0,0,0,0,1,0,1,0,0,0,0,0
419;444;420_400-800m,658;677_400-800m,0,0,0,0,0,0,0,0,0,0,0,0
419;444;420_400-800m,663;672_0-400m,1,0.003,7,0.003,7,0.001,5,0.001,11,0.003,1,0.001
419;444;420_400-800m,663;672_400-800m,0,0,3,0.001,3,0,3,0.001,0,0,0,0
419;444;420_400-800m,183;209_0-400m,0,0,1,0,5,0.001,0,0,2,0.001,0,0
419;444;420_400-800m,183;209_400-800m,0,0,1,0,2,0,1,0,0,0,0,0
419;444;420_400-800m,186;205_0-400m,0,0,0,0,1,0,0,0,3,0.001,1,0.001
419;444;420_400-800m,186;205_400-800m,0,0,0,0,1,0,0,0,0,0,0,0
419;444;420_400-800m,188;203_0-400m,0,0,4,0.001,7,0.001,5,0.001,3,0.001,2,0.002
419;444;420_400-800m,188;203_400-800m,0,0,3,0.001,9,0.001,2,0,5,0.001,2,0.002
419;444;420_400-800m,388;823_0-400m,0,0,4,0.001,37,0.005,16,0.004,15,0.004,1,0.001
419;444;420_400-800m,388;823_400-800m,0,0,0,0,5,0.001,1,0,2,0.001,0,0
419;444;420_400-800m,1386;95_0-400m,0,0,4,0.001,9,0.001,6,0.001,11,0.003,3,0.004
419;444;420_400-800m,1386;95_400-800m,0,0,0,0,5,0.001,4,0.001,3,0.001,1,0.001
419;444;420_400-800m,Orange_0-400m,9,0.027,15,0.006,73,0.009,37,0.008,28,0.007,13,0.016
419;444;420_400-800m,Blue_0-400m,0,0,4,0.001,8,0.001,9,0.002,10,0.003,3,0.004
419;444;420_400-800m,Green_0-400m,1,0.003,5,0.002,16,0.002,21,0.005,13,0.003,6,0.007
419;444;420_400-800m,Orange_400-800m,1,0.003,12,0.004,18,0.002,16,0.004,24,0.006,7,0.009
419;444;420_400-800m,Blue_400-800m,1,0.003,3,0.001,14,0.002,11,0.002,16,0.004,3,0.004
419;444;420_400-800m,Green_400-800m,1,0.003,3,0.001,14,0.002,11,0.002,15,0.004,2,0.002
419;444;420_400-800m,External,106,0.323,623,0.229,1741,0.221,1135,0.249,1152,0.294,339,0.422
417;445_0-400m,415;448_0-400m,1,0.003,12,0.004,47,0.006,30,0.007,20,0.005,6,0.007
417;445_0-400m,415;448_400-800m,0,0,3,0.001,13,0.002,9,0.002,4,0.001,0,0
417;445_0-400m,408;455_0-400m,1,0.003,7,0.003,17,0.002,8,0.002,9,0.002,2,0.002
417;445_0-400m,408;455_400-800m,0,0,1,0,5,0.001,3,0.001,2,0.001,2,0.002
417;445_0-400m,412;451_0-400m,0,0,12,0.004,23,0.003,11,0.002,19,0.005,4,0.005
417;445_0-400m,412;451_400-800m,0,0,3,0.001,17,0.002,10,0.002,9,0.002,8,0.01
417;445_0-400m,416;447_0-400m,3,0.009,7,0.003,24,0.003,23,0.005,18,0.005,3,0.004
417;445_0-400m,416;447_400-800m,2,0.006,7,0.003,37,0.005,23,0.005,17,0.004,2,0.002
417;445_0-400m,410;452_0-400m,0,0,9,0.003,31,0.004,15,0.003,5,0.001,3,0.004
417;445_0-400m,410;452_400-800m,1,0.003,5,0.002,13,0.002,7,0.002,7,0.002,3,0.004
417;445_0-400m,414;449_0-400m,0,0,3,0.001,32,0.004,19,0.004,17,0.004,4,0.005
417;445_0-400m,414;449_400-800m,0,0,5,0.002,11,0.001,13,0.003,6,0.002,3,0.004
417;445_0-400m,407;456_0-400m,0,0,0,0,7,0.001,3,0.001,5,0.001,4,0.005
417;445_0-400m,407;456_400-800m,0,0,1,0,9,0.001,6,0.001,11,0.003,4,0.005
417;445_0-400m,413;450_0-400m,2,0.006,4,0.001,32,0.004,11,0.002,10,0.003,5,0.006
417;445_0-400m,413;450_400-800m,1,0.003,5,0.002,27,0.003,16,0.004,16,0.004,5,0.006
417;445_0-400m,419;444;420_0-400m,0,0,32,0.012,98,0.012,50,0.011,44,0.011,13,0.016
417;445_0-400m,419;444;420_400-800m,0,0,5,0.002,33,0.004,17,0.004,23,0.006,2,0.002
417;445_0-400m,417;445_0-400m,2,0.006,23,0.008,68,0.009,56,0.012,25,0.006,5,0.006
417;445_0-400m,417;445_400-800m,1,0.003,8,0.003,41,0.005,16,0.004,17,0.004,2,0.002
417;445_0-400m,405;457_0-400m,3,0.009,4,0.001,23,0.003,10,0.002,14,0.004,2,0.002
417;445_0-400m,405;457_400-800m,0,0,1,0,5,0.001,2,0,0,0,0,0
417;445_0-400m,404;459_0-400m,2,0.006,3,0.001,23,0.003,11,0.002,11,0.003,4,0.005
417;445_0-400m,404;459_400-800m,1,0.003,7,0.003,28,0.004,18,0.004,9,0.002,2,0.002
417;445_0-400m,421;442_0-400m,2,0.006,19,0.007,95,0.012,38,0.008,29,0.007,10,0.012
417;445_0-400m,421;442_400-800m,0,0,4,0.001,24,0.003,13,0.003,15,0.004,8,0.01
417;445_0-400m,196;24;1508_0-400m,0,0,16,0.006,53,0.007,20,0.004,17,0.004,5,0.006
417;445_0-400m,196;24;1508_400-800m,0,0,2,0.001,4,0.001,4,0.001,2,0.001,2,0.002
417;445_0-400m,409;453_0-400m,3,0.009,4,0.001,23,0.003,7,0.002,12,0.003,2,0.002
417;445_0-400m,409;453_400-800m,1,0.003,1,0,16,0.002,8,0.002,5,0.001,3,0.004
417;445_0-400m,1503_0-400m,0,0,23,0.008,40,0.005,22,0.005,23,0.006,1,0.001
417;445_0-400m,1503_400-800m,0,0,1,0,7,0.001,8,0.002,7,0.002,3,0.004
417;445_0-400m,1125;1163;1162_0-400m,0,0,1,0,1,0,0,0,0,0,0,0
417;445_0-400m,1125;1163;1162_400-800m,0,0,0,0,0,0,0,0,0,0,0,0
417;445_0-400m,1134;1153_0-400m,0,0,0,0,1,0,0,0,0,0,0,0
417;445_0-400m,1134;1153_400-800m,0,0,0,0,0,0,0,0,1,0,1,0.001
417;445_0-400m,21;28;1612_0-400m,3,0.009,6,0.002,6,0.001,8,0.002,8,0.002,1,0.001
417;445_0-400m,21;28;1612_400-800m,0,0,3,0.001,11,0.001,3,0.001,6,0.002,1,0.001
417;445_0-400m,1131;1158_0-400m,0,0,4,0.001,1,0,1,0,0,0,0,0
417;445_0-400m,1131;1158_400-800m,0,0,0,0,0,0,1,0,0,0,0,0
417;445_0-400m,1135;1152_0-400m,0,0,1,0,2,0,0,0,2,0.001,0,0
417;445_0-400m,1135;1152_400-800m,0,0,0,0,0,0,0,0,0,0,0,0
417;445_0-400m,584;604_0-400m,0,0,3,0.001,6,0.001,1,0,1,0,1,0.001
417;445_0-400m,584;604_400-800m,0,0,0,0,4,0.001,1,0,4,0.001,1,0.001
417;445_0-400m,1139;1149_0-400m,0,0,2,0.001,2,0,1,0,7,0.002,0,0
417;445_0-400m,1139;1149_400-800m,0,0,0,0,0,0,1,0,2,0.001,0,0
417;445_0-400m,1138;1150;1137_0-400m,0,0,0,0,5,0.001,3,0.001,1,0,1,0.001
417;445_0-400m,1138;1150;1137_400-800m,0,0,0,0,2,0,1,0,0,0,0,0
417;445_0-400m,1124;1164_0-400m,0,0,1,0,2,0,2,0,3,0.001,0,0
417;445_0-400m,1124;1164_400-800m,0,0,1,0,15,0.002,6,0.001,3,0.001,0,0
417;445_0-400m,343;349_0-400m,0,0,1,0,2,0,4,0.001,3,0.001,0,0
417;445_0-400m,343;349_400-800m,0,0,0,0,2,0,0,0,1,0,0,0
417;445_0-400m,1136;1151_0-400m,0,0,0,0,1,0,0,0,0,0,0,0
417;445_0-400m,1136;1151_400-800m,0,0,1,0,0,0,0,0,0,0,0,0
417;445_0-400m,342;350_0-400m,0,0,2,0.001,11,0.001,5,0.001,6,0.002,1,0.001
417;445_0-400m,342;350_400-800m,0,0,0,0,1,0,1,0,0,0,0,0
417;445_0-400m,1141;1147_0-400m,0,0,2,0.001,3,0,7,0.002,4,0.001,0,0
417;445_0-400m,1141;1147_400-800m,0,0,0,0,0,0,0,0,0,0,0,0
417;445_0-400m,1132;1155;1156_0-400m,0,0,0,0,4,0.001,1,0,0,0,0,0
417;445_0-400m,1132;1155;1156_400-800m,0,0,1,0,0,0,0,0,1,0,0,0
417;445_0-400m,1133;1154_0-400m,0,0,0,0,0,0,0,0,0,0,0,0
417;445_0-400m,1133;1154_400-800m,0,0,0,0,1,0,0,0,1,0,0,0
417;445_0-400m,1130;1159;1160_0-400m,0,0,1,0,9,0.001,4,0.001,2,0.001,0,0
417;445_0-400m,1130;1159;1160_400-800m,0,0,0,0,0,0,0,0,0,0,0,0
417;445_0-400m,345;347_0-400m,0,0,2,0.001,12,0.002,5,0.001,5,0.001,0,0
417;445_0-400m,345;347_400-800m,1,0.003,11,0.004,30,0.004,18,0.004,13,0.003,3,0.004
417;445_0-400m,344;348_0-400m,0,0,1,0,5,0.001,3,0.001,3,0.001,1,0.001
417;445_0-400m,344;348_400-800m,1,0.003,1,0,13,0.002,6,0.001,6,0.002,5,0.006
417;445_0-400m,1140;1148_0-400m,0,0,1,0,3,0,0,0,3,0.001,1,0.001
417;445_0-400m,1140;1148_400-800m,0,0,0,0,0,0,2,0,1,0,0,0
417;445_0-400m,1127;1161_0-400m,0,0,0,0,4,0.001,0,0,1,0,3,0.004
417;445_0-400m,1127;1161_400-800m,0,0,0,0,1,0,0,0,0,0,0,0
417;445_0-400m,1855_0-400m,0,0,0,0,0,0,0,0,0,0,0,0
417;445_0-400m,1855_400-800m,0,0,0,0,1,0,0,0,0,0,0,0
417;445_0-400m,187;204_0-400m,0,0,1,0,2,0,1,0,2,0.001,3,0.004
417;445_0-400m,187;204_400-800m,0,0,0,0,1,0,0,0,0,0,0,0
417;445_0-400m,661;674_0-400m,0,0,1,0,4,0.001,0,0,0,0,1,0.001
417;445_0-400m,661;674_400-800m,0,0,1,0,0,0,0,0,0,0,1,0.001
417;445_0-400m,184;207_0-400m,0,0,2,0.001,2,0,1,0,1,0,0,0
417;445_0-400m,184;207_400-800m,0,0,2,0.001,3,0,0,0,1,0,0,0
417;445_0-400m,657;678_0-400m,1,0.003,3,0.001,1,0,3,0.001,0,0,0,0
417;445_0-400m,657;678_400-800m,0,0,0,0,0,0,0,0,0,0,0,0
417;445_0-400m,656;679_0-400m,0,0,1,0,2,0,5,0.001,3,0.001,0,0
417;445_0-400m,656;679_400-800m,0,0,0,0,0,0,0,0,0,0,0,0
417;445_0-400m,1383;1461;1384_0-400m,0,0,2,0.001,14,0.002,5,0.001,7,0.002,2,0.002
417;445_0-400m,1383;1461;1384_400-800m,0,0,2,0.001,6,0.001,5,0.001,3,0.001,4,0.005
417;445_0-400m,665;670_0-400m,0,0,3,0.001,4,0.001,2,0,5,0.001,0,0
417;445_0-400m,665;670_400-800m,0,0,0,0,2,0,1,0,0,0,0,0
417;445_0-400m,659;676;675_0-400m,0,0,0,0,2,0,3,0.001,2,0.001,1,0.001
417;445_0-400m,659;676;675_400-800m,0,0,1,0,1,0,0,0,0,0,0,0
417;445_0-400m,664;671_0-400m,0,0,4,0.001,6,0.001,2,0,4,0.001,1,0.001
417;445_0-400m,664;671_400-800m,0,0,1,0,3,0,3,0.001,3,0.001,0,0
417;445_0-400m,185;206_0-400m,0,0,0,0,5,0.001,1,0,5,0.001,0,0
417;445_0-400m,185;206_400-800m,0,0,0,0,1,0,0,0,0,0,0,0
417;445_0-400m,662;673_0-400m,0,0,2,0.001,12,0.002,5,0.001,0,0,3,0.004
417;445_0-400m,662;673_400-800m,0,0,5,0.002,9,0.001,4,0.001,4,0.001,1,0.001
417;445_0-400m,1385;1459_0-400m,0,0,6,0.002,8,0.001,7,0.002,8,0.002,1,0.001
417;445_0-400m,1385;1459_400-800m,0,0,2,0.001,0,0,0,0,0,0,0,0
417;445_0-400m,658;677_0-400m,0,0,1,0,1,0,1,0,1,0,0,0
417;445_0-400m,658;677_400-800m,0,0,0,0,0,0,0,0,0,0,0,0
417;445_0-400m,663;672_0-400m,0,0,3,0.001,7,0.001,2,0,2,0.001,3,0.004
417;445_0-400m,663;672_400-800m,0,0,0,0,2,0,1,0,0,0,0,0
417;445_0-400m,183;209_0-400m,0,0,4,0.001,6,0.001,2,0,3,0.001,0,0
417;445_0-400m,183;209_400-800m,0,0,1,0,1,0,0,0,2,0.001,0,0
417;445_0-400m,186;205_0-400m,0,0,3,0.001,3,0,4,0.001,2,0.001,1,0.001
417;445_0-400m,186;205_400-800m,0,0,0,0,0,0,0,0,0,0,0,0
417;445_0-400m,188;203_0-400m,0,0,2,0.001,3,0,3,0.001,1,0,2,0.002
417;445_0-400m,188;203_400-800m,2,0.006,6,0.002,9,0.001,3,0.001,3,0.001,1,0.001
417;445_0-400m,388;823_0-400m,3,0.009,8,0.003,16,0.002,11,0.002,9,0.002,2,0.002
417;445_0-400m,388;823_400-800m,1,0.003,7,0.003,5,0.001,0,0,0,0,0,0
417;445_0-400m,1386;95_0-400m,0,0,4,0.001,10,0.001,5,0.001,8,0.002,2,0.002
417;445_0-400m,1386;95_400-800m,0,0,0,0,1,0,0,0,0,0,0,0
417;445_0-400m,Orange_0-400m,3,0.009,17,0.006,76,0.01,35,0.008,27,0.007,4,0.005
417;445_0-400m,Blue_0-400m,0,0,7,0.003,10,0.001,7,0.002,3,0.001,0,0
417;445_0-400m,Green_0-400m,1,0.003,11,0.004,19,0.002,8,0.002,9,0.002,5,0.006
417;445_0-400m,Orange_400-800m,0,0,2,0.001,20,0.003,13,0.003,9,0.002,3,0.004
417;445_0-400m,Blue_400-800m,0,0,7,0.003,15,0.002,6,0.001,5,0.001,3,0.004
417;445_0-400m,Green_400-800m,1,0.003,4,0.001,17,0.002,4,0.001,4,0.001,1,0.001
417;445_0-400m,External,94,0.286,516,0.19,1195,0.152,659,0.145,568,0.145,125,0.156
417;445_400-800m,415;448_0-400m,0,0,10,0.004,52,0.007,29,0.006,25,0.006,4,0.005
417;445_400-800m,415;448_400-800m,1,0.003,3,0.001,21,0.003,14,0.003,10,0.003,1,0.001
417;445_400-800m,408;455_0-400m,1,0.003,1,0,13,0.002,10,0.002,9,0.002,2,0.002
417;445_400-800m,408;455_400-800m,2,0.006,2,0.001,10,0.001,7,0.002,5,0.001,2,0.002
417;445_400-800m,412;451_0-400m,1,0.003,4,0.001,23,0.003,12,0.003,7,0.002,6,0.007
417;445_400-800m,412;451_400-800m,1,0.003,13,0.005,34,0.004,19,0.004,24,0.006,8,0.01
417;445_400-800m,416;447_0-400m,1,0.003,4,0.001,19,0.002,14,0.003,18,0.005,4,0.005
417;445_400-800m,416;447_400-800m,3,0.009,21,0.008,69,0.009,29,0.006,33,0.008,7,0.009
417;445_400-800m,410;452_0-400m,1,0.003,8,0.003,24,0.003,14,0.003,14,0.004,1,0.001
417;445_400-800m,410;452_400-800m,2,0.006,6,0.002,19,0.002,21,0.005,9,0.002,11,0.014
417;445_400-800m,414;449_0-400m,2,0.006,9,0.003,23,0.003,11,0.002,15,0.004,4,0.005
417;445_400-800m,414;449_400-800m,1,0.003,5,0.002,19,0.002,23,0.005,15,0.004,4,0.005
417;445_400-800m,407;456_0-400m,0,0,0,0,10,0.001,2,0,3,0.001,1,0.001
417;445_400-800m,407;456_400-800m,2,0.006,2,0.001,19,0.002,8,0.002,11,0.003,3,0.004
417;445_400-800m,413;450_0-400m,1,0.003,9,0.003,20,0.003,24,0.005,13,0.003,5,0.006
417;445_400-800m,413;450_400-800m,0,0,6,0.002,27,0.003,30,0.007,19,0.005,14,0.017
417;445_400-800m,419;444;420_0-400m,5,0.015,29,0.011,100,0.013,43,0.009,41,0.01,14,0.017
417;445_400-800m,419;444;420_400-800m,0,0,8,0.003,50,0.006,31,0.007,23,0.006,12,0.015
417;445_400-800m,417;445_0-400m,0,0,9,0.003,58,0.007,22,0.005,18,0.005,4,0.005
417;445_400-800m,417;445_400-800m,0,0,28,0.01,84,0.011,53,0.012,40,0.01,13,0.016
417;445_400-800m,405;457_0-400m,3,0.009,4,0.001,27,0.003,24,0.005,19,0.005,4,0.005
417;445_400-800m,405;457_400-800m,0,0,1,0,4,0.001,0,0,1,0,0,0
417;445_400-800m,404;459_0-400m,2,0.006,7,0.003,34,0.004,13,0.003,13,0.003,4,0.005
417;445_400-800m,404;459_400-800m,2,0.006,11,0.004,32,0.004,26,0.006,20,0.005,2,0.002
417;445_400-800m,421;442_0-400m,1,0.003,41,0.015,130,0.017,92,0.02,53,0.014,14,0.017
417;445_400-800m,421;442_400-800m,0,0,10,0.004,63,0.008,28,0.006,31,0.008,4,0.005
417;445_400-800m,196;24;1508_0-400m,7,0.021,17,0.006,70,0.009,35,0.008,22,0.006,7,0.009
417;445_400-800m,196;24;1508_400-800m,0,0,2,0.001,24,0.003,7,0.002,1,0,3,0.004
417;445_400-800m,409;453_0-400m,3,0.009,4,0.001,12,0.002,7,0.002,7,0.002,4,0.005
417;445_400-800m,409;453_400-800m,1,0.003,7,0.003,21,0.003,15,0.003,8,0.002,7,0.009
417;445_400-800m,1503_0-400m,3,0.009,24,0.009,75,0.01,41,0.009,22,0.006,7,0.009
417;445_400-800m,1503_400-800m,0,0,4,0.001,24,0.003,12,0.003,12,0.003,0,0
417;445_400-800m,1125;1163;1162_0-400m,0,0,1,0,1,0,1,0,0,0,0,0
417;445_400-800m,1125;1163;1162_400-800m,0,0,0,0,1,0,0,0,0,0,0,0
417;445_400-800m,1134;1153_0-400m,0,0,0,0,1,0,0,0,2,0.001,0,0
417;445_400-800m,1134;1153_400-800m,0,0,0,0,1,0,3,0.001,1,0,1,0.001
417;445_400-800m,21;28;1612_0-400m,1,0.003,9,0.003,31,0.004,12,0.003,10,0.003,4,0.005
417;445_400-800m,21;28;1612_400-800m,1,0.003,4,0.001,33,0.004,8,0.002,12,0.003,1,0.001
417;445_400-800m,1131;1158_0-400m,0,0,5,0.002,3,0,1,0,2,0.001,1,0.001
417;445_400-800m,1131;1158_400-800m,0,0,0,0,0,0,0,0,0,0,0,0
417;445_400-800m,1135;1152_0-400m,1,0.003,0,0,4,0.001,1,0,5,0.001,1,0.001
417;445_400-800m,1135;1152_400-800m,0,0,0,0,1,0,0,0,0,0,0,0
417;445_400-800m,584;604_0-400m,0,0,3,0.001,5,0.001,7,0.002,5,0.001,2,0.002
417;445_400-800m,584;604_400-800m,0,0,3,0.001,6,0.001,14,0.003,5,0.001,1,0.001
417;445_400-800m,1139;1149_0-400m,0,0,3,0.001,3,0,3,0.001,4,0.001,3,0.004
417;445_400-800m,1139;1149_400-800m,0,0,0,0,3,0,0,0,0,0,0,0
417;445_400-800m,1138;1150;1137_0-400m,0,0,5,0.002,11,0.001,4,0.001,3,0.001,3,0.004
417;445_400-800m,1138;1150;1137_400-800m,0,0,0,0,1,0,1,0,0,0,2,0.002
417;445_400-800m,1124;1164_0-400m,0,0,0,0,7,0.001,9,0.002,2,0.001,0,0
417;445_400-800m,1124;1164_400-800m,1,0.003,3,0.001,21,0.003,13,0.003,5,0.001,0,0
417;445_400-800m,343;349_0-400m,0,0,0,0,9,0.001,3,0.001,6,0.002,2,0.002
417;445_400-800m,343;349_400-800m,0,0,3,0.001,5,0.001,2,0,2,0.001,0,0
417;445_400-800m,1136;1151_0-400m,0,0,1,0,2,0,5,0.001,1,0,1,0.001
417;445_400-800m,1136;1151_400-800m,1,0.003,0,0,5,0.001,1,0,1,0,1,0.001
417;445_400-800m,342;350_0-400m,1,0.003,3,0.001,8,0.001,8,0.002,13,0.003,9,0.011
417;445_400-800m,342;350_400-800m,0,0,0,0,1,0,1,0,0,0,1,0.001
417;445_400-800m,1141;1147_0-400m,0,0,2,0.001,2,0,5,0.001,3,0.001,1,0.001
417;445_400-800m,1141;1147_400-800m,0,0,1,0,1,0,2,0,1,0,0,0
417;445_400-800m,1132;1155;1156_0-400m,0,0,3,0.001,6,0.001,4,0.001,1,0,0,0
417;445_400-800m,1132;1155;1156_400-800m,0,0,0,0,3,0,3,0.001,0,0,0,0
417;445_400-800m,1133;1154_0-400m,0,0,1,0,1,0,1,0,3,0.001,0,0
417;445_400-800m,1133;1154_400-800m,0,0,0,0,2,0,0,0,2,0.001,2,0.002
417;445_400-800m,1130;1159;1160_0-400m,2,0.006,5,0.002,16,0.002,2,0,4,0.001,0,0
417;445_400-800m,1130;1159;1160_400-800m,0,0,0,0,0,0,0,0,0,0,0,0
417;445_400-800m,345;347_0-400m,1,0.003,3,0.001,22,0.003,10,0.002,4,0.001,4,0.005
417;445_400-800m,345;347_400-800m,2,0.006,13,0.005,55,0.007,30,0.007,35,0.009,5,0.006
417;445_400-800m,344;348_0-400m,0,0,2,0.001,10,0.001,6,0.001,11,0.003,0,0
417;445_400-800m,344;348_400-800m,1,0.003,4,0.001,18,0.002,17,0.004,21,0.005,6,0.007
417;445_400-800m,1140;1148_0-400m,0,0,2,0.001,0,0,5,0.001,3,0.001,1,0.001
417;445_400-800m,1140;1148_400-800m,0,0,0,0,9,0.001,1,0,2,0.001,2,0.002
417;445_400-800m,1127;1161_0-400m,0,0,2,0.001,7,0.001,1,0,4,0.001,0,0
417;445_400-800m,1127;1161_400-800m,0,0,0,0,0,0,1,0,0,0,0,0
417;445_400-800m,1855_0-400m,0,0,0,0,3,0,0,0,0,0,0,0
417;445_400-800m,1855_400-800m,0,0,0,0,0,0,0,0,0,0,1,0.001
417;445_400-800m,187;204_0-400m,0,0,1,0,4,0.001,1,0,2,0.001,8,0.01
417;445_400-800m,187;204_400-800m,0,0,0,0,1,0,0,0,1,0,0,0
417;445_400-800m,661;674_0-400m,0,0,2,0.001,1,0,1,0,0,0,0,0
417;445_400-800m,661;674_400-800m,0,0,0,0,0,0,0,0,0,0,1,0.001
417;445_400-800m,184;207_0-400m,0,0,0,0,3,0,5,0.001,1,0,0,0
417;445_400-800m,184;207_400-800m,0,0,0,0,7,0.001,2,0,2,0.001,0,0
417;445_400-800m,657;678_0-400m,0,0,3,0.001,9,0.001,5,0.001,2,0.001,0,0
417;445_400-800m,657;678_400-800m,0,0,0,0,1,0,0,0,0,0,0,0
417;445_400-800m,656;679_0-400m,0,0,1,0,7,0.001,6,0.001,2,0.001,0,0
417;445_400-800m,656;679_400-800m,0,0,0,0,1,0,0,0,0,0,0,0
417;445_400-800m,1383;1461;1384_0-400m,1,0.003,11,0.004,28,0.004,11,0.002,4,0.001,6,0.007
417;445_400-800m,1383;1461;1384_400-800m,0,0,2,0.001,18,0.002,7,0.002,8,0.002,0,0
417;445_400-800m,665;670_0-400m,0,0,2,0.001,5,0.001,7,0.002,0,0,3,0.004
417;445_400-800m,665;670_400-800m,1,0.003,1,0,1,0,1,0,1,0,3,0.004
417;445_400-800m,659;676;675_0-400m,0,0,1,0,7,0.001,1,0,2,0.001,0,0
417;445_400-800m,659;676;675_400-800m,0,0,0,0,1,0,0,0,1,0,0,0
417;445_400-800m,664;671_0-400m,0,0,6,0.002,9,0.001,4,0.001,4,0.001,1,0.001
417;445_400-800m,664;671_400-800m,0,0,1,0,9,0.001,9,0.002,5,0.001,1,0.001
417;445_400-800m,185;206_0-400m,1,0.003,2,0.001,4,0.001,7,0.002,3,0.001,2,0.002
417;445_400-800m,185;206_400-800m,0,0,0,0,3,0,2,0,0,0,0,0
417;445_400-800m,662;673_0-400m,2,0.006,5,0.002,14,0.002,9,0.002,4,0.001,2,0.002
417;445_400-800m,662;673_400-800m,1,0.003,2,0.001,6,0.001,1,0,2,0.001,0,0
417;445_400-800m,1385;1459_0-400m,0,0,7,0.003,23,0.003,13,0.003,10,0.003,2,0.002
417;445_400-800m,1385;1459_400-800m,0,0,0,0,7,0.001,1,0,1,0,3,0.004
417;445_400-800m,658;677_0-400m,0,0,1,0,3,0,2,0,0,0,0,0
417;445_400-800m,658;677_400-800m,0,0,0,0,0,0,0,0,0,0,0,0
417;445_400-800m,663;672_0-400m,1,0.003,8,0.003,16,0.002,6,0.001,4,0.001,0,0
417;445_400-800m,663;672_400-800m,0,0,1,0,6,0.001,1,0,0,0,0,0
417;445_400-800m,183;209_0-400m,1,0.003,3,0.001,10,0.001,1,0,2,0.001,1,0.001
417;445_400-800m,183;209_400-800m,0,0,1,0,1,0,2,0,1,0,0,0
417;445_400-800m,186;205_0-400m,0,0,1,0,0,0,1,0,1,0,1,0.001
417;445_400-800m,186;205_400-800m,0,0,0,0,1,0,1,0,0,0,0,0
417;445_400-800m,188;203_0-400m,1,0.003,5,0.002,11,0.001,3,0.001,3,0.001,1,0.001
417;445_400-800m,188;203_400-800m,0,0,1,0,7,0.001,2,0,2,0.001,0,0
417;445_400-800m,388;823_0-400m,2,0.006,8,0.003,22,0.003,12,0.003,7,0.002,1,0.001
417;445_400-800m,388;823_400-800m,0,0,6,0.002,4,0.001,1,0,0,0,1,0.001
417;445_400-800m,1386;95_0-400m,1,0.003,11,0.004,31,0.004,7,0.002,4,0.001,1,0.001
417;445_400-800m,1386;95_400-800m,0,0,0,0,8,0.001,3,0.001,6,0.002,1,0.001
417;445_400-800m,Orange_0-400m,9,0.027,31,0.011,72,0.009,52,0.011,50,0.013,5,0.006
417;445_400-800m,Blue_0-400m,2,0.006,6,0.002,18,0.002,11,0.002,5,0.001,1,0.001
417;445_400-800m,Green_0-400m,1,0.003,9,0.003,15,0.002,9,0.002,13,0.003,1,0.001
417;445_400-800m,Orange_400-800m,0,0,5,0.002,38,0.005,18,0.004,22,0.006,5,0.006
417;445_400-800m,Blue_400-800m,1,0.003,11,0.004,21,0.003,12,0.003,9,0.002,6,0.007
417;445_400-800m,Green_400-800m,0,0,0,0,5,0.001,4,0.001,3,0.001,3,0.004
417;445_400-800m,External,133,0.405,721,0.265,2310,0.293,1381,0.304,1075,0.275,266,0.331
405;457_0-400m,415;448_0-400m,0,0,5,0.002,36,0.005,15,0.003,15,0.004,6,0.007
405;457_0-400m,415;448_400-800m,0,0,8,0.003,11,0.001,13,0.003,8,0.002,4,0.005
405;457_0-400m,408;455_0-400m,0,0,13,0.005,64,0.008,38,0.008,41,0.01,12,0.015
405;457_0-400m,408;455_400-800m,1,0.003,3,0.001,34,0.004,12,0.003,11,0.003,4,0.005
405;457_0-400m,412;451_0-400m,0,0,5,0.002,42,0.005,14,0.003,22,0.006,3,0.004
405;457_0-400m,412;451_400-800m,1,0.003,7,0.003,41,0.005,28,0.006,41,0.01,9,0.011
405;457_0-400m,416;447_0-400m,3,0.009,4,0.001,29,0.004,14,0.003,14,0.004,3,0.004
405;457_0-400m,416;447_400-800m,1,0.003,6,0.002,25,0.003,16,0.004,13,0.003,4,0.005
405;457_0-400m,410;452_0-400m,1,0.003,4,0.001,53,0.007,22,0.005,33,0.008,4,0.005
405;457_0-400m,410;452_400-800m,1,0.003,8,0.003,54,0.007,39,0.009,34,0.009,6,0.007
405;457_0-400m,414;449_0-400m,1,0.003,7,0.003,42,0.005,10,0.002,18,0.005,4,0.005
405;457_0-400m,414;449_400-800m,1,0.003,2,0.001,25,0.003,20,0.004,15,0.004,1,0.001
405;457_0-400m,407;456_0-400m,0,0,12,0.004,55,0.007,40,0.009,25,0.006,4,0.005
405;457_0-400m,407;456_400-800m,5,0.015,8,0.003,57,0.007,25,0.005,27,0.007,2,0.002
405;457_0-400m,413;450_0-400m,0,0,3,0.001,28,0.004,18,0.004,15,0.004,5,0.006
405;457_0-400m,413;450_400-800m,0,0,11,0.004,42,0.005,30,0.007,31,0.008,15,0.019
405;457_0-400m,419;444;420_0-400m,2,0.006,8,0.003,49,0.006,25,0.005,18,0.005,6,0.007
405;457_0-400m,419;444;420_400-800m,0,0,2,0.001,17,0.002,6,0.001,10,0.003,2,0.002
405;457_0-400m,417;445_0-400m,0,0,3,0.001,25,0.003,12,0.003,13,0.003,3,0.004
405;457_0-400m,417;445_400-800m,2,0.006,3,0.001,22,0.003,13,0.003,19,0.005,8,0.01
405;457_0-400m,405;457_0-400m,14,0.043,27,0.01,212,0.027,130,0.029,132,0.034,17,0.021
405;457_0-400m,405;457_400-800m,0,0,2,0.001,10,0.001,7,0.002,7,0.002,0,0
405;457_0-400m,404;459_0-400m,4,0.012,57,0.021,231,0.029,148,0.033,134,0.034,32,0.04
405;457_0-400m,404;459_400-800m,7,0.021,53,0.019,263,0.033,140,0.031,129,0.033,17,0.021
405;457_0-400m,421;442_0-400m,0,0,13,0.005,45,0.006,21,0.005,26,0.007,9,0.011
405;457_0-400m,421;442_400-800m,1,0.003,2,0.001,6,0.001,5,0.001,12,0.003,1,0.001
405;457_0-400m,196;24;1508_0-400m,1,0.003,8,0.003,29,0.004,16,0.004,11,0.003,8,0.01
405;457_0-400m,196;24;1508_400-800m,0,0,3,0.001,5,0.001,4,0.001,6,0.002,0,0
405;457_0-400m,409;453_0-400m,1,0.003,6,0.002,48,0.006,24,0.005,29,0.007,2,0.002
405;457_0-400m,409;453_400-800m,2,0.006,12,0.004,55,0.007,33,0.007,39,0.01,9,0.011
405;457_0-400m,1503_0-400m,0,0,10,0.004,35,0.004,19,0.004,28,0.007,10,0.012
405;457_0-400m,1503_400-800m,0,0,2,0.001,5,0.001,2,0,3,0.001,1,0.001
405;457_0-400m,1125;1163;1162_0-400m,0,0,0,0,0,0,2,0,1,0,0,0
405;457_0-400m,1125;1163;1162_400-800m,0,0,0,0,0,0,0,0,0,0,0,0
405;457_0-400m,1134;1153_0-400m,0,0,0,0,1,0,0,0,3,0.001,0,0
405;457_0-400m,1134;1153_400-800m,0,0,2,0.001,4,0.001,1,0,3,0.001,0,0
405;457_0-400m,21;28;1612_0-400m,0,0,2,0.001,13,0.002,8,0.002,16,0.004,2,0.002
405;457_0-400m,21;28;1612_400-800m,0,0,0,0,19,0.002,7,0.002,3,0.001,3,0.004
405;457_0-400m,1131;1158_0-400m,0,0,1,0,1,0,0,0,2,0.001,0,0
405;457_0-400m,1131;1158_400-800m,0,0,0,0,1,0,0,0,0,0,0,0
405;457_0-400m,1135;1152_0-400m,0,0,1,0,1,0,4,0.001,4,0.001,0,0
405;457_0-400m,1135;1152_400-800m,0,0,0,0,1,0,0,0,0,0,0,0
405;457_0-400m,584;604_0-400m,0,0,1,0,2,0,6,0.001,5,0.001,1,0.001
405;457_0-400m,584;604_400-800m,0,0,4,0.001,18,0.002,3,0.001,4,0.001,1,0.001
405;457_0-400m,1139;1149_0-400m,0,0,0,0,4,0.001,1,0,2,0.001,0,0
405;457_0-400m,1139;1149_400-800m,1,0.003,0,0,2,0,0,0,2,0.001,0,0
405;457_0-400m,1138;1150;1137_0-400m,0,0,0,0,7,0.001,5,0.001,6,0.002,0,0
405;457_0-400m,1138;1150;1137_400-800m,0,0,0,0,0,0,2,0,0,0,0,0
405;457_0-400m,1124;1164_0-400m,0,0,0,0,5,0.001,3,0.001,2,0.001,0,0
405;457_0-400m,1124;1164_400-800m,0,0,1,0,9,0.001,4,0.001,1,0,0,0
405;457_0-400m,343;349_0-400m,0,0,3,0.001,8,0.001,1,0,3,0.001,0,0
405;457_0-400m,343;349_400-800m,0,0,0,0,5,0.001,2,0,2,0.001,0,0
405;457_0-400m,1136;1151_0-400m,0,0,0,0,2,0,0,0,4,0.001,1,0.001
405;457_0-400m,1136;1151_400-800m,0,0,0,0,0,0,0,0,1,0,0,0
405;457_0-400m,342;350_0-400m,0,0,1,0,5,0.001,4,0.001,8,0.002,3,0.004
405;457_0-400m,342;350_400-800m,1,0.003,1,0,4,0.001,1,0,4,0.001,1,0.001
405;457_0-400m,1141;1147_0-400m,0,0,0,0,2,0,0,0,4,0.001,2,0.002
405;457_0-400m,1141;1147_400-800m,1,0.003,0,0,1,0,0,0,0,0,0,0
405;457_0-400m,1132;1155;1156_0-400m,0,0,0,0,2,0,1,0,5,0.001,0,0
405;457_0-400m,1132;1155;1156_400-800m,0,0,0,0,1,0,0,0,1,0,1,0.001
405;457_0-400m,1133;1154_0-400m,0,0,0,0,3,0,1,0,1,0,0,0
405;457_0-400m,1133;1154_400-800m,0,0,0,0,0,0,2,0,3,0.001,0,0
405;457_0-400m,1130;1159;1160_0-400m,0,0,5,0.002,5,0.001,1,0,6,0.002,1,0.001
405;457_0-400m,1130;1159;1160_400-800m,0,0,0,0,0,0,0,0,1,0,0,0
405;457_0-400m,345;347_0-400m,0,0,3,0.001,7,0.001,6,0.001,8,0.002,0,0
405;457_0-400m,345;347_400-800m,0,0,2,0.001,22,0.003,6,0.001,19,0.005,5,0.006
405;457_0-400m,344;348_0-400m,0,0,0,0,5,0.001,4,0.001,3,0.001,1,0.001
405;457_0-400m,344;348_400-800m,1,0.003,5,0.002,8,0.001,9,0.002,9,0.002,0,0
405;457_0-400m,1140;1148_0-400m,0,0,2,0.001,5,0.001,2,0,4,0.001,1,0.001
405;457_0-400m,1140;1148_400-800m,0,0,0,0,4,0.001,1,0,1,0,0,0
405;457_0-400m,1127;1161_0-400m,1,0.003,3,0.001,0,0,2,0,2,0.001,0,0
405;457_0-400m,1127;1161_400-800m,0,0,0,0,1,0,0,0,0,0,0,0
405;457_0-400m,1855_0-400m,0,0,0,0,0,0,3,0.001,1,0,1,0.001
405;457_0-400m,1855_400-800m,0,0,0,0,0,0,0,0,1,0,0,0
405;457_0-400m,187;204_0-400m,0,0,0,0,3,0,5,0.001,3,0.001,2,0.002
405;457_0-400m,187;204_400-800m,0,0,1,0,2,0,1,0,1,0,0,0
405;457_0-400m,661;674_0-400m,0,0,0,0,9,0.001,1,0,0,0,1,0.001
405;457_0-400m,661;674_400-800m,0,0,2,0.001,2,0,3,0.001,0,0,0,0
405;457_0-400m,184;207_0-400m,1,0.003,1,0,3,0,1,0,3,0.001,1,0.001
405;457_0-400m,184;207_400-800m,0,0,0,0,7,0.001,3,0.001,3,0.001,0,0
405;457_0-400m,657;678_0-400m,0,0,0,0,6,0.001,3,0.001,3,0.001,0,0
405;457_0-400m,657;678_400-800m,0,0,0,0,0,0,0,0,0,0,0,0
405;457_0-400m,656;679_0-400m,0,0,2,0.001,4,0.001,2,0,7,0.002,0,0
405;457_0-400m,656;679_400-800m,0,0,0,0,0,0,0,0,0,0,1,0.001
405;457_0-400m,1383;1461;1384_0-400m,1,0.003,3,0.001,11,0.001,2,0,4,0.001,2,0.002
405;457_0-400m,1383;1461;1384_400-800m,0,0,1,0,5,0.001,5,0.001,2,0.001,3,0.004
405;457_0-400m,665;670_0-400m,0,0,3,0.001,2,0,2,0,2,0.001,0,0
405;457_0-400m,665;670_400-800m,0,0,0,0,1,0,2,0,3,0.001,3,0.004
405;457_0-400m,659;676;675_0-400m,0,0,2,0.001,3,0,3,0.001,1,0,0,0
405;457_0-400m,659;676;675_400-800m,0,0,0,0,5,0.001,0,0,1,0,0,0
405;457_0-400m,664;671_0-400m,0,0,0,0,10,0.001,3,0.001,4,0.001,0,0
405;457_0-400m,664;671_400-800m,0,0,0,0,7,0.001,7,0.002,6,0.002,0,0
405;457_0-400m,185;206_0-400m,0,0,0,0,4,0.001,2,0,4,0.001,1,0.001
405;457_0-400m,185;206_400-800m,0,0,0,0,2,0,0,0,1,0,0,0
405;457_0-400m,662;673_0-400m,1,0.003,6,0.002,10,0.001,11,0.002,12,0.003,2,0.002
405;457_0-400m,662;673_400-800m,0,0,3,0.001,8,0.001,7,0.002,4,0.001,0,0
405;457_0-400m,1385;1459_0-400m,0,0,3,0.001,13,0.002,5,0.001,7,0.002,2,0.002
405;457_0-400m,1385;1459_400-800m,0,0,0,0,1,0,1,0,2,0.001,0,0
405;457_0-400m,658;677_0-400m,0,0,0,0,2,0,0,0,0,0,0,0
405;457_0-400m,658;677_400-800m,0,0,0,0,0,0,0,0,0,0,0,0
405;457_0-400m,663;672_0-400m,0,0,4,0.001,3,0,3,0.001,8,0.002,4,0.005
405;457_0-400m,663;672_400-800m,0,0,0,0,3,0,3,0.001,1,0,1,0.001
405;457_0-400m,183;209_0-400m,0,0,3,0.001,4,0.001,2,0,1,0,0,0
405;457_0-400m,183;209_400-800m,0,0,1,0,3,0,2,0,1,0,1,0.001
405;457_0-400m,186;205_0-400m,0,0,1,0,0,0,3,0.001,0,0,0,0
405;457_0-400m,186;205_400-800m,0,0,0,0,1,0,0,0,0,0,0,0
405;457_0-400m,188;203_0-400m,0,0,5,0.002,6,0.001,4,0.001,7,0.002,3,0.004
405;457_0-400m,188;203_400-800m,0,0,2,0.001,8,0.001,2,0,8,0.002,2,0.002
405;457_0-400m,388;823_0-400m,3,0.009,0,0,21,0.003,18,0.004,7,0.002,0,0
405;457_0-400m,388;823_400-800m,0,0,2,0.001,3,0,5,0.001,4,0.001,0,0
405;457_0-400m,1386;95_0-400m,1,0.003,2,0.001,10,0.001,5,0.001,5,0.001,3,0.004
405;457_0-400m,1386;95_400-800m,0,0,0,0,4,0.001,1,0,2,0.001,2,0.002
405;457_0-400m,Orange_0-400m,32,0.097,140,0.052,511,0.065,309,0.068,259,0.066,37,0.046
405;457_0-400m,Blue_0-400m,0,0,4,0.001,18,0.002,8,0.002,7,0.002,1,0.001
405;457_0-400m,Green_0-400m,0,0,12,0.004,28,0.004,20,0.004,10,0.003,1,0.001
405;457_0-400m,Orange_400-800m,6,0.018,11,0.004,125,0.016,72,0.016,55,0.014,12,0.015
405;457_0-400m,Blue_400-800m,1,0.003,2,0.001,19,0.002,7,0.002,7,0.002,1,0.001
405;457_0-400m,Green_400-800m,1,0.003,3,0.001,9,0.001,8,0.002,6,0.002,4,0.005
405;457_0-400m,External,150,0.457,801,0.295,2784,0.353,1616,0.355,1601,0.409,391,0.487
405;457_400-800m,415;448_0-400m,0,0,2,0.001,1,0,1,0,1,0,1,0.001
405;457_400-800m,415;448_400-800m,0,0,0,0,1,0,1,0,3,0.001,0,0
405;457_400-800m,408;455_0-400m,0,0,2,0.001,3,0,2,0,3,0.001,0,0
405;457_400-800m,408;455_400-800m,0,0,1,0,4,0.001,0,0,1,0,0,0
405;457_400-800m,412;451_0-400m,0,0,0,0,0,0,2,0,1,0,0,0
405;457_400-800m,412;451_400-800m,0,0,0,0,5,0.001,1,0,1,0,0,0
405;457_400-800m,416;447_0-400m,0,0,0,0,4,0.001,3,0.001,2,0.001,0,0
405;457_400-800m,416;447_400-800m,0,0,1,0,0,0,1,0,0,0,0,0
405;457_400-800m,410;452_0-400m,0,0,1,0,1,0,0,0,1,0,0,0
405;457_400-800m,410;452_400-800m,0,0,0,0,0,0,0,0,2,0.001,0,0
405;457_400-800m,414;449_0-400m,0,0,0,0,0,0,1,0,1,0,0,0
405;457_400-800m,414;449_400-800m,0,0,0,0,0,0,0,0,1,0,0,0
405;457_400-800m,407;456_0-400m,0,0,0,0,1,0,1,0,1,0,1,0.001
405;457_400-800m,407;456_400-800m,0,0,1,0,7,0.001,2,0,0,0,0,0
405;457_400-800m,413;450_0-400m,0,0,0,0,3,0,0,0,1,0,1,0.001
405;457_400-800m,413;450_400-800m,0,0,0,0,4,0.001,1,0,1,0,0,0
405;457_400-800m,419;444;420_0-400m,0,0,0,0,1,0,2,0,0,0,0,0
405;457_400-800m,419;444;420_400-800m,0,0,1,0,3,0,2,0,1,0,0,0
405;457_400-800m,417;445_0-400m,0,0,0,0,4,0.001,0,0,2,0.001,0,0
405;457_400-800m,417;445_400-800m,0,0,0,0,1,0,0,0,1,0,1,0.001
405;457_400-800m,405;457_0-400m,0,0,2,0.001,12,0.002,11,0.002,3,0.001,0,0
405;457_400-800m,405;457_400-800m,0,0,3,0.001,10,0.001,4,0.001,4,0.001,3,0.004
405;457_400-800m,404;459_0-400m,0,0,4,0.001,16,0.002,6,0.001,5,0.001,3,0.004
405;457_400-800m,404;459_400-800m,0,0,3,0.001,13,0.002,7,0.002,4,0.001,0,0
405;457_400-800m,421;442_0-400m,0,0,1,0,2,0,2,0,2,0.001,0,0
405;457_400-800m,421;442_400-800m,0,0,0,0,1,0,0,0,1,0,0,0
405;457_400-800m,196;24;1508_0-400m,0,0,2,0.001,2,0,1,0,1,0,2,0.002
405;457_400-800m,196;24;1508_400-800m,0,0,0,0,0,0,0,0,0,0,0,0
405;457_400-800m,409;453_0-400m,0,0,1,0,2,0,2,0,0,0,0,0
405;457_400-800m,409;453_400-800m,0,0,0,0,5,0.001,2,0,1,0,0,0
405;457_400-800m,1503_0-400m,0,0,0,0,0,0,0,0,1,0,0,0
405;457_400-800m,1503_400-800m,0,0,0,0,0,0,0,0,0,0,0,0
405;457_400-800m,1125;1163;1162_0-400m,0,0,0,0,1,0,0,0,1,0,0,0
405;457_400-800m,1125;1163;1162_400-800m,0,0,0,0,0,0,1,0,0,0,0,0
405;457_400-800m,1134;1153_0-400m,0,0,0,0,0,0,0,0,0,0,0,0
405;457_400-800m,1134;1153_400-800m,0,0,0,0,0,0,0,0,0,0,0,0
405;457_400-800m,21;28;1612_0-400m,0,0,0,0,1,0,0,0,1,0,0,0
405;457_400-800m,21;28;1612_400-800m,0,0,0,0,1,0,0,0,1,0,0,0
405;457_400-800m,1131;1158_0-400m,0,0,0,0,2,0,1,0,0,0,0,0
405;457_400-800m,1131;1158_400-800m,0,0,0,0,1,0,0,0,0,0,0,0
405;457_400-800m,1135;1152_0-400m,0,0,0,0,0,0,4,0.001,0,0,0,0
405;457_400-800m,1135;1152_400-800m,0,0,0,0,0,0,0,0,0,0,0,0
405;457_400-800m,584;604_0-400m,0,0,0,0,0,0,1,0,0,0,0,0
405;457_400-800m,584;604_400-800m,0,0,0,0,0,0,0,0,0,0,0,0
405;457_400-800m,1139;1149_0-400m,0,0,0,0,1,0,1,0,0,0,0,0
405;457_400-800m,1139;1149_400-800m,0,0,0,0,0,0,0,0,0,0,0,0
405;457_400-800m,1138;1150;1137_0-400m,0,0,1,0,2,0,3,0.001,0,0,0,0
405;457_400-800m,1138;1150;1137_400-800m,0,0,0,0,2,0,1,0,0,0,0,0
405;457_400-800m,1124;1164_0-400m,0,0,0,0,0,0,1,0,0,0,0,0
405;457_400-800m,1124;1164_400-800m,0,0,0,0,2,0,1,0,0,0,0,0
405;457_400-800m,343;349_0-400m,0,0,1,0,0,0,0,0,0,0,0,0
405;457_400-800m,343;349_400-800m,0,0,0,0,0,0,0,0,0,0,0,0
405;457_400-800m,1136;1151_0-400m,0,0,0,0,0,0,1,0,0,0,0,0
405;457_400-800m,1136;1151_400-800m,0,0,0,0,0,0,1,0,0,0,0,0
405;457_400-800m,342;350_0-400m,0,0,0,0,0,0,0,0,0,0,0,0
405;457_400-800m,342;350_400-800m,0,0,0,0,2,0,0,0,1,0,0,0
405;457_400-800m,1141;1147_0-400m,0,0,0,0,0,0,0,0,1,0,0,0
405;457_400-800m,1141;1147_400-800m,0,0,0,0,0,0,0,0,0,0,0,0
405;457_400-800m,1132;1155;1156_0-400m,0,0,0,0,1,0,0,0,0,0,0,0
405;457_400-800m,1132;1155;1156_400-800m,0,0,0,0,0,0,0,0,0,0,0,0
405;457_400-800m,1133;1154_0-400m,0,0,0,0,0,0,0,0,0,0,0,0
405;457_400-800m,1133;1154_400-800m,0,0,0,0,0,0,0,0,2,0.001,0,0
405;457_400-800m,1130;1159;1160_0-400m,0,0,0,0,0,0,0,0,1,0,0,0
405;457_400-800m,1130;1159;1160_400-800m,0,0,0,0,0,0,0,0,0,0,0,0
405;457_400-800m,345;347_0-400m,0,0,0,0,0,0,0,0,0,0,0,0
405;457_400-800m,345;347_400-800m,0,0,0,0,0,0,2,0,1,0,0,0
405;457_400-800m,344;348_0-400m,0,0,0,0,0,0,0,0,0,0,0,0
405;457_400-800m,344;348_400-800m,0,0,1,0,1,0,0,0,0,0,0,0
405;457_400-800m,1140;1148_0-400m,0,0,0,0,0,0,2,0,1,0,0,0
405;457_400-800m,1140;1148_400-800m,0,0,0,0,0,0,0,0,0,0,0,0
405;457_400-800m,1127;1161_0-400m,0,0,0,0,0,0,0,0,0,0,0,0
405;457_400-800m,1127;1161_400-800m,0,0,0,0,0,0,0,0,0,0,0,0
405;457_400-800m,1855_0-400m,0,0,0,0,0,0,0,0,0,0,0,0
405;457_400-800m,1855_400-800m,0,0,0,0,0,0,0,0,0,0,0,0
405;457_400-800m,187;204_0-400m,0,0,0,0,0,0,0,0,0,0,0,0
405;457_400-800m,187;204_400-800m,0,0,0,0,0,0,0,0,0,0,0,0
405;457_400-800m,661;674_0-400m,0,0,0,0,0,0,0,0,0,0,0,0
405;457_400-800m,661;674_400-800m,0,0,0,0,0,0,0,0,0,0,0,0
405;457_400-800m,184;207_0-400m,0,0,0,0,0,0,0,0,1,0,0,0
405;457_400-800m,184;207_400-800m,0,0,0,0,1,0,1,0,0,0,0,0
405;457_400-800m,657;678_0-400m,0,0,0,0,0,0,0,0,0,0,0,0
405;457_400-800m,657;678_400-800m,0,0,0,0,0,0,0,0,0,0,0,0
405;457_400-800m,656;679_0-400m,0,0,0,0,0,0,0,0,0,0,0,0
405;457_400-800m,656;679_400-800m,0,0,0,0,0,0,0,0,0,0,0,0
405;457_400-800m,1383;1461;1384_0-400m,0,0,0,0,1,0,1,0,1,0,0,0
405;457_400-800m,1383;1461;1384_400-800m,0,0,0,0,2,0,0,0,0,0,0,0
405;457_400-800m,665;670_0-400m,0,0,1,0,1,0,0,0,0,0,0,0
405;457_400-800m,665;670_400-800m,0,0,0,0,0,0,0,0,0,0,0,0
405;457_400-800m,659;676;675_0-400m,0,0,0,0,0,0,0,0,0,0,0,0
405;457_400-800m,659;676;675_400-800m,0,0,0,0,0,0,0,0,0,0,0,0
405;457_400-800m,664;671_0-400m,0,0,0,0,0,0,0,0,0,0,0,0
405;457_400-800m,664;671_400-800m,0,0,0,0,1,0,0,0,0,0,0,0
405;457_400-800m,185;206_0-400m,0,0,0,0,0,0,0,0,1,0,1,0.001
405;457_400-800m,185;206_400-800m,0,0,1,0,0,0,0,0,0,0,0,0
405;457_400-800m,662;673_0-400m,0,0,0,0,0,0,0,0,0,0,0,0
405;457_400-800m,662;673_400-800m,0,0,0,0,1,0,0,0,0,0,0,0
405;457_400-800m,1385;1459_0-400m,0,0,0,0,2,0,1,0,0,0,0,0
405;457_400-800m,1385;1459_400-800m,0,0,0,0,1,0,1,0,0,0,0,0
405;457_400-800m,658;677_0-400m,0,0,0,0,0,0,0,0,0,0,0,0
405;457_400-800m,658;677_400-800m,0,0,0,0,0,0,0,0,0,0,0,0
405;457_400-800m,663;672_0-400m,0,0,0,0,1,0,0,0,0,0,0,0
405;457_400-800m,663;672_400-800m,0,0,0,0,0,0,0,0,0,0,0,0
405;457_400-800m,183;209_0-400m,0,0,0,0,0,0,0,0,0,0,0,0
405;457_400-800m,183;209_400-800m,0,0,0,0,0,0,0,0,0,0,0,0
405;457_400-800m,186;205_0-400m,0,0,0,0,0,0,0,0,0,0,0,0
405;457_400-800m,186;205_400-800m,0,0,0,0,0,0,0,0,0,0,0,0
405;457_400-800m,188;203_0-400m,0,0,1,0,0,0,1,0,0,0,0,0
405;457_400-800m,188;203_400-800m,0,0,0,0,1,0,0,0,0,0,0,0
405;457_400-800m,388;823_0-400m,0,0,0,0,2,0,2,0,0,0,0,0
405;457_400-800m,388;823_400-800m,0,0,0,0,0,0,0,0,1,0,0,0
405;457_400-800m,1386;95_0-400m,0,0,3,0.001,4,0.001,0,0,0,0,0,0
405;457_400-800m,1386;95_400-800m,0,0,0,0,0,0,0,0,1,0,0,0
405;457_400-800m,Orange_0-400m,0,0,4,0.001,23,0.003,4,0.001,8,0.002,1,0.001
405;457_400-800m,Blue_0-400m,0,0,0,0,0,0,1,0,2,0.001,0,0
405;457_400-800m,Green_0-400m,0,0,0,0,3,0,2,0,3,0.001,0,0
405;457_400-800m,Orange_400-800m,0,0,0,0,9,0.001,7,0.002,2,0.001,0,0
405;457_400-800m,Blue_400-800m,0,0,1,0,0,0,1,0,0,0,0,0
405;457_400-800m,Green_400-800m,0,0,0,0,1,0,3,0.001,3,0.001,0,0
405;457_400-800m,External,12,0.037,54,0.02,199,0.025,106,0.023,74,0.019,16,0.02
404;459_0-400m,415;448_0-400m,0,0,7,0.003,35,0.004,36,0.008,19,0.005,3,0.004
404;459_0-400m,415;448_400-800m,2,0.006,4,0.001,11,0.001,11,0.002,14,0.004,4,0.005
404;459_0-400m,408;455_0-400m,0,0,23,0.008,85,0.011,45,0.01,50,0.013,19,0.024
404;459_0-400m,408;455_400-800m,1,0.003,11,0.004,52,0.007,30,0.007,30,0.008,1,0.001
404;459_0-400m,412;451_0-400m,0,0,21,0.008,42,0.005,38,0.008,23,0.006,6,0.007
404;459_0-400m,412;451_400-800m,3,0.009,14,0.005,74,0.009,46,0.01,44,0.011,18,0.022
404;459_0-400m,416;447_0-400m,1,0.003,6,0.002,24,0.003,20,0.004,15,0.004,4,0.005
404;459_0-400m,416;447_400-800m,0,0,18,0.007,32,0.004,12,0.003,17,0.004,7,0.009
404;459_0-400m,410;452_0-400m,0,0,19,0.007,47,0.006,21,0.005,26,0.007,9,0.011
404;459_0-400m,410;452_400-800m,1,0.003,17,0.006,65,0.008,40,0.009,40,0.01,1,0.001
404;459_0-400m,414;449_0-400m,1,0.003,7,0.003,36,0.005,21,0.005,17,0.004,5,0.006
404;459_0-400m,414;449_400-800m,0,0,1,0,21,0.003,12,0.003,10,0.003,2,0.002
404;459_0-400m,407;456_0-400m,2,0.006,13,0.005,73,0.009,32,0.007,36,0.009,7,0.009
404;459_0-400m,407;456_400-800m,0,0,17,0.006,89,0.011,30,0.007,34,0.009,6,0.007
404;459_0-400m,413;450_0-400m,0,0,6,0.002,23,0.003,21,0.005,30,0.008,8,0.01
404;459_0-400m,413;450_400-800m,3,0.009,9,0.003,60,0.008,49,0.011,39,0.01,7,0.009
404;459_0-400m,419;444;420_0-400m,4,0.012,21,0.008,53,0.007,21,0.005,20,0.005,5,0.006
404;459_0-400m,419;444;420_400-800m,0,0,1,0,18,0.002,11,0.002,15,0.004,3,0.004
404;459_0-400m,417;445_0-400m,2,0.006,5,0.002,25,0.003,14,0.003,13,0.003,3,0.004
404;459_0-400m,417;445_400-800m,2,0.006,7,0.003,18,0.002,14,0.003,22,0.006,5,0.006
404;459_0-400m,405;457_0-400m,2,0.006,40,0.015,204,0.026,123,0.027,107,0.027,13,0.016
404;459_0-400m,405;457_400-800m,0,0,3,0.001,14,0.002,6,0.001,4,0.001,0,0
404;459_0-400m,404;459_0-400m,6,0.018,85,0.031,395,0.05,160,0.035,158,0.04,16,0.02
404;459_0-400m,404;459_400-800m,14,0.043,55,0.02,306,0.039,167,0.037,164,0.042,22,0.027
404;459_0-400m,421;442_0-400m,2,0.006,39,0.014,77,0.01,39,0.009,44,0.011,10,0.012
404;459_0-400m,421;442_400-800m,1,0.003,8,0.003,22,0.003,14,0.003,15,0.004,5,0.006
404;459_0-400m,196;24;1508_0-400m,1,0.003,11,0.004,45,0.006,17,0.004,21,0.005,12,0.015
404;459_0-400m,196;24;1508_400-800m,0,0,3,0.001,16,0.002,9,0.002,4,0.001,4,0.005
404;459_0-400m,409;453_0-400m,2,0.006,8,0.003,52,0.007,29,0.006,30,0.008,7,0.009
404;459_0-400m,409;453_400-800m,2,0.006,20,0.007,86,0.011,57,0.013,50,0.013,15,0.019
404;459_0-400m,1503_0-400m,0,0,23,0.008,33,0.004,10,0.002,28,0.007,5,0.006
404;459_0-400m,1503_400-800m,0,0,1,0,3,0,2,0,9,0.002,1,0.001
404;459_0-400m,1125;1163;1162_0-400m,0,0,0,0,1,0,4,0.001,1,0,0,0
404;459_0-400m,1125;1163;1162_400-800m,0,0,0,0,0,0,0,0,2,0.001,0,0
404;459_0-400m,1134;1153_0-400m,0,0,1,0,0,0,0,0,0,0,0,0
404;459_0-400m,1134;1153_400-800m,0,0,0,0,5,0.001,2,0,1,0,0,0
404;459_0-400m,21;28;1612_0-400m,2,0.006,5,0.002,13,0.002,19,0.004,16,0.004,2,0.002
404;459_0-400m,21;28;1612_400-800m,1,0.003,5,0.002,18,0.002,19,0.004,14,0.004,3,0.004
404;459_0-400m,1131;1158_0-400m,0,0,0,0,6,0.001,1,0,0,0,1,0.001
404;459_0-400m,1131;1158_400-800m,0,0,0,0,2,0,2,0,3,0.001,0,0
404;459_0-400m,1135;1152_0-400m,0,0,0,0,7,0.001,3,0.001,1,0,1,0.001
404;459_0-400m,1135;1152_400-800m,0,0,1,0,0,0,0,0,1,0,0,0
404;459_0-400m,584;604_0-400m,0,0,1,0,7,0.001,4,0.001,6,0.002,1,0.001
404;459_0-400m,584;604_400-800m,0,0,3,0.001,9,0.001,3,0.001,11,0.003,3,0.004
404;459_0-400m,1139;1149_0-400m,0,0,0,0,5,0.001,5,0.001,6,0.002,4,0.005
404;459_0-400m,1139;1149_400-800m,1,0.003,0,0,0,0,0,0,0,0,0,0
404;459_0-400m,1138;1150;1137_0-400m,1,0.003,5,0.002,9,0.001,2,0,7,0.002,0,0
404;459_0-400m,1138;1150;1137_400-800m,1,0.003,0,0,1,0,0,0,1,0,0,0
404;459_0-400m,1124;1164_0-400m,0,0,1,0,6,0.001,2,0,3,0.001,0,0
404;459_0-400m,1124;1164_400-800m,1,0.003,1,0,11,0.001,3,0.001,8,0.002,0,0
404;459_0-400m,343;349_0-400m,0,0,1,0,13,0.002,7,0.002,8,0.002,1,0.001
404;459_0-400m,343;349_400-800m,0,0,0,0,3,0,0,0,3,0.001,2,0.002
404;459_0-400m,1136;1151_0-400m,0,0,0,0,3,0,0,0,4,0.001,0,0
404;459_0-400m,1136;1151_400-800m,0,0,0,0,2,0,0,0,3,0.001,3,0.004
404;459_0-400m,342;350_0-400m,0,0,2,0.001,7,0.001,7,0.002,11,0.003,2,0.002
404;459_0-400m,342;350_400-800m,0,0,0,0,5,0.001,4,0.001,2,0.001,0,0
404;459_0-400m,1141;1147_0-400m,0,0,1,0,4,0.001,4,0.001,11,0.003,2,0.002
404;459_0-400m,1141;1147_400-800m,0,0,0,0,1,0,1,0,0,0,0,0
404;459_0-400m,1132;1155;1156_0-400m,0,0,0,0,7,0.001,3,0.001,4,0.001,1,0.001
404;459_0-400m,1132;1155;1156_400-800m,0,0,1,0,1,0,0,0,2,0.001,0,0
404;459_0-400m,1133;1154_0-400m,0,0,1,0,4,0.001,2,0,2,0.001,0,0
404;459_0-400m,1133;1154_400-800m,0,0,0,0,1,0,0,0,3,0.001,1,0.001
404;459_0-400m,1130;1159;1160_0-400m,0,0,2,0.001,12,0.002,2,0,5,0.001,3,0.004
404;459_0-400m,1130;1159;1160_400-800m,0,0,0,0,0,0,0,0,0,0,0,0
404;459_0-400m,345;347_0-400m,0,0,1,0,13,0.002,7,0.002,9,0.002,3,0.004
404;459_0-400m,345;347_400-800m,2,0.006,3,0.001,29,0.004,14,0.003,19,0.005,5,0.006
404;459_0-400m,344;348_0-400m,0,0,1,0,5,0.001,7,0.002,11,0.003,2,0.002
404;459_0-400m,344;348_400-800m,3,0.009,5,0.002,15,0.002,7,0.002,8,0.002,4,0.005
404;459_0-400m,1140;1148_0-400m,0,0,1,0,3,0,5,0.001,6,0.002,2,0.002
404;459_0-400m,1140;1148_400-800m,0,0,0,0,4,0.001,6,0.001,4,0.001,3,0.004
404;459_0-400m,1127;1161_0-400m,2,0.006,3,0.001,5,0.001,5,0.001,2,0.001,0,0
404;459_0-400m,1127;1161_400-800m,0,0,0,0,0,0,0,0,0,0,0,0
404;459_0-400m,1855_0-400m,0,0,0,0,2,0,0,0,1,0,0,0
404;459_0-400m,1855_400-800m,0,0,0,0,0,0,0,0,0,0,0,0
404;459_0-400m,187;204_0-400m,0,0,1,0,7,0.001,1,0,3,0.001,0,0
404;459_0-400m,187;204_400-800m,0,0,0,0,3,0,2,0,3,0.001,0,0
404;459_0-400m,661;674_0-400m,0,0,1,0,5,0.001,3,0.001,0,0,1,0.001
404;459_0-400m,661;674_400-800m,0,0,0,0,0,0,1,0,1,0,0,0
404;459_0-400m,184;207_0-400m,1,0.003,0,0,2,0,3,0.001,1,0,1,0.001
404;459_0-400m,184;207_400-800m,0,0,1,0,10,0.001,3,0.001,3,0.001,2,0.002
404;459_0-400m,657;678_0-400m,0,0,0,0,8,0.001,7,0.002,4,0.001,0,0
404;459_0-400m,657;678_400-800m,0,0,0,0,0,0,0,0,0,0,0,0
404;459_0-400m,656;679_0-400m,1,0.003,2,0.001,3,0,3,0.001,3,0.001,0,0
404;459_0-400m,656;679_400-800m,0,0,0,0,0,0,0,0,0,0,0,0
404;459_0-400m,1383;1461;1384_0-400m,1,0.003,3,0.001,11,0.001,4,0.001,7,0.002,1,0.001
404;459_0-400m,1383;1461;1384_400-800m,0,0,8,0.003,9,0.001,3,0.001,4,0.001,2,0.002
404;459_0-400m,665;670_0-400m,0,0,4,0.001,13,0.002,3,0.001,3,0.001,2,0.002
404;459_0-400m,665;670_400-800m,0,0,0,0,5,0.001,3,0.001,5,0.001,0,0
404;459_0-400m,659;676;675_0-400m,0,0,0,0,3,0,5,0.001,2,0.001,2,0.002
404;459_0-400m,659;676;675_400-800m,0,0,1,0,1,0,2,0,0,0,1,0.001
404;459_0-400m,664;671_0-400m,0,0,2,0.001,6,0.001,3,0.001,8,0.002,2,0.002
404;459_0-400m,664;671_400-800m,1,0.003,1,0,13,0.002,8,0.002,6,0.002,2,0.002
404;459_0-400m,185;206_0-400m,0,0,2,0.001,8,0.001,2,0,5,0.001,0,0
404;459_0-400m,185;206_400-800m,0,0,0,0,5,0.001,1,0,2,0.001,1,0.001
404;459_0-400m,662;673_0-400m,0,0,9,0.003,15,0.002,5,0.001,10,0.003,5,0.006
404;459_0-400m,662;673_400-800m,2,0.006,4,0.001,11,0.001,5,0.001,6,0.002,2,0.002
404;459_0-400m,1385;1459_0-400m,1,0.003,7,0.003,10,0.001,7,0.002,7,0.002,2,0.002
404;459_0-400m,1385;1459_400-800m,0,0,1,0,1,0,3,0.001,5,0.001,0,0
404;459_0-400m,658;677_0-400m,0,0,1,0,9,0.001,4,0.001,1,0,0,0
404;459_0-400m,658;677_400-800m,0,0,3,0.001,0,0,0,0,0,0,0,0
404;459_0-400m,663;672_0-400m,1,0.003,3,0.001,5,0.001,2,0,5,0.001,6,0.007
404;459_0-400m,663;672_400-800m,0,0,2,0.001,8,0.001,5,0.001,2,0.001,1,0.001
404;459_0-400m,183;209_0-400m,0,0,4,0.001,13,0.002,2,0,1,0,1,0.001
404;459_0-400m,183;209_400-800m,0,0,0,0,4,0.001,2,0,0,0,0,0
404;459_0-400m,186;205_0-400m,0,0,0,0,3,0,4,0.001,1,0,1,0.001
404;459_0-400m,186;205_400-800m,0,0,0,0,0,0,0,0,0,0,0,0
404;459_0-400m,188;203_0-400m,0,0,3,0.001,11,0.001,2,0,12,0.003,4,0.005
404;459_0-400m,188;203_400-800m,0,0,3,0.001,13,0.002,4,0.001,8,0.002,4,0.005
404;459_0-400m,388;823_0-400m,0,0,3,0.001,31,0.004,14,0.003,22,0.006,3,0.004
404;459_0-400m,388;823_400-800m,1,0.003,3,0.001,8,0.001,6,0.001,2,0.001,1,0.001
404;459_0-400m,1386;95_0-400m,0,0,21,0.008,13,0.002,10,0.002,10,0.003,0,0
404;459_0-400m,1386;95_400-800m,0,0,3,0.001,6,0.001,4,0.001,4,0.001,0,0
404;459_0-400m,Orange_0-400m,34,0.104,180,0.066,675,0.086,435,0.096,389,0.099,68,0.085
404;459_0-400m,Blue_0-400m,0,0,5,0.002,23,0.003,6,0.001,10,0.003,4,0.005
404;459_0-400m,Green_0-400m,2,0.006,15,0.006,21,0.003,18,0.004,26,0.007,3,0.004
404;459_0-400m,Orange_400-800m,6,0.018,22,0.008,142,0.018,96,0.021,85,0.022,20,0.025
404;459_0-400m,Blue_400-800m,0,0,3,0.001,20,0.003,17,0.004,12,0.003,2,0.002
404;459_0-400m,Green_400-800m,1,0.003,9,0.003,18,0.002,6,0.001,10,0.003,1,0.001
404;459_0-400m,External,187,0.57,1107,0.407,3550,0.451,2171,0.477,2096,0.535,409,0.509
404;459_400-800m,415;448_0-400m,1,0.003,6,0.002,27,0.003,11,0.002,30,0.008,3,0.004
404;459_400-800m,415;448_400-800m,1,0.003,2,0.001,19,0.002,9,0.002,15,0.004,2,0.002
404;459_400-800m,408;455_0-400m,1,0.003,13,0.005,51,0.006,18,0.004,42,0.011,10,0.012
404;459_400-800m,408;455_400-800m,2,0.006,5,0.002,38,0.005,26,0.006,24,0.006,3,0.004
404;459_400-800m,412;451_0-400m,2,0.006,16,0.006,29,0.004,12,0.003,18,0.005,3,0.004
404;459_400-800m,412;451_400-800m,4,0.012,14,0.005,50,0.006,29,0.006,45,0.011,11,0.014
404;459_400-800m,416;447_0-400m,0,0,5,0.002,17,0.002,12,0.003,18,0.005,3,0.004
404;459_400-800m,416;447_400-800m,0,0,3,0.001,20,0.003,10,0.002,9,0.002,4,0.005
404;459_400-800m,410;452_0-400m,1,0.003,6,0.002,33,0.004,16,0.004,29,0.007,3,0.004
404;459_400-800m,410;452_400-800m,1,0.003,11,0.004,63,0.008,34,0.007,33,0.008,4,0.005
404;459_400-800m,414;449_0-400m,0,0,7,0.003,35,0.004,14,0.003,20,0.005,3,0.004
404;459_400-800m,414;449_400-800m,1,0.003,3,0.001,19,0.002,12,0.003,11,0.003,1,0.001
404;459_400-800m,407;456_0-400m,0,0,13,0.005,58,0.007,33,0.007,32,0.008,3,0.004
404;459_400-800m,407;456_400-800m,0,0,12,0.004,52,0.007,35,0.008,35,0.009,2,0.002
404;459_400-800m,413;450_0-400m,1,0.003,8,0.003,19,0.002,22,0.005,12,0.003,4,0.005
404;459_400-800m,413;450_400-800m,1,0.003,16,0.006,64,0.008,21,0.005,47,0.012,4,0.005
404;459_400-800m,419;444;420_0-400m,0,0,11,0.004,42,0.005,19,0.004,23,0.006,4,0.005
404;459_400-800m,419;444;420_400-800m,0,0,3,0.001,11,0.001,8,0.002,14,0.004,4,0.005
404;459_400-800m,417;445_0-400m,1,0.003,4,0.001,21,0.003,17,0.004,7,0.002,1,0.001
404;459_400-800m,417;445_400-800m,0,0,0,0,34,0.004,19,0.004,14,0.004,4,0.005
404;459_400-800m,405;457_0-400m,4,0.012,51,0.019,171,0.022,102,0.022,102,0.026,12,0.015
404;459_400-800m,405;457_400-800m,1,0.003,2,0.001,11,0.001,8,0.002,3,0.001,0,0
404;459_400-800m,404;459_0-400m,9,0.027,75,0.028,342,0.043,167,0.037,184,0.047,23,0.029
404;459_400-800m,404;459_400-800m,2,0.006,57,0.021,312,0.04,151,0.033,155,0.04,11,0.014
404;459_400-800m,421;442_0-400m,0,0,18,0.007,51,0.006,26,0.006,34,0.009,4,0.005
404;459_400-800m,421;442_400-800m,2,0.006,4,0.001,10,0.001,14,0.003,16,0.004,1,0.001
404;459_400-800m,196;24;1508_0-400m,3,0.009,11,0.004,43,0.005,17,0.004,11,0.003,3,0.004
404;459_400-800m,196;24;1508_400-800m,0,0,7,0.003,12,0.002,2,0,4,0.001,2,0.002
404;459_400-800m,409;453_0-400m,0,0,8,0.003,51,0.006,29,0.006,30,0.008,5,0.006
404;459_400-800m,409;453_400-800m,2,0.006,22,0.008,84,0.011,40,0.009,46,0.012,7,0.009
404;459_400-800m,1503_0-400m,1,0.003,12,0.004,34,0.004,14,0.003,19,0.005,4,0.005
404;459_400-800m,1503_400-800m,0,0,0,0,6,0.001,3,0.001,4,0.001,1,0.001
404;459_400-800m,1125;1163;1162_0-400m,0,0,0,0,1,0,0,0,0,0,0,0
404;459_400-800m,1125;1163;1162_400-800m,0,0,0,0,0,0,0,0,0,0,0,0
404;459_400-800m,1134;1153_0-400m,0,0,0,0,0,0,0,0,1,0,1,0.001
404;459_400-800m,1134;1153_400-800m,0,0,2,0.001,0,0,4,0.001,6,0.002,1,0.001
404;459_400-800m,21;28;1612_0-400m,1,0.003,1,0,15,0.002,10,0.002,17,0.004,0,0
404;459_400-800m,21;28;1612_400-800m,0,0,10,0.004,15,0.002,7,0.002,11,0.003,0,0
404;459_400-800m,1131;1158_0-400m,0,0,1,0,3,0,3,0.001,6,0.002,0,0
404;459_400-800m,1131;1158_400-800m,0,0,0,0,0,0,3,0.001,2,0.001,0,0
404;459_400-800m,1135;1152_0-400m,0,0,5,0.002,2,0,1,0,3,0.001,0,0
404;459_400-800m,1135;1152_400-800m,0,0,0,0,0,0,0,0,0,0,0,0
404;459_400-800m,584;604_0-400m,0,0,3,0.001,4,0.001,3,0.001,4,0.001,0,0
404;459_400-800m,584;604_400-800m,0,0,5,0.002,11,0.001,8,0.002,4,0.001,0,0
404;459_400-800m,1139;1149_0-400m,0,0,1,0,6,0.001,5,0.001,7,0.002,1,0.001
404;459_400-800m,1139;1149_400-800m,0,0,0,0,2,0,2,0,0,0,1,0.001
404;459_400-800m,1138;1150;1137_0-400m,0,0,2,0.001,3,0,3,0.001,8,0.002,0,0
404;459_400-800m,1138;1150;1137_400-800m,0,0,0,0,1,0,1,0,0,0,1,0.001
404;459_400-800m,1124;1164_0-400m,0,0,1,0,9,0.001,7,0.002,3,0.001,0,0
404;459_400-800m,1124;1164_400-800m,0,0,3,0.001,11,0.001,4,0.001,8,0.002,0,0
404;459_400-800m,343;349_0-400m,0,0,2,0.001,9,0.001,5,0.001,7,0.002,0,0
404;459_400-800m,343;349_400-800m,1,0.003,0,0,3,0,2,0,3,0.001,0,0
404;459_400-800m,1136;1151_0-400m,0,0,1,0,2,0,3,0.001,0,0,1,0.001
404;459_400-800m,1136;1151_400-800m,0,0,0,0,1,0,5,0.001,1,0,0,0
404;459_400-800m,342;350_0-400m,2,0.006,0,0,5,0.001,5,0.001,4,0.001,2,0.002
404;459_400-800m,342;350_400-800m,1,0.003,0,0,2,0,2,0,3,0.001,0,0
404;459_400-800m,1141;1147_0-400m,0,0,0,0,6,0.001,4,0.001,9,0.002,0,0
404;459_400-800m,1141;1147_400-800m,0,0,0,0,1,0,0,0,2,0.001,0,0
404;459_400-800m,1132;1155;1156_0-400m,0,0,0,0,3,0,3,0.001,3,0.001,0,0
404;459_400-800m,1132;1155;1156_400-800m,0,0,0,0,2,0,1,0,0,0,0,0
404;459_400-800m,1133;1154_0-400m,0,0,0,0,2,0,3,0.001,2,0.001,1,0.001
404;459_400-800m,1133;1154_400-800m,0,0,0,0,3,0,3,0.001,1,0,0,0
404;459_400-800m,1130;1159;1160_0-400m,0,0,2,0.001,9,0.001,3,0.001,5,0.001,1,0.001
404;459_400-800m,1130;1159;1160_400-800m,0,0,0,0,0,0,0,0,0,0,0,0
404;459_400-800m,345;347_0-400m,1,0.003,3,0.001,16,0.002,5,0.001,12,0.003,0,0
404;459_400-800m,345;347_400-800m,1,0.003,2,0.001,12,0.002,11,0.002,16,0.004,5,0.006
404;459_400-800m,344;348_0-400m,0,0,2,0.001,4,0.001,2,0,2,0.001,1,0.001
404;459_400-800m,344;348_400-800m,5,0.015,4,0.001,7,0.001,9,0.002,7,0.002,1,0.001
404;459_400-800m,1140;1148_0-400m,0,0,0,0,7,0.001,7,0.002,7,0.002,1,0.001
404;459_400-800m,1140;1148_400-800m,0,0,1,0,4,0.001,4,0.001,4,0.001,1,0.001
404;459_400-800m,1127;1161_0-400m,0,0,5,0.002,7,0.001,5,0.001,3,0.001,0,0
404;459_400-800m,1127;1161_400-800m,0,0,0,0,0,0,0,0,1,0,0,0
404;459_400-800m,1855_0-400m,0,0,0,0,2,0,0,0,0,0,0,0
404;459_400-800m,1855_400-800m,0,0,0,0,0,0,0,0,0,0,0,0
404;459_400-800m,187;204_0-400m,0,0,1,0,4,0.001,3,0.001,4,0.001,0,0
404;459_400-800m,187;204_400-800m,0,0,1,0,0,0,1,0,3,0.001,1,0.001
404;459_400-800m,661;674_0-400m,0,0,1,0,5,0.001,3,0.001,3,0.001,1,0.001
404;459_400-800m,661;674_400-800m,0,0,0,0,0,0,0,0,2,0.001,0,0
404;459_400-800m,184;207_0-400m,0,0,2,0.001,5,0.001,2,0,4,0.001,1,0.001
404;459_400-800m,184;207_400-800m,1,0.003,0,0,4,0.001,5,0.001,1,0,2,0.002
404;459_400-800m,657;678_0-400m,0,0,2,0.001,10,0.001,5,0.001,4,0.001,0,0
404;459_400-800m,657;678_400-800m,0,0,0,0,0,0,0,0,0,0,0,0
404;459_400-800m,656;679_0-400m,0,0,1,0,2,0,1,0,6,0.002,2,0.002
404;459_400-800m,656;679_400-800m,0,0,0,0,0,0,0,0,2,0.001,0,0
404;459_400-800m,1383;1461;1384_0-400m,1,0.003,6,0.002,13,0.002,4,0.001,7,0.002,2,0.002
404;459_400-800m,1383;1461;1384_400-800m,0,0,5,0.002,7,0.001,5,0.001,5,0.001,2,0.002
404;459_400-800m,665;670_0-400m,0,0,1,0,3,0,0,0,3,0.001,0,0
404;459_400-800m,665;670_400-800m,0,0,0,0,2,0,5,0.001,3,0.001,0,0
404;459_400-800m,659;676;675_0-400m,0,0,0,0,5,0.001,5,0.001,6,0.002,1,0.001
404;459_400-800m,659;676;675_400-800m,0,0,1,0,4,0.001,3,0.001,0,0,0,0
404;459_400-800m,664;671_0-400m,0,0,5,0.002,7,0.001,5,0.001,6,0.002,1,0.001
404;459_400-800m,664;671_400-800m,0,0,5,0.002,6,0.001,5,0.001,4,0.001,2,0.002
404;459_400-800m,185;206_0-400m,0,0,0,0,2,0,3,0.001,2,0.001,2,0.002
404;459_400-800m,185;206_400-800m,0,0,0,0,1,0,1,0,0,0,0,0
404;459_400-800m,662;673_0-400m,0,0,2,0.001,5,0.001,5,0.001,6,0.002,2,0.002
404;459_400-800m,662;673_400-800m,2,0.006,1,0,19,0.002,6,0.001,9,0.002,4,0.005
404;459_400-800m,1385;1459_0-400m,0,0,7,0.003,10,0.001,9,0.002,6,0.002,0,0
404;459_400-800m,1385;1459_400-800m,0,0,0,0,0,0,0,0,2,0.001,0,0
404;459_400-800m,658;677_0-400m,0,0,3,0.001,7,0.001,4,0.001,1,0,2,0.002
404;459_400-800m,658;677_400-800m,0,0,0,0,1,0,0,0,1,0,0,0
404;459_400-800m,663;672_0-400m,2,0.006,4,0.001,4,0.001,4,0.001,2,0.001,0,0
404;459_400-800m,663;672_400-800m,2,0.006,1,0,4,0.001,2,0,0,0,0,0
404;459_400-800m,183;209_0-400m,0,0,4,0.001,5,0.001,2,0,7,0.002,2,0.002
404;459_400-800m,183;209_400-800m,0,0,0,0,2,0,1,0,0,0,0,0
404;459_400-800m,186;205_0-400m,0,0,2,0.001,6,0.001,4,0.001,5,0.001,0,0
404;459_400-800m,186;205_400-800m,0,0,0,0,0,0,0,0,0,0,0,0
404;459_400-800m,188;203_0-400m,0,0,2,0.001,7,0.001,7,0.002,6,0.002,1,0.001
404;459_400-800m,188;203_400-800m,0,0,6,0.002,11,0.001,10,0.002,2,0.001,1,0.001
404;459_400-800m,388;823_0-400m,0,0,3,0.001,47,0.006,19,0.004,18,0.005,1,0.001
404;459_400-800m,388;823_400-800m,0,0,1,0,7,0.001,7,0.002,2,0.001,0,0
404;459_400-800m,1386;95_0-400m,0,0,8,0.003,11,0.001,6,0.001,6,0.002,0,0
404;459_400-800m,1386;95_400-800m,0,0,0,0,5,0.001,1,0,1,0,3,0.004
404;459_400-800m,Orange_0-400m,15,0.046,163,0.06,725,0.092,438,0.096,403,0.103,38,0.047
404;459_400-800m,Blue_0-400m,0,0,7,0.003,23,0.003,9,0.002,7,0.002,1,0.001
404;459_400-800m,Green_0-400m,0,0,8,0.003,15,0.002,12,0.003,13,0.003,3,0.004
404;459_400-800m,Orange_400-800m,2,0.006,31,0.011,211,0.027,126,0.028,129,0.033,10,0.012
404;459_400-800m,Blue_400-800m,1,0.003,7,0.003,20,0.003,8,0.002,7,0.002,3,0.004
404;459_400-800m,Green_400-800m,0,0,9,0.003,13,0.002,1,0,9,0.002,2,0.002
404;459_400-800m,External,164,0.5,1179,0.434,3540,0.449,2083,0.458,2025,0.517,302,0.376
421;442_0-400m,415;448_0-400m,0,0,13,0.005,80,0.01,43,0.009,27,0.007,15,0.019
421;442_0-400m,415;448_400-800m,0,0,6,0.002,28,0.004,17,0.004,18,0.005,1,0.001
421;442_0-400m,408;455_0-400m,2,0.006,13,0.005,24,0.003,23,0.005,22,0.006,11,0.014
421;442_0-400m,408;455_400-800m,0,0,3,0.001,13,0.002,10,0.002,11,0.003,2,0.002
421;442_0-400m,412;451_0-400m,3,0.009,8,0.003,40,0.005,26,0.006,26,0.007,5,0.006
421;442_0-400m,412;451_400-800m,1,0.003,11,0.004,38,0.005,25,0.005,30,0.008,7,0.009
421;442_0-400m,416;447_0-400m,0,0,10,0.004,66,0.008,30,0.007,31,0.008,11,0.014
421;442_0-400m,416;447_400-800m,3,0.009,25,0.009,125,0.016,71,0.016,45,0.011,9,0.011
421;442_0-400m,410;452_0-400m,1,0.003,7,0.003,46,0.006,27,0.006,18,0.005,11,0.014
421;442_0-400m,410;452_400-800m,2,0.006,7,0.003,30,0.004,28,0.006,24,0.006,7,0.009
421;442_0-400m,414;449_0-400m,0,0,12,0.004,43,0.005,23,0.005,23,0.006,9,0.011
421;442_0-400m,414;449_400-800m,0,0,8,0.003,45,0.006,35,0.008,23,0.006,6,0.007
421;442_0-400m,407;456_0-400m,1,0.003,0,0,20,0.003,10,0.002,14,0.004,2,0.002
421;442_0-400m,407;456_400-800m,0,0,3,0.001,24,0.003,20,0.004,11,0.003,3,0.004
421;442_0-400m,413;450_0-400m,2,0.006,12,0.004,48,0.006,34,0.007,29,0.007,7,0.009
421;442_0-400m,413;450_400-800m,2,0.006,7,0.003,46,0.006,35,0.008,34,0.009,23,0.029
421;442_0-400m,419;444;420_0-400m,6,0.018,40,0.015,203,0.026,124,0.027,113,0.029,20,0.025
421;442_0-400m,419;444;420_400-800m,1,0.003,16,0.006,72,0.009,51,0.011,37,0.009,7,0.009
421;442_0-400m,417;445_0-400m,2,0.006,25,0.009,70,0.009,36,0.008,26,0.007,7,0.009
421;442_0-400m,417;445_400-800m,0,0,18,0.007,120,0.015,56,0.012,44,0.011,9,0.011
421;442_0-400m,405;457_0-400m,1,0.003,7,0.003,64,0.008,38,0.008,42,0.011,8,0.01
421;442_0-400m,405;457_400-800m,0,0,1,0,1,0,1,0,4,0.001,0,0
421;442_0-400m,404;459_0-400m,1,0.003,8,0.003,64,0.008,41,0.009,21,0.005,11,0.014
421;442_0-400m,404;459_400-800m,3,0.009,11,0.004,56,0.007,43,0.009,32,0.008,6,0.007
421;442_0-400m,421;442_0-400m,11,0.034,109,0.04,484,0.061,241,0.053,235,0.06,41,0.051
421;442_0-400m,421;442_400-800m,6,0.018,27,0.01,143,0.018,90,0.02,86,0.022,17,0.021
421;442_0-400m,196;24;1508_0-400m,8,0.024,40,0.015,261,0.033,122,0.027,118,0.03,22,0.027
421;442_0-400m,196;24;1508_400-800m,2,0.006,14,0.005,68,0.009,31,0.007,23,0.006,3,0.004
421;442_0-400m,409;453_0-400m,1,0.003,7,0.003,33,0.004,14,0.003,26,0.007,4,0.005
421;442_0-400m,409;453_400-800m,0,0,7,0.003,26,0.003,18,0.004,21,0.005,6,0.007
421;442_0-400m,1503_0-400m,8,0.024,46,0.017,203,0.026,128,0.028,85,0.022,32,0.04
421;442_0-400m,1503_400-800m,5,0.015,19,0.007,73,0.009,47,0.01,40,0.01,17,0.021
421;442_0-400m,1125;1163;1162_0-400m,0,0,1,0,9,0.001,5,0.001,1,0,1,0.001
421;442_0-400m,1125;1163;1162_400-800m,0,0,1,0,0,0,0,0,0,0,0,0
421;442_0-400m,1134;1153_0-400m,0,0,2,0.001,0,0,2,0,1,0,0,0
421;442_0-400m,1134;1153_400-800m,0,0,1,0,6,0.001,4,0.001,2,0.001,1,0.001
421;442_0-400m,21;28;1612_0-400m,6,0.018,21,0.008,92,0.012,47,0.01,49,0.013,12,0.015
421;442_0-400m,21;28;1612_400-800m,5,0.015,22,0.008,98,0.012,53,0.012,42,0.011,7,0.009
421;442_0-400m,1131;1158_0-400m,9,0.027,7,0.003,14,0.002,9,0.002,7,0.002,1,0.001
421;442_0-400m,1131;1158_400-800m,3,0.009,1,0,5,0.001,2,0,3,0.001,1,0.001
421;442_0-400m,1135;1152_0-400m,0,0,6,0.002,14,0.002,10,0.002,17,0.004,3,0.004
421;442_0-400m,1135;1152_400-800m,0,0,1,0,1,0,1,0,2,0.001,0,0
421;442_0-400m,584;604_0-400m,2,0.006,9,0.003,20,0.003,17,0.004,9,0.002,3,0.004
421;442_0-400m,584;604_400-800m,0,0,4,0.001,30,0.004,9,0.002,19,0.005,3,0.004
421;442_0-400m,1139;1149_0-400m,2,0.006,7,0.003,28,0.004,15,0.003,16,0.004,7,0.009
421;442_0-400m,1139;1149_400-800m,0,0,3,0.001,5,0.001,1,0,2,0.001,0,0
421;442_0-400m,1138;1150;1137_0-400m,2,0.006,1,0,20,0.003,14,0.003,12,0.003,6,0.007
421;442_0-400m,1138;1150;1137_400-800m,0,0,0,0,4,0.001,4,0.001,0,0,0,0
421;442_0-400m,1124;1164_0-400m,0,0,12,0.004,30,0.004,8,0.002,6,0.002,0,0
421;442_0-400m,1124;1164_400-800m,1,0.003,10,0.004,53,0.007,21,0.005,13,0.003,2,0.002
421;442_0-400m,343;349_0-400m,2,0.006,11,0.004,24,0.003,29,0.006,15,0.004,3,0.004
421;442_0-400m,343;349_400-800m,0,0,0,0,14,0.002,6,0.001,9,0.002,3,0.004
421;442_0-400m,1136;1151_0-400m,0,0,3,0.001,6,0.001,4,0.001,6,0.002,0,0
421;442_0-400m,1136;1151_400-800m,0,0,1,0,7,0.001,7,0.002,6,0.002,4,0.005
421;442_0-400m,342;350_0-400m,1,0.003,9,0.003,42,0.005,29,0.006,26,0.007,3,0.004
421;442_0-400m,342;350_400-800m,0,0,0,0,7,0.001,14,0.003,7,0.002,0,0
421;442_0-400m,1141;1147_0-400m,2,0.006,2,0.001,13,0.002,13,0.003,14,0.004,2,0.002
421;442_0-400m,1141;1147_400-800m,1,0.003,0,0,2,0,0,0,1,0,0,0
421;442_0-400m,1132;1155;1156_0-400m,0,0,4,0.001,11,0.001,12,0.003,5,0.001,0,0
421;442_0-400m,1132;1155;1156_400-800m,0,0,0,0,5,0.001,1,0,3,0.001,1,0.001
421;442_0-400m,1133;1154_0-400m,1,0.003,1,0,3,0,5,0.001,6,0.002,1,0.001
421;442_0-400m,1133;1154_400-800m,0,0,3,0.001,5,0.001,5,0.001,3,0.001,2,0.002
421;442_0-400m,1130;1159;1160_0-400m,5,0.015,8,0.003,55,0.007,13,0.003,12,0.003,5,0.006
421;442_0-400m,1130;1159;1160_400-800m,1,0.003,0,0,0,0,0,0,0,0,0,0
421;442_0-400m,345;347_0-400m,2,0.006,10,0.004,44,0.006,32,0.007,27,0.007,8,0.01
421;442_0-400m,345;347_400-800m,9,0.027,53,0.019,199,0.025,123,0.027,125,0.032,42,0.052
421;442_0-400m,344;348_0-400m,0,0,3,0.001,26,0.003,21,0.005,23,0.006,6,0.007
421;442_0-400m,344;348_400-800m,3,0.009,20,0.007,53,0.007,43,0.009,33,0.008,15,0.019
421;442_0-400m,1140;1148_0-400m,0,0,2,0.001,11,0.001,10,0.002,10,0.003,3,0.004
421;442_0-400m,1140;1148_400-800m,1,0.003,3,0.001,15,0.002,11,0.002,14,0.004,2,0.002
421;442_0-400m,1127;1161_0-400m,3,0.009,3,0.001,22,0.003,13,0.003,11,0.003,3,0.004
421;442_0-400m,1127;1161_400-800m,0,0,0,0,1,0,1,0,0,0,0,0
421;442_0-400m,1855_0-400m,0,0,1,0,4,0.001,2,0,3,0.001,0,0
421;442_0-400m,1855_400-800m,1,0.003,1,0,1,0,2,0,0,0,0,0
421;442_0-400m,187;204_0-400m,0,0,3,0.001,21,0.003,13,0.003,11,0.003,2,0.002
421;442_0-400m,187;204_400-800m,2,0.006,2,0.001,6,0.001,6,0.001,8,0.002,0,0
421;442_0-400m,661;674_0-400m,2,0.006,2,0.001,10,0.001,5,0.001,1,0,0,0
421;442_0-400m,661;674_400-800m,0,0,0,0,5,0.001,2,0,0,0,0,0
421;442_0-400m,184;207_0-400m,0,0,6,0.002,10,0.001,8,0.002,4,0.001,3,0.004
421;442_0-400m,184;207_400-800m,1,0.003,2,0.001,19,0.002,11,0.002,11,0.003,3,0.004
421;442_0-400m,657;678_0-400m,0,0,7,0.003,21,0.003,8,0.002,16,0.004,4,0.005
421;442_0-400m,657;678_400-800m,0,0,0,0,0,0,1,0,0,0,0,0
421;442_0-400m,656;679_0-400m,0,0,2,0.001,16,0.002,11,0.002,11,0.003,0,0
421;442_0-400m,656;679_400-800m,0,0,0,0,3,0,2,0,0,0,0,0
421;442_0-400m,1383;1461;1384_0-400m,1,0.003,19,0.007,89,0.011,40,0.009,35,0.009,13,0.016
421;442_0-400m,1383;1461;1384_400-800m,3,0.009,10,0.004,35,0.004,22,0.005,19,0.005,5,0.006
421;442_0-400m,665;670_0-400m,2,0.006,10,0.004,27,0.003,17,0.004,11,0.003,7,0.009
421;442_0-400m,665;670_400-800m,0,0,5,0.002,13,0.002,10,0.002,13,0.003,3,0.004
421;442_0-400m,659;676;675_0-400m,4,0.012,9,0.003,21,0.003,7,0.002,10,0.003,0,0
421;442_0-400m,659;676;675_400-800m,0,0,1,0,9,0.001,2,0,1,0,0,0
421;442_0-400m,664;671_0-400m,0,0,12,0.004,51,0.006,24,0.005,20,0.005,8,0.01
421;442_0-400m,664;671_400-800m,0,0,5,0.002,30,0.004,14,0.003,19,0.005,0,0
421;442_0-400m,185;206_0-400m,1,0.003,3,0.001,15,0.002,18,0.004,11,0.003,1,0.001
421;442_0-400m,185;206_400-800m,0,0,0,0,4,0.001,1,0,4,0.001,0,0
421;442_0-400m,662;673_0-400m,4,0.012,8,0.003,52,0.007,26,0.006,15,0.004,10,0.012
421;442_0-400m,662;673_400-800m,4,0.012,20,0.007,37,0.005,24,0.005,15,0.004,5,0.006
421;442_0-400m,1385;1459_0-400m,5,0.015,16,0.006,95,0.012,41,0.009,53,0.014,16,0.02
421;442_0-400m,1385;1459_400-800m,1,0.003,1,0,14,0.002,4,0.001,10,0.003,1,0.001
421;442_0-400m,658;677_0-400m,0,0,8,0.003,13,0.002,5,0.001,17,0.004,1,0.001
421;442_0-400m,658;677_400-800m,0,0,0,0,0,0,0,0,0,0,0,0
421;442_0-400m,663;672_0-400m,3,0.009,13,0.005,49,0.006,31,0.007,29,0.007,8,0.01
421;442_0-400m,663;672_400-800m,0,0,11,0.004,15,0.002,9,0.002,8,0.002,2,0.002
421;442_0-400m,183;209_0-400m,3,0.009,3,0.001,19,0.002,6,0.001,4,0.001,2,0.002
421;442_0-400m,183;209_400-800m,0,0,6,0.002,11,0.001,2,0,4,0.001,1,0.001
421;442_0-400m,186;205_0-400m,0,0,6,0.002,14,0.002,9,0.002,16,0.004,2,0.002
421;442_0-400m,186;205_400-800m,0,0,0,0,0,0,1,0,0,0,0,0
421;442_0-400m,188;203_0-400m,2,0.006,8,0.003,47,0.006,27,0.006,21,0.005,4,0.005
421;442_0-400m,188;203_400-800m,3,0.009,8,0.003,36,0.005,25,0.005,18,0.005,3,0.004
421;442_0-400m,388;823_0-400m,3,0.009,28,0.01,94,0.012,52,0.011,28,0.007,2,0.002
421;442_0-400m,388;823_400-800m,0,0,9,0.003,20,0.003,11,0.002,8,0.002,2,0.002
421;442_0-400m,1386;95_0-400m,0,0,24,0.009,76,0.01,29,0.006,26,0.007,11,0.014
421;442_0-400m,1386;95_400-800m,0,0,1,0,17,0.002,5,0.001,9,0.002,2,0.002
421;442_0-400m,Orange_0-400m,7,0.021,43,0.016,229,0.029,125,0.027,128,0.033,13,0.016
421;442_0-400m,Blue_0-400m,1,0.003,6,0.002,52,0.007,25,0.005,20,0.005,1,0.001
421;442_0-400m,Green_0-400m,3,0.009,25,0.009,61,0.008,41,0.009,34,0.009,7,0.009
421;442_0-400m,Orange_400-800m,0,0,13,0.005,87,0.011,51,0.011,45,0.011,10,0.012
421;442_0-400m,Blue_400-800m,2,0.006,19,0.007,56,0.007,40,0.009,33,0.008,8,0.01
421;442_0-400m,Green_400-800m,2,0.006,7,0.003,55,0.007,26,0.006,20,0.005,8,0.01
421;442_0-400m,External,294,0.896,1789,0.658,5641,0.716,3814,0.838,3112,0.795,735,0.915
421;442_400-800m,415;448_0-400m,0,0,3,0.001,16,0.002,9,0.002,11,0.003,3,0.004
421;442_400-800m,415;448_400-800m,1,0.003,2,0.001,12,0.002,0,0,14,0.004,3,0.004
421;442_400-800m,408;455_0-400m,0,0,2,0.001,3,0,2,0,8,0.002,3,0.004
421;442_400-800m,408;455_400-800m,0,0,3,0.001,6,0.001,0,0,2,0.001,1,0.001
421;442_400-800m,412;451_0-400m,1,0.003,2,0.001,8,0.001,8,0.002,7,0.002,1,0.001
421;442_400-800m,412;451_400-800m,0,0,5,0.002,17,0.002,8,0.002,9,0.002,3,0.004
421;442_400-800m,416;447_0-400m,2,0.006,8,0.003,12,0.002,2,0,12,0.003,3,0.004
421;442_400-800m,416;447_400-800m,1,0.003,17,0.006,25,0.003,16,0.004,17,0.004,7,0.009
421;442_400-800m,410;452_0-400m,0,0,3,0.001,8,0.001,4,0.001,5,0.001,1,0.001
421;442_400-800m,410;452_400-800m,2,0.006,2,0.001,10,0.001,6,0.001,10,0.003,1,0.001
421;442_400-800m,414;449_0-400m,0,0,2,0.001,11,0.001,4,0.001,3,0.001,1,0.001
421;442_400-800m,414;449_400-800m,0,0,3,0.001,19,0.002,9,0.002,9,0.002,5,0.006
421;442_400-800m,407;456_0-400m,0,0,0,0,3,0,2,0,5,0.001,1,0.001
421;442_400-800m,407;456_400-800m,1,0.003,2,0.001,7,0.001,7,0.002,7,0.002,1,0.001
421;442_400-800m,413;450_0-400m,0,0,10,0.004,5,0.001,8,0.002,7,0.002,1,0.001
421;442_400-800m,413;450_400-800m,0,0,9,0.003,20,0.003,10,0.002,13,0.003,6,0.007
421;442_400-800m,419;444;420_0-400m,1,0.003,6,0.002,53,0.007,24,0.005,39,0.01,10,0.012
421;442_400-800m,419;444;420_400-800m,0,0,13,0.005,42,0.005,31,0.007,29,0.007,5,0.006
421;442_400-800m,417;445_0-400m,0,0,8,0.003,17,0.002,10,0.002,14,0.004,1,0.001
421;442_400-800m,417;445_400-800m,1,0.003,9,0.003,35,0.004,20,0.004,18,0.005,5,0.006
421;442_400-800m,405;457_0-400m,0,0,4,0.001,13,0.002,9,0.002,15,0.004,2,0.002
421;442_400-800m,405;457_400-800m,0,0,0,0,0,0,1,0,2,0.001,0,0
421;442_400-800m,404;459_0-400m,0,0,4,0.001,20,0.003,14,0.003,9,0.002,1,0.001
421;442_400-800m,404;459_400-800m,1,0.003,6,0.002,16,0.002,11,0.002,7,0.002,1,0.001
421;442_400-800m,421;442_0-400m,4,0.012,10,0.004,118,0.015,61,0.013,56,0.014,22,0.027
421;442_400-800m,421;442_400-800m,4,0.012,19,0.007,83,0.011,37,0.008,60,0.015,24,0.03
421;442_400-800m,196;24;1508_0-400m,4,0.012,13,0.005,88,0.011,62,0.014,37,0.009,9,0.011
421;442_400-800m,196;24;1508_400-800m,1,0.003,9,0.003,32,0.004,20,0.004,12,0.003,5,0.006
421;442_400-800m,409;453_0-400m,0,0,2,0.001,7,0.001,6,0.001,6,0.002,4,0.005
421;442_400-800m,409;453_400-800m,0,0,1,0,9,0.001,3,0.001,3,0.001,1,0.001
421;442_400-800m,1503_0-400m,3,0.009,13,0.005,58,0.007,38,0.008,41,0.01,17,0.021
421;442_400-800m,1503_400-800m,1,0.003,1,0,23,0.003,8,0.002,13,0.003,4,0.005
421;442_400-800m,1125;1163;1162_0-400m,0,0,1,0,3,0,1,0,1,0,0,0
421;442_400-800m,1125;1163;1162_400-800m,0,0,1,0,0,0,0,0,0,0,0,0
421;442_400-800m,1134;1153_0-400m,0,0,1,0,1,0,0,0,1,0,0,0
421;442_400-800m,1134;1153_400-800m,0,0,2,0.001,3,0,2,0,0,0,0,0
421;442_400-800m,21;28;1612_0-400m,2,0.006,11,0.004,28,0.004,20,0.004,24,0.006,10,0.012
421;442_400-800m,21;28;1612_400-800m,1,0.003,11,0.004,39,0.005,15,0.003,15,0.004,4,0.005
421;442_400-800m,1131;1158_0-400m,2,0.006,6,0.002,4,0.001,1,0,2,0.001,2,0.002
421;442_400-800m,1131;1158_400-800m,1,0.003,0,0,1,0,1,0,1,0,0,0
421;442_400-800m,1135;1152_0-400m,0,0,2,0.001,5,0.001,0,0,2,0.001,0,0
421;442_400-800m,1135;1152_400-800m,0,0,0,0,0,0,1,0,1,0,0,0
421;442_400-800m,584;604_0-400m,2,0.006,2,0.001,8,0.001,4,0.001,6,0.002,1,0.001
421;442_400-800m,584;604_400-800m,0,0,1,0,9,0.001,6,0.001,4,0.001,2,0.002
421;442_400-800m,1139;1149_0-400m,4,0.012,0,0,3,0,5,0.001,4,0.001,2,0.002
421;442_400-800m,1139;1149_400-800m,0,0,1,0,3,0,1,0,3,0.001,0,0
421;442_400-800m,1138;1150;1137_0-400m,3,0.009,0,0,4,0.001,7,0.002,5,0.001,1,0.001
421;442_400-800m,1138;1150;1137_400-800m,0,0,0,0,0,0,0,0,0,0,0,0
421;442_400-800m,1124;1164_0-400m,0,0,3,0.001,5,0.001,5,0.001,3,0.001,0,0
421;442_400-800m,1124;1164_400-800m,0,0,2,0.001,16,0.002,7,0.002,0,0,1,0.001
421;442_400-800m,343;349_0-400m,0,0,2,0.001,12,0.002,5,0.001,8,0.002,4,0.005
421;442_400-800m,343;349_400-800m,0,0,0,0,5,0.001,5,0.001,4,0.001,2,0.002
421;442_400-800m,1136;1151_0-400m,1,0.003,0,0,4,0.001,1,0,2,0.001,2,0.002
421;442_400-800m,1136;1151_400-800m,0,0,1,0,0,0,0,0,3,0.001,0,0
421;442_400-800m,342;350_0-400m,0,0,0,0,5,0.001,8,0.002,5,0.001,2,0.002
421;442_400-800m,342;350_400-800m,0,0,0,0,2,0,4,0.001,0,0,2,0.002
421;442_400-800m,1141;1147_0-400m,0,0,1,0,5,0.001,3,0.001,5,0.001,1,0.001
421;442_400-800m,1141;1147_400-800m,0,0,0,0,0,0,0,0,0,0,0,0
421;442_400-800m,1132;1155;1156_0-400m,1,0.003,4,0.001,1,0,2,0,3,0.001,2,0.002
421;442_400-800m,1132;1155;1156_400-800m,0,0,1,0,1,0,1,0,2,0.001,0,0
421;442_400-800m,1133;1154_0-400m,1,0.003,1,0,1,0,2,0,1,0,0,0
421;442_400-800m,1133;1154_400-800m,0,0,1,0,5,0.001,1,0,1,0,0,0
421;442_400-800m,1130;1159;1160_0-400m,6,0.018,7,0.003,13,0.002,7,0.002,5,0.001,2,0.002
421;442_400-800m,1130;1159;1160_400-800m,0,0,0,0,0,0,0,0,0,0,0,0
421;442_400-800m,345;347_0-400m,0,0,5,0.002,20,0.003,3,0.001,13,0.003,2,0.002
421;442_400-800m,345;347_400-800m,3,0.009,20,0.007,65,0.008,35,0.008,53,0.014,15,0.019
421;442_400-800m,344;348_0-400m,0,0,1,0,7,0.001,2,0,8,0.002,0,0
421;442_400-800m,344;348_400-800m,2,0.006,3,0.001,8,0.001,9,0.002,6,0.002,3,0.004
421;442_400-800m,1140;1148_0-400m,0,0,0,0,7,0.001,2,0,4,0.001,1,0.001
421;442_400-800m,1140;1148_400-800m,0,0,3,0.001,4,0.001,5,0.001,3,0.001,0,0
421;442_400-800m,1127;1161_0-400m,1,0.003,4,0.001,9,0.001,2,0,3,0.001,0,0
421;442_400-800m,1127;1161_400-800m,0,0,0,0,0,0,0,0,0,0,0,0
421;442_400-800m,1855_0-400m,0,0,1,0,5,0.001,1,0,0,0,0,0
421;442_400-800m,1855_400-800m,0,0,0,0,0,0,0,0,1,0,0,0
421;442_400-800m,187;204_0-400m,0,0,3,0.001,4,0.001,3,0.001,4,0.001,0,0
421;442_400-800m,187;204_400-800m,0,0,0,0,3,0,1,0,0,0,0,0
421;442_400-800m,661;674_0-400m,0,0,2,0.001,3,0,0,0,6,0.002,0,0
421;442_400-800m,661;674_400-800m,0,0,1,0,1,0,1,0,0,0,0,0
421;442_400-800m,184;207_0-400m,0,0,1,0,4,0.001,2,0,7,0.002,1,0.001
421;442_400-800m,184;207_400-800m,0,0,0,0,3,0,2,0,5,0.001,0,0
421;442_400-800m,657;678_0-400m,1,0.003,1,0,4,0.001,4,0.001,9,0.002,1,0.001
421;442_400-800m,657;678_400-800m,0,0,2,0.001,2,0,1,0,0,0,0,0
421;442_400-800m,656;679_0-400m,0,0,0,0,9,0.001,4,0.001,3,0.001,1,0.001
421;442_400-800m,656;679_400-800m,0,0,0,0,0,0,0,0,0,0,0,0
421;442_400-800m,1383;1461;1384_0-400m,0,0,3,0.001,19,0.002,9,0.002,15,0.004,7,0.009
421;442_400-800m,1383;1461;1384_400-800m,2,0.006,2,0.001,12,0.002,9,0.002,3,0.001,2,0.002
421;442_400-800m,665;670_0-400m,0,0,1,0,11,0.001,6,0.001,4,0.001,0,0
421;442_400-800m,665;670_400-800m,0,0,0,0,9,0.001,5,0.001,8,0.002,1,0.001
421;442_400-800m,659;676;675_0-400m,1,0.003,4,0.001,3,0,3,0.001,7,0.002,1,0.001
421;442_400-800m,659;676;675_400-800m,0,0,0,0,2,0,0,0,1,0,1,0.001
421;442_400-800m,664;671_0-400m,0,0,13,0.005,16,0.002,12,0.003,10,0.003,5,0.006
421;442_400-800m,664;671_400-800m,0,0,8,0.003,13,0.002,6,0.001,18,0.005,2,0.002
421;442_400-800m,185;206_0-400m,0,0,4,0.001,4,0.001,4,0.001,5,0.001,2,0.002
421;442_400-800m,185;206_400-800m,0,0,0,0,1,0,1,0,0,0,0,0
421;442_400-800m,662;673_0-400m,1,0.003,8,0.003,20,0.003,15,0.003,8,0.002,7,0.009
421;442_400-800m,662;673_400-800m,3,0.009,10,0.004,16,0.002,9,0.002,7,0.002,2,0.002
421;442_400-800m,1385;1459_0-400m,0,0,7,0.003,23,0.003,15,0.003,16,0.004,6,0.007
421;442_400-800m,1385;1459_400-800m,1,0.003,0,0,3,0,1,0,2,0.001,1,0.001
421;442_400-800m,658;677_0-400m,0,0,1,0,3,0,2,0,0,0,0,0
421;442_400-800m,658;677_400-800m,0,0,0,0,0,0,0,0,0,0,0,0
421;442_400-800m,663;672_0-400m,5,0.015,10,0.004,11,0.001,7,0.002,16,0.004,5,0.006
421;442_400-800m,663;672_400-800m,0,0,6,0.002,8,0.001,2,0,3,0.001,1,0.001
421;442_400-800m,183;209_0-400m,0,0,9,0.003,5,0.001,5,0.001,8,0.002,0,0
421;442_400-800m,183;209_400-800m,0,0,4,0.001,3,0,1,0,0,0,2,0.002
421;442_400-800m,186;205_0-400m,0,0,1,0,4,0.001,2,0,5,0.001,0,0
421;442_400-800m,186;205_400-800m,0,0,0,0,0,0,1,0,0,0,0,0
421;442_400-800m,188;203_0-400m,0,0,3,0.001,14,0.002,9,0.002,6,0.002,0,0
421;442_400-800m,188;203_400-800m,0,0,14,0.005,11,0.001,7,0.002,4,0.001,4,0.005
421;442_400-800m,388;823_0-400m,3,0.009,4,0.001,35,0.004,26,0.006,15,0.004,4,0.005
421;442_400-800m,388;823_400-800m,0,0,3,0.001,10,0.001,3,0.001,1,0,1,0.001
421;442_400-800m,1386;95_0-400m,0,0,13,0.005,21,0.003,9,0.002,15,0.004,4,0.005
421;442_400-800m,1386;95_400-800m,0,0,2,0.001,4,0.001,3,0.001,6,0.002,0,0
421;442_400-800m,Orange_0-400m,9,0.027,26,0.01,67,0.009,44,0.01,43,0.011,11,0.014
421;442_400-800m,Blue_0-400m,0,0,5,0.002,21,0.003,14,0.003,11,0.003,0,0
421;442_400-800m,Green_0-400m,1,0.003,8,0.003,23,0.003,24,0.005,12,0.003,3,0.004
421;442_400-800m,Orange_400-800m,1,0.003,3,0.001,32,0.004,23,0.005,13,0.003,4,0.005
421;442_400-800m,Blue_400-800m,1,0.003,5,0.002,17,0.002,14,0.003,13,0.003,2,0.002
421;442_400-800m,Green_400-800m,1,0.003,4,0.001,21,0.003,15,0.003,7,0.002,7,0.009
421;442_400-800m,External,126,0.384,814,0.299,1987,0.252,1352,0.297,1272,0.325,292,0.363
196;24;1508_0-400m,415;448_0-400m,0,0,9,0.003,35,0.004,17,0.004,22,0.006,9,0.011
196;24;1508_0-400m,415;448_400-800m,0,0,4,0.001,10,0.001,8,0.002,5,0.001,5,0.006
196;24;1508_0-400m,408;455_0-400m,1,0.003,6,0.002,19,0.002,6,0.001,11,0.003,12,0.015
196;24;1508_0-400m,408;455_400-800m,0,0,0,0,6,0.001,5,0.001,3,0.001,1,0.001
196;24;1508_0-400m,412;451_0-400m,1,0.003,5,0.002,32,0.004,9,0.002,8,0.002,5,0.006
196;24;1508_0-400m,412;451_400-800m,1,0.003,4,0.001,25,0.003,17,0.004,16,0.004,3,0.004
196;24;1508_0-400m,416;447_0-400m,1,0.003,4,0.001,23,0.003,25,0.005,14,0.004,14,0.017
196;24;1508_0-400m,416;447_400-800m,0,0,9,0.003,28,0.004,36,0.008,16,0.004,2,0.002
196;24;1508_0-400m,410;452_0-400m,0,0,12,0.004,23,0.003,20,0.004,13,0.003,9,0.011
196;24;1508_0-400m,410;452_400-800m,1,0.003,1,0,26,0.003,18,0.004,16,0.004,5,0.006
196;24;1508_0-400m,414;449_0-400m,1,0.003,6,0.002,26,0.003,12,0.003,12,0.003,7,0.009
196;24;1508_0-400m,414;449_400-800m,0,0,3,0.001,18,0.002,15,0.003,14,0.004,3,0.004
196;24;1508_0-400m,407;456_0-400m,1,0.003,3,0.001,18,0.002,2,0,5,0.001,1,0.001
196;24;1508_0-400m,407;456_400-800m,0,0,0,0,13,0.002,11,0.002,12,0.003,0,0
196;24;1508_0-400m,413;450_0-400m,1,0.003,5,0.002,17,0.002,12,0.003,11,0.003,6,0.007
196;24;1508_0-400m,413;450_400-800m,1,0.003,8,0.003,23,0.003,19,0.004,14,0.004,5,0.006
196;24;1508_0-400m,419;444;420_0-400m,1,0.003,15,0.006,107,0.014,70,0.015,57,0.015,12,0.015
196;24;1508_0-400m,419;444;420_400-800m,3,0.009,6,0.002,52,0.007,31,0.007,16,0.004,4,0.005
196;24;1508_0-400m,417;445_0-400m,1,0.003,8,0.003,26,0.003,22,0.005,18,0.005,5,0.006
196;24;1508_0-400m,417;445_400-800m,1,0.003,10,0.004,49,0.006,28,0.006,23,0.006,5,0.006
196;24;1508_0-400m,405;457_0-400m,0,0,2,0.001,42,0.005,21,0.005,12,0.003,6,0.007
196;24;1508_0-400m,405;457_400-800m,0,0,1,0,3,0,1,0,0,0,0,0
196;24;1508_0-400m,404;459_0-400m,2,0.006,3,0.001,32,0.004,20,0.004,15,0.004,6,0.007
196;24;1508_0-400m,404;459_400-800m,1,0.003,3,0.001,34,0.004,29,0.006,17,0.004,1,0.001
196;24;1508_0-400m,421;442_0-400m,3,0.009,46,0.017,237,0.03,141,0.031,89,0.023,18,0.022
196;24;1508_0-400m,421;442_400-800m,1,0.003,14,0.005,87,0.011,55,0.012,55,0.014,15,0.019
196;24;1508_0-400m,196;24;1508_0-400m,4,0.012,76,0.028,364,0.046,177,0.039,153,0.039,23,0.029
196;24;1508_0-400m,196;24;1508_400-800m,1,0.003,18,0.007,68,0.009,37,0.008,32,0.008,4,0.005
196;24;1508_0-400m,409;453_0-400m,0,0,5,0.002,16,0.002,10,0.002,13,0.003,7,0.009
196;24;1508_0-400m,409;453_400-800m,0,0,0,0,13,0.002,9,0.002,7,0.002,3,0.004
196;24;1508_0-400m,1503_0-400m,2,0.006,42,0.015,192,0.024,109,0.024,115,0.029,22,0.027
196;24;1508_0-400m,1503_400-800m,0,0,4,0.001,25,0.003,13,0.003,21,0.005,8,0.01
196;24;1508_0-400m,1125;1163;1162_0-400m,0,0,0,0,6,0.001,7,0.002,2,0.001,1,0.001
196;24;1508_0-400m,1125;1163;1162_400-800m,0,0,0,0,0,0,0,0,0,0,0,0
196;24;1508_0-400m,1134;1153_0-400m,0,0,1,0,2,0,2,0,2,0.001,0,0
196;24;1508_0-400m,1134;1153_400-800m,0,0,0,0,2,0,2,0,2,0.001,0,0
196;24;1508_0-400m,21;28;1612_0-400m,3,0.009,16,0.006,88,0.011,43,0.009,45,0.011,16,0.02
196;24;1508_0-400m,21;28;1612_400-800m,1,0.003,19,0.007,97,0.012,48,0.011,62,0.016,15,0.019
196;24;1508_0-400m,1131;1158_0-400m,0,0,0,0,7,0.001,4,0.001,3,0.001,0,0
196;24;1508_0-400m,1131;1158_400-800m,0,0,0,0,5,0.001,6,0.001,4,0.001,1,0.001
196;24;1508_0-400m,1135;1152_0-400m,0,0,3,0.001,11,0.001,2,0,4,0.001,1,0.001
196;24;1508_0-400m,1135;1152_400-800m,0,0,0,0,0,0,2,0,0,0,0,0
196;24;1508_0-400m,584;604_0-400m,0,0,2,0.001,15,0.002,9,0.002,8,0.002,1,0.001
196;24;1508_0-400m,584;604_400-800m,0,0,1,0,9,0.001,7,0.002,16,0.004,2,0.002
196;24;1508_0-400m,1139;1149_0-400m,0,0,1,0,15,0.002,9,0.002,7,0.002,2,0.002
196;24;1508_0-400m,1139;1149_400-800m,0,0,1,0,0,0,0,0,2,0.001,0,0
196;24;1508_0-400m,1138;1150;1137_0-400m,2,0.006,0,0,6,0.001,12,0.003,6,0.002,1,0.001
196;24;1508_0-400m,1138;1150;1137_400-800m,0,0,0,0,5,0.001,6,0.001,1,0,0,0
196;24;1508_0-400m,1124;1164_0-400m,0,0,2,0.001,15,0.002,10,0.002,5,0.001,1,0.001
196;24;1508_0-400m,1124;1164_400-800m,0,0,5,0.002,31,0.004,7,0.002,8,0.002,1,0.001
196;24;1508_0-400m,343;349_0-400m,2,0.006,6,0.002,22,0.003,8,0.002,14,0.004,4,0.005
196;24;1508_0-400m,343;349_400-800m,0,0,1,0,9,0.001,4,0.001,4,0.001,1,0.001
196;24;1508_0-400m,1136;1151_0-400m,1,0.003,1,0,8,0.001,1,0,2,0.001,3,0.004
196;24;1508_0-400m,1136;1151_400-800m,0,0,1,0,3,0,5,0.001,3,0.001,1,0.001
196;24;1508_0-400m,342;350_0-400m,0,0,6,0.002,34,0.004,21,0.005,17,0.004,5,0.006
196;24;1508_0-400m,342;350_400-800m,0,0,0,0,1,0,6,0.001,5,0.001,1,0.001
196;24;1508_0-400m,1141;1147_0-400m,1,0.003,0,0,12,0.002,2,0,7,0.002,0,0
196;24;1508_0-400m,1141;1147_400-800m,0,0,0,0,2,0,3,0.001,0,0,0,0
196;24;1508_0-400m,1132;1155;1156_0-400m,0,0,0,0,7,0.001,9,0.002,0,0,0,0
196;24;1508_0-400m,1132;1155;1156_400-800m,0,0,0,0,3,0,2,0,1,0,0,0
196;24;1508_0-400m,1133;1154_0-400m,1,0.003,0,0,6,0.001,3,0.001,4,0.001,1,0.001
196;24;1508_0-400m,1133;1154_400-800m,0,0,0,0,3,0,1,0,3,0.001,1,0.001
196;24;1508_0-400m,1130;1159;1160_0-400m,2,0.006,5,0.002,13,0.002,7,0.002,7,0.002,2,0.002
196;24;1508_0-400m,1130;1159;1160_400-800m,0,0,0,0,0,0,0,0,0,0,0,0
196;24;1508_0-400m,345;347_0-400m,2,0.006,2,0.001,26,0.003,9,0.002,21,0.005,4,0.005
196;24;1508_0-400m,345;347_400-800m,3,0.009,7,0.003,70,0.009,36,0.008,47,0.012,15,0.019
196;24;1508_0-400m,344;348_0-400m,1,0.003,3,0.001,22,0.003,7,0.002,9,0.002,2,0.002
196;24;1508_0-400m,344;348_400-800m,0,0,10,0.004,12,0.002,17,0.004,16,0.004,5,0.006
196;24;1508_0-400m,1140;1148_0-400m,0,0,0,0,12,0.002,13,0.003,11,0.003,3,0.004
196;24;1508_0-400m,1140;1148_400-800m,1,0.003,1,0,7,0.001,3,0.001,4,0.001,1,0.001
196;24;1508_0-400m,1127;1161_0-400m,1,0.003,0,0,14,0.002,5,0.001,4,0.001,1,0.001
196;24;1508_0-400m,1127;1161_400-800m,0,0,0,0,1,0,0,0,1,0,1,0.001
196;24;1508_0-400m,1855_0-400m,0,0,0,0,4,0.001,4,0.001,0,0,0,0
196;24;1508_0-400m,1855_400-800m,0,0,0,0,0,0,1,0,1,0,0,0
196;24;1508_0-400m,187;204_0-400m,1,0.003,4,0.001,13,0.002,15,0.003,9,0.002,6,0.007
196;24;1508_0-400m,187;204_400-800m,0,0,1,0,8,0.001,11,0.002,4,0.001,0,0
196;24;1508_0-400m,661;674_0-400m,1,0.003,2,0.001,6,0.001,7,0.002,5,0.001,1,0.001
196;24;1508_0-400m,661;674_400-800m,0,0,1,0,6,0.001,5,0.001,1,0,0,0
196;24;1508_0-400m,184;207_0-400m,1,0.003,0,0,8,0.001,5,0.001,4,0.001,2,0.002
196;24;1508_0-400m,184;207_400-800m,1,0.003,1,0,11,0.001,8,0.002,5,0.001,1,0.001
196;24;1508_0-400m,657;678_0-400m,4,0.012,13,0.005,15,0.002,6,0.001,6,0.002,0,0
196;24;1508_0-400m,657;678_400-800m,0,0,0,0,1,0,0,0,1,0,0,0
196;24;1508_0-400m,656;679_0-400m,1,0.003,5,0.002,15,0.002,13,0.003,6,0.002,1,0.001
196;24;1508_0-400m,656;679_400-800m,0,0,0,0,1,0,1,0,1,0,0,0
196;24;1508_0-400m,1383;1461;1384_0-400m,1,0.003,26,0.01,78,0.01,35,0.008,27,0.007,11,0.014
196;24;1508_0-400m,1383;1461;1384_400-800m,0,0,3,0.001,37,0.005,10,0.002,16,0.004,2,0.002
196;24;1508_0-400m,665;670_0-400m,0,0,1,0,34,0.004,19,0.004,25,0.006,2,0.002
196;24;1508_0-400m,665;670_400-800m,0,0,6,0.002,7,0.001,8,0.002,7,0.002,7,0.009
196;24;1508_0-400m,659;676;675_0-400m,3,0.009,3,0.001,13,0.002,9,0.002,6,0.002,0,0
196;24;1508_0-400m,659;676;675_400-800m,0,0,0,0,8,0.001,1,0,1,0,0,0
196;24;1508_0-400m,664;671_0-400m,3,0.009,4,0.001,55,0.007,30,0.007,35,0.009,7,0.009
196;24;1508_0-400m,664;671_400-800m,0,0,2,0.001,49,0.006,20,0.004,17,0.004,4,0.005
196;24;1508_0-400m,185;206_0-400m,0,0,1,0,6,0.001,5,0.001,10,0.003,4,0.005
196;24;1508_0-400m,185;206_400-800m,0,0,1,0,3,0,5,0.001,1,0,0,0
196;24;1508_0-400m,662;673_0-400m,2,0.006,24,0.009,68,0.009,31,0.007,18,0.005,9,0.011
196;24;1508_0-400m,662;673_400-800m,0,0,9,0.003,50,0.006,23,0.005,24,0.006,3,0.004
196;24;1508_0-400m,1385;1459_0-400m,4,0.012,28,0.01,127,0.016,56,0.012,45,0.011,13,0.016
196;24;1508_0-400m,1385;1459_400-800m,1,0.003,4,0.001,9,0.001,6,0.001,8,0.002,2,0.002
196;24;1508_0-400m,658;677_0-400m,0,0,8,0.003,12,0.002,6,0.001,2,0.001,0,0
196;24;1508_0-400m,658;677_400-800m,0,0,0,0,1,0,0,0,0,0,0,0
196;24;1508_0-400m,663;672_0-400m,2,0.006,13,0.005,70,0.009,40,0.009,30,0.008,5,0.006
196;24;1508_0-400m,663;672_400-800m,0,0,4,0.001,22,0.003,15,0.003,10,0.003,0,0
196;24;1508_0-400m,183;209_0-400m,1,0.003,3,0.001,24,0.003,11,0.002,5,0.001,3,0.004
196;24;1508_0-400m,183;209_400-800m,0,0,1,0,6,0.001,5,0.001,1,0,0,0
196;24;1508_0-400m,186;205_0-400m,0,0,3,0.001,15,0.002,12,0.003,7,0.002,2,0.002
196;24;1508_0-400m,186;205_400-800m,0,0,0,0,0,0,2,0,1,0,0,0
196;24;1508_0-400m,188;203_0-400m,0,0,10,0.004,40,0.005,23,0.005,11,0.003,6,0.007
196;24;1508_0-400m,188;203_400-800m,4,0.012,3,0.001,31,0.004,19,0.004,13,0.003,8,0.01
196;24;1508_0-400m,388;823_0-400m,1,0.003,12,0.004,70,0.009,54,0.012,31,0.008,3,0.004
196;24;1508_0-400m,388;823_400-800m,1,0.003,4,0.001,17,0.002,4,0.001,9,0.002,2,0.002
196;24;1508_0-400m,1386;95_0-400m,3,0.009,26,0.01,96,0.012,58,0.013,39,0.01,10,0.012
196;24;1508_0-400m,1386;95_400-800m,0,0,1,0,24,0.003,15,0.003,12,0.003,2,0.002
196;24;1508_0-400m,Orange_0-400m,5,0.015,25,0.009,119,0.015,80,0.018,56,0.014,14,0.017
196;24;1508_0-400m,Blue_0-400m,1,0.003,10,0.004,34,0.004,27,0.006,7,0.002,5,0.006
196;24;1508_0-400m,Green_0-400m,0,0,7,0.003,52,0.007,40,0.009,23,0.006,6,0.007
196;24;1508_0-400m,Orange_400-800m,0,0,6,0.002,49,0.006,40,0.009,30,0.008,8,0.01
196;24;1508_0-400m,Blue_400-800m,1,0.003,7,0.003,42,0.005,29,0.006,14,0.004,4,0.005
196;24;1508_0-400m,Green_400-800m,0,0,15,0.006,41,0.005,36,0.008,24,0.006,6,0.007
196;24;1508_0-400m,External,109,0.332,1038,0.382,3951,0.502,3367,0.74,2181,0.557,589,0.733
196;24;1508_400-800m,415;448_0-400m,0,0,2,0.001,8,0.001,1,0,4,0.001,1,0.001
196;24;1508_400-800m,415;448_400-800m,0,0,1,0,10,0.001,2,0,3,0.001,0,0
196;24;1508_400-800m,408;455_0-400m,0,0,2,0.001,4,0.001,2,0,2,0.001,1,0.001
196;24;1508_400-800m,408;455_400-800m,0,0,0,0,2,0,3,0.001,1,0,0,0
196;24;1508_400-800m,412;451_0-400m,0,0,1,0,4,0.001,7,0.002,1,0,2,0.002
196;24;1508_400-800m,412;451_400-800m,0,0,6,0.002,10,0.001,8,0.002,5,0.001,0,0
196;24;1508_400-800m,416;447_0-400m,0,0,0,0,4,0.001,3,0.001,1,0,0,0
196;24;1508_400-800m,416;447_400-800m,0,0,0,0,16,0.002,11,0.002,3,0.001,4,0.005
196;24;1508_400-800m,410;452_0-400m,0,0,1,0,7,0.001,3,0.001,0,0,2,0.002
196;24;1508_400-800m,410;452_400-800m,0,0,2,0.001,13,0.002,6,0.001,2,0.001,1,0.001
196;24;1508_400-800m,414;449_0-400m,0,0,0,0,1,0,6,0.001,2,0.001,0,0
196;24;1508_400-800m,414;449_400-800m,0,0,1,0,7,0.001,5,0.001,1,0,1,0.001
196;24;1508_400-800m,407;456_0-400m,0,0,0,0,3,0,4,0.001,0,0,0,0
196;24;1508_400-800m,407;456_400-800m,0,0,0,0,1,0,3,0.001,3,0.001,0,0
196;24;1508_400-800m,413;450_0-400m,0,0,0,0,8,0.001,3,0.001,2,0.001,1,0.001
196;24;1508_400-800m,413;450_400-800m,0,0,2,0.001,12,0.002,9,0.002,11,0.003,1,0.001
196;24;1508_400-800m,419;444;420_0-400m,5,0.015,3,0.001,25,0.003,13,0.003,11,0.003,0,0
196;24;1508_400-800m,419;444;420_400-800m,5,0.015,3,0.001,15,0.002,7,0.002,7,0.002,2,0.002
196;24;1508_400-800m,417;445_0-400m,0,0,1,0,11,0.001,9,0.002,2,0.001,2,0.002
196;24;1508_400-800m,417;445_400-800m,0,0,1,0,11,0.001,9,0.002,4,0.001,1,0.001
196;24;1508_400-800m,405;457_0-400m,0,0,1,0,13,0.002,4,0.001,2,0.001,1,0.001
196;24;1508_400-800m,405;457_400-800m,0,0,0,0,1,0,0,0,1,0,0,0
196;24;1508_400-800m,404;459_0-400m,0,0,1,0,10,0.001,4,0.001,3,0.001,1,0.001
196;24;1508_400-800m,404;459_400-800m,0,0,2,0.001,8,0.001,8,0.002,2,0.001,0,0
196;24;1508_400-800m,421;442_0-400m,5,0.015,9,0.003,60,0.008,40,0.009,26,0.007,3,0.004
196;24;1508_400-800m,421;442_400-800m,0,0,10,0.004,30,0.004,13,0.003,16,0.004,4,0.005
196;24;1508_400-800m,196;24;1508_0-400m,2,0.006,12,0.004,65,0.008,34,0.007,32,0.008,5,0.006
196;24;1508_400-800m,196;24;1508_400-800m,1,0.003,23,0.008,70,0.009,29,0.006,28,0.007,12,0.015
196;24;1508_400-800m,409;453_0-400m,1,0.003,1,0,4,0.001,2,0,0,0,0,0
196;24;1508_400-800m,409;453_400-800m,0,0,3,0.001,3,0,3,0.001,7,0.002,0,0
196;24;1508_400-800m,1503_0-400m,0,0,13,0.005,34,0.004,25,0.005,21,0.005,9,0.011
196;24;1508_400-800m,1503_400-800m,0,0,2,0.001,15,0.002,2,0,5,0.001,3,0.004
196;24;1508_400-800m,1125;1163;1162_0-400m,0,0,0,0,0,0,1,0,0,0,0,0
196;24;1508_400-800m,1125;1163;1162_400-800m,0,0,0,0,0,0,0,0,0,0,0,0
196;24;1508_400-800m,1134;1153_0-400m,0,0,0,0,0,0,0,0,1,0,0,0
196;24;1508_400-800m,1134;1153_400-800m,0,0,0,0,1,0,0,0,0,0,0,0
196;24;1508_400-800m,21;28;1612_0-400m,0,0,1,0,9,0.001,6,0.001,12,0.003,4,0.005
196;24;1508_400-800m,21;28;1612_400-800m,0,0,8,0.003,17,0.002,9,0.002,10,0.003,2,0.002
196;24;1508_400-800m,1131;1158_0-400m,0,0,0,0,3,0,3,0.001,2,0.001,0,0
196;24;1508_400-800m,1131;1158_400-800m,0,0,0,0,1,0,0,0,1,0,1,0.001
196;24;1508_400-800m,1135;1152_0-400m,0,0,0,0,1,0,1,0,1,0,1,0.001
196;24;1508_400-800m,1135;1152_400-800m,0,0,0,0,0,0,0,0,0,0,0,0
196;24;1508_400-800m,584;604_0-400m,0,0,0,0,2,0,3,0.001,3,0.001,3,0.004
196;24;1508_400-800m,584;604_400-800m,0,0,1,0,2,0,1,0,3,0.001,0,0
196;24;1508_400-800m,1139;1149_0-400m,0,0,0,0,0,0,2,0,1,0,0,0
196;24;1508_400-800m,1139;1149_400-800m,0,0,0,0,0,0,0,0,0,0,0,0
196;24;1508_400-800m,1138;1150;1137_0-400m,6,0.018,0,0,3,0,1,0,0,0,0,0
196;24;1508_400-800m,1138;1150;1137_400-800m,0,0,1,0,0,0,0,0,0,0,0,0
196;24;1508_400-800m,1124;1164_0-400m,0,0,0,0,3,0,2,0,0,0,0,0
196;24;1508_400-800m,1124;1164_400-800m,0,0,1,0,11,0.001,3,0.001,0,0,0,0
196;24;1508_400-800m,343;349_0-400m,0,0,0,0,2,0,0,0,5,0.001,1,0.001
196;24;1508_400-800m,343;349_400-800m,0,0,0,0,1,0,1,0,0,0,2,0.002
196;24;1508_400-800m,1136;1151_0-400m,0,0,0,0,0,0,0,0,1,0,0,0
196;24;1508_400-800m,1136;1151_400-800m,0,0,1,0,2,0,0,0,0,0,0,0
196;24;1508_400-800m,342;350_0-400m,0,0,0,0,4,0.001,4,0.001,2,0.001,0,0
196;24;1508_400-800m,342;350_400-800m,1,0.003,0,0,2,0,3,0.001,0,0,0,0
196;24;1508_400-800m,1141;1147_0-400m,0,0,0,0,4,0.001,1,0,3,0.001,0,0
196;24;1508_400-800m,1141;1147_400-800m,0,0,0,0,0,0,0,0,0,0,0,0
196;24;1508_400-800m,1132;1155;1156_0-400m,0,0,0,0,0,0,1,0,1,0,0,0
196;24;1508_400-800m,1132;1155;1156_400-800m,0,0,0,0,3,0,0,0,1,0,0,0
196;24;1508_400-800m,1133;1154_0-400m,0,0,0,0,2,0,2,0,1,0,0,0
196;24;1508_400-800m,1133;1154_400-800m,0,0,0,0,2,0,0,0,0,0,0,0
196;24;1508_400-800m,1130;1159;1160_0-400m,1,0.003,2,0.001,6,0.001,1,0,4,0.001,0,0
196;24;1508_400-800m,1130;1159;1160_400-800m,0,0,0,0,0,0,0,0,0,0,0,0
196;24;1508_400-800m,345;347_0-400m,1,0.003,0,0,6,0.001,4,0.001,3,0.001,0,0
196;24;1508_400-800m,345;347_400-800m,1,0.003,8,0.003,19,0.002,12,0.003,13,0.003,4,0.005
196;24;1508_400-800m,344;348_0-400m,0,0,0,0,5,0.001,8,0.002,3,0.001,0,0
196;24;1508_400-800m,344;348_400-800m,0,0,1,0,3,0,1,0,6,0.002,2,0.002
196;24;1508_400-800m,1140;1148_0-400m,1,0.003,0,0,1,0,3,0.001,1,0,0,0
196;24;1508_400-800m,1140;1148_400-800m,0,0,1,0,1,0,1,0,2,0.001,0,0
196;24;1508_400-800m,1127;1161_0-400m,0,0,0,0,0,0,2,0,1,0,1,0.001
196;24;1508_400-800m,1127;1161_400-800m,0,0,0,0,0,0,0,0,0,0,0,0
196;24;1508_400-800m,1855_0-400m,0,0,0,0,2,0,1,0,0,0,0,0
196;24;1508_400-800m,1855_400-800m,0,0,0,0,0,0,0,0,0,0,0,0
196;24;1508_400-800m,187;204_0-400m,0,0,0,0,3,0,4,0.001,1,0,1,0.001
196;24;1508_400-800m,187;204_400-800m,0,0,0,0,0,0,0,0,0,0,0,0
196;24;1508_400-800m,661;674_0-400m,0,0,0,0,2,0,0,0,1,0,0,0
196;24;1508_400-800m,661;674_400-800m,0,0,0,0,0,0,1,0,0,0,0,0
196;24;1508_400-800m,184;207_0-400m,0,0,0,0,3,0,1,0,1,0,0,0
196;24;1508_400-800m,184;207_400-800m,0,0,0,0,2,0,0,0,3,0.001,0,0
196;24;1508_400-800m,657;678_0-400m,0,0,1,0,8,0.001,2,0,1,0,1,0.001
196;24;1508_400-800m,657;678_400-800m,0,0,0,0,2,0,0,0,0,0,0,0
196;24;1508_400-800m,656;679_0-400m,2,0.006,0,0,7,0.001,1,0,0,0,0,0
196;24;1508_400-800m,656;679_400-800m,0,0,0,0,1,0,0,0,0,0,0,0
196;24;1508_400-800m,1383;1461;1384_0-400m,1,0.003,4,0.001,14,0.002,5,0.001,6,0.002,0,0
196;24;1508_400-800m,1383;1461;1384_400-800m,1,0.003,3,0.001,10,0.001,5,0.001,12,0.003,2,0.002
196;24;1508_400-800m,665;670_0-400m,0,0,5,0.002,10,0.001,3,0.001,5,0.001,1,0.001
196;24;1508_400-800m,665;670_400-800m,0,0,2,0.001,3,0,4,0.001,4,0.001,4,0.005
196;24;1508_400-800m,659;676;675_0-400m,0,0,1,0,0,0,2,0,4,0.001,0,0
196;24;1508_400-800m,659;676;675_400-800m,0,0,0,0,1,0,1,0,1,0,0,0
196;24;1508_400-800m,664;671_0-400m,1,0.003,2,0.001,13,0.002,15,0.003,3,0.001,4,0.005
196;24;1508_400-800m,664;671_400-800m,0,0,4,0.001,23,0.003,13,0.003,14,0.004,2,0.002
196;24;1508_400-800m,185;206_0-400m,0,0,0,0,1,0,0,0,4,0.001,0,0
196;24;1508_400-800m,185;206_400-800m,0,0,0,0,0,0,0,0,0,0,0,0
196;24;1508_400-800m,662;673_0-400m,1,0.003,4,0.001,13,0.002,7,0.002,4,0.001,0,0
196;24;1508_400-800m,662;673_400-800m,0,0,9,0.003,5,0.001,4,0.001,6,0.002,1,0.001
196;24;1508_400-800m,1385;1459_0-400m,0,0,7,0.003,18,0.002,14,0.003,8,0.002,1,0.001
196;24;1508_400-800m,1385;1459_400-800m,0,0,1,0,1,0,0,0,0,0,0,0
196;24;1508_400-800m,658;677_0-400m,0,0,1,0,3,0,1,0,4,0.001,0,0
196;24;1508_400-800m,658;677_400-800m,0,0,0,0,0,0,0,0,0,0,0,0
196;24;1508_400-800m,663;672_0-400m,0,0,9,0.003,13,0.002,8,0.002,7,0.002,3,0.004
196;24;1508_400-800m,663;672_400-800m,1,0.003,10,0.004,11,0.001,2,0,5,0.001,1,0.001
196;24;1508_400-800m,183;209_0-400m,0,0,4,0.001,4,0.001,0,0,3,0.001,0,0
196;24;1508_400-800m,183;209_400-800m,0,0,1,0,0,0,0,0,1,0,0,0
196;24;1508_400-800m,186;205_0-400m,0,0,0,0,0,0,2,0,1,0,0,0
196;24;1508_400-800m,186;205_400-800m,0,0,0,0,0,0,0,0,0,0,0,0
196;24;1508_400-800m,188;203_0-400m,0,0,2,0.001,4,0.001,4,0.001,3,0.001,2,0.002
196;24;1508_400-800m,188;203_400-800m,0,0,6,0.002,5,0.001,4,0.001,3,0.001,2,0.002
196;24;1508_400-800m,388;823_0-400m,2,0.006,5,0.002,25,0.003,14,0.003,9,0.002,1,0.001
196;24;1508_400-800m,388;823_400-800m,0,0,0,0,3,0,0,0,1,0,0,0
196;24;1508_400-800m,1386;95_0-400m,1,0.003,6,0.002,13,0.002,13,0.003,3,0.001,3,0.004
196;24;1508_400-800m,1386;95_400-800m,0,0,0,0,6,0.001,2,0,3,0.001,0,0
196;24;1508_400-800m,Orange_0-400m,1,0.003,7,0.003,30,0.004,29,0.006,20,0.005,5,0.006
196;24;1508_400-800m,Blue_0-400m,0,0,2,0.001,6,0.001,4,0.001,3,0.001,0,0
196;24;1508_400-800m,Green_0-400m,0,0,6,0.002,15,0.002,12,0.003,8,0.002,0,0
196;24;1508_400-800m,Orange_400-800m,0,0,4,0.001,8,0.001,9,0.002,6,0.002,0,0
196;24;1508_400-800m,Blue_400-800m,0,0,2,0.001,2,0,5,0.001,4,0.001,0,0
196;24;1508_400-800m,Green_400-800m,0,0,3,0.001,14,0.002,5,0.001,2,0.001,0,0
196;24;1508_400-800m,External,85,0.259,523,0.192,1245,0.158,805,0.177,490,0.125,85,0.106
409;453_0-400m,415;448_0-400m,0,0,18,0.007,31,0.004,20,0.004,16,0.004,2,0.002
409;453_0-400m,415;448_400-800m,1,0.003,2,0.001,9,0.001,6,0.001,8,0.002,3,0.004
409;453_0-400m,408;455_0-400m,1,0.003,13,0.005,50,0.006,31,0.007,33,0.008,14,0.017
409;453_0-400m,408;455_400-800m,0,0,3,0.001,15,0.002,8,0.002,4,0.001,2,0.002
409;453_0-400m,412;451_0-400m,0,0,8,0.003,25,0.003,28,0.006,35,0.009,9,0.011
409;453_0-400m,412;451_400-800m,0,0,10,0.004,31,0.004,17,0.004,22,0.006,12,0.015
409;453_0-400m,416;447_0-400m,1,0.003,3,0.001,23,0.003,12,0.003,12,0.003,3,0.004
409;453_0-400m,416;447_400-800m,0,0,3,0.001,33,0.004,9,0.002,8,0.002,4,0.005
409;453_0-400m,410;452_0-400m,2,0.006,8,0.003,46,0.006,27,0.006,21,0.005,7,0.009
409;453_0-400m,410;452_400-800m,2,0.006,8,0.003,31,0.004,23,0.005,17,0.004,3,0.004
409;453_0-400m,414;449_0-400m,0,0,7,0.003,36,0.005,8,0.002,20,0.005,4,0.005
409;453_0-400m,414;449_400-800m,1,0.003,1,0,14,0.002,11,0.002,6,0.002,1,0.001
409;453_0-400m,407;456_0-400m,0,0,7,0.003,20,0.003,6,0.001,18,0.005,1,0.001
409;453_0-400m,407;456_400-800m,1,0.003,2,0.001,25,0.003,18,0.004,15,0.004,5,0.006
409;453_0-400m,413;450_0-400m,0,0,3,0.001,35,0.004,14,0.003,13,0.003,1,0.001
409;453_0-400m,413;450_400-800m,0,0,8,0.003,27,0.003,15,0.003,25,0.006,6,0.007
409;453_0-400m,419;444;420_0-400m,1,0.003,9,0.003,45,0.006,22,0.005,23,0.006,5,0.006
409;453_0-400m,419;444;420_400-800m,0,0,2,0.001,7,0.001,7,0.002,13,0.003,5,0.006
409;453_0-400m,417;445_0-400m,1,0.003,3,0.001,25,0.003,11,0.002,17,0.004,2,0.002
409;453_0-400m,417;445_400-800m,0,0,8,0.003,13,0.002,9,0.002,11,0.003,2,0.002
409;453_0-400m,405;457_0-400m,0,0,12,0.004,53,0.007,21,0.005,23,0.006,9,0.011
409;453_0-400m,405;457_400-800m,0,0,0,0,0,0,1,0,1,0,0,0
409;453_0-400m,404;459_0-400m,0,0,24,0.009,67,0.009,25,0.005,33,0.008,6,0.007
409;453_0-400m,404;459_400-800m,1,0.003,18,0.007,68,0.009,37,0.008,23,0.006,0,0
409;453_0-400m,421;442_0-400m,1,0.003,12,0.004,62,0.008,24,0.005,23,0.006,9,0.011
409;453_0-400m,421;442_400-800m,1,0.003,4,0.001,12,0.002,3,0.001,4,0.001,4,0.005
409;453_0-400m,196;24;1508_0-400m,4,0.012,16,0.006,16,0.002,16,0.004,14,0.004,4,0.005
409;453_0-400m,196;24;1508_400-800m,0,0,4,0.001,5,0.001,3,0.001,1,0,0,0
409;453_0-400m,409;453_0-400m,5,0.015,21,0.008,61,0.008,31,0.007,44,0.011,11,0.014
409;453_0-400m,409;453_400-800m,2,0.006,11,0.004,32,0.004,22,0.005,20,0.005,7,0.009
409;453_0-400m,1503_0-400m,2,0.006,10,0.004,36,0.005,17,0.004,20,0.005,8,0.01
409;453_0-400m,1503_400-800m,0,0,2,0.001,5,0.001,4,0.001,4,0.001,0,0
409;453_0-400m,1125;1163;1162_0-400m,0,0,0,0,2,0,1,0,1,0,0,0
409;453_0-400m,1125;1163;1162_400-800m,0,0,0,0,0,0,0,0,0,0,0,0
409;453_0-400m,1134;1153_0-400m,0,0,0,0,1,0,1,0,0,0,0,0
409;453_0-400m,1134;1153_400-800m,0,0,1,0,1,0,0,0,1,0,0,0
409;453_0-400m,21;28;1612_0-400m,0,0,1,0,8,0.001,6,0.001,4,0.001,1,0.001
409;453_0-400m,21;28;1612_400-800m,0,0,5,0.002,9,0.001,6,0.001,9,0.002,1,0.001
409;453_0-400m,1131;1158_0-400m,0,0,0,0,2,0,0,0,2,0.001,1,0.001
409;453_0-400m,1131;1158_400-800m,0,0,0,0,0,0,0,0,0,0,0,0
409;453_0-400m,1135;1152_0-400m,0,0,0,0,2,0,1,0,3,0.001,0,0
409;453_0-400m,1135;1152_400-800m,0,0,0,0,0,0,0,0,0,0,0,0
409;453_0-400m,584;604_0-400m,0,0,0,0,2,0,0,0,4,0.001,3,0.004
409;453_0-400m,584;604_400-800m,0,0,0,0,0,0,2,0,3,0.001,0,0
409;453_0-400m,1139;1149_0-400m,0,0,0,0,5,0.001,1,0,2,0.001,0,0
409;453_0-400m,1139;1149_400-800m,0,0,0,0,0,0,0,0,0,0,0,0
409;453_0-400m,1138;1150;1137_0-400m,1,0.003,0,0,1,0,4,0.001,1,0,0,0
409;453_0-400m,1138;1150;1137_400-800m,0,0,1,0,0,0,0,0,1,0,0,0
409;453_0-400m,1124;1164_0-400m,0,0,0,0,5,0.001,4,0.001,2,0.001,0,0
409;453_0-400m,1124;1164_400-800m,0,0,0,0,3,0,0,0,3,0.001,1,0.001
409;453_0-400m,343;349_0-400m,0,0,0,0,4,0.001,1,0,1,0,2,0.002
409;453_0-400m,343;349_400-800m,0,0,0,0,1,0,2,0,1,0,0,0
409;453_0-400m,1136;1151_0-400m,0,0,4,0.001,3,0,2,0,0,0,0,0
409;453_0-400m,1136;1151_400-800m,0,0,0,0,0,0,0,0,0,0,0,0
409;453_0-400m,342;350_0-400m,0,0,14,0.005,2,0,0,0,4,0.001,1,0.001
409;453_0-400m,342;350_400-800m,0,0,0,0,0,0,2,0,1,0,0,0
409;453_0-400m,1141;1147_0-400m,0,0,0,0,1,0,2,0,3,0.001,0,0
409;453_0-400m,1141;1147_400-800m,0,0,0,0,0,0,0,0,0,0,0,0
409;453_0-400m,1132;1155;1156_0-400m,0,0,0,0,1,0,1,0,1,0,0,0
409;453_0-400m,1132;1155;1156_400-800m,0,0,0,0,0,0,0,0,0,0,0,0
409;453_0-400m,1133;1154_0-400m,0,0,1,0,2,0,0,0,2,0.001,0,0
409;453_0-400m,1133;1154_400-800m,0,0,1,0,0,0,0,0,0,0,0,0
409;453_0-400m,1130;1159;1160_0-400m,0,0,0,0,6,0.001,1,0,7,0.002,0,0
409;453_0-400m,1130;1159;1160_400-800m,0,0,0,0,0,0,0,0,0,0,0,0
409;453_0-400m,345;347_0-400m,0,0,2,0.001,6,0.001,0,0,7,0.002,0,0
409;453_0-400m,345;347_400-800m,3,0.009,2,0.001,19,0.002,6,0.001,11,0.003,6,0.007
409;453_0-400m,344;348_0-400m,0,0,1,0,2,0,1,0,5,0.001,0,0
409;453_0-400m,344;348_400-800m,1,0.003,1,0,5,0.001,2,0,8,0.002,5,0.006
409;453_0-400m,1140;1148_0-400m,0,0,1,0,3,0,1,0,2,0.001,1,0.001
409;453_0-400m,1140;1148_400-800m,0,0,1,0,3,0,1,0,1,0,0,0
409;453_0-400m,1127;1161_0-400m,1,0.003,0,0,0,0,1,0,2,0.001,0,0
409;453_0-400m,1127;1161_400-800m,0,0,0,0,0,0,0,0,0,0,0,0
409;453_0-400m,1855_0-400m,0,0,0,0,0,0,0,0,0,0,0,0
409;453_0-400m,1855_400-800m,0,0,0,0,0,0,1,0,1,0,1,0.001
409;453_0-400m,187;204_0-400m,1,0.003,0,0,0,0,2,0,1,0,1,0.001
409;453_0-400m,187;204_400-800m,0,0,0,0,0,0,1,0,0,0,0,0
409;453_0-400m,661;674_0-400m,0,0,0,0,3,0,0,0,0,0,0,0
409;453_0-400m,661;674_400-800m,0,0,0,0,0,0,0,0,0,0,0,0
409;453_0-400m,184;207_0-400m,0,0,1,0,4,0.001,0,0,1,0,0,0
409;453_0-400m,184;207_400-800m,0,0,0,0,1,0,2,0,0,0,1,0.001
409;453_0-400m,657;678_0-400m,0,0,0,0,8,0.001,1,0,2,0.001,0,0
409;453_0-400m,657;678_400-800m,0,0,0,0,0,0,0,0,1,0,0,0
409;453_0-400m,656;679_0-400m,0,0,0,0,4,0.001,4,0.001,0,0,0,0
409;453_0-400m,656;679_400-800m,0,0,1,0,1,0,1,0,0,0,0,0
409;453_0-400m,1383;1461;1384_0-400m,0,0,1,0,6,0.001,4,0.001,7,0.002,2,0.002
409;453_0-400m,1383;1461;1384_400-800m,0,0,4,0.001,5,0.001,2,0,3,0.001,2,0.002
409;453_0-400m,665;670_0-400m,0,0,3,0.001,3,0,0,0,1,0,0,0
409;453_0-400m,665;670_400-800m,0,0,4,0.001,2,0,0,0,3,0.001,0,0
409;453_0-400m,659;676;675_0-400m,0,0,0,0,2,0,0,0,1,0,0,0
409;453_0-400m,659;676;675_400-800m,1,0.003,0,0,0,0,1,0,0,0,0,0
409;453_0-400m,664;671_0-400m,0,0,2,0.001,5,0.001,5,0.001,4,0.001,1,0.001
409;453_0-400m,664;671_400-800m,0,0,0,0,0,0,0,0,0,0,0,0
409;453_0-400m,185;206_0-400m,0,0,0,0,7,0.001,2,0,0,0,0,0
409;453_0-400m,185;206_400-800m,0,0,0,0,2,0,0,0,1,0,0,0
409;453_0-400m,662;673_0-400m,0,0,2,0.001,9,0.001,2,0,4,0.001,4,0.005
409;453_0-400m,662;673_400-800m,0,0,4,0.001,7,0.001,4,0.001,3,0.001,1,0.001
409;453_0-400m,1385;1459_0-400m,0,0,3,0.001,12,0.002,6,0.001,2,0.001,1,0.001
409;453_0-400m,1385;1459_400-800m,0,0,0,0,0,0,1,0,1,0,0,0
409;453_0-400m,658;677_0-400m,0,0,0,0,3,0,3,0.001,2,0.001,0,0
409;453_0-400m,658;677_400-800m,0,0,0,0,0,0,0,0,0,0,0,0
409;453_0-400m,663;672_0-400m,0,0,2,0.001,7,0.001,6,0.001,2,0.001,1,0.001
409;453_0-400m,663;672_400-800m,0,0,0,0,2,0,2,0,1,0,0,0
409;453_0-400m,183;209_0-400m,0,0,2,0.001,6,0.001,1,0,0,0,0,0
409;453_0-400m,183;209_400-800m,0,0,0,0,0,0,1,0,0,0,0,0
409;453_0-400m,186;205_0-400m,0,0,0,0,0,0,0,0,4,0.001,0,0
409;453_0-400m,186;205_400-800m,0,0,0,0,0,0,0,0,0,0,0,0
409;453_0-400m,188;203_0-400m,0,0,1,0,5,0.001,5,0.001,2,0.001,1,0.001
409;453_0-400m,188;203_400-800m,0,0,3,0.001,3,0,1,0,4,0.001,0,0
409;453_0-400m,388;823_0-400m,0,0,2,0.001,22,0.003,20,0.004,10,0.003,1,0.001
409;453_0-400m,388;823_400-800m,0,0,1,0,4,0.001,2,0,1,0,0,0
409;453_0-400m,1386;95_0-400m,0,0,4,0.001,9,0.001,4,0.001,7,0.002,1,0.001
409;453_0-400m,1386;95_400-800m,0,0,0,0,2,0,0,0,5,0.001,0,0
409;453_0-400m,Orange_0-400m,13,0.04,33,0.012,102,0.013,60,0.013,50,0.013,6,0.007
409;453_0-400m,Blue_0-400m,0,0,6,0.002,14,0.002,6,0.001,5,0.001,1,0.001
409;453_0-400m,Green_0-400m,2,0.006,9,0.003,3,0,5,0.001,4,0.001,0,0
409;453_0-400m,Orange_400-800m,1,0.003,9,0.003,29,0.004,10,0.002,14,0.004,3,0.004
409;453_0-400m,Blue_400-800m,2,0.006,1,0,13,0.002,5,0.001,5,0.001,0,0
409;453_0-400m,Green_400-800m,1,0.003,10,0.004,2,0,0,0,2,0.001,0,0
409;453_0-400m,External,126,0.384,460,0.169,1170,0.149,594,0.131,703,0.18,158,0.197
409;453_400-800m,415;448_0-400m,1,0.003,5,0.002,20,0.003,14,0.003,15,0.004,3,0.004
409;453_400-800m,415;448_400-800m,0,0,1,0,12,0.002,6,0.001,4,0.001,0,0
409;453_400-800m,408;455_0-400m,3,0.009,12,0.004,35,0.004,18,0.004,35,0.009,8,0.01
409;453_400-800m,408;455_400-800m,0,0,12,0.004,21,0.003,17,0.004,9,0.002,4,0.005
409;453_400-800m,412;451_0-400m,0,0,7,0.003,29,0.004,15,0.003,11,0.003,4,0.005
409;453_400-800m,412;451_400-800m,0,0,6,0.002,37,0.005,11,0.002,35,0.009,11,0.014
409;453_400-800m,416;447_0-400m,0,0,3,0.001,12,0.002,9,0.002,11,0.003,7,0.009
409;453_400-800m,416;447_400-800m,0,0,13,0.005,24,0.003,14,0.003,14,0.004,3,0.004
409;453_400-800m,410;452_0-400m,1,0.003,12,0.004,37,0.005,22,0.005,22,0.006,1,0.001
409;453_400-800m,410;452_400-800m,5,0.015,15,0.006,39,0.005,17,0.004,40,0.01,3,0.004
409;453_400-800m,414;449_0-400m,0,0,3,0.001,14,0.002,7,0.002,13,0.003,4,0.005
409;453_400-800m,414;449_400-800m,1,0.003,4,0.001,19,0.002,5,0.001,9,0.002,7,0.009
409;453_400-800m,407;456_0-400m,1,0.003,5,0.002,12,0.002,8,0.002,8,0.002,2,0.002
409;453_400-800m,407;456_400-800m,3,0.009,6,0.002,21,0.003,25,0.005,25,0.006,6,0.007
409;453_400-800m,413;450_0-400m,1,0.003,3,0.001,14,0.002,9,0.002,10,0.003,4,0.005
409;453_400-800m,413;450_400-800m,0,0,6,0.002,35,0.004,15,0.003,22,0.006,8,0.01
409;453_400-800m,419;444;420_0-400m,0,0,8,0.003,31,0.004,11,0.002,13,0.003,4,0.005
409;453_400-800m,419;444;420_400-800m,0,0,2,0.001,9,0.001,1,0,6,0.002,1,0.001
409;453_400-800m,417;445_0-400m,1,0.003,2,0.001,10,0.001,4,0.001,7,0.002,1,0.001
409;453_400-800m,417;445_400-800m,0,0,2,0.001,17,0.002,10,0.002,7,0.002,4,0.005
409;453_400-800m,405;457_0-400m,1,0.003,9,0.003,70,0.009,38,0.008,43,0.011,5,0.006
409;453_400-800m,405;457_400-800m,0,0,0,0,3,0,2,0,3,0.001,1,0.001
409;453_400-800m,404;459_0-400m,0,0,19,0.007,85,0.011,55,0.012,34,0.009,11,0.014
409;453_400-800m,404;459_400-800m,2,0.006,19,0.007,79,0.01,39,0.009,40,0.01,1,0.001
409;453_400-800m,421;442_0-400m,0,0,15,0.006,40,0.005,17,0.004,16,0.004,3,0.004
409;453_400-800m,421;442_400-800m,0,0,1,0,7,0.001,7,0.002,5,0.001,3,0.004
409;453_400-800m,196;24;1508_0-400m,1,0.003,6,0.002,17,0.002,6,0.001,10,0.003,3,0.004
409;453_400-800m,196;24;1508_400-800m,0,0,6,0.002,9,0.001,1,0,4,0.001,1,0.001
409;453_400-800m,409;453_0-400m,2,0.006,10,0.004,35,0.004,20,0.004,31,0.008,6,0.007
409;453_400-800m,409;453_400-800m,2,0.006,16,0.006,60,0.008,34,0.007,52,0.013,14,0.017
409;453_400-800m,1503_0-400m,1,0.003,8,0.003,35,0.004,18,0.004,7,0.002,4,0.005
409;453_400-800m,1503_400-800m,0,0,1,0,4,0.001,1,0,4,0.001,1,0.001
409;453_400-800m,1125;1163;1162_0-400m,0,0,0,0,0,0,0,0,0,0,0,0
409;453_400-800m,1125;1163;1162_400-800m,0,0,0,0,0,0,0,0,0,0,0,0
409;453_400-800m,1134;1153_0-400m,0,0,0,0,0,0,0,0,1,0,0,0
409;453_400-800m,1134;1153_400-800m,0,0,0,0,1,0,1,0,3,0.001,0,0
409;453_400-800m,21;28;1612_0-400m,5,0.015,3,0.001,18,0.002,4,0.001,3,0.001,2,0.002
409;453_400-800m,21;28;1612_400-800m,1,0.003,5,0.002,11,0.001,3,0.001,4,0.001,1,0.001
409;453_400-800m,1131;1158_0-400m,0,0,0,0,5,0.001,0,0,1,0,1,0.001
409;453_400-800m,1131;1158_400-800m,0,0,0,0,0,0,0,0,0,0,0,0
409;453_400-800m,1135;1152_0-400m,0,0,0,0,2,0,3,0.001,2,0.001,0,0
409;453_400-800m,1135;1152_400-800m,0,0,0,0,0,0,0,0,0,0,0,0
409;453_400-800m,584;604_0-400m,0,0,3,0.001,2,0,3,0.001,3,0.001,1,0.001
409;453_400-800m,584;604_400-800m,0,0,3,0.001,3,0,3,0.001,1,0,2,0.002
409;453_400-800m,1139;1149_0-400m,1,0.003,0,0,0,0,1,0,2,0.001,0,0
409;453_400-800m,1139;1149_400-800m,0,0,0,0,0,0,0,0,0,0,0,0
409;453_400-800m,1138;1150;1137_0-400m,0,0,3,0.001,3,0,2,0,2,0.001,0,0
409;453_400-800m,1138;1150;1137_400-800m,0,0,0,0,0,0,0,0,0,0,0,0
409;453_400-800m,1124;1164_0-400m,0,0,0,0,7,0.001,2,0,1,0,0,0
409;453_400-800m,1124;1164_400-800m,0,0,1,0,8,0.001,2,0,1,0,1,0.001
409;453_400-800m,343;349_0-400m,0,0,0,0,3,0,1,0,3,0.001,1,0.001
409;453_400-800m,343;349_400-800m,0,0,2,0.001,0,0,1,0,1,0,2,0.002
409;453_400-800m,1136;1151_0-400m,0,0,0,0,2,0,1,0,1,0,0,0
409;453_400-800m,1136;1151_400-800m,0,0,0,0,0,0,1,0,0,0,0,0
409;453_400-800m,342;350_0-400m,0,0,1,0,2,0,0,0,1,0,1,0.001
409;453_400-800m,342;350_400-800m,0,0,0,0,0,0,0,0,0,0,0,0
409;453_400-800m,1141;1147_0-400m,0,0,1,0,3,0,2,0,2,0.001,0,0
409;453_400-800m,1141;1147_400-800m,0,0,0,0,0,0,0,0,0,0,0,0
409;453_400-800m,1132;1155;1156_0-400m,0,0,1,0,2,0,0,0,1,0,0,0
409;453_400-800m,1132;1155;1156_400-800m,1,0.003,1,0,0,0,1,0,1,0,0,0
409;453_400-800m,1133;1154_0-400m,0,0,0,0,0,0,0,0,2,0.001,1,0.001
409;453_400-800m,1133;1154_400-800m,0,0,1,0,1,0,0,0,1,0,0,0
409;453_400-800m,1130;1159;1160_0-400m,3,0.009,2,0.001,4,0.001,1,0,7,0.002,0,0
409;453_400-800m,1130;1159;1160_400-800m,0,0,0,0,0,0,0,0,0,0,0,0
409;453_400-800m,345;347_0-400m,0,0,2,0.001,4,0.001,5,0.001,6,0.002,1,0.001
409;453_400-800m,345;347_400-800m,1,0.003,3,0.001,13,0.002,7,0.002,11,0.003,5,0.006
409;453_400-800m,344;348_0-400m,0,0,2,0.001,2,0,2,0,2,0.001,4,0.005
409;453_400-800m,344;348_400-800m,0,0,3,0.001,8,0.001,4,0.001,9,0.002,2,0.002
409;453_400-800m,1140;1148_0-400m,0,0,0,0,2,0,0,0,0,0,0,0
409;453_400-800m,1140;1148_400-800m,0,0,0,0,0,0,2,0,3,0.001,0,0
409;453_400-800m,1127;1161_0-400m,0,0,3,0.001,2,0,2,0,2,0.001,1,0.001
409;453_400-800m,1127;1161_400-800m,0,0,0,0,0,0,0,0,0,0,0,0
409;453_400-800m,1855_0-400m,0,0,0,0,1,0,0,0,1,0,0,0
409;453_400-800m,1855_400-800m,0,0,0,0,0,0,0,0,0,0,0,0
409;453_400-800m,187;204_0-400m,0,0,0,0,2,0,0,0,2,0.001,0,0
409;453_400-800m,187;204_400-800m,0,0,0,0,3,0,1,0,0,0,0,0
409;453_400-800m,661;674_0-400m,0,0,1,0,3,0,1,0,2,0.001,0,0
409;453_400-800m,661;674_400-800m,0,0,2,0.001,1,0,0,0,1,0,0,0
409;453_400-800m,184;207_0-400m,0,0,3,0.001,2,0,1,0,2,0.001,0,0
409;453_400-800m,184;207_400-800m,0,0,3,0.001,2,0,2,0,0,0,0,0
409;453_400-800m,657;678_0-400m,0,0,5,0.002,5,0.001,4,0.001,2,0.001,0,0
409;453_400-800m,657;678_400-800m,0,0,0,0,0,0,0,0,0,0,0,0
409;453_400-800m,656;679_0-400m,0,0,3,0.001,9,0.001,3,0.001,2,0.001,0,0
409;453_400-800m,656;679_400-800m,0,0,0,0,0,0,0,0,1,0,0,0
409;453_400-800m,1383;1461;1384_0-400m,0,0,1,0,3,0,4,0.001,3,0.001,2,0.002
409;453_400-800m,1383;1461;1384_400-800m,0,0,1,0,2,0,3,0.001,3,0.001,1,0.001
409;453_400-800m,665;670_0-400m,0,0,3,0.001,3,0,1,0,3,0.001,0,0
409;453_400-800m,665;670_400-800m,0,0,1,0,2,0,2,0,3,0.001,2,0.002
409;453_400-800m,659;676;675_0-400m,1,0.003,0,0,2,0,2,0,0,0,0,0
409;453_400-800m,659;676;675_400-800m,0,0,2,0.001,1,0,0,0,0,0,0,0
409;453_400-800m,664;671_0-400m,0,0,1,0,7,0.001,2,0,4,0.001,2,0.002
409;453_400-800m,664;671_400-800m,0,0,6,0.002,12,0.002,3,0.001,3,0.001,1,0.001
409;453_400-800m,185;206_0-400m,0,0,1,0,4,0.001,2,0,2,0.001,0,0
409;453_400-800m,185;206_400-800m,0,0,0,0,1,0,0,0,1,0,0,0
409;453_400-800m,662;673_0-400m,0,0,1,0,8,0.001,5,0.001,5,0.001,0,0
409;453_400-800m,662;673_400-800m,0,0,3,0.001,12,0.002,3,0.001,2,0.001,1,0.001
409;453_400-800m,1385;1459_0-400m,1,0.003,3,0.001,11,0.001,8,0.002,7,0.002,3,0.004
409;453_400-800m,1385;1459_400-800m,0,0,0,0,2,0,0,0,0,0,0,0
409;453_400-800m,658;677_0-400m,0,0,1,0,4,0.001,1,0,0,0,0,0
409;453_400-800m,658;677_400-800m,0,0,0,0,0,0,0,0,0,0,0,0
409;453_400-800m,663;672_0-400m,0,0,1,0,11,0.001,2,0,3,0.001,0,0
409;453_400-800m,663;672_400-800m,0,0,1,0,5,0.001,2,0,1,0,0,0
409;453_400-800m,183;209_0-400m,0,0,4,0.001,4,0.001,0,0,1,0,1,0.001
409;453_400-800m,183;209_400-800m,0,0,0,0,0,0,0,0,0,0,0,0
409;453_400-800m,186;205_0-400m,0,0,0,0,3,0,1,0,1,0,0,0
409;453_400-800m,186;205_400-800m,0,0,1,0,0,0,0,0,0,0,0,0
409;453_400-800m,188;203_0-400m,0,0,1,0,4,0.001,1,0,5,0.001,1,0.001
409;453_400-800m,188;203_400-800m,0,0,3,0.001,5,0.001,3,0.001,1,0,2,0.002
409;453_400-800m,388;823_0-400m,0,0,2,0.001,31,0.004,8,0.002,3,0.001,1,0.001
409;453_400-800m,388;823_400-800m,2,0.006,1,0,2,0,1,0,3,0.001,2,0.002
409;453_400-800m,1386;95_0-400m,0,0,4,0.001,6,0.001,5,0.001,4,0.001,1,0.001
409;453_400-800m,1386;95_400-800m,0,0,0,0,0,0,2,0,3,0.001,0,0
409;453_400-800m,Orange_0-400m,7,0.021,56,0.021,156,0.02,93,0.02,72,0.018,22,0.027
409;453_400-800m,Blue_0-400m,2,0.006,14,0.005,9,0.001,2,0,2,0.001,0,0
409;453_400-800m,Green_0-400m,0,0,4,0.001,7,0.001,8,0.002,14,0.004,4,0.005
409;453_400-800m,Orange_400-800m,0,0,13,0.005,37,0.005,19,0.004,24,0.006,8,0.01
409;453_400-800m,Blue_400-800m,4,0.012,2,0.001,12,0.002,3,0.001,3,0.001,1,0.001
409;453_400-800m,Green_400-800m,0,0,10,0.004,17,0.002,3,0.001,5,0.001,3,0.004
409;453_400-800m,External,143,0.436,692,0.255,1516,0.192,727,0.16,807,0.206,180,0.224
1503_0-400m,415;448_0-400m,1,0.003,9,0.003,31,0.004,25,0.005,25,0.006,8,0.01
1503_0-400m,415;448_400-800m,0,0,7,0.003,15,0.002,16,0.004,4,0.001,3,0.004
1503_0-400m,408;455_0-400m,1,0.003,7,0.003,14,0.002,7,0.002,12,0.003,3,0.004
1503_0-400m,408;455_400-800m,0,0,2,0.001,16,0.002,10,0.002,12,0.003,2,0.002
1503_0-400m,412;451_0-400m,1,0.003,7,0.003,34,0.004,12,0.003,35,0.009,9,0.011
1503_0-400m,412;451_400-800m,1,0.003,0,0,18,0.002,23,0.005,21,0.005,11,0.014
1503_0-400m,416;447_0-400m,1,0.003,3,0.001,32,0.004,20,0.004,13,0.003,6,0.007
1503_0-400m,416;447_400-800m,1,0.003,22,0.008,52,0.007,33,0.007,36,0.009,7,0.009
1503_0-400m,410;452_0-400m,1,0.003,17,0.006,48,0.006,27,0.006,33,0.008,9,0.011
1503_0-400m,410;452_400-800m,1,0.003,7,0.003,20,0.003,12,0.003,19,0.005,6,0.007
1503_0-400m,414;449_0-400m,0,0,8,0.003,26,0.003,18,0.004,22,0.006,6,0.007
1503_0-400m,414;449_400-800m,1,0.003,8,0.003,25,0.003,26,0.006,23,0.006,10,0.012
1503_0-400m,407;456_0-400m,0,0,1,0,11,0.001,7,0.002,10,0.003,0,0
1503_0-400m,407;456_400-800m,0,0,6,0.002,20,0.003,7,0.002,18,0.005,3,0.004
1503_0-400m,413;450_0-400m,2,0.006,9,0.003,25,0.003,21,0.005,16,0.004,8,0.01
1503_0-400m,413;450_400-800m,0,0,9,0.003,23,0.003,23,0.005,22,0.006,12,0.015
1503_0-400m,419;444;420_0-400m,5,0.015,32,0.012,117,0.015,74,0.016,45,0.011,15,0.019
1503_0-400m,419;444;420_400-800m,0,0,4,0.001,31,0.004,13,0.003,15,0.004,5,0.006
1503_0-400m,417;445_0-400m,1,0.003,8,0.003,32,0.004,25,0.005,17,0.004,5,0.006
1503_0-400m,417;445_400-800m,2,0.006,18,0.007,68,0.009,31,0.007,25,0.006,9,0.011
1503_0-400m,405;457_0-400m,0,0,2,0.001,36,0.005,18,0.004,24,0.006,7,0.009
1503_0-400m,405;457_400-800m,0,0,4,0.001,2,0,2,0,1,0,1,0.001
1503_0-400m,404;459_0-400m,0,0,8,0.003,34,0.004,16,0.004,25,0.006,4,0.005
1503_0-400m,404;459_400-800m,1,0.003,10,0.004,28,0.004,32,0.007,21,0.005,1,0.001
1503_0-400m,421;442_0-400m,3,0.009,37,0.014,173,0.022,109,0.024,73,0.019,14,0.017
1503_0-400m,421;442_400-800m,3,0.009,5,0.002,65,0.008,35,0.008,41,0.01,12,0.015
1503_0-400m,196;24;1508_0-400m,1,0.003,39,0.014,216,0.027,89,0.02,92,0.023,22,0.027
1503_0-400m,196;24;1508_400-800m,1,0.003,16,0.006,42,0.005,18,0.004,25,0.006,19,0.024
1503_0-400m,409;453_0-400m,0,0,7,0.003,23,0.003,13,0.003,21,0.005,7,0.009
1503_0-400m,409;453_400-800m,0,0,3,0.001,18,0.002,16,0.004,20,0.005,5,0.006
1503_0-400m,1503_0-400m,7,0.021,70,0.026,249,0.032,170,0.037,181,0.046,61,0.076
1503_0-400m,1503_400-800m,1,0.003,8,0.003,32,0.004,16,0.004,18,0.005,13,0.016
1503_0-400m,1125;1163;1162_0-400m,1,0.003,3,0.001,3,0,1,0,3,0.001,1,0.001
1503_0-400m,1125;1163;1162_400-800m,0,0,1,0,0,0,0,0,0,0,0,0
1503_0-400m,1134;1153_0-400m,0,0,1,0,2,0,1,0,0,0,0,0
1503_0-400m,1134;1153_400-800m,0,0,1,0,2,0,2,0,1,0,0,0
1503_0-400m,21;28;1612_0-400m,2,0.006,40,0.015,149,0.019,67,0.015,82,0.021,18,0.022
1503_0-400m,21;28;1612_400-800m,3,0.009,26,0.01,136,0.017,87,0.019,110,0.028,28,0.035
1503_0-400m,1131;1158_0-400m,1,0.003,1,0,23,0.003,3,0.001,5,0.001,1,0.001
1503_0-400m,1131;1158_400-800m,1,0.003,1,0,8,0.001,7,0.002,8,0.002,3,0.004
1503_0-400m,1135;1152_0-400m,1,0.003,0,0,7,0.001,8,0.002,9,0.002,3,0.004
1503_0-400m,1135;1152_400-800m,0,0,0,0,2,0,0,0,2,0.001,0,0
1503_0-400m,584;604_0-400m,0,0,8,0.003,12,0.002,15,0.003,9,0.002,2,0.002
1503_0-400m,584;604_400-800m,1,0.003,1,0,8,0.001,6,0.001,8,0.002,1,0.001
1503_0-400m,1139;1149_0-400m,2,0.006,5,0.002,12,0.002,14,0.003,12,0.003,2,0.002
1503_0-400m,1139;1149_400-800m,1,0.003,2,0.001,5,0.001,2,0,0,0,2,0.002
1503_0-400m,1138;1150;1137_0-400m,0,0,7,0.003,9,0.001,13,0.003,11,0.003,4,0.005
1503_0-400m,1138;1150;1137_400-800m,0,0,0,0,1,0,7,0.002,2,0.001,0,0
1503_0-400m,1124;1164_0-400m,0,0,2,0.001,15,0.002,8,0.002,1,0,0,0
1503_0-400m,1124;1164_400-800m,1,0.003,9,0.003,22,0.003,21,0.005,7,0.002,3,0.004
1503_0-400m,343;349_0-400m,1,0.003,14,0.005,30,0.004,18,0.004,21,0.005,5,0.006
1503_0-400m,343;349_400-800m,0,0,3,0.001,8,0.001,3,0.001,5,0.001,4,0.005
1503_0-400m,1136;1151_0-400m,0,0,1,0,12,0.002,5,0.001,5,0.001,3,0.004
1503_0-400m,1136;1151_400-800m,0,0,2,0.001,3,0,7,0.002,4,0.001,3,0.004
1503_0-400m,342;350_0-400m,0,0,11,0.004,42,0.005,21,0.005,31,0.008,10,0.012
1503_0-400m,342;350_400-800m,1,0.003,7,0.003,12,0.002,10,0.002,3,0.001,3,0.004
1503_0-400m,1141;1147_0-400m,0,0,3,0.001,18,0.002,15,0.003,8,0.002,5,0.006
1503_0-400m,1141;1147_400-800m,0,0,0,0,3,0,0,0,2,0.001,0,0
1503_0-400m,1132;1155;1156_0-400m,0,0,2,0.001,8,0.001,2,0,9,0.002,0,0
1503_0-400m,1132;1155;1156_400-800m,0,0,1,0,5,0.001,1,0,8,0.002,2,0.002
1503_0-400m,1133;1154_0-400m,2,0.006,2,0.001,14,0.002,2,0,2,0.001,1,0.001
1503_0-400m,1133;1154_400-800m,0,0,5,0.002,6,0.001,5,0.001,7,0.002,2,0.002
1503_0-400m,1130;1159;1160_0-400m,0,0,9,0.003,21,0.003,12,0.003,12,0.003,1,0.001
1503_0-400m,1130;1159;1160_400-800m,0,0,0,0,0,0,0,0,0,0,0,0
1503_0-400m,345;347_0-400m,0,0,8,0.003,30,0.004,22,0.005,32,0.008,5,0.006
1503_0-400m,345;347_400-800m,6,0.018,24,0.009,108,0.014,64,0.014,68,0.017,19,0.024
1503_0-400m,344;348_0-400m,0,0,14,0.005,35,0.004,18,0.004,11,0.003,3,0.004
1503_0-400m,344;348_400-800m,3,0.009,14,0.005,34,0.004,18,0.004,12,0.003,5,0.006
1503_0-400m,1140;1148_0-400m,0,0,6,0.002,16,0.002,21,0.005,9,0.002,2,0.002
1503_0-400m,1140;1148_400-800m,1,0.003,0,0,15,0.002,4,0.001,6,0.002,4,0.005
1503_0-400m,1127;1161_0-400m,0,0,2,0.001,17,0.002,9,0.002,7,0.002,2,0.002
1503_0-400m,1127;1161_400-800m,0,0,0,0,3,0,1,0,3,0.001,1,0.001
1503_0-400m,1855_0-400m,0,0,1,0,2,0,5,0.001,1,0,0,0
1503_0-400m,1855_400-800m,0,0,6,0.002,0,0,1,0,3,0.001,0,0
1503_0-400m,187;204_0-400m,0,0,7,0.003,13,0.002,8,0.002,9,0.002,11,0.014
1503_0-400m,187;204_400-800m,1,0.003,2,0.001,1,0,0,0,1,0,1,0.001
1503_0-400m,661;674_0-400m,3,0.009,1,0,12,0.002,10,0.002,6,0.002,1,0.001
1503_0-400m,661;674_400-800m,0,0,0,0,0,0,1,0,0,0,2,0.002
1503_0-400m,184;207_0-400m,0,0,6,0.002,13,0.002,5,0.001,11,0.003,2,0.002
1503_0-400m,184;207_400-800m,1,0.003,11,0.004,10,0.001,9,0.002,10,0.003,1,0.001
1503_0-400m,657;678_0-400m,2,0.006,7,0.003,22,0.003,10,0.002,13,0.003,2,0.002
1503_0-400m,657;678_400-800m,0,0,1,0,2,0,0,0,3,0.001,0,0
1503_0-400m,656;679_0-400m,0,0,5,0.002,13,0.002,15,0.003,4,0.001,1,0.001
1503_0-400m,656;679_400-800m,0,0,0,0,3,0,1,0,0,0,0,0
1503_0-400m,1383;1461;1384_0-400m,1,0.003,17,0.006,56,0.007,28,0.006,38,0.01,13,0.016
1503_0-400m,1383;1461;1384_400-800m,1,0.003,8,0.003,36,0.005,17,0.004,24,0.006,1,0.001
1503_0-400m,665;670_0-400m,3,0.009,13,0.005,26,0.003,13,0.003,23,0.006,3,0.004
1503_0-400m,665;670_400-800m,0,0,1,0,3,0,2,0,2,0.001,1,0.001
1503_0-400m,659;676;675_0-400m,1,0.003,10,0.004,21,0.003,8,0.002,10,0.003,2,0.002
1503_0-400m,659;676;675_400-800m,0,0,1,0,6,0.001,5,0.001,7,0.002,2,0.002
1503_0-400m,664;671_0-400m,2,0.006,11,0.004,36,0.005,24,0.005,22,0.006,13,0.016
1503_0-400m,664;671_400-800m,0,0,7,0.003,18,0.002,20,0.004,19,0.005,5,0.006
1503_0-400m,185;206_0-400m,1,0.003,4,0.001,14,0.002,7,0.002,7,0.002,3,0.004
1503_0-400m,185;206_400-800m,1,0.003,1,0,6,0.001,3,0.001,2,0.001,0,0
1503_0-400m,662;673_0-400m,1,0.003,19,0.007,51,0.006,33,0.007,40,0.01,7,0.009
1503_0-400m,662;673_400-800m,1,0.003,12,0.004,35,0.004,18,0.004,18,0.005,6,0.007
1503_0-400m,1385;1459_0-400m,3,0.009,20,0.007,85,0.011,56,0.012,30,0.008,12,0.015
1503_0-400m,1385;1459_400-800m,0,0,15,0.006,3,0,9,0.002,7,0.002,1,0.001
1503_0-400m,658;677_0-400m,0,0,11,0.004,15,0.002,8,0.002,4,0.001,2,0.002
1503_0-400m,658;677_400-800m,0,0,1,0,0,0,0,0,0,0,0,0
1503_0-400m,663;672_0-400m,1,0.003,7,0.003,51,0.006,17,0.004,17,0.004,4,0.005
1503_0-400m,663;672_400-800m,0,0,11,0.004,9,0.001,11,0.002,7,0.002,1,0.001
1503_0-400m,183;209_0-400m,1,0.003,4,0.001,16,0.002,6,0.001,13,0.003,3,0.004
1503_0-400m,183;209_400-800m,0,0,5,0.002,14,0.002,4,0.001,3,0.001,0,0
1503_0-400m,186;205_0-400m,0,0,5,0.002,14,0.002,9,0.002,7,0.002,1,0.001
1503_0-400m,186;205_400-800m,0,0,0,0,1,0,0,0,0,0,0,0
1503_0-400m,188;203_0-400m,2,0.006,15,0.006,16,0.002,16,0.004,17,0.004,8,0.01
1503_0-400m,188;203_400-800m,1,0.003,30,0.011,20,0.003,15,0.003,12,0.003,2,0.002
1503_0-400m,388;823_0-400m,2,0.006,11,0.004,71,0.009,45,0.01,39,0.01,5,0.006
1503_0-400m,388;823_400-800m,0,0,3,0.001,18,0.002,15,0.003,8,0.002,2,0.002
1503_0-400m,1386;95_0-400m,2,0.006,36,0.013,104,0.013,62,0.014,57,0.015,19,0.024
1503_0-400m,1386;95_400-800m,0,0,4,0.001,22,0.003,10,0.002,6,0.002,4,0.005
1503_0-400m,Orange_0-400m,8,0.024,61,0.022,137,0.017,114,0.025,92,0.023,37,0.046
1503_0-400m,Blue_0-400m,1,0.003,10,0.004,32,0.004,30,0.007,28,0.007,4,0.005
1503_0-400m,Green_0-400m,3,0.009,38,0.014,54,0.007,27,0.006,34,0.009,12,0.015
1503_0-400m,Orange_400-800m,3,0.009,15,0.006,62,0.008,69,0.015,35,0.009,15,0.019
1503_0-400m,Blue_400-800m,1,0.003,8,0.003,43,0.005,55,0.012,47,0.012,6,0.007
1503_0-400m,Green_400-800m,0,0,15,0.006,48,0.006,28,0.006,17,0.004,8,0.01
1503_0-400m,External,161,0.49,1605,0.59,4959,0.63,3458,0.76,3056,0.78,922,1.147
1503_400-800m,415;448_0-400m,0,0,0,0,6,0.001,4,0.001,2,0.001,2,0.002
1503_400-800m,415;448_400-800m,1,0.003,2,0.001,1,0,0,0,5,0.001,1,0.001
1503_400-800m,408;455_0-400m,1,0.003,0,0,2,0,0,0,1,0,1,0.001
1503_400-800m,408;455_400-800m,0,0,0,0,0,0,1,0,0,0,1,0.001
1503_400-800m,412;451_0-400m,1,0.003,1,0,3,0,2,0,2,0.001,0,0
1503_400-800m,412;451_400-800m,0,0,1,0,4,0.001,1,0,4,0.001,1,0.001
1503_400-800m,416;447_0-400m,1,0.003,0,0,4,0.001,1,0,3,0.001,0,0
1503_400-800m,416;447_400-800m,0,0,5,0.002,7,0.001,7,0.002,4,0.001,3,0.004
1503_400-800m,410;452_0-400m,0,0,0,0,2,0,1,0,1,0,1,0.001
1503_400-800m,410;452_400-800m,0,0,0,0,2,0,2,0,5,0.001,0,0
1503_400-800m,414;449_0-400m,0,0,0,0,1,0,1,0,3,0.001,1,0.001
1503_400-800m,414;449_400-800m,0,0,0,0,5,0.001,1,0,5,0.001,0,0
1503_400-800m,407;456_0-400m,0,0,0,0,2,0,0,0,1,0,0,0
1503_400-800m,407;456_400-800m,0,0,0,0,3,0,2,0,2,0.001,0,0
1503_400-800m,413;450_0-400m,0,0,0,0,3,0,3,0.001,5,0.001,0,0
1503_400-800m,413;450_400-800m,0,0,2,0.001,3,0,4,0.001,6,0.002,2,0.002
1503_400-800m,419;444;420_0-400m,1,0.003,3,0.001,18,0.002,15,0.003,12,0.003,1,0.001
1503_400-800m,419;444;420_400-800m,0,0,2,0.001,13,0.002,11,0.002,13,0.003,4,0.005
1503_400-800m,417;445_0-400m,0,0,2,0.001,8,0.001,2,0,2,0.001,1,0.001
1503_400-800m,417;445_400-800m,0,0,5,0.002,12,0.002,5,0.001,2,0.001,0,0
1503_400-800m,405;457_0-400m,0,0,1,0,1,0,1,0,2,0.001,0,0
1503_400-800m,405;457_400-800m,0,0,0,0,0,0,0,0,0,0,0,0
1503_400-800m,404;459_0-400m,3,0.009,0,0,1,0,4,0.001,1,0,2,0.002
1503_400-800m,404;459_400-800m,0,0,2,0.001,6,0.001,2,0,1,0,0,0
1503_400-800m,421;442_0-400m,1,0.003,9,0.003,45,0.006,27,0.006,21,0.005,5,0.006
1503_400-800m,421;442_400-800m,0,0,7,0.003,29,0.004,7,0.002,13,0.003,4,0.005
1503_400-800m,196;24;1508_0-400m,1,0.003,2,0.001,17,0.002,12,0.003,16,0.004,5,0.006
1503_400-800m,196;24;1508_400-800m,0,0,0,0,7,0.001,1,0,4,0.001,2,0.002
1503_400-800m,409;453_0-400m,0,0,0,0,4,0.001,4,0.001,1,0,5,0.006
1503_400-800m,409;453_400-800m,0,0,1,0,2,0,0,0,1,0,1,0.001
1503_400-800m,1503_0-400m,1,0.003,0,0,25,0.003,16,0.004,16,0.004,6,0.007
1503_400-800m,1503_400-800m,1,0.003,5,0.002,13,0.002,5,0.001,7,0.002,6,0.007
1503_400-800m,1125;1163;1162_0-400m,0,0,0,0,1,0,0,0,0,0,0,0
1503_400-800m,1125;1163;1162_400-800m,0,0,0,0,0,0,0,0,0,0,0,0
1503_400-800m,1134;1153_0-400m,0,0,0,0,1,0,0,0,0,0,0,0
1503_400-800m,1134;1153_400-800m,0,0,0,0,1,0,2,0,0,0,0,0
1503_400-800m,21;28;1612_0-400m,0,0,1,0,14,0.002,11,0.002,11,0.003,5,0.006
1503_400-800m,21;28;1612_400-800m,0,0,1,0,12,0.002,18,0.004,13,0.003,10,0.012
1503_400-800m,1131;1158_0-400m,1,0.003,0,0,2,0,0,0,1,0,1,0.001
1503_400-800m,1131;1158_400-800m,0,0,0,0,0,0,1,0,0,0,1,0.001
1503_400-800m,1135;1152_0-400m,0,0,0,0,2,0,2,0,2,0.001,0,0
1503_400-800m,1135;1152_400-800m,0,0,0,0,0,0,0,0,0,0,0,0
1503_400-800m,584;604_0-400m,0,0,0,0,3,0,2,0,5,0.001,0,0
1503_400-800m,584;604_400-800m,0,0,0,0,5,0.001,4,0.001,3,0.001,0,0
1503_400-800m,1139;1149_0-400m,0,0,0,0,6,0.001,4,0.001,6,0.002,1,0.001
1503_400-800m,1139;1149_400-800m,0,0,0,0,0,0,0,0,1,0,0,0
1503_400-800m,1138;1150;1137_0-400m,0,0,0,0,5,0.001,1,0,7,0.002,0,0
1503_400-800m,1138;1150;1137_400-800m,0,0,0,0,0,0,0,0,0,0,0,0
1503_400-800m,1124;1164_0-400m,0,0,1,0,2,0,0,0,2,0.001,0,0
1503_400-800m,1124;1164_400-800m,0,0,0,0,4,0.001,2,0,5,0.001,0,0
1503_400-800m,343;349_0-400m,0,0,0,0,5,0.001,3,0.001,3,0.001,0,0
1503_400-800m,343;349_400-800m,0,0,0,0,2,0,4,0.001,1,0,0,0
1503_400-800m,1136;1151_0-400m,0,0,0,0,1,0,0,0,0,0,1,0.001
1503_400-800m,1136;1151_400-800m,0,0,0,0,1,0,2,0,1,0,1,0.001
1503_400-800m,342;350_0-400m,0,0,0,0,3,0,1,0,4,0.001,3,0.004
1503_400-800m,342;350_400-800m,0,0,1,0,1,0,0,0,0,0,0,0
1503_400-800m,1141;1147_0-400m,0,0,0,0,4,0.001,1,0,2,0.001,0,0
1503_400-800m,1141;1147_400-800m,0,0,0,0,0,0,0,0,0,0,1,0.001
1503_400-800m,1132;1155;1156_0-400m,0,0,2,0.001,0,0,1,0,0,0,0,0
1503_400-800m,1132;1155;1156_400-800m,0,0,0,0,1,0,1,0,0,0,0,0
1503_400-800m,1133;1154_0-400m,0,0,0,0,1,0,1,0,0,0,0,0
1503_400-800m,1133;1154_400-800m,0,0,1,0,0,0,2,0,2,0.001,0,0
1503_400-800m,1130;1159;1160_0-400m,2,0.006,3,0.001,3,0,1,0,2,0.001,0,0
1503_400-800m,1130;1159;1160_400-800m,0,0,0,0,0,0,0,0,0,0,0,0
1503_400-800m,345;347_0-400m,0,0,1,0,10,0.001,4,0.001,8,0.002,0,0
1503_400-800m,345;347_400-800m,1,0.003,9,0.003,28,0.004,27,0.006,29,0.007,6,0.007
1503_400-800m,344;348_0-400m,0,0,0,0,8,0.001,0,0,2,0.001,0,0
1503_400-800m,344;348_400-800m,0,0,2,0.001,7,0.001,6,0.001,9,0.002,1,0.001
1503_400-800m,1140;1148_0-400m,0,0,0,0,4,0.001,2,0,1,0,1,0.001
1503_400-800m,1140;1148_400-800m,1,0.003,0,0,1,0,2,0,2,0.001,1,0.001
1503_400-800m,1127;1161_0-400m,0,0,0,0,1,0,3,0.001,1,0,0,0
1503_400-800m,1127;1161_400-800m,0,0,0,0,1,0,0,0,0,0,0,0
1503_400-800m,1855_0-400m,0,0,0,0,0,0,1,0,0,0,0,0
1503_400-800m,1855_400-800m,0,0,0,0,0,0,1,0,0,0,0,0
1503_400-800m,187;204_0-400m,0,0,1,0,0,0,2,0,1,0,1,0.001
1503_400-800m,187;204_400-800m,0,0,0,0,0,0,0,0,0,0,0,0
1503_400-800m,661;674_0-400m,0,0,0,0,1,0,2,0,4,0.001,1,0.001
1503_400-800m,661;674_400-800m,0,0,0,0,2,0,0,0,1,0,0,0
1503_400-800m,184;207_0-400m,0,0,0,0,0,0,0,0,1,0,0,0
1503_400-800m,184;207_400-800m,0,0,1,0,4,0.001,4,0.001,3,0.001,0,0
1503_400-800m,657;678_0-400m,0,0,0,0,1,0,2,0,1,0,2,0.002
1503_400-800m,657;678_400-800m,0,0,0,0,0,0,1,0,0,0,0,0
1503_400-800m,656;679_0-400m,0,0,0,0,5,0.001,1,0,2,0.001,1,0.001
1503_400-800m,656;679_400-800m,0,0,0,0,0,0,0,0,0,0,0,0
1503_400-800m,1383;1461;1384_0-400m,0,0,0,0,6,0.001,2,0,5,0.001,3,0.004
1503_400-800m,1383;1461;1384_400-800m,0,0,0,0,6,0.001,3,0.001,2,0.001,1,0.001
1503_400-800m,665;670_0-400m,0,0,1,0,0,0,1,0,1,0,2,0.002
1503_400-800m,665;670_400-800m,0,0,0,0,2,0,0,0,2,0.001,0,0
1503_400-800m,659;676;675_0-400m,0,0,0,0,4,0.001,0,0,0,0,1,0.001
1503_400-800m,659;676;675_400-800m,0,0,0,0,1,0,1,0,1,0,0,0
1503_400-800m,664;671_0-400m,0,0,0,0,1,0,2,0,3,0.001,1,0.001
1503_400-800m,664;671_400-800m,0,0,2,0.001,4,0.001,1,0,2,0.001,0,0
1503_400-800m,185;206_0-400m,1,0.003,0,0,0,0,0,0,0,0,1,0.001
1503_400-800m,185;206_400-800m,0,0,0,0,0,0,0,0,0,0,0,0
1503_400-800m,662;673_0-400m,0,0,0,0,3,0,1,0,3,0.001,0,0
1503_400-800m,662;673_400-800m,2,0.006,2,0.001,2,0,7,0.002,2,0.001,1,0.001
1503_400-800m,1385;1459_0-400m,0,0,1,0,10,0.001,3,0.001,3,0.001,2,0.002
1503_400-800m,1385;1459_400-800m,0,0,0,0,0,0,0,0,0,0,1,0.001
1503_400-800m,658;677_0-400m,0,0,0,0,0,0,1,0,0,0,1,0.001
1503_400-800m,658;677_400-800m,0,0,0,0,0,0,0,0,0,0,0,0
1503_400-800m,663;672_0-400m,0,0,0,0,6,0.001,2,0,2,0.001,1,0.001
1503_400-800m,663;672_400-800m,0,0,0,0,2,0,3,0.001,0,0,0,0
1503_400-800m,183;209_0-400m,0,0,3,0.001,3,0,0,0,2,0.001,2,0.002
1503_400-800m,183;209_400-800m,0,0,0,0,0,0,0,0,1,0,0,0
1503_400-800m,186;205_0-400m,0,0,0,0,2,0,1,0,1,0,1,0.001
1503_400-800m,186;205_400-800m,0,0,0,0,0,0,0,0,0,0,0,0
1503_400-800m,188;203_0-400m,0,0,1,0,2,0,2,0,2,0.001,0,0
1503_400-800m,188;203_400-800m,0,0,1,0,1,0,3,0.001,2,0.001,1,0.001
1503_400-800m,388;823_0-400m,0,0,1,0,9,0.001,6,0.001,4,0.001,1,0.001
1503_400-800m,388;823_400-800m,0,0,0,0,2,0,0,0,0,0,1,0.001
1503_400-800m,1386;95_0-400m,1,0.003,2,0.001,9,0.001,3,0.001,5,0.001,4,0.005
1503_400-800m,1386;95_400-800m,0,0,0,0,0,0,1,0,6,0.002,0,0
1503_400-800m,Orange_0-400m,0,0,4,0.001,20,0.003,18,0.004,9,0.002,7,0.009
1503_400-800m,Blue_0-400m,0,0,0,0,7,0.001,6,0.001,4,0.001,2,0.002
1503_400-800m,Green_0-400m,0,0,2,0.001,5,0.001,5,0.001,4,0.001,2,0.002
1503_400-800m,Orange_400-800m,0,0,1,0,7,0.001,3,0.001,8,0.002,5,0.006
1503_400-800m,Blue_400-800m,0,0,2,0.001,6,0.001,6,0.001,3,0.001,1,0.001
1503_400-800m,Green_400-800m,0,0,0,0,8,0.001,1,0,0,0,0,0
1503_400-800m,External,16,0.049,182,0.067,698,0.089,488,0.107,412,0.105,156,0.194
1125;1163;1162_0-400m,415;448_0-400m,0,0,0,0,2,0,1,0,1,0,1,0.001
1125;1163;1162_0-400m,415;448_400-800m,0,0,0,0,0,0,0,0,0,0,0,0
1125;1163;1162_0-400m,408;455_0-400m,0,0,0,0,0,0,0,0,1,0,0,0
1125;1163;1162_0-400m,408;455_400-800m,0,0,0,0,0,0,1,0,0,0,0,0
1125;1163;1162_0-400m,412;451_0-400m,0,0,0,0,1,0,0,0,0,0,0,0
1125;1163;1162_0-400m,412;451_400-800m,0,0,1,0,0,0,0,0,2,0.001,0,0
1125;1163;1162_0-400m,416;447_0-400m,0,0,0,0,1,0,1,0,1,0,0,0
1125;1163;1162_0-400m,416;447_400-800m,0,0,0,0,1,0,2,0,1,0,0,0
1125;1163;1162_0-400m,410;452_0-400m,0,0,0,0,2,0,1,0,1,0,1,0.001
1125;1163;1162_0-400m,410;452_400-800m,0,0,0,0,1,0,1,0,0,0,1,0.001
1125;1163;1162_0-400m,414;449_0-400m,0,0,0,0,2,0,0,0,0,0,0,0
1125;1163;1162_0-400m,414;449_400-800m,0,0,0,0,1,0,0,0,0,0,0,0
1125;1163;1162_0-400m,407;456_0-400m,0,0,0,0,2,0,0,0,0,0,0,0
1125;1163;1162_0-400m,407;456_400-800m,0,0,0,0,0,0,0,0,2,0.001,0,0
1125;1163;1162_0-400m,413;450_0-400m,0,0,0,0,3,0,0,0,0,0,3,0.004
1125;1163;1162_0-400m,413;450_400-800m,0,0,0,0,0,0,0,0,0,0,0,0
1125;1163;1162_0-400m,419;444;420_0-400m,1,0.003,3,0.001,1,0,1,0,2,0.001,0,0
1125;1163;1162_0-400m,419;444;420_400-800m,0,0,1,0,2,0,0,0,2,0.001,0,0
1125;1163;1162_0-400m,417;445_0-400m,0,0,1,0,0,0,0,0,1,0,0,0
1125;1163;1162_0-400m,417;445_400-800m,0,0,0,0,1,0,2,0,4,0.001,0,0
1125;1163;1162_0-400m,405;457_0-400m,0,0,1,0,3,0,0,0,1,0,0,0
1125;1163;1162_0-400m,405;457_400-800m,0,0,0,0,0,0,0,0,0,0,0,0
1125;1163;1162_0-400m,404;459_0-400m,0,0,0,0,3,0,1,0,2,0.001,0,0
1125;1163;1162_0-400m,404;459_400-800m,0,0,0,0,2,0,1,0,3,0.001,0,0
1125;1163;1162_0-400m,421;442_0-400m,0,0,7,0.003,11,0.001,2,0,3,0.001,1,0.001
1125;1163;1162_0-400m,421;442_400-800m,0,0,1,0,3,0,0,0,1,0,0,0
1125;1163;1162_0-400m,196;24;1508_0-400m,1,0.003,1,0,12,0.002,2,0,4,0.001,0,0
1125;1163;1162_0-400m,196;24;1508_400-800m,1,0.003,1,0,1,0,0,0,1,0,0,0
1125;1163;1162_0-400m,409;453_0-400m,0,0,1,0,1,0,0,0,0,0,0,0
1125;1163;1162_0-400m,409;453_400-800m,0,0,0,0,2,0,0,0,2,0.001,0,0
1125;1163;1162_0-400m,1503_0-400m,0,0,0,0,15,0.002,4,0.001,7,0.002,1,0.001
1125;1163;1162_0-400m,1503_400-800m,0,0,0,0,0,0,1,0,0,0,0,0
1125;1163;1162_0-400m,1125;1163;1162_0-400m,1,0.003,20,0.007,74,0.009,31,0.007,20,0.005,3,0.004
1125;1163;1162_0-400m,1125;1163;1162_400-800m,0,0,0,0,1,0,1,0,1,0,0,0
1125;1163;1162_0-400m,1134;1153_0-400m,0,0,0,0,4,0.001,6,0.001,3,0.001,0,0
1125;1163;1162_0-400m,1134;1153_400-800m,0,0,1,0,3,0,4,0.001,1,0,1,0.001
1125;1163;1162_0-400m,21;28;1612_0-400m,1,0.003,1,0,10,0.001,2,0,3,0.001,2,0.002
1125;1163;1162_0-400m,21;28;1612_400-800m,0,0,0,0,9,0.001,2,0,6,0.002,0,0
1125;1163;1162_0-400m,1131;1158_0-400m,0,0,2,0.001,7,0.001,5,0.001,6,0.002,2,0.002
1125;1163;1162_0-400m,1131;1158_400-800m,0,0,2,0.001,7,0.001,2,0,3,0.001,1,0.001
1125;1163;1162_0-400m,1135;1152_0-400m,1,0.003,5,0.002,13,0.002,8,0.002,5,0.001,3,0.004
1125;1163;1162_0-400m,1135;1152_400-800m,0,0,1,0,4,0.001,0,0,2,0.001,0,0
1125;1163;1162_0-400m,584;604_0-400m,0,0,1,0,5,0.001,4,0.001,4,0.001,1,0.001
1125;1163;1162_0-400m,584;604_400-800m,0,0,2,0.001,11,0.001,6,0.001,5,0.001,1,0.001
1125;1163;1162_0-400m,1139;1149_0-400m,0,0,6,0.002,6,0.001,5,0.001,2,0.001,3,0.004
1125;1163;1162_0-400m,1139;1149_400-800m,0,0,0,0,0,0,0,0,0,0,0,0
1125;1163;1162_0-400m,1138;1150;1137_0-400m,0,0,6,0.002,18,0.002,17,0.004,7,0.002,3,0.004
1125;1163;1162_0-400m,1138;1150;1137_400-800m,0,0,0,0,0,0,0,0,0,0,0,0
1125;1163;1162_0-400m,1124;1164_0-400m,1,0.003,15,0.006,34,0.004,20,0.004,12,0.003,2,0.002
1125;1163;1162_0-400m,1124;1164_400-800m,0,0,7,0.003,51,0.006,26,0.006,23,0.006,6,0.007
1125;1163;1162_0-400m,343;349_0-400m,0,0,2,0.001,4,0.001,2,0,1,0,2,0.002
1125;1163;1162_0-400m,343;349_400-800m,0,0,0,0,1,0,0,0,1,0,0,0
1125;1163;1162_0-400m,1136;1151_0-400m,0,0,1,0,10,0.001,5,0.001,7,0.002,3,0.004
1125;1163;1162_0-400m,1136;1151_400-800m,0,0,0,0,3,0,1,0,0,0,1,0.001
1125;1163;1162_0-400m,342;350_0-400m,0,0,3,0.001,3,0,4,0.001,4,0.001,1,0.001
1125;1163;1162_0-400m,342;350_400-800m,0,0,0,0,3,0,4,0.001,1,0,0,0
1125;1163;1162_0-400m,1141;1147_0-400m,0,0,1,0,6,0.001,2,0,1,0,1,0.001
1125;1163;1162_0-400m,1141;1147_400-800m,0,0,0,0,0,0,1,0,0,0,0,0
1125;1163;1162_0-400m,1132;1155;1156_0-400m,0,0,1,0,9,0.001,8,0.002,6,0.002,2,0.002
1125;1163;1162_0-400m,1132;1155;1156_400-800m,0,0,1,0,1,0,1,0,5,0.001,0,0
1125;1163;1162_0-400m,1133;1154_0-400m,0,0,1,0,2,0,6,0.001,7,0.002,1,0.001
1125;1163;1162_0-400m,1133;1154_400-800m,0,0,0,0,6,0.001,2,0,1,0,0,0
1125;1163;1162_0-400m,1130;1159;1160_0-400m,7,0.021,6,0.002,17,0.002,10,0.002,12,0.003,0,0
1125;1163;1162_0-400m,1130;1159;1160_400-800m,0,0,0,0,1,0,1,0,1,0,0,0
1125;1163;1162_0-400m,345;347_0-400m,0,0,2,0.001,2,0,2,0,2,0.001,1,0.001
1125;1163;1162_0-400m,345;347_400-800m,0,0,1,0,9,0.001,2,0,7,0.002,0,0
1125;1163;1162_0-400m,344;348_0-400m,1,0.003,0,0,2,0,1,0,0,0,2,0.002
1125;1163;1162_0-400m,344;348_400-800m,0,0,1,0,5,0.001,1,0,5,0.001,0,0
1125;1163;1162_0-400m,1140;1148_0-400m,0,0,1,0,2,0,4,0.001,2,0.001,5,0.006
1125;1163;1162_0-400m,1140;1148_400-800m,0,0,0,0,4,0.001,2,0,1,0,0,0
1125;1163;1162_0-400m,1127;1161_0-400m,2,0.006,16,0.006,70,0.009,27,0.006,20,0.005,3,0.004
1125;1163;1162_0-400m,1127;1161_400-800m,0,0,1,0,2,0,0,0,0,0,0,0
1125;1163;1162_0-400m,1855_0-400m,1,0.003,3,0.001,8,0.001,7,0.002,5,0.001,0,0
1125;1163;1162_0-400m,1855_400-800m,0,0,4,0.001,3,0,0,0,1,0,0,0
1125;1163;1162_0-400m,187;204_0-400m,0,0,1,0,0,0,0,0,0,0,0,0
1125;1163;1162_0-400m,187;204_400-800m,0,0,0,0,0,0,0,0,0,0,1,0.001
1125;1163;1162_0-400m,661;674_0-400m,0,0,0,0,0,0,0,0,0,0,0,0
1125;1163;1162_0-400m,661;674_400-800m,0,0,0,0,0,0,0,0,0,0,0,0
1125;1163;1162_0-400m,184;207_0-400m,0,0,2,0.001,1,0,0,0,2,0.001,0,0
1125;1163;1162_0-400m,184;207_400-800m,0,0,1,0,0,0,0,0,2,0.001,0,0
1125;1163;1162_0-400m,657;678_0-400m,0,0,1,0,1,0,0,0,1,0,0,0
1125;1163;1162_0-400m,657;678_400-800m,0,0,0,0,1,0,0,0,0,0,0,0
1125;1163;1162_0-400m,656;679_0-400m,0,0,2,0.001,0,0,1,0,0,0,0,0
1125;1163;1162_0-400m,656;679_400-800m,0,0,0,0,0,0,0,0,0,0,0,0
1125;1163;1162_0-400m,1383;1461;1384_0-400m,0,0,1,0,0,0,0,0,0,0,1,0.001
1125;1163;1162_0-400m,1383;1461;1384_400-800m,0,0,0,0,1,0,2,0,2,0.001,0,0
1125;1163;1162_0-400m,665;670_0-400m,0,0,0,0,1,0,0,0,0,0,0,0
1125;1163;1162_0-400m,665;670_400-800m,0,0,0,0,1,0,0,0,3,0.001,0,0
1125;1163;1162_0-400m,659;676;675_0-400m,0,0,0,0,2,0,0,0,0,0,0,0
1125;1163;1162_0-400m,659;676;675_400-800m,0,0,0,0,1,0,3,0.001,0,0,0,0
1125;1163;1162_0-400m,664;671_0-400m,0,0,0,0,1,0,2,0,1,0,0,0
1125;1163;1162_0-400m,664;671_400-800m,0,0,1,0,1,0,3,0.001,1,0,0,0
1125;1163;1162_0-400m,185;206_0-400m,0,0,0,0,2,0,1,0,1,0,0,0
1125;1163;1162_0-400m,185;206_400-800m,0,0,0,0,0,0,0,0,1,0,0,0
1125;1163;1162_0-400m,662;673_0-400m,1,0.003,0,0,3,0,1,0,0,0,1,0.001
1125;1163;1162_0-400m,662;673_400-800m,0,0,1,0,2,0,1,0,1,0,0,0
1125;1163;1162_0-400m,1385;1459_0-400m,0,0,2,0.001,2,0,1,0,1,0,0,0
1125;1163;1162_0-400m,1385;1459_400-800m,1,0.003,1,0,1,0,0,0,0,0,0,0
1125;1163;1162_0-400m,658;677_0-400m,0,0,0,0,1,0,0,0,0,0,0,0
1125;1163;1162_0-400m,658;677_400-800m,0,0,1,0,0,0,0,0,0,0,0,0
1125;1163;1162_0-400m,663;672_0-400m,0,0,0,0,3,0,0,0,0,0,1,0.001
1125;1163;1162_0-400m,663;672_400-800m,0,0,0,0,2,0,0,0,0,0,0,0
1125;1163;1162_0-400m,183;209_0-400m,0,0,0,0,4,0.001,0,0,0,0,1,0.001
1125;1163;1162_0-400m,183;209_400-800m,0,0,0,0,0,0,0,0,0,0,0,0
1125;1163;1162_0-400m,186;205_0-400m,0,0,0,0,0,0,0,0,0,0,0,0
1125;1163;1162_0-400m,186;205_400-800m,0,0,0,0,1,0,0,0,0,0,0,0
1125;1163;1162_0-400m,188;203_0-400m,0,0,2,0.001,1,0,2,0,0,0,0,0
1125;1163;1162_0-400m,188;203_400-800m,0,0,0,0,1,0,1,0,1,0,1,0.001
1125;1163;1162_0-400m,388;823_0-400m,0,0,3,0.001,6,0.001,3,0.001,4,0.001,0,0
1125;1163;1162_0-400m,388;823_400-800m,0,0,0,0,1,0,1,0,0,0,0,0
1125;1163;1162_0-400m,1386;95_0-400m,0,0,4,0.001,6,0.001,4,0.001,0,0,0,0
1125;1163;1162_0-400m,1386;95_400-800m,0,0,0,0,2,0,0,0,1,0,0,0
1125;1163;1162_0-400m,Orange_0-400m,1,0.003,16,0.006,26,0.003,5,0.001,6,0.002,3,0.004
1125;1163;1162_0-400m,Blue_0-400m,1,0.003,13,0.005,48,0.006,19,0.004,16,0.004,5,0.006
1125;1163;1162_0-400m,Green_0-400m,0,0,3,0.001,11,0.001,4,0.001,3,0.001,0,0
1125;1163;1162_0-400m,Orange_400-800m,1,0.003,6,0.002,10,0.001,2,0,1,0,0,0
1125;1163;1162_0-400m,Blue_400-800m,2,0.006,8,0.003,68,0.009,17,0.004,11,0.003,3,0.004
1125;1163;1162_0-400m,Green_400-800m,0,0,0,0,3,0,4,0.001,6,0.002,1,0.001
1125;1163;1162_0-400m,External,59,0.18,543,0.2,1016,0.129,449,0.099,369,0.094,112,0.139
1125;1163;1162_400-800m,415;448_0-400m,0,0,0,0,0,0,0,0,0,0,0,0
1125;1163;1162_400-800m,415;448_400-800m,0,0,0,0,0,0,0,0,0,0,0,0
1125;1163;1162_400-800m,408;455_0-400m,0,0,0,0,0,0,0,0,0,0,0,0
1125;1163;1162_400-800m,408;455_400-800m,0,0,0,0,0,0,0,0,0,0,0,0
1125;1163;1162_400-800m,412;451_0-400m,0,0,0,0,0,0,0,0,0,0,0,0
1125;1163;1162_400-800m,412;451_400-800m,0,0,0,0,0,0,0,0,0,0,0,0
1125;1163;1162_400-800m,416;447_0-400m,0,0,0,0,0,0,0,0,0,0,0,0
1125;1163;1162_400-800m,416;447_400-800m,0,0,0,0,0,0,0,0,0,0,0,0
1125;1163;1162_400-800m,410;452_0-400m,0,0,0,0,0,0,0,0,1,0,0,0
1125;1163;1162_400-800m,410;452_400-800m,0,0,0,0,0,0,0,0,0,0,0,0
1125;1163;1162_400-800m,414;449_0-400m,0,0,0,0,0,0,0,0,0,0,0,0
1125;1163;1162_400-800m,414;449_400-800m,0,0,0,0,0,0,0,0,0,0,0,0
1125;1163;1162_400-800m,407;456_0-400m,0,0,0,0,0,0,0,0,0,0,0,0
1125;1163;1162_400-800m,407;456_400-800m,0,0,0,0,0,0,0,0,1,0,0,0
1125;1163;1162_400-800m,413;450_0-400m,0,0,0,0,0,0,0,0,0,0,0,0
1125;1163;1162_400-800m,413;450_400-800m,0,0,0,0,1,0,0,0,0,0,0,0
1125;1163;1162_400-800m,419;444;420_0-400m,0,0,1,0,1,0,0,0,0,0,0,0
1125;1163;1162_400-800m,419;444;420_400-800m,0,0,0,0,0,0,0,0,0,0,0,0
1125;1163;1162_400-800m,417;445_0-400m,0,0,0,0,0,0,0,0,0,0,0,0
1125;1163;1162_400-800m,417;445_400-800m,0,0,0,0,0,0,0,0,0,0,1,0.001
1125;1163;1162_400-800m,405;457_0-400m,0,0,0,0,1,0,0,0,0,0,0,0
1125;1163;1162_400-800m,405;457_400-800m,0,0,0,0,0,0,0,0,0,0,0,0
1125;1163;1162_400-800m,404;459_0-400m,0,0,0,0,0,0,0,0,0,0,0,0
1125;1163;1162_400-800m,404;459_400-800m,0,0,0,0,1,0,0,0,0,0,0,0
1125;1163;1162_400-800m,421;442_0-400m,0,0,4,0.001,1,0,0,0,0,0,0,0
1125;1163;1162_400-800m,421;442_400-800m,0,0,0,0,0,0,0,0,0,0,0,0
1125;1163;1162_400-800m,196;24;1508_0-400m,0,0,0,0,2,0,0,0,0,0,0,0
1125;1163;1162_400-800m,196;24;1508_400-800m,0,0,0,0,0,0,0,0,0,0,0,0
1125;1163;1162_400-800m,409;453_0-400m,0,0,0,0,0,0,0,0,0,0,0,0
1125;1163;1162_400-800m,409;453_400-800m,0,0,0,0,0,0,1,0,0,0,0,0
1125;1163;1162_400-800m,1503_0-400m,0,0,0,0,0,0,0,0,2,0.001,0,0
1125;1163;1162_400-800m,1503_400-800m,0,0,0,0,0,0,1,0,0,0,0,0
1125;1163;1162_400-800m,1125;1163;1162_0-400m,0,0,0,0,2,0,0,0,3,0.001,0,0
1125;1163;1162_400-800m,1125;1163;1162_400-800m,0,0,1,0,1,0,1,0,3,0.001,1,0.001
1125;1163;1162_400-800m,1134;1153_0-400m,0,0,0,0,2,0,0,0,0,0,0,0
1125;1163;1162_400-800m,1134;1153_400-800m,0,0,0,0,0,0,0,0,1,0,0,0
1125;1163;1162_400-800m,21;28;1612_0-400m,0,0,0,0,2,0,1,0,1,0,0,0
1125;1163;1162_400-800m,21;28;1612_400-800m,0,0,0,0,0,0,0,0,2,0.001,0,0
1125;1163;1162_400-800m,1131;1158_0-400m,0,0,0,0,1,0,0,0,2,0.001,0,0
1125;1163;1162_400-800m,1131;1158_400-800m,0,0,0,0,0,0,1,0,0,0,0,0
1125;1163;1162_400-800m,1135;1152_0-400m,0,0,0,0,1,0,0,0,2,0.001,0,0
1125;1163;1162_400-800m,1135;1152_400-800m,0,0,1,0,0,0,0,0,0,0,0,0
1125;1163;1162_400-800m,584;604_0-400m,0,0,0,0,0,0,0,0,1,0,0,0
1125;1163;1162_400-800m,584;604_400-800m,0,0,0,0,2,0,0,0,0,0,0,0
1125;1163;1162_400-800m,1139;1149_0-400m,0,0,0,0,1,0,0,0,0,0,0,0
1125;1163;1162_400-800m,1139;1149_400-800m,0,0,0,0,0,0,0,0,0,0,0,0
1125;1163;1162_400-800m,1138;1150;1137_0-400m,0,0,0,0,0,0,0,0,0,0,0,0
1125;1163;1162_400-800m,1138;1150;1137_400-800m,0,0,0,0,0,0,0,0,0,0,0,0
1125;1163;1162_400-800m,1124;1164_0-400m,0,0,1,0,3,0,3,0.001,4,0.001,0,0
1125;1163;1162_400-800m,1124;1164_400-800m,0,0,2,0.001,8,0.001,3,0.001,5,0.001,1,0.001
1125;1163;1162_400-800m,343;349_0-400m,0,0,0,0,0,0,0,0,0,0,0,0
1125;1163;1162_400-800m,343;349_400-800m,0,0,0,0,0,0,0,0,0,0,0,0
1125;1163;1162_400-800m,1136;1151_0-400m,0,0,0,0,1,0,1,0,1,0,0,0
1125;1163;1162_400-800m,1136;1151_400-800m,0,0,0,0,0,0,0,0,0,0,0,0
1125;1163;1162_400-800m,342;350_0-400m,0,0,0,0,1,0,0,0,0,0,0,0
1125;1163;1162_400-800m,342;350_400-800m,0,0,0,0,0,0,0,0,0,0,0,0
1125;1163;1162_400-800m,1141;1147_0-400m,0,0,0,0,0,0,2,0,0,0,0,0
1125;1163;1162_400-800m,1141;1147_400-800m,0,0,0,0,0,0,0,0,0,0,0,0
1125;1163;1162_400-800m,1132;1155;1156_0-400m,0,0,0,0,0,0,2,0,2,0.001,0,0
1125;1163;1162_400-800m,1132;1155;1156_400-800m,0,0,0,0,0,0,0,0,1,0,0,0
1125;1163;1162_400-800m,1133;1154_0-400m,0,0,0,0,0,0,0,0,1,0,0,0
1125;1163;1162_400-800m,1133;1154_400-800m,0,0,0,0,0,0,0,0,1,0,0,0
1125;1163;1162_400-800m,1130;1159;1160_0-400m,0,0,2,0.001,3,0,1,0,2,0.001,0,0
1125;1163;1162_400-800m,1130;1159;1160_400-800m,0,0,0,0,0,0,0,0,0,0,0,0
1125;1163;1162_400-800m,345;347_0-400m,0,0,0,0,0,0,0,0,0,0,0,0
1125;1163;1162_400-800m,345;347_400-800m,0,0,0,0,0,0,0,0,1,0,0,0
1125;1163;1162_400-800m,344;348_0-400m,0,0,0,0,2,0,0,0,0,0,0,0
1125;1163;1162_400-800m,344;348_400-800m,0,0,0,0,0,0,0,0,0,0,0,0
1125;1163;1162_400-800m,1140;1148_0-400m,0,0,0,0,0,0,1,0,0,0,0,0
1125;1163;1162_400-800m,1140;1148_400-800m,0,0,0,0,1,0,1,0,0,0,0,0
1125;1163;1162_400-800m,1127;1161_0-400m,0,0,0,0,4,0.001,1,0,1,0,0,0
1125;1163;1162_400-800m,1127;1161_400-800m,0,0,0,0,0,0,0,0,0,0,1,0.001
1125;1163;1162_400-800m,1855_0-400m,0,0,0,0,0,0,0,0,2,0.001,0,0
1125;1163;1162_400-800m,1855_400-800m,0,0,0,0,1,0,0,0,1,0,0,0
1125;1163;1162_400-800m,187;204_0-400m,0,0,0,0,0,0,1,0,0,0,0,0
1125;1163;1162_400-800m,187;204_400-800m,0,0,0,0,1,0,0,0,0,0,0,0
1125;1163;1162_400-800m,661;674_0-400m,0,0,0,0,0,0,0,0,0,0,0,0
1125;1163;1162_400-800m,661;674_400-800m,0,0,0,0,0,0,0,0,0,0,0,0
1125;1163;1162_400-800m,184;207_0-400m,0,0,0,0,0,0,0,0,0,0,0,0
1125;1163;1162_400-800m,184;207_400-800m,0,0,0,0,0,0,0,0,0,0,0,0
1125;1163;1162_400-800m,657;678_0-400m,0,0,0,0,0,0,0,0,1,0,0,0
1125;1163;1162_400-800m,657;678_400-800m,0,0,0,0,0,0,0,0,0,0,0,0
1125;1163;1162_400-800m,656;679_0-400m,0,0,0,0,0,0,0,0,0,0,0,0
1125;1163;1162_400-800m,656;679_400-800m,0,0,0,0,0,0,0,0,0,0,0,0
1125;1163;1162_400-800m,1383;1461;1384_0-400m,0,0,0,0,0,0,0,0,0,0,0,0
1125;1163;1162_400-800m,1383;1461;1384_400-800m,0,0,0,0,0,0,0,0,0,0,0,0
1125;1163;1162_400-800m,665;670_0-400m,0,0,0,0,0,0,0,0,0,0,0,0
1125;1163;1162_400-800m,665;670_400-800m,0,0,0,0,0,0,0,0,0,0,0,0
1125;1163;1162_400-800m,659;676;675_0-400m,0,0,0,0,0,0,0,0,1,0,0,0
1125;1163;1162_400-800m,659;676;675_400-800m,0,0,0,0,0,0,0,0,0,0,0,0
1125;1163;1162_400-800m,664;671_0-400m,0,0,0,0,0,0,0,0,0,0,0,0
1125;1163;1162_400-800m,664;671_400-800m,0,0,0,0,0,0,0,0,0,0,0,0
1125;1163;1162_400-800m,185;206_0-400m,0,0,0,0,0,0,0,0,0,0,0,0
1125;1163;1162_400-800m,185;206_400-800m,0,0,0,0,0,0,0,0,0,0,0,0
1125;1163;1162_400-800m,662;673_0-400m,0,0,0,0,0,0,0,0,0,0,0,0
1125;1163;1162_400-800m,662;673_400-800m,0,0,0,0,0,0,1,0,2,0.001,0,0
1125;1163;1162_400-800m,1385;1459_0-400m,0,0,1,0,1,0,1,0,0,0,0,0
1125;1163;1162_400-800m,1385;1459_400-800m,0,0,0,0,0,0,0,0,0,0,0,0
1125;1163;1162_400-800m,658;677_0-400m,0,0,1,0,0,0,0,0,0,0,0,0
1125;1163;1162_400-800m,658;677_400-800m,0,0,0,0,0,0,0,0,0,0,0,0
1125;1163;1162_400-800m,663;672_0-400m,0,0,0,0,1,0,0,0,0,0,0,0
1125;1163;1162_400-800m,663;672_400-800m,0,0,0,0,0,0,0,0,0,0,0,0
1125;1163;1162_400-800m,183;209_0-400m,0,0,0,0,1,0,0,0,0,0,0,0
1125;1163;1162_400-800m,183;209_400-800m,0,0,0,0,0,0,0,0,0,0,0,0
1125;1163;1162_400-800m,186;205_0-400m,0,0,0,0,0,0,0,0,0,0,0,0
1125;1163;1162_400-800m,186;205_400-800m,0,0,0,0,0,0,0,0,0,0,0,0
1125;1163;1162_400-800m,188;203_0-400m,0,0,0,0,1,0,0,0,0,0,0,0
1125;1163;1162_400-800m,188;203_400-800m,0,0,0,0,0,0,0,0,0,0,0,0
1125;1163;1162_400-800m,388;823_0-400m,0,0,2,0.001,2,0,7,0.002,1,0,0,0
1125;1163;1162_400-800m,388;823_400-800m,0,0,0,0,1,0,0,0,0,0,0,0
1125;1163;1162_400-800m,1386;95_0-400m,0,0,0,0,0,0,0,0,0,0,0,0
1125;1163;1162_400-800m,1386;95_400-800m,0,0,0,0,0,0,0,0,0,0,0,0
1125;1163;1162_400-800m,Orange_0-400m,0,0,0,0,2,0,0,0,1,0,0,0
1125;1163;1162_400-800m,Blue_0-400m,0,0,3,0.001,4,0.001,4,0.001,5,0.001,0,0
1125;1163;1162_400-800m,Green_0-400m,0,0,1,0,3,0,0,0,2,0.001,0,0
1125;1163;1162_400-800m,Orange_400-800m,0,0,0,0,1,0,1,0,1,0,0,0
1125;1163;1162_400-800m,Blue_400-800m,0,0,0,0,3,0,7,0.002,2,0.001,2,0.002
1125;1163;1162_400-800m,Green_400-800m,0,0,0,0,4,0.001,0,0,1,0,0,0
1125;1163;1162_400-800m,External,10,0.03,81,0.03,174,0.022,72,0.016,73,0.019,19,0.024
1134;1153_0-400m,415;448_0-400m,0,0,1,0,0,0,2,0,0,0,0,0
1134;1153_0-400m,415;448_400-800m,0,0,0,0,1,0,0,0,0,0,0,0
1134;1153_0-400m,408;455_0-400m,0,0,0,0,0,0,0,0,0,0,1,0.001
1134;1153_0-400m,408;455_400-800m,0,0,0,0,1,0,0,0,1,0,0,0
1134;1153_0-400m,412;451_0-400m,0,0,0,0,0,0,0,0,0,0,0,0
1134;1153_0-400m,412;451_400-800m,0,0,0,0,1,0,0,0,1,0,1,0.001
1134;1153_0-400m,416;447_0-400m,0,0,0,0,0,0,0,0,0,0,0,0
1134;1153_0-400m,416;447_400-800m,0,0,1,0,2,0,1,0,1,0,0,0
1134;1153_0-400m,410;452_0-400m,1,0.003,2,0.001,2,0,1,0,1,0,0,0
1134;1153_0-400m,410;452_400-800m,0,0,0,0,2,0,0,0,1,0,0,0
1134;1153_0-400m,414;449_0-400m,0,0,1,0,1,0,0,0,1,0,0,0
1134;1153_0-400m,414;449_400-800m,0,0,0,0,0,0,0,0,0,0,0,0
1134;1153_0-400m,407;456_0-400m,0,0,0,0,0,0,0,0,0,0,1,0.001
1134;1153_0-400m,407;456_400-800m,0,0,0,0,0,0,0,0,0,0,0,0
1134;1153_0-400m,413;450_0-400m,0,0,1,0,0,0,0,0,0,0,0,0
1134;1153_0-400m,413;450_400-800m,0,0,0,0,1,0,0,0,0,0,0,0
1134;1153_0-400m,419;444;420_0-400m,0,0,1,0,3,0,1,0,1,0,0,0
1134;1153_0-400m,419;444;420_400-800m,0,0,0,0,1,0,0,0,1,0,0,0
1134;1153_0-400m,417;445_0-400m,0,0,0,0,0,0,0,0,1,0,0,0
1134;1153_0-400m,417;445_400-800m,1,0.003,0,0,0,0,1,0,4,0.001,0,0
1134;1153_0-400m,405;457_0-400m,0,0,0,0,4,0.001,1,0,1,0,0,0
1134;1153_0-400m,405;457_400-800m,0,0,0,0,0,0,0,0,0,0,1,0.001
1134;1153_0-400m,404;459_0-400m,0,0,0,0,1,0,1,0,1,0,0,0
1134;1153_0-400m,404;459_400-800m,0,0,1,0,2,0,0,0,0,0,0,0
1134;1153_0-400m,421;442_0-400m,0,0,1,0,2,0,1,0,1,0,0,0
1134;1153_0-400m,421;442_400-800m,0,0,0,0,0,0,0,0,2,0.001,1,0.001
1134;1153_0-400m,196;24;1508_0-400m,0,0,2,0.001,1,0,1,0,5,0.001,1,0.001
1134;1153_0-400m,196;24;1508_400-800m,0,0,0,0,0,0,0,0,1,0,0,0
1134;1153_0-400m,409;453_0-400m,0,0,0,0,0,0,0,0,0,0,0,0
1134;1153_0-400m,409;453_400-800m,0,0,0,0,0,0,0,0,0,0,0,0
1134;1153_0-400m,1503_0-400m,0,0,0,0,2,0,3,0.001,2,0.001,1,0.001
1134;1153_0-400m,1503_400-800m,0,0,0,0,0,0,0,0,0,0,0,0
1134;1153_0-400m,1125;1163;1162_0-400m,1,0.003,1,0,4,0.001,4,0.001,8,0.002,1,0.001
1134;1153_0-400m,1125;1163;1162_400-800m,0,0,0,0,0,0,0,0,0,0,0,0
1134;1153_0-400m,1134;1153_0-400m,0,0,0,0,1,0,0,0,4,0.001,0,0
1134;1153_0-400m,1134;1153_400-800m,0,0,1,0,1,0,0,0,2,0.001,0,0
1134;1153_0-400m,21;28;1612_0-400m,0,0,1,0,6,0.001,1,0,3,0.001,1,0.001
1134;1153_0-400m,21;28;1612_400-800m,0,0,0,0,2,0,5,0.001,2,0.001,0,0
1134;1153_0-400m,1131;1158_0-400m,0,0,1,0,3,0,2,0,1,0,0,0
1134;1153_0-400m,1131;1158_400-800m,0,0,0,0,3,0,0,0,0,0,0,0
1134;1153_0-400m,1135;1152_0-400m,0,0,3,0.001,8,0.001,3,0.001,2,0.001,0,0
1134;1153_0-400m,1135;1152_400-800m,0,0,0,0,1,0,0,0,0,0,0,0
1134;1153_0-400m,584;604_0-400m,0,0,0,0,8,0.001,1,0,1,0,0,0
1134;1153_0-400m,584;604_400-800m,0,0,3,0.001,5,0.001,5,0.001,8,0.002,0,0
1134;1153_0-400m,1139;1149_0-400m,0,0,1,0,7,0.001,3,0.001,2,0.001,1,0.001
1134;1153_0-400m,1139;1149_400-800m,0,0,0,0,0,0,0,0,0,0,0,0
1134;1153_0-400m,1138;1150;1137_0-400m,0,0,2,0.001,9,0.001,5,0.001,5,0.001,2,0.002
1134;1153_0-400m,1138;1150;1137_400-800m,0,0,0,0,1,0,0,0,2,0.001,0,0
1134;1153_0-400m,1124;1164_0-400m,0,0,2,0.001,9,0.001,5,0.001,4,0.001,1,0.001
1134;1153_0-400m,1124;1164_400-800m,0,0,3,0.001,14,0.002,2,0,2,0.001,0,0
1134;1153_0-400m,343;349_0-400m,0,0,2,0.001,4,0.001,2,0,3,0.001,1,0.001
1134;1153_0-400m,343;349_400-800m,0,0,0,0,0,0,2,0,0,0,0,0
1134;1153_0-400m,1136;1151_0-400m,1,0.003,0,0,7,0.001,0,0,1,0,1,0.001
1134;1153_0-400m,1136;1151_400-800m,0,0,0,0,2,0,0,0,2,0.001,1,0.001
1134;1153_0-400m,342;350_0-400m,0,0,1,0,6,0.001,6,0.001,2,0.001,1,0.001
1134;1153_0-400m,342;350_400-800m,0,0,0,0,0,0,3,0.001,0,0,0,0
1134;1153_0-400m,1141;1147_0-400m,0,0,1,0,4,0.001,4,0.001,4,0.001,0,0
1134;1153_0-400m,1141;1147_400-800m,0,0,0,0,1,0,0,0,1,0,0,0
1134;1153_0-400m,1132;1155;1156_0-400m,0,0,0,0,9,0.001,6,0.001,4,0.001,0,0
1134;1153_0-400m,1132;1155;1156_400-800m,0,0,0,0,3,0,2,0,2,0.001,0,0
1134;1153_0-400m,1133;1154_0-400m,0,0,0,0,4,0.001,4,0.001,1,0,1,0.001
1134;1153_0-400m,1133;1154_400-800m,0,0,0,0,5,0.001,4,0.001,3,0.001,2,0.002
1134;1153_0-400m,1130;1159;1160_0-400m,1,0.003,2,0.001,14,0.002,5,0.001,6,0.002,2,0.002
1134;1153_0-400m,1130;1159;1160_400-800m,0,0,0,0,1,0,0,0,0,0,0,0
1134;1153_0-400m,345;347_0-400m,0,0,3,0.001,4,0.001,6,0.001,1,0,1,0.001
1134;1153_0-400m,345;347_400-800m,0,0,1,0,8,0.001,5,0.001,1,0,1,0.001
1134;1153_0-400m,344;348_0-400m,0,0,3,0.001,1,0,3,0.001,2,0.001,1,0.001
1134;1153_0-400m,344;348_400-800m,0,0,3,0.001,3,0,1,0,0,0,2,0.002
1134;1153_0-400m,1140;1148_0-400m,0,0,0,0,3,0,1,0,2,0.001,0,0
1134;1153_0-400m,1140;1148_400-800m,0,0,2,0.001,3,0,1,0,3,0.001,0,0
1134;1153_0-400m,1127;1161_0-400m,0,0,3,0.001,11,0.001,14,0.003,7,0.002,3,0.004
1134;1153_0-400m,1127;1161_400-800m,0,0,0,0,0,0,0,0,1,0,0,0
1134;1153_0-400m,1855_0-400m,0,0,0,0,5,0.001,1,0,3,0.001,0,0
1134;1153_0-400m,1855_400-800m,0,0,0,0,0,0,1,0,0,0,0,0
1134;1153_0-400m,187;204_0-400m,0,0,0,0,1,0,0,0,0,0,0,0
1134;1153_0-400m,187;204_400-800m,0,0,0,0,0,0,1,0,0,0,0,0
1134;1153_0-400m,661;674_0-400m,0,0,0,0,1,0,0,0,0,0,0,0
1134;1153_0-400m,661;674_400-800m,0,0,0,0,1,0,0,0,0,0,0,0
1134;1153_0-400m,184;207_0-400m,0,0,0,0,0,0,1,0,1,0,0,0
1134;1153_0-400m,184;207_400-800m,0,0,0,0,1,0,1,0,0,0,1,0.001
1134;1153_0-400m,657;678_0-400m,0,0,1,0,0,0,0,0,0,0,0,0
1134;1153_0-400m,657;678_400-800m,0,0,0,0,0,0,0,0,0,0,0,0
1134;1153_0-400m,656;679_0-400m,0,0,2,0.001,0,0,0,0,0,0,0,0
1134;1153_0-400m,656;679_400-800m,0,0,0,0,0,0,0,0,0,0,0,0
1134;1153_0-400m,1383;1461;1384_0-400m,0,0,0,0,2,0,1,0,3,0.001,0,0
1134;1153_0-400m,1383;1461;1384_400-800m,0,0,2,0.001,1,0,1,0,0,0,1,0.001
1134;1153_0-400m,665;670_0-400m,0,0,0,0,1,0,1,0,1,0,0,0
1134;1153_0-400m,665;670_400-800m,0,0,0,0,0,0,2,0,0,0,0,0
1134;1153_0-400m,659;676;675_0-400m,0,0,0,0,0,0,0,0,0,0,0,0
1134;1153_0-400m,659;676;675_400-800m,0,0,0,0,0,0,0,0,0,0,0,0
1134;1153_0-400m,664;671_0-400m,0,0,0,0,0,0,0,0,0,0,0,0
1134;1153_0-400m,664;671_400-800m,0,0,0,0,1,0,3,0.001,1,0,0,0
1134;1153_0-400m,185;206_0-400m,0,0,0,0,0,0,0,0,1,0,0,0
1134;1153_0-400m,185;206_400-800m,0,0,0,0,0,0,0,0,1,0,0,0
1134;1153_0-400m,662;673_0-400m,0,0,0,0,2,0,0,0,1,0,0,0
1134;1153_0-400m,662;673_400-800m,0,0,0,0,1,0,0,0,0,0,0,0
1134;1153_0-400m,1385;1459_0-400m,0,0,0,0,3,0,0,0,1,0,0,0
1134;1153_0-400m,1385;1459_400-800m,1,0.003,0,0,0,0,0,0,0,0,0,0
1134;1153_0-400m,658;677_0-400m,0,0,1,0,0,0,1,0,1,0,0,0
1134;1153_0-400m,658;677_400-800m,0,0,0,0,0,0,0,0,0,0,0,0
1134;1153_0-400m,663;672_0-400m,0,0,2,0.001,0,0,0,0,2,0.001,1,0.001
1134;1153_0-400m,663;672_400-800m,0,0,1,0,0,0,0,0,0,0,0,0
1134;1153_0-400m,183;209_0-400m,0,0,5,0.002,1,0,2,0,0,0,0,0
1134;1153_0-400m,183;209_400-800m,0,0,0,0,0,0,1,0,0,0,0,0
1134;1153_0-400m,186;205_0-400m,0,0,0,0,0,0,1,0,0,0,0,0
1134;1153_0-400m,186;205_400-800m,0,0,0,0,0,0,0,0,0,0,0,0
1134;1153_0-400m,188;203_0-400m,0,0,1,0,0,0,1,0,0,0,0,0
1134;1153_0-400m,188;203_400-800m,0,0,0,0,0,0,4,0.001,0,0,0,0
1134;1153_0-400m,388;823_0-400m,0,0,2,0.001,1,0,1,0,0,0,0,0
1134;1153_0-400m,388;823_400-800m,0,0,0,0,1,0,0,0,1,0,0,0
1134;1153_0-400m,1386;95_0-400m,0,0,1,0,0,0,0,0,1,0,0,0
1134;1153_0-400m,1386;95_400-800m,0,0,0,0,2,0,0,0,0,0,1,0.001
1134;1153_0-400m,Orange_0-400m,5,0.015,2,0.001,5,0.001,3,0.001,4,0.001,1,0.001
1134;1153_0-400m,Blue_0-400m,0,0,7,0.003,18,0.002,6,0.001,5,0.001,2,0.002
1134;1153_0-400m,Green_0-400m,3,0.009,2,0.001,0,0,2,0,2,0.001,0,0
1134;1153_0-400m,Orange_400-800m,0,0,2,0.001,0,0,3,0.001,2,0.001,1,0.001
1134;1153_0-400m,Blue_400-800m,0,0,2,0.001,11,0.001,8,0.002,7,0.002,1,0.001
1134;1153_0-400m,Green_400-800m,0,0,1,0,1,0,2,0,0,0,0,0
1134;1153_0-400m,External,26,0.079,127,0.047,234,0.03,120,0.026,102,0.026,18,0.022
1134;1153_400-800m,415;448_0-400m,0,0,0,0,2,0,0,0,1,0,0,0
1134;1153_400-800m,415;448_400-800m,0,0,0,0,0,0,0,0,0,0,0,0
1134;1153_400-800m,408;455_0-400m,0,0,0,0,0,0,1,0,1,0,0,0
1134;1153_400-800m,408;455_400-800m,0,0,0,0,0,0,0,0,0,0,0,0
1134;1153_400-800m,412;451_0-400m,0,0,0,0,2,0,0,0,2,0.001,0,0
1134;1153_400-800m,412;451_400-800m,0,0,0,0,2,0,1,0,3,0.001,0,0
1134;1153_400-800m,416;447_0-400m,0,0,0,0,2,0,0,0,1,0,1,0.001
1134;1153_400-800m,416;447_400-800m,0,0,0,0,2,0,1,0,1,0,0,0
1134;1153_400-800m,410;452_0-400m,0,0,0,0,1,0,0,0,1,0,0,0
1134;1153_400-800m,410;452_400-800m,0,0,0,0,0,0,1,0,2,0.001,0,0
1134;1153_400-800m,414;449_0-400m,0,0,0,0,0,0,1,0,2,0.001,0,0
1134;1153_400-800m,414;449_400-800m,0,0,0,0,0,0,0,0,2,0.001,0,0
1134;1153_400-800m,407;456_0-400m,0,0,0,0,0,0,0,0,0,0,0,0
1134;1153_400-800m,407;456_400-800m,0,0,0,0,0,0,0,0,3,0.001,0,0
1134;1153_400-800m,413;450_0-400m,0,0,0,0,2,0,1,0,1,0,1,0.001
1134;1153_400-800m,413;450_400-800m,0,0,0,0,4,0.001,1,0,0,0,0,0
1134;1153_400-800m,419;444;420_0-400m,0,0,2,0.001,4,0.001,3,0.001,3,0.001,0,0
1134;1153_400-800m,419;444;420_400-800m,0,0,1,0,3,0,3,0.001,0,0,1,0.001
1134;1153_400-800m,417;445_0-400m,0,0,1,0,0,0,0,0,2,0.001,0,0
1134;1153_400-800m,417;445_400-800m,0,0,2,0.001,3,0,4,0.001,3,0.001,1,0.001
1134;1153_400-800m,405;457_0-400m,0,0,0,0,3,0,1,0,3,0.001,0,0
1134;1153_400-800m,405;457_400-800m,0,0,0,0,0,0,0,0,0,0,0,0
1134;1153_400-800m,404;459_0-400m,0,0,1,0,2,0,0,0,0,0,0,0
1134;1153_400-800m,404;459_400-800m,0,0,0,0,2,0,1,0,6,0.002,1,0.001
1134;1153_400-800m,421;442_0-400m,0,0,5,0.002,8,0.001,2,0,3,0.001,0,0
1134;1153_400-800m,421;442_400-800m,0,0,1,0,6,0.001,5,0.001,3,0.001,1,0.001
1134;1153_400-800m,196;24;1508_0-400m,0,0,1,0,6,0.001,0,0,2,0.001,0,0
1134;1153_400-800m,196;24;1508_400-800m,0,0,1,0,1,0,0,0,1,0,0,0
1134;1153_400-800m,409;453_0-400m,0,0,0,0,0,0,0,0,1,0,0,0
1134;1153_400-800m,409;453_400-800m,0,0,0,0,0,0,0,0,3,0.001,1,0.001
1134;1153_400-800m,1503_0-400m,0,0,1,0,5,0.001,5,0.001,2,0.001,2,0.002
1134;1153_400-800m,1503_400-800m,0,0,0,0,1,0,1,0,2,0.001,0,0
1134;1153_400-800m,1125;1163;1162_0-400m,0,0,1,0,5,0.001,6,0.001,0,0,1,0.001
1134;1153_400-800m,1125;1163;1162_400-800m,0,0,0,0,1,0,0,0,0,0,1,0.001
1134;1153_400-800m,1134;1153_0-400m,0,0,1,0,2,0,3,0.001,5,0.001,0,0
1134;1153_400-800m,1134;1153_400-800m,0,0,4,0.001,21,0.003,6,0.001,9,0.002,3,0.004
1134;1153_400-800m,21;28;1612_0-400m,2,0.006,5,0.002,7,0.001,2,0,2,0.001,2,0.002
1134;1153_400-800m,21;28;1612_400-800m,1,0.003,2,0.001,6,0.001,5,0.001,1,0,1,0.001
1134;1153_400-800m,1131;1158_0-400m,0,0,1,0,4,0.001,4,0.001,4,0.001,0,0
1134;1153_400-800m,1131;1158_400-800m,0,0,0,0,0,0,1,0,1,0,0,0
1134;1153_400-800m,1135;1152_0-400m,0,0,6,0.002,7,0.001,7,0.002,5,0.001,0,0
1134;1153_400-800m,1135;1152_400-800m,0,0,0,0,3,0,2,0,0,0,0,0
1134;1153_400-800m,584;604_0-400m,0,0,1,0,10,0.001,2,0,2,0.001,1,0.001
1134;1153_400-800m,584;604_400-800m,2,0.006,3,0.001,18,0.002,12,0.003,4,0.001,2,0.002
1134;1153_400-800m,1139;1149_0-400m,1,0.003,0,0,5,0.001,3,0.001,10,0.003,2,0.002
1134;1153_400-800m,1139;1149_400-800m,0,0,0,0,1,0,0,0,0,0,0,0
1134;1153_400-800m,1138;1150;1137_0-400m,1,0.003,4,0.001,6,0.001,13,0.003,8,0.002,2,0.002
1134;1153_400-800m,1138;1150;1137_400-800m,0,0,0,0,0,0,1,0,3,0.001,0,0
1134;1153_400-800m,1124;1164_0-400m,0,0,1,0,7,0.001,3,0.001,4,0.001,4,0.005
1134;1153_400-800m,1124;1164_400-800m,0,0,4,0.001,20,0.003,7,0.002,6,0.002,1,0.001
1134;1153_400-800m,343;349_0-400m,0,0,2,0.001,4,0.001,1,0,1,0,0,0
1134;1153_400-800m,343;349_400-800m,0,0,0,0,1,0,1,0,0,0,0,0
1134;1153_400-800m,1136;1151_0-400m,1,0.003,0,0,3,0,0,0,3,0.001,0,0
1134;1153_400-800m,1136;1151_400-800m,0,0,0,0,0,0,1,0,1,0,0,0
1134;1153_400-800m,342;350_0-400m,0,0,4,0.001,8,0.001,2,0,1,0,1,0.001
1134;1153_400-800m,342;350_400-800m,0,0,0,0,0,0,2,0,2,0.001,0,0
1134;1153_400-800m,1141;1147_0-400m,0,0,1,0,5,0.001,2,0,5,0.001,2,0.002
1134;1153_400-800m,1141;1147_400-800m,0,0,0,0,0,0,0,0,0,0,0,0
1134;1153_400-800m,1132;1155;1156_0-400m,0,0,3,0.001,9,0.001,7,0.002,4,0.001,0,0
1134;1153_400-800m,1132;1155;1156_400-800m,0,0,2,0.001,5,0.001,3,0.001,5,0.001,0,0
1134;1153_400-800m,1133;1154_0-400m,0,0,1,0,1,0,2,0,2,0.001,0,0
1134;1153_400-800m,1133;1154_400-800m,0,0,0,0,3,0,1,0,0,0,0,0
1134;1153_400-800m,1130;1159;1160_0-400m,0,0,4,0.001,13,0.002,11,0.002,12,0.003,0,0
1134;1153_400-800m,1130;1159;1160_400-800m,0,0,1,0,0,0,0,0,0,0,0,0
1134;1153_400-800m,345;347_0-400m,0,0,3,0.001,4,0.001,1,0,1,0,1,0.001
1134;1153_400-800m,345;347_400-800m,1,0.003,1,0,10,0.001,4,0.001,4,0.001,0,0
1134;1153_400-800m,344;348_0-400m,0,0,2,0.001,0,0,5,0.001,2,0.001,0,0
1134;1153_400-800m,344;348_400-800m,1,0.003,0,0,2,0,2,0,5,0.001,0,0
1134;1153_400-800m,1140;1148_0-400m,0,0,2,0.001,5,0.001,4,0.001,2,0.001,1,0.001
1134;1153_400-800m,1140;1148_400-800m,0,0,0,0,2,0,5,0.001,4,0.001,0,0
1134;1153_400-800m,1127;1161_0-400m,0,0,5,0.002,15,0.002,7,0.002,18,0.005,2,0.002
1134;1153_400-800m,1127;1161_400-800m,0,0,0,0,1,0,0,0,2,0.001,0,0
1134;1153_400-800m,1855_0-400m,0,0,0,0,3,0,1,0,2,0.001,1,0.001
1134;1153_400-800m,1855_400-800m,0,0,0,0,0,0,0,0,0,0,0,0
1134;1153_400-800m,187;204_0-400m,0,0,1,0,0,0,0,0,0,0,0,0
1134;1153_400-800m,187;204_400-800m,0,0,0,0,0,0,0,0,1,0,0,0
1134;1153_400-800m,661;674_0-400m,0,0,0,0,0,0,2,0,1,0,0,0
1134;1153_400-800m,661;674_400-800m,0,0,0,0,1,0,0,0,0,0,0,0
1134;1153_400-800m,184;207_0-400m,0,0,1,0,0,0,0,0,0,0,0,0
1134;1153_400-800m,184;207_400-800m,0,0,1,0,0,0,2,0,1,0,0,0
1134;1153_400-800m,657;678_0-400m,0,0,0,0,1,0,0,0,1,0,0,0
1134;1153_400-800m,657;678_400-800m,0,0,0,0,0,0,0,0,0,0,0,0
1134;1153_400-800m,656;679_0-400m,0,0,0,0,1,0,0,0,2,0.001,0,0
1134;1153_400-800m,656;679_400-800m,0,0,0,0,0,0,0,0,0,0,0,0
1134;1153_400-800m,1383;1461;1384_0-400m,0,0,1,0,4,0.001,0,0,1,0,0,0
1134;1153_400-800m,1383;1461;1384_400-800m,0,0,0,0,2,0,1,0,1,0,0,0
1134;1153_400-800m,665;670_0-400m,0,0,0,0,1,0,0,0,1,0,0,0
1134;1153_400-800m,665;670_400-800m,0,0,0,0,1,0,0,0,0,0,0,0
1134;1153_400-800m,659;676;675_0-400m,0,0,1,0,0,0,2,0,0,0,0,0
1134;1153_400-800m,659;676;675_400-800m,0,0,0,0,0,0,1,0,0,0,1,0.001
1134;1153_400-800m,664;671_0-400m,0,0,3,0.001,1,0,2,0,1,0,1,0.001
1134;1153_400-800m,664;671_400-800m,0,0,2,0.001,6,0.001,1,0,0,0,0,0
1134;1153_400-800m,185;206_0-400m,0,0,0,0,0,0,0,0,2,0.001,0,0
1134;1153_400-800m,185;206_400-800m,1,0.003,0,0,1,0,0,0,0,0,0,0
1134;1153_400-800m,662;673_0-400m,0,0,1,0,2,0,1,0,1,0,0,0
1134;1153_400-800m,662;673_400-800m,0,0,3,0.001,1,0,1,0,1,0,0,0
1134;1153_400-800m,1385;1459_0-400m,0,0,2,0.001,1,0,2,0,1,0,0,0
1134;1153_400-800m,1385;1459_400-800m,0,0,0,0,1,0,0,0,0,0,0,0
1134;1153_400-800m,658;677_0-400m,0,0,0,0,0,0,0,0,0,0,0,0
1134;1153_400-800m,658;677_400-800m,0,0,0,0,0,0,0,0,0,0,0,0
1134;1153_400-800m,663;672_0-400m,0,0,0,0,3,0,3,0.001,0,0,2,0.002
1134;1153_400-800m,663;672_400-800m,0,0,0,0,1,0,0,0,1,0,0,0
1134;1153_400-800m,183;209_0-400m,0,0,2,0.001,2,0,1,0,0,0,0,0
1134;1153_400-800m,183;209_400-800m,0,0,0,0,2,0,0,0,1,0,0,0
1134;1153_400-800m,186;205_0-400m,0,0,0,0,2,0,0,0,0,0,0,0
1134;1153_400-800m,186;205_400-800m,0,0,0,0,0,0,0,0,0,0,0,0
1134;1153_400-800m,188;203_0-400m,0,0,0,0,5,0.001,0,0,0,0,0,0
1134;1153_400-800m,188;203_400-800m,0,0,1,0,1,0,0,0,0,0,0,0
1134;1153_400-800m,388;823_0-400m,0,0,0,0,8,0.001,4,0.001,3,0.001,0,0
1134;1153_400-800m,388;823_400-800m,0,0,2,0.001,4,0.001,1,0,0,0,0,0
1134;1153_400-800m,1386;95_0-400m,0,0,1,0,2,0,0,0,1,0,1,0.001
1134;1153_400-800m,1386;95_400-800m,0,0,0,0,1,0,3,0.001,1,0,0,0
1134;1153_400-800m,Orange_0-400m,4,0.012,5,0.002,7,0.001,10,0.002,11,0.003,1,0.001
1134;1153_400-800m,Blue_0-400m,0,0,5,0.002,35,0.004,16,0.004,18,0.005,1,0.001
1134;1153_400-800m,Green_0-400m,0,0,1,0,8,0.001,4,0.001,2,0.001,2,0.002
1134;1153_400-800m,Orange_400-800m,0,0,1,0,3,0,5,0.001,8,0.002,1,0.001
1134;1153_400-800m,Blue_400-800m,1,0.003,8,0.003,29,0.004,19,0.004,13,0.003,4,0.005
1134;1153_400-800m,Green_400-800m,0,0,1,0,3,0,2,0,2,0.001,0,0
1134;1153_400-800m,External,43,0.131,234,0.086,473,0.06,247,0.054,225,0.057,22,0.027
21;28;1612_0-400m,415;448_0-400m,0,0,6,0.002,18,0.002,10,0.002,17,0.004,4,0.005
21;28;1612_0-400m,415;448_400-800m,1,0.003,5,0.002,5,0.001,5,0.001,6,0.002,1,0.001
21;28;1612_0-400m,408;455_0-400m,1,0.003,1,0,5,0.001,3,0.001,8,0.002,5,0.006
21;28;1612_0-400m,408;455_400-800m,0,0,2,0.001,13,0.002,2,0,2,0.001,1,0.001
21;28;1612_0-400m,412;451_0-400m,3,0.009,6,0.002,19,0.002,6,0.001,7,0.002,3,0.004
21;28;1612_0-400m,412;451_400-800m,0,0,4,0.001,6,0.001,6,0.001,12,0.003,5,0.006
21;28;1612_0-400m,416;447_0-400m,0,0,2,0.001,8,0.001,8,0.002,13,0.003,3,0.004
21;28;1612_0-400m,416;447_400-800m,0,0,8,0.003,32,0.004,9,0.002,17,0.004,6,0.007
21;28;1612_0-400m,410;452_0-400m,2,0.006,2,0.001,16,0.002,6,0.001,15,0.004,7,0.009
21;28;1612_0-400m,410;452_400-800m,1,0.003,4,0.001,18,0.002,10,0.002,6,0.002,6,0.007
21;28;1612_0-400m,414;449_0-400m,0,0,2,0.001,12,0.002,1,0,1,0,4,0.005
21;28;1612_0-400m,414;449_400-800m,0,0,5,0.002,10,0.001,3,0.001,15,0.004,2,0.002
21;28;1612_0-400m,407;456_0-400m,0,0,3,0.001,5,0.001,3,0.001,3,0.001,1,0.001
21;28;1612_0-400m,407;456_400-800m,0,0,1,0,11,0.001,3,0.001,6,0.002,3,0.004
21;28;1612_0-400m,413;450_0-400m,0,0,1,0,11,0.001,7,0.002,9,0.002,4,0.005
21;28;1612_0-400m,413;450_400-800m,0,0,3,0.001,13,0.002,8,0.002,8,0.002,4,0.005
21;28;1612_0-400m,419;444;420_0-400m,7,0.021,19,0.007,77,0.01,29,0.006,36,0.009,7,0.009
21;28;1612_0-400m,419;444;420_400-800m,1,0.003,6,0.002,17,0.002,17,0.004,18,0.005,4,0.005
21;28;1612_0-400m,417;445_0-400m,1,0.003,9,0.003,15,0.002,8,0.002,8,0.002,7,0.009
21;28;1612_0-400m,417;445_400-800m,2,0.006,11,0.004,32,0.004,9,0.002,11,0.003,2,0.002
21;28;1612_0-400m,405;457_0-400m,0,0,3,0.001,35,0.004,8,0.002,17,0.004,5,0.006
21;28;1612_0-400m,405;457_400-800m,0,0,1,0,0,0,3,0.001,0,0,0,0
21;28;1612_0-400m,404;459_0-400m,1,0.003,1,0,17,0.002,17,0.004,17,0.004,4,0.005
21;28;1612_0-400m,404;459_400-800m,1,0.003,3,0.001,21,0.003,15,0.003,14,0.004,6,0.007
21;28;1612_0-400m,421;442_0-400m,3,0.009,27,0.01,109,0.014,36,0.008,45,0.011,8,0.01
21;28;1612_0-400m,421;442_400-800m,0,0,13,0.005,31,0.004,18,0.004,30,0.008,10,0.012
21;28;1612_0-400m,196;24;1508_0-400m,1,0.003,23,0.008,72,0.009,54,0.012,71,0.018,20,0.025
21;28;1612_0-400m,196;24;1508_400-800m,0,0,2,0.001,15,0.002,14,0.003,21,0.005,5,0.006
21;28;1612_0-400m,409;453_0-400m,4,0.012,3,0.001,6,0.001,6,0.001,6,0.002,6,0.007
21;28;1612_0-400m,409;453_400-800m,0,0,0,0,12,0.002,1,0,6,0.002,3,0.004
21;28;1612_0-400m,1503_0-400m,3,0.009,31,0.011,127,0.016,116,0.025,128,0.033,33,0.041
21;28;1612_0-400m,1503_400-800m,0,0,2,0.001,14,0.002,12,0.003,11,0.003,5,0.006
21;28;1612_0-400m,1125;1163;1162_0-400m,0,0,0,0,8,0.001,5,0.001,5,0.001,0,0
21;28;1612_0-400m,1125;1163;1162_400-800m,0,0,0,0,1,0,1,0,1,0,0,0
21;28;1612_0-400m,1134;1153_0-400m,1,0.003,1,0,1,0,4,0.001,1,0,0,0
21;28;1612_0-400m,1134;1153_400-800m,0,0,4,0.001,6,0.001,3,0.001,1,0,1,0.001
21;28;1612_0-400m,21;28;1612_0-400m,5,0.015,49,0.018,170,0.022,81,0.018,96,0.025,30,0.037
21;28;1612_0-400m,21;28;1612_400-800m,3,0.009,17,0.006,127,0.016,62,0.014,62,0.016,11,0.014
21;28;1612_0-400m,1131;1158_0-400m,0,0,4,0.001,11,0.001,13,0.003,9,0.002,0,0
21;28;1612_0-400m,1131;1158_400-800m,0,0,2,0.001,7,0.001,7,0.002,3,0.001,6,0.007
21;28;1612_0-400m,1135;1152_0-400m,0,0,3,0.001,17,0.002,17,0.004,15,0.004,1,0.001
21;28;1612_0-400m,1135;1152_400-800m,0,0,1,0,1,0,0,0,0,0,0,0
21;28;1612_0-400m,584;604_0-400m,4,0.012,7,0.003,31,0.004,21,0.005,22,0.006,3,0.004
21;28;1612_0-400m,584;604_400-800m,3,0.009,3,0.001,11,0.001,10,0.002,7,0.002,6,0.007
21;28;1612_0-400m,1139;1149_0-400m,5,0.015,8,0.003,28,0.004,12,0.003,18,0.005,7,0.009
21;28;1612_0-400m,1139;1149_400-800m,0,0,0,0,2,0,1,0,6,0.002,1,0.001
21;28;1612_0-400m,1138;1150;1137_0-400m,0,0,9,0.003,24,0.003,17,0.004,22,0.006,9,0.011
21;28;1612_0-400m,1138;1150;1137_400-800m,0,0,0,0,3,0,4,0.001,2,0.001,0,0
21;28;1612_0-400m,1124;1164_0-400m,1,0.003,2,0.001,18,0.002,15,0.003,6,0.002,1,0.001
21;28;1612_0-400m,1124;1164_400-800m,0,0,3,0.001,29,0.004,23,0.005,11,0.003,3,0.004
21;28;1612_0-400m,343;349_0-400m,1,0.003,15,0.006,72,0.009,32,0.007,33,0.008,12,0.015
21;28;1612_0-400m,343;349_400-800m,1,0.003,6,0.002,20,0.003,9,0.002,14,0.004,3,0.004
21;28;1612_0-400m,1136;1151_0-400m,0,0,8,0.003,12,0.002,7,0.002,11,0.003,2,0.002
21;28;1612_0-400m,1136;1151_400-800m,2,0.006,5,0.002,19,0.002,3,0.001,7,0.002,2,0.002
21;28;1612_0-400m,342;350_0-400m,0,0,13,0.005,65,0.008,35,0.008,48,0.012,19,0.024
21;28;1612_0-400m,342;350_400-800m,1,0.003,9,0.003,27,0.003,9,0.002,5,0.001,4,0.005
21;28;1612_0-400m,1141;1147_0-400m,1,0.003,13,0.005,33,0.004,20,0.004,23,0.006,4,0.005
21;28;1612_0-400m,1141;1147_400-800m,1,0.003,1,0,4,0.001,2,0,3,0.001,1,0.001
21;28;1612_0-400m,1132;1155;1156_0-400m,1,0.003,8,0.003,17,0.002,9,0.002,6,0.002,3,0.004
21;28;1612_0-400m,1132;1155;1156_400-800m,0,0,2,0.001,4,0.001,3,0.001,4,0.001,1,0.001
21;28;1612_0-400m,1133;1154_0-400m,0,0,2,0.001,17,0.002,11,0.002,7,0.002,2,0.002
21;28;1612_0-400m,1133;1154_400-800m,0,0,3,0.001,14,0.002,5,0.001,8,0.002,2,0.002
21;28;1612_0-400m,1130;1159;1160_0-400m,1,0.003,9,0.003,40,0.005,21,0.005,17,0.004,4,0.005
21;28;1612_0-400m,1130;1159;1160_400-800m,0,0,0,0,1,0,0,0,1,0,0,0
21;28;1612_0-400m,345;347_0-400m,3,0.009,10,0.004,63,0.008,41,0.009,21,0.005,7,0.009
21;28;1612_0-400m,345;347_400-800m,3,0.009,24,0.009,98,0.012,72,0.016,87,0.022,25,0.031
21;28;1612_0-400m,344;348_0-400m,0,0,25,0.009,40,0.005,38,0.008,27,0.007,7,0.009
21;28;1612_0-400m,344;348_400-800m,6,0.018,12,0.004,36,0.005,32,0.007,25,0.006,7,0.009
21;28;1612_0-400m,1140;1148_0-400m,2,0.006,13,0.005,29,0.004,27,0.006,28,0.007,9,0.011
21;28;1612_0-400m,1140;1148_400-800m,1,0.003,7,0.003,22,0.003,6,0.001,17,0.004,5,0.006
21;28;1612_0-400m,1127;1161_0-400m,0,0,12,0.004,17,0.002,5,0.001,11,0.003,8,0.01
21;28;1612_0-400m,1127;1161_400-800m,0,0,0,0,1,0,0,0,2,0.001,0,0
21;28;1612_0-400m,1855_0-400m,0,0,0,0,2,0,0,0,2,0.001,0,0
21;28;1612_0-400m,1855_400-800m,0,0,0,0,0,0,2,0,0,0,0,0
21;28;1612_0-400m,187;204_0-400m,0,0,1,0,9,0.001,6,0.001,12,0.003,8,0.01
21;28;1612_0-400m,187;204_400-800m,1,0.003,1,0,9,0.001,6,0.001,2,0.001,4,0.005
21;28;1612_0-400m,661;674_0-400m,0,0,5,0.002,12,0.002,14,0.003,14,0.004,4,0.005
21;28;1612_0-400m,661;674_400-800m,0,0,1,0,7,0.001,2,0,4,0.001,0,0
21;28;1612_0-400m,184;207_0-400m,0,0,0,0,8,0.001,8,0.002,4,0.001,2,0.002
21;28;1612_0-400m,184;207_400-800m,4,0.012,5,0.002,26,0.003,14,0.003,20,0.005,5,0.006
21;28;1612_0-400m,657;678_0-400m,1,0.003,3,0.001,9,0.001,12,0.003,11,0.003,2,0.002
21;28;1612_0-400m,657;678_400-800m,0,0,0,0,3,0,0,0,1,0,1,0.001
21;28;1612_0-400m,656;679_0-400m,2,0.006,4,0.001,20,0.003,14,0.003,10,0.003,2,0.002
21;28;1612_0-400m,656;679_400-800m,0,0,0,0,2,0,1,0,2,0.001,1,0.001
21;28;1612_0-400m,1383;1461;1384_0-400m,1,0.003,23,0.008,36,0.005,32,0.007,38,0.01,16,0.02
21;28;1612_0-400m,1383;1461;1384_400-800m,2,0.006,18,0.007,33,0.004,20,0.004,23,0.006,6,0.007
21;28;1612_0-400m,665;670_0-400m,1,0.003,4,0.001,28,0.004,5,0.001,10,0.003,3,0.004
21;28;1612_0-400m,665;670_400-800m,1,0.003,1,0,1,0,5,0.001,5,0.001,3,0.004
21;28;1612_0-400m,659;676;675_0-400m,1,0.003,4,0.001,22,0.003,10,0.002,11,0.003,5,0.006
21;28;1612_0-400m,659;676;675_400-800m,0,0,3,0.001,8,0.001,2,0,12,0.003,2,0.002
21;28;1612_0-400m,664;671_0-400m,0,0,14,0.005,27,0.003,13,0.003,18,0.005,6,0.007
21;28;1612_0-400m,664;671_400-800m,0,0,4,0.001,22,0.003,18,0.004,9,0.002,10,0.012
21;28;1612_0-400m,185;206_0-400m,0,0,7,0.003,6,0.001,6,0.001,6,0.002,4,0.005
21;28;1612_0-400m,185;206_400-800m,1,0.003,3,0.001,4,0.001,5,0.001,4,0.001,1,0.001
21;28;1612_0-400m,662;673_0-400m,1,0.003,14,0.005,78,0.01,28,0.006,45,0.011,3,0.004
21;28;1612_0-400m,662;673_400-800m,1,0.003,9,0.003,49,0.006,19,0.004,16,0.004,1,0.001
21;28;1612_0-400m,1385;1459_0-400m,2,0.006,37,0.014,60,0.008,45,0.01,28,0.007,15,0.019
21;28;1612_0-400m,1385;1459_400-800m,2,0.006,4,0.001,9,0.001,9,0.002,8,0.002,5,0.006
21;28;1612_0-400m,658;677_0-400m,1,0.003,8,0.003,11,0.001,11,0.002,10,0.003,2,0.002
21;28;1612_0-400m,658;677_400-800m,0,0,0,0,1,0,0,0,1,0,0,0
21;28;1612_0-400m,663;672_0-400m,1,0.003,17,0.006,48,0.006,23,0.005,26,0.007,11,0.014
21;28;1612_0-400m,663;672_400-800m,0,0,3,0.001,9,0.001,5,0.001,5,0.001,0,0
21;28;1612_0-400m,183;209_0-400m,0,0,5,0.002,18,0.002,6,0.001,7,0.002,1,0.001
21;28;1612_0-400m,183;209_400-800m,0,0,6,0.002,15,0.002,6,0.001,10,0.003,0,0
21;28;1612_0-400m,186;205_0-400m,1,0.003,3,0.001,13,0.002,3,0.001,7,0.002,5,0.006
21;28;1612_0-400m,186;205_400-800m,0,0,0,0,0,0,1,0,0,0,1,0.001
21;28;1612_0-400m,188;203_0-400m,3,0.009,3,0.001,26,0.003,19,0.004,13,0.003,2,0.002
21;28;1612_0-400m,188;203_400-800m,0,0,21,0.008,27,0.003,15,0.003,20,0.005,10,0.012
21;28;1612_0-400m,388;823_0-400m,5,0.015,14,0.005,83,0.011,34,0.007,39,0.01,4,0.005
21;28;1612_0-400m,388;823_400-800m,2,0.006,9,0.003,16,0.002,12,0.003,15,0.004,2,0.002
21;28;1612_0-400m,1386;95_0-400m,4,0.012,21,0.008,81,0.01,48,0.011,45,0.011,11,0.014
21;28;1612_0-400m,1386;95_400-800m,0,0,3,0.001,15,0.002,18,0.004,15,0.004,3,0.004
21;28;1612_0-400m,Orange_0-400m,16,0.049,44,0.016,150,0.019,95,0.021,95,0.024,29,0.036
21;28;1612_0-400m,Blue_0-400m,0,0,20,0.007,42,0.005,28,0.006,24,0.006,9,0.011
21;28;1612_0-400m,Green_0-400m,3,0.009,29,0.011,55,0.007,26,0.006,36,0.009,14,0.017
21;28;1612_0-400m,Orange_400-800m,1,0.003,11,0.004,74,0.009,33,0.007,41,0.01,16,0.02
21;28;1612_0-400m,Blue_400-800m,5,0.015,17,0.006,63,0.008,36,0.008,51,0.013,16,0.02
21;28;1612_0-400m,Green_400-800m,5,0.015,19,0.007,43,0.005,25,0.005,24,0.006,10,0.012
21;28;1612_0-400m,External,197,0.6,1639,0.603,5140,0.652,3213,0.706,3899,0.996,1095,1.363
21;28;1612_400-800m,415;448_0-400m,1,0.003,5,0.002,16,0.002,9,0.002,6,0.002,3,0.004
21;28;1612_400-800m,415;448_400-800m,0,0,0,0,7,0.001,5,0.001,1,0,3,0.004
21;28;1612_400-800m,408;455_0-400m,0,0,1,0,12,0.002,3,0.001,1,0,2,0.002
21;28;1612_400-800m,408;455_400-800m,0,0,0,0,5,0.001,1,0,1,0,3,0.004
21;28;1612_400-800m,412;451_0-400m,1,0.003,2,0.001,13,0.002,5,0.001,5,0.001,3,0.004
21;28;1612_400-800m,412;451_400-800m,0,0,1,0,26,0.003,5,0.001,8,0.002,2,0.002
21;28;1612_400-800m,416;447_0-400m,0,0,1,0,5,0.001,4,0.001,6,0.002,3,0.004
21;28;1612_400-800m,416;447_400-800m,1,0.003,2,0.001,22,0.003,11,0.002,7,0.002,1,0.001
21;28;1612_400-800m,410;452_0-400m,0,0,6,0.002,11,0.001,2,0,8,0.002,2,0.002
21;28;1612_400-800m,410;452_400-800m,0,0,2,0.001,5,0.001,12,0.003,6,0.002,4,0.005
21;28;1612_400-800m,414;449_0-400m,0,0,2,0.001,6,0.001,4,0.001,8,0.002,4,0.005
21;28;1612_400-800m,414;449_400-800m,1,0.003,2,0.001,10,0.001,7,0.002,13,0.003,3,0.004
21;28;1612_400-800m,407;456_0-400m,0,0,1,0,4,0.001,2,0,1,0,1,0.001
21;28;1612_400-800m,407;456_400-800m,1,0.003,0,0,9,0.001,5,0.001,7,0.002,2,0.002
21;28;1612_400-800m,413;450_0-400m,0,0,1,0,5,0.001,5,0.001,12,0.003,2,0.002
21;28;1612_400-800m,413;450_400-800m,1,0.003,4,0.001,17,0.002,14,0.003,13,0.003,6,0.007
21;28;1612_400-800m,419;444;420_0-400m,0,0,7,0.003,56,0.007,45,0.01,24,0.006,5,0.006
21;28;1612_400-800m,419;444;420_400-800m,0,0,5,0.002,22,0.003,13,0.003,11,0.003,7,0.009
21;28;1612_400-800m,417;445_0-400m,0,0,2,0.001,12,0.002,4,0.001,8,0.002,5,0.006
21;28;1612_400-800m,417;445_400-800m,3,0.009,4,0.001,22,0.003,13,0.003,11,0.003,3,0.004
21;28;1612_400-800m,405;457_0-400m,0,0,2,0.001,25,0.003,6,0.001,9,0.002,3,0.004
21;28;1612_400-800m,405;457_400-800m,0,0,2,0.001,0,0,2,0,0,0,0,0
21;28;1612_400-800m,404;459_0-400m,0,0,2,0.001,24,0.003,8,0.002,17,0.004,3,0.004
21;28;1612_400-800m,404;459_400-800m,0,0,2,0.001,25,0.003,14,0.003,9,0.002,1,0.001
21;28;1612_400-800m,421;442_0-400m,3,0.009,12,0.004,83,0.011,53,0.012,44,0.011,13,0.016
21;28;1612_400-800m,421;442_400-800m,1,0.003,11,0.004,30,0.004,25,0.005,28,0.007,5,0.006
21;28;1612_400-800m,196;24;1508_0-400m,2,0.006,10,0.004,78,0.01,36,0.008,43,0.011,19,0.024
21;28;1612_400-800m,196;24;1508_400-800m,0,0,5,0.002,21,0.003,6,0.001,12,0.003,1,0.001
21;28;1612_400-800m,409;453_0-400m,0,0,2,0.001,7,0.001,4,0.001,7,0.002,2,0.002
21;28;1612_400-800m,409;453_400-800m,0,0,1,0,9,0.001,7,0.002,8,0.002,2,0.002
21;28;1612_400-800m,1503_0-400m,3,0.009,27,0.01,106,0.013,84,0.018,95,0.024,26,0.032
21;28;1612_400-800m,1503_400-800m,1,0.003,2,0.001,23,0.003,9,0.002,22,0.006,8,0.01
21;28;1612_400-800m,1125;1163;1162_0-400m,0,0,1,0,4,0.001,3,0.001,4,0.001,0,0
21;28;1612_400-800m,1125;1163;1162_400-800m,0,0,0,0,0,0,1,0,2,0.001,0,0
21;28;1612_400-800m,1134;1153_0-400m,0,0,0,0,2,0,1,0,0,0,0,0
21;28;1612_400-800m,1134;1153_400-800m,0,0,2,0.001,3,0,1,0,3,0.001,2,0.002
21;28;1612_400-800m,21;28;1612_0-400m,1,0.003,20,0.007,100,0.013,58,0.013,66,0.017,20,0.025
21;28;1612_400-800m,21;28;1612_400-800m,2,0.006,21,0.008,133,0.017,59,0.013,73,0.019,18,0.022
21;28;1612_400-800m,1131;1158_0-400m,1,0.003,0,0,3,0,6,0.001,4,0.001,1,0.001
21;28;1612_400-800m,1131;1158_400-800m,0,0,1,0,5,0.001,3,0.001,2,0.001,3,0.004
21;28;1612_400-800m,1135;1152_0-400m,0,0,2,0.001,7,0.001,6,0.001,4,0.001,2,0.002
21;28;1612_400-800m,1135;1152_400-800m,0,0,1,0,1,0,0,0,1,0,0,0
21;28;1612_400-800m,584;604_0-400m,0,0,1,0,10,0.001,5,0.001,6,0.002,1,0.001
21;28;1612_400-800m,584;604_400-800m,0,0,3,0.001,9,0.001,6,0.001,6,0.002,1,0.001
21;28;1612_400-800m,1139;1149_0-400m,1,0.003,3,0.001,4,0.001,8,0.002,9,0.002,0,0
21;28;1612_400-800m,1139;1149_400-800m,0,0,0,0,2,0,1,0,1,0,1,0.001
21;28;1612_400-800m,1138;1150;1137_0-400m,1,0.003,2,0.001,15,0.002,13,0.003,13,0.003,1,0.001
21;28;1612_400-800m,1138;1150;1137_400-800m,0,0,0,0,0,0,0,0,0,0,0,0
21;28;1612_400-800m,1124;1164_0-400m,0,0,2,0.001,4,0.001,5,0.001,7,0.002,2,0.002
21;28;1612_400-800m,1124;1164_400-800m,0,0,3,0.001,33,0.004,16,0.004,7,0.002,8,0.01
21;28;1612_400-800m,343;349_0-400m,1,0.003,4,0.001,21,0.003,10,0.002,11,0.003,2,0.002
21;28;1612_400-800m,343;349_400-800m,0,0,0,0,8,0.001,8,0.002,7,0.002,1,0.001
21;28;1612_400-800m,1136;1151_0-400m,0,0,0,0,2,0,2,0,6,0.002,1,0.001
21;28;1612_400-800m,1136;1151_400-800m,0,0,0,0,1,0,2,0,2,0.001,2,0.002
21;28;1612_400-800m,342;350_0-400m,1,0.003,4,0.001,23,0.003,12,0.003,23,0.006,12,0.015
21;28;1612_400-800m,342;350_400-800m,0,0,1,0,8,0.001,3,0.001,6,0.002,2,0.002
21;28;1612_400-800m,1141;1147_0-400m,1,0.003,2,0.001,9,0.001,3,0.001,7,0.002,2,0.002
21;28;1612_400-800m,1141;1147_400-800m,0,0,1,0,0,0,2,0,0,0,0,0
21;28;1612_400-800m,1132;1155;1156_0-400m,0,0,1,0,8,0.001,5,0.001,5,0.001,0,0
21;28;1612_400-800m,1132;1155;1156_400-800m,0,0,0,0,4,0.001,2,0,3,0.001,0,0
21;28;1612_400-800m,1133;1154_0-400m,0,0,0,0,3,0,1,0,2,0.001,0,0
21;28;1612_400-800m,1133;1154_400-800m,0,0,2,0.001,0,0,1,0,0,0,0,0
21;28;1612_400-800m,1130;1159;1160_0-400m,1,0.003,3,0.001,12,0.002,10,0.002,4,0.001,2,0.002
21;28;1612_400-800m,1130;1159;1160_400-800m,0,0,0,0,1,0,0,0,0,0,1,0.001
21;28;1612_400-800m,345;347_0-400m,1,0.003,9,0.003,28,0.004,19,0.004,24,0.006,7,0.009
21;28;1612_400-800m,345;347_400-800m,7,0.021,20,0.007,81,0.01,39,0.009,65,0.017,20,0.025
21;28;1612_400-800m,344;348_0-400m,2,0.006,4,0.001,15,0.002,11,0.002,8,0.002,5,0.006
21;28;1612_400-800m,344;348_400-800m,0,0,4,0.001,15,0.002,8,0.002,10,0.003,6,0.007
21;28;1612_400-800m,1140;1148_0-400m,1,0.003,1,0,8,0.001,8,0.002,13,0.003,1,0.001
21;28;1612_400-800m,1140;1148_400-800m,0,0,2,0.001,5,0.001,5,0.001,3,0.001,0,0
21;28;1612_400-800m,1127;1161_0-400m,1,0.003,4,0.001,10,0.001,7,0.002,6,0.002,2,0.002
21;28;1612_400-800m,1127;1161_400-800m,0,0,0,0,0,0,0,0,0,0,0,0
21;28;1612_400-800m,1855_0-400m,0,0,0,0,3,0,1,0,2,0.001,0,0
21;28;1612_400-800m,1855_400-800m,0,0,0,0,2,0,2,0,4,0.001,0,0
21;28;1612_400-800m,187;204_0-400m,0,0,4,0.001,9,0.001,5,0.001,3,0.001,1,0.001
21;28;1612_400-800m,187;204_400-800m,0,0,0,0,4,0.001,1,0,3,0.001,0,0
21;28;1612_400-800m,661;674_0-400m,0,0,2,0.001,9,0.001,5,0.001,7,0.002,2,0.002
21;28;1612_400-800m,661;674_400-800m,0,0,0,0,1,0,1,0,2,0.001,1,0.001
21;28;1612_400-800m,184;207_0-400m,0,0,0,0,3,0,3,0.001,5,0.001,0,0
21;28;1612_400-800m,184;207_400-800m,0,0,2,0.001,14,0.002,18,0.004,9,0.002,1,0.001
21;28;1612_400-800m,657;678_0-400m,0,0,6,0.002,13,0.002,8,0.002,5,0.001,0,0
21;28;1612_400-800m,657;678_400-800m,1,0.003,0,0,6,0.001,1,0,0,0,0,0
21;28;1612_400-800m,656;679_0-400m,0,0,0,0,7,0.001,4,0.001,4,0.001,1,0.001
21;28;1612_400-800m,656;679_400-800m,0,0,0,0,0,0,1,0,1,0,0,0
21;28;1612_400-800m,1383;1461;1384_0-400m,0,0,6,0.002,27,0.003,9,0.002,31,0.008,10,0.012
21;28;1612_400-800m,1383;1461;1384_400-800m,1,0.003,3,0.001,17,0.002,13,0.003,12,0.003,3,0.004
21;28;1612_400-800m,665;670_0-400m,0,0,2,0.001,16,0.002,6,0.001,7,0.002,0,0
21;28;1612_400-800m,665;670_400-800m,0,0,0,0,2,0,4,0.001,5,0.001,0,0
21;28;1612_400-800m,659;676;675_0-400m,0,0,2,0.001,11,0.001,3,0.001,5,0.001,2,0.002
21;28;1612_400-800m,659;676;675_400-800m,0,0,0,0,4,0.001,7,0.002,0,0,1,0.001
21;28;1612_400-800m,664;671_0-400m,0,0,13,0.005,20,0.003,9,0.002,14,0.004,3,0.004
21;28;1612_400-800m,664;671_400-800m,0,0,1,0,16,0.002,6,0.001,8,0.002,8,0.01
21;28;1612_400-800m,185;206_0-400m,0,0,0,0,4,0.001,1,0,2,0.001,0,0
21;28;1612_400-800m,185;206_400-800m,0,0,1,0,2,0,4,0.001,3,0.001,0,0
21;28;1612_400-800m,662;673_0-400m,0,0,2,0.001,25,0.003,9,0.002,33,0.008,6,0.007
21;28;1612_400-800m,662;673_400-800m,0,0,3,0.001,19,0.002,9,0.002,9,0.002,2,0.002
21;28;1612_400-800m,1385;1459_0-400m,0,0,12,0.004,52,0.007,27,0.006,26,0.007,12,0.015
21;28;1612_400-800m,1385;1459_400-800m,0,0,3,0.001,4,0.001,6,0.001,6,0.002,0,0
21;28;1612_400-800m,658;677_0-400m,0,0,0,0,7,0.001,2,0,2,0.001,0,0
21;28;1612_400-800m,658;677_400-800m,0,0,0,0,0,0,0,0,1,0,0,0
21;28;1612_400-800m,663;672_0-400m,0,0,4,0.001,20,0.003,11,0.002,16,0.004,1,0.001
21;28;1612_400-800m,663;672_400-800m,0,0,1,0,9,0.001,2,0,6,0.002,1,0.001
21;28;1612_400-800m,183;209_0-400m,0,0,4,0.001,10,0.001,4,0.001,3,0.001,2,0.002
21;28;1612_400-800m,183;209_400-800m,0,0,2,0.001,4,0.001,2,0,2,0.001,0,0
21;28;1612_400-800m,186;205_0-400m,0,0,1,0,4,0.001,3,0.001,4,0.001,0,0
21;28;1612_400-800m,186;205_400-800m,0,0,0,0,0,0,0,0,0,0,0,0
21;28;1612_400-800m,188;203_0-400m,0,0,8,0.003,12,0.002,9,0.002,9,0.002,1,0.001
21;28;1612_400-800m,188;203_400-800m,1,0.003,1,0,17,0.002,4,0.001,8,0.002,2,0.002
21;28;1612_400-800m,388;823_0-400m,2,0.006,6,0.002,58,0.007,30,0.007,21,0.005,0,0
21;28;1612_400-800m,388;823_400-800m,0,0,3,0.001,6,0.001,2,0,3,0.001,1,0.001
21;28;1612_400-800m,1386;95_0-400m,0,0,17,0.006,46,0.006,25,0.005,23,0.006,4,0.005
21;28;1612_400-800m,1386;95_400-800m,0,0,4,0.001,28,0.004,20,0.004,9,0.002,3,0.004
21;28;1612_400-800m,Orange_0-400m,0,0,21,0.008,118,0.015,71,0.016,89,0.023,19,0.024
21;28;1612_400-800m,Blue_0-400m,0,0,9,0.003,28,0.004,19,0.004,17,0.004,2,0.002
21;28;1612_400-800m,Green_0-400m,2,0.006,4,0.001,30,0.004,18,0.004,17,0.004,5,0.006
21;28;1612_400-800m,Orange_400-800m,1,0.003,7,0.003,49,0.006,26,0.006,39,0.01,14,0.017
21;28;1612_400-800m,Blue_400-800m,0,0,10,0.004,42,0.005,28,0.006,32,0.008,7,0.009
21;28;1612_400-800m,Green_400-800m,3,0.009,4,0.001,29,0.004,17,0.004,22,0.006,2,0.002
21;28;1612_400-800m,External,78,0.238,883,0.325,3714,0.471,2302,0.506,2844,0.726,644,0.801
1131;1158_0-400m,415;448_0-400m,0,0,0,0,4,0.001,0,0,0,0,0,0
1131;1158_0-400m,415;448_400-800m,0,0,1,0,2,0,0,0,2,0.001,0,0
1131;1158_0-400m,408;455_0-400m,0,0,0,0,1,0,0,0,0,0,0,0
1131;1158_0-400m,408;455_400-800m,1,0.003,0,0,0,0,1,0,1,0,0,0
1131;1158_0-400m,412;451_0-400m,0,0,0,0,0,0,1,0,0,0,0,0
1131;1158_0-400m,412;451_400-800m,0,0,0,0,1,0,0,0,0,0,2,0.002
1131;1158_0-400m,416;447_0-400m,0,0,1,0,0,0,2,0,2,0.001,0,0
1131;1158_0-400m,416;447_400-800m,0,0,2,0.001,3,0,4,0.001,6,0.002,0,0
1131;1158_0-400m,410;452_0-400m,0,0,1,0,2,0,0,0,0,0,1,0.001
1131;1158_0-400m,410;452_400-800m,0,0,2,0.001,1,0,1,0,3,0.001,0,0
1131;1158_0-400m,414;449_0-400m,0,0,0,0,0,0,0,0,1,0,1,0.001
1131;1158_0-400m,414;449_400-800m,0,0,0,0,1,0,0,0,1,0,0,0
1131;1158_0-400m,407;456_0-400m,0,0,0,0,0,0,0,0,0,0,0,0
1131;1158_0-400m,407;456_400-800m,0,0,0,0,1,0,0,0,0,0,0,0
1131;1158_0-400m,413;450_0-400m,0,0,0,0,2,0,0,0,0,0,0,0
1131;1158_0-400m,413;450_400-800m,0,0,1,0,1,0,0,0,0,0,0,0
1131;1158_0-400m,419;444;420_0-400m,0,0,2,0.001,7,0.001,3,0.001,4,0.001,0,0
1131;1158_0-400m,419;444;420_400-800m,0,0,1,0,2,0,1,0,1,0,1,0.001
1131;1158_0-400m,417;445_0-400m,0,0,2,0.001,3,0,0,0,1,0,0,0
1131;1158_0-400m,417;445_400-800m,0,0,4,0.001,5,0.001,4,0.001,4,0.001,1,0.001
1131;1158_0-400m,405;457_0-400m,0,0,0,0,3,0,0,0,2,0.001,0,0
1131;1158_0-400m,405;457_400-800m,0,0,0,0,0,0,0,0,0,0,0,0
1131;1158_0-400m,404;459_0-400m,0,0,0,0,1,0,1,0,1,0,0,0
1131;1158_0-400m,404;459_400-800m,0,0,0,0,2,0,1,0,2,0.001,0,0
1131;1158_0-400m,421;442_0-400m,0,0,4,0.001,13,0.002,7,0.002,6,0.002,1,0.001
1131;1158_0-400m,421;442_400-800m,0,0,0,0,6,0.001,7,0.002,3,0.001,0,0
1131;1158_0-400m,196;24;1508_0-400m,0,0,0,0,6,0.001,4,0.001,4,0.001,2,0.002
1131;1158_0-400m,196;24;1508_400-800m,0,0,0,0,4,0.001,1,0,0,0,0,0
1131;1158_0-400m,409;453_0-400m,0,0,0,0,2,0,0,0,1,0,0,0
1131;1158_0-400m,409;453_400-800m,2,0.006,0,0,1,0,1,0,0,0,0,0
1131;1158_0-400m,1503_0-400m,0,0,5,0.002,16,0.002,4,0.001,8,0.002,0,0
1131;1158_0-400m,1503_400-800m,0,0,0,0,1,0,2,0,1,0,1,0.001
1131;1158_0-400m,1125;1163;1162_0-400m,0,0,3,0.001,11,0.001,7,0.002,1,0,0,0
1131;1158_0-400m,1125;1163;1162_400-800m,0,0,0,0,1,0,1,0,1,0,0,0
1131;1158_0-400m,1134;1153_0-400m,0,0,2,0.001,7,0.001,5,0.001,3,0.001,1,0.001
1131;1158_0-400m,1134;1153_400-800m,1,0.003,2,0.001,2,0,3,0.001,3,0.001,1,0.001
1131;1158_0-400m,21;28;1612_0-400m,0,0,3,0.001,7,0.001,8,0.002,3,0.001,0,0
1131;1158_0-400m,21;28;1612_400-800m,1,0.003,0,0,8,0.001,5,0.001,3,0.001,2,0.002
1131;1158_0-400m,1131;1158_0-400m,2,0.006,12,0.004,37,0.005,21,0.005,19,0.005,1,0.001
1131;1158_0-400m,1131;1158_400-800m,0,0,3,0.001,7,0.001,7,0.002,10,0.003,2,0.002
1131;1158_0-400m,1135;1152_0-400m,1,0.003,4,0.001,3,0,13,0.003,5,0.001,3,0.004
1131;1158_0-400m,1135;1152_400-800m,0,0,0,0,0,0,3,0.001,1,0,0,0
1131;1158_0-400m,584;604_0-400m,1,0.003,0,0,10,0.001,12,0.003,5,0.001,2,0.002
1131;1158_0-400m,584;604_400-800m,0,0,3,0.001,8,0.001,17,0.004,10,0.003,2,0.002
1131;1158_0-400m,1139;1149_0-400m,4,0.012,4,0.001,22,0.003,12,0.003,20,0.005,3,0.004
1131;1158_0-400m,1139;1149_400-800m,1,0.003,0,0,1,0,0,0,0,0,0,0
1131;1158_0-400m,1138;1150;1137_0-400m,1,0.003,3,0.001,31,0.004,24,0.005,26,0.007,3,0.004
1131;1158_0-400m,1138;1150;1137_400-800m,0,0,0,0,0,0,2,0,0,0,0,0
1131;1158_0-400m,1124;1164_0-400m,0,0,3,0.001,25,0.003,12,0.003,12,0.003,3,0.004
1131;1158_0-400m,1124;1164_400-800m,0,0,12,0.004,21,0.003,10,0.002,11,0.003,4,0.005
1131;1158_0-400m,343;349_0-400m,1,0.003,2,0.001,4,0.001,7,0.002,7,0.002,2,0.002
1131;1158_0-400m,343;349_400-800m,1,0.003,0,0,2,0,5,0.001,1,0,1,0.001
1131;1158_0-400m,1136;1151_0-400m,0,0,3,0.001,7,0.001,6,0.001,9,0.002,2,0.002
1131;1158_0-400m,1136;1151_400-800m,0,0,1,0,4,0.001,0,0,2,0.001,1,0.001
1131;1158_0-400m,342;350_0-400m,0,0,2,0.001,14,0.002,8,0.002,8,0.002,2,0.002
1131;1158_0-400m,342;350_400-800m,1,0.003,0,0,7,0.001,7,0.002,2,0.001,0,0
1131;1158_0-400m,1141;1147_0-400m,0,0,4,0.001,11,0.001,4,0.001,8,0.002,1,0.001
1131;1158_0-400m,1141;1147_400-800m,0,0,0,0,0,0,0,0,0,0,0,0
1131;1158_0-400m,1132;1155;1156_0-400m,0,0,6,0.002,19,0.002,14,0.003,10,0.003,1,0.001
1131;1158_0-400m,1132;1155;1156_400-800m,0,0,4,0.001,4,0.001,1,0,5,0.001,1,0.001
1131;1158_0-400m,1133;1154_0-400m,0,0,3,0.001,10,0.001,10,0.002,9,0.002,0,0
1131;1158_0-400m,1133;1154_400-800m,0,0,0,0,7,0.001,7,0.002,3,0.001,1,0.001
1131;1158_0-400m,1130;1159;1160_0-400m,2,0.006,11,0.004,44,0.006,29,0.006,24,0.006,1,0.001
1131;1158_0-400m,1130;1159;1160_400-800m,0,0,0,0,0,0,2,0,0,0,0,0
1131;1158_0-400m,345;347_0-400m,0,0,4,0.001,4,0.001,3,0.001,7,0.002,2,0.002
1131;1158_0-400m,345;347_400-800m,1,0.003,3,0.001,10,0.001,5,0.001,8,0.002,1,0.001
1131;1158_0-400m,344;348_0-400m,0,0,1,0,6,0.001,3,0.001,4,0.001,2,0.002
1131;1158_0-400m,344;348_400-800m,0,0,6,0.002,6,0.001,8,0.002,11,0.003,4,0.005
1131;1158_0-400m,1140;1148_0-400m,0,0,2,0.001,8,0.001,7,0.002,9,0.002,6,0.007
1131;1158_0-400m,1140;1148_400-800m,0,0,1,0,6,0.001,5,0.001,2,0.001,0,0
1131;1158_0-400m,1127;1161_0-400m,3,0.009,6,0.002,41,0.005,9,0.002,17,0.004,3,0.004
1131;1158_0-400m,1127;1161_400-800m,0,0,1,0,1,0,0,0,2,0.001,0,0
1131;1158_0-400m,1855_0-400m,0,0,3,0.001,12,0.002,12,0.003,7,0.002,0,0
1131;1158_0-400m,1855_400-800m,0,0,0,0,1,0,2,0,1,0,0,0
1131;1158_0-400m,187;204_0-400m,0,0,0,0,0,0,4,0.001,1,0,0,0
1131;1158_0-400m,187;204_400-800m,0,0,0,0,0,0,0,0,0,0,0,0
1131;1158_0-400m,661;674_0-400m,0,0,0,0,2,0,1,0,0,0,0,0
1131;1158_0-400m,661;674_400-800m,0,0,1,0,0,0,0,0,0,0,0,0
1131;1158_0-400m,184;207_0-400m,0,0,0,0,2,0,0,0,0,0,0,0
1131;1158_0-400m,184;207_400-800m,0,0,2,0.001,4,0.001,2,0,1,0,0,0
1131;1158_0-400m,657;678_0-400m,0,0,0,0,1,0,5,0.001,1,0,0,0
1131;1158_0-400m,657;678_400-800m,0,0,0,0,0,0,0,0,0,0,0,0
1131;1158_0-400m,656;679_0-400m,0,0,1,0,1,0,0,0,2,0.001,0,0
1131;1158_0-400m,656;679_400-800m,0,0,0,0,0,0,1,0,0,0,0,0
1131;1158_0-400m,1383;1461;1384_0-400m,0,0,0,0,4,0.001,2,0,1,0,0,0
1131;1158_0-400m,1383;1461;1384_400-800m,0,0,0,0,4,0.001,3,0.001,1,0,0,0
1131;1158_0-400m,665;670_0-400m,0,0,0,0,0,0,0,0,0,0,0,0
1131;1158_0-400m,665;670_400-800m,0,0,0,0,1,0,0,0,1,0,0,0
1131;1158_0-400m,659;676;675_0-400m,0,0,1,0,0,0,0,0,0,0,0,0
1131;1158_0-400m,659;676;675_400-800m,0,0,0,0,0,0,0,0,0,0,0,0
1131;1158_0-400m,664;671_0-400m,0,0,0,0,2,0,3,0.001,1,0,0,0
1131;1158_0-400m,664;671_400-800m,0,0,0,0,1,0,1,0,0,0,0,0
1131;1158_0-400m,185;206_0-400m,0,0,0,0,2,0,2,0,2,0.001,0,0
1131;1158_0-400m,185;206_400-800m,0,0,0,0,0,0,1,0,0,0,1,0.001
1131;1158_0-400m,662;673_0-400m,0,0,2,0.001,4,0.001,1,0,0,0,1,0.001
1131;1158_0-400m,662;673_400-800m,0,0,0,0,3,0,1,0,0,0,0,0
1131;1158_0-400m,1385;1459_0-400m,0,0,3,0.001,9,0.001,0,0,5,0.001,3,0.004
1131;1158_0-400m,1385;1459_400-800m,0,0,1,0,0,0,0,0,0,0,0,0
1131;1158_0-400m,658;677_0-400m,0,0,1,0,0,0,1,0,0,0,0,0
1131;1158_0-400m,658;677_400-800m,0,0,1,0,0,0,0,0,0,0,0,0
1131;1158_0-400m,663;672_0-400m,0,0,2,0.001,0,0,2,0,2,0.001,0,0
1131;1158_0-400m,663;672_400-800m,0,0,0,0,0,0,0,0,1,0,0,0
1131;1158_0-400m,183;209_0-400m,0,0,2,0.001,3,0,0,0,0,0,0,0
1131;1158_0-400m,183;209_400-800m,0,0,0,0,1,0,0,0,1,0,0,0
1131;1158_0-400m,186;205_0-400m,0,0,0,0,3,0,2,0,0,0,0,0
1131;1158_0-400m,186;205_400-800m,0,0,0,0,0,0,0,0,0,0,0,0
1131;1158_0-400m,188;203_0-400m,0,0,0,0,3,0,0,0,3,0.001,0,0
1131;1158_0-400m,188;203_400-800m,0,0,3,0.001,1,0,3,0.001,1,0,0,0
1131;1158_0-400m,388;823_0-400m,0,0,3,0.001,8,0.001,6,0.001,4,0.001,1,0.001
1131;1158_0-400m,388;823_400-800m,0,0,1,0,3,0,2,0,3,0.001,1,0.001
1131;1158_0-400m,1386;95_0-400m,2,0.006,9,0.003,13,0.002,2,0,2,0.001,0,0
1131;1158_0-400m,1386;95_400-800m,0,0,0,0,3,0,1,0,2,0.001,1,0.001
1131;1158_0-400m,Orange_0-400m,0,0,4,0.001,19,0.002,9,0.002,8,0.002,3,0.004
1131;1158_0-400m,Blue_0-400m,0,0,5,0.002,38,0.005,22,0.005,17,0.004,0,0
1131;1158_0-400m,Green_0-400m,1,0.003,5,0.002,5,0.001,6,0.001,3,0.001,1,0.001
1131;1158_0-400m,Orange_400-800m,0,0,8,0.003,3,0,2,0,4,0.001,0,0
1131;1158_0-400m,Blue_400-800m,2,0.006,4,0.001,30,0.004,20,0.004,30,0.008,7,0.009
1131;1158_0-400m,Green_400-800m,4,0.012,2,0.001,3,0,4,0.001,2,0.001,0,0
1131;1158_0-400m,External,77,0.235,345,0.127,670,0.085,342,0.075,318,0.081,67,0.083
1131;1158_400-800m,415;448_0-400m,0,0,0,0,3,0,0,0,0,0,0,0
1131;1158_400-800m,415;448_400-800m,0,0,0,0,1,0,0,0,0,0,0,0
1131;1158_400-800m,408;455_0-400m,0,0,0,0,4,0.001,1,0,1,0,0,0
1131;1158_400-800m,408;455_400-800m,0,0,0,0,0,0,0,0,0,0,0,0
1131;1158_400-800m,412;451_0-400m,0,0,1,0,1,0,0,0,0,0,0,0
1131;1158_400-800m,412;451_400-800m,1,0.003,1,0,2,0,0,0,1,0,0,0
1131;1158_400-800m,416;447_0-400m,0,0,0,0,1,0,0,0,1,0,0,0
1131;1158_400-800m,416;447_400-800m,0,0,0,0,1,0,0,0,0,0,0,0
1131;1158_400-800m,410;452_0-400m,0,0,1,0,0,0,1,0,0,0,0,0
1131;1158_400-800m,410;452_400-800m,0,0,0,0,1,0,0,0,1,0,0,0
1131;1158_400-800m,414;449_0-400m,0,0,0,0,2,0,1,0,0,0,0,0
1131;1158_400-800m,414;449_400-800m,0,0,0,0,1,0,0,0,0,0,0,0
1131;1158_400-800m,407;456_0-400m,0,0,0,0,0,0,0,0,1,0,0,0
1131;1158_400-800m,407;456_400-800m,0,0,0,0,0,0,0,0,1,0,0,0
1131;1158_400-800m,413;450_0-400m,0,0,0,0,0,0,0,0,0,0,0,0
1131;1158_400-800m,413;450_400-800m,0,0,1,0,0,0,0,0,1,0,0,0
1131;1158_400-800m,419;444;420_0-400m,0,0,2,0.001,4,0.001,1,0,0,0,0,0
1131;1158_400-800m,419;444;420_400-800m,0,0,0,0,1,0,1,0,1,0,0,0
1131;1158_400-800m,417;445_0-400m,0,0,0,0,0,0,2,0,0,0,0,0
1131;1158_400-800m,417;445_400-800m,0,0,0,0,0,0,0,0,1,0,0,0
1131;1158_400-800m,405;457_0-400m,0,0,0,0,1,0,0,0,0,0,0,0
1131;1158_400-800m,405;457_400-800m,0,0,1,0,0,0,0,0,0,0,0,0
1131;1158_400-800m,404;459_0-400m,0,0,0,0,1,0,0,0,1,0,1,0.001
1131;1158_400-800m,404;459_400-800m,0,0,4,0.001,2,0,0,0,2,0.001,1,0.001
1131;1158_400-800m,421;442_0-400m,0,0,0,0,4,0.001,5,0.001,2,0.001,0,0
1131;1158_400-800m,421;442_400-800m,0,0,0,0,1,0,0,0,0,0,0,0
1131;1158_400-800m,196;24;1508_0-400m,0,0,1,0,4,0.001,4,0.001,5,0.001,1,0.001
1131;1158_400-800m,196;24;1508_400-800m,0,0,1,0,4,0.001,1,0,2,0.001,0,0
1131;1158_400-800m,409;453_0-400m,0,0,0,0,3,0,0,0,1,0,0,0
1131;1158_400-800m,409;453_400-800m,0,0,0,0,0,0,0,0,1,0,0,0
1131;1158_400-800m,1503_0-400m,0,0,4,0.001,8,0.001,11,0.002,2,0.001,1,0.001
1131;1158_400-800m,1503_400-800m,0,0,1,0,1,0,0,0,0,0,1,0.001
1131;1158_400-800m,1125;1163;1162_0-400m,0,0,2,0.001,12,0.002,3,0.001,2,0.001,0,0
1131;1158_400-800m,1125;1163;1162_400-800m,0,0,0,0,0,0,0,0,0,0,0,0
1131;1158_400-800m,1134;1153_0-400m,0,0,0,0,0,0,1,0,1,0,0,0
1131;1158_400-800m,1134;1153_400-800m,0,0,1,0,5,0.001,1,0,1,0,0,0
1131;1158_400-800m,21;28;1612_0-400m,1,0.003,4,0.001,11,0.001,4,0.001,5,0.001,3,0.004
1131;1158_400-800m,21;28;1612_400-800m,0,0,1,0,8,0.001,5,0.001,3,0.001,1,0.001
1131;1158_400-800m,1131;1158_0-400m,1,0.003,2,0.001,12,0.002,9,0.002,11,0.003,1,0.001
1131;1158_400-800m,1131;1158_400-800m,0,0,16,0.006,54,0.007,27,0.006,18,0.005,5,0.006
1131;1158_400-800m,1135;1152_0-400m,0,0,0,0,3,0,5,0.001,1,0,0,0
1131;1158_400-800m,1135;1152_400-800m,0,0,0,0,0,0,1,0,0,0,0,0
1131;1158_400-800m,584;604_0-400m,0,0,0,0,0,0,1,0,1,0,0,0
1131;1158_400-800m,584;604_400-800m,0,0,0,0,10,0.001,1,0,2,0.001,0,0
1131;1158_400-800m,1139;1149_0-400m,1,0.003,3,0.001,3,0,2,0,1,0,0,0
1131;1158_400-800m,1139;1149_400-800m,0,0,0,0,0,0,0,0,0,0,0,0
1131;1158_400-800m,1138;1150;1137_0-400m,0,0,1,0,4,0.001,5,0.001,5,0.001,1,0.001
1131;1158_400-800m,1138;1150;1137_400-800m,0,0,0,0,0,0,0,0,0,0,0,0
1131;1158_400-800m,1124;1164_0-400m,0,0,1,0,8,0.001,3,0.001,4,0.001,0,0
1131;1158_400-800m,1124;1164_400-800m,0,0,3,0.001,11,0.001,5,0.001,6,0.002,0,0
1131;1158_400-800m,343;349_0-400m,0,0,1,0,1,0,4,0.001,0,0,2,0.002
1131;1158_400-800m,343;349_400-800m,0,0,2,0.001,1,0,0,0,0,0,0,0
1131;1158_400-800m,1136;1151_0-400m,0,0,0,0,1,0,1,0,0,0,0,0
1131;1158_400-800m,1136;1151_400-800m,1,0.003,1,0,1,0,3,0.001,3,0.001,1,0.001
1131;1158_400-800m,342;350_0-400m,0,0,1,0,5,0.001,4,0.001,2,0.001,0,0
1131;1158_400-800m,342;350_400-800m,0,0,0,0,1,0,0,0,2,0.001,0,0
1131;1158_400-800m,1141;1147_0-400m,0,0,1,0,10,0.001,6,0.001,0,0,2,0.002
1131;1158_400-800m,1141;1147_400-800m,0,0,1,0,0,0,0,0,0,0,0,0
1131;1158_400-800m,1132;1155;1156_0-400m,0,0,2,0.001,9,0.001,5,0.001,5,0.001,0,0
1131;1158_400-800m,1132;1155;1156_400-800m,0,0,0,0,3,0,4,0.001,3,0.001,0,0
1131;1158_400-800m,1133;1154_0-400m,0,0,0,0,3,0,3,0.001,0,0,0,0
1131;1158_400-800m,1133;1154_400-800m,0,0,1,0,5,0.001,2,0,4,0.001,1,0.001
1131;1158_400-800m,1130;1159;1160_0-400m,0,0,9,0.003,27,0.003,30,0.007,17,0.004,8,0.01
1131;1158_400-800m,1130;1159;1160_400-800m,0,0,0,0,0,0,0,0,1,0,0,0
1131;1158_400-800m,345;347_0-400m,0,0,3,0.001,5,0.001,2,0,1,0,1,0.001
1131;1158_400-800m,345;347_400-800m,0,0,1,0,8,0.001,5,0.001,2,0.001,1,0.001
1131;1158_400-800m,344;348_0-400m,0,0,0,0,3,0,2,0,1,0,0,0
1131;1158_400-800m,344;348_400-800m,0,0,1,0,1,0,3,0.001,0,0,0,0
1131;1158_400-800m,1140;1148_0-400m,1,0.003,2,0.001,3,0,1,0,7,0.002,1,0.001
1131;1158_400-800m,1140;1148_400-800m,0,0,1,0,5,0.001,2,0,2,0.001,1,0.001
1131;1158_400-800m,1127;1161_0-400m,1,0.003,10,0.004,27,0.003,7,0.002,11,0.003,0,0
1131;1158_400-800m,1127;1161_400-800m,0,0,0,0,0,0,1,0,0,0,0,0
1131;1158_400-800m,1855_0-400m,0,0,0,0,19,0.002,8,0.002,4,0.001,0,0
1131;1158_400-800m,1855_400-800m,0,0,0,0,0,0,1,0,0,0,0,0
1131;1158_400-800m,187;204_0-400m,0,0,0,0,0,0,0,0,0,0,0,0
1131;1158_400-800m,187;204_400-800m,0,0,0,0,0,0,0,0,0,0,0,0
1131;1158_400-800m,661;674_0-400m,0,0,2,0.001,2,0,3,0.001,0,0,1,0.001
1131;1158_400-800m,661;674_400-800m,0,0,1,0,1,0,0,0,0,0,0,0
1131;1158_400-800m,184;207_0-400m,0,0,0,0,2,0,0,0,0,0,0,0
1131;1158_400-800m,184;207_400-800m,0,0,0,0,1,0,1,0,1,0,0,0
1131;1158_400-800m,657;678_0-400m,0,0,0,0,0,0,0,0,0,0,0,0
1131;1158_400-800m,657;678_400-800m,0,0,1,0,2,0,0,0,0,0,0,0
1131;1158_400-800m,656;679_0-400m,0,0,0,0,1,0,2,0,0,0,0,0
1131;1158_400-800m,656;679_400-800m,0,0,0,0,0,0,0,0,1,0,0,0
1131;1158_400-800m,1383;1461;1384_0-400m,0,0,1,0,0,0,1,0,2,0.001,0,0
1131;1158_400-800m,1383;1461;1384_400-800m,0,0,1,0,3,0,1,0,1,0,0,0
1131;1158_400-800m,665;670_0-400m,0,0,1,0,2,0,1,0,0,0,0,0
1131;1158_400-800m,665;670_400-800m,0,0,0,0,1,0,0,0,0,0,0,0
1131;1158_400-800m,659;676;675_0-400m,0,0,0,0,0,0,0,0,0,0,0,0
1131;1158_400-800m,659;676;675_400-800m,0,0,2,0.001,1,0,0,0,0,0,1,0.001
1131;1158_400-800m,664;671_0-400m,0,0,2,0.001,2,0,2,0,1,0,0,0
1131;1158_400-800m,664;671_400-800m,0,0,1,0,1,0,0,0,3,0.001,0,0
1131;1158_400-800m,185;206_0-400m,0,0,0,0,0,0,0,0,0,0,0,0
1131;1158_400-800m,185;206_400-800m,0,0,0,0,0,0,1,0,0,0,0,0
1131;1158_400-800m,662;673_0-400m,1,0.003,1,0,2,0,2,0,0,0,0,0
1131;1158_400-800m,662;673_400-800m,0,0,0,0,4,0.001,0,0,3,0.001,1,0.001
1131;1158_400-800m,1385;1459_0-400m,0,0,9,0.003,6,0.001,2,0,0,0,0,0
1131;1158_400-800m,1385;1459_400-800m,0,0,0,0,0,0,1,0,0,0,0,0
1131;1158_400-800m,658;677_0-400m,0,0,1,0,1,0,2,0,0,0,0,0
1131;1158_400-800m,658;677_400-800m,0,0,0,0,0,0,0,0,1,0,0,0
1131;1158_400-800m,663;672_0-400m,0,0,2,0.001,1,0,0,0,0,0,0,0
1131;1158_400-800m,663;672_400-800m,0,0,1,0,1,0,0,0,0,0,0,0
1131;1158_400-800m,183;209_0-400m,1,0.003,5,0.002,3,0,1,0,0,0,0,0
1131;1158_400-800m,183;209_400-800m,0,0,0,0,1,0,0,0,0,0,0,0
1131;1158_400-800m,186;205_0-400m,0,0,0,0,2,0,0,0,0,0,0,0
1131;1158_400-800m,186;205_400-800m,0,0,0,0,0,0,0,0,0,0,0,0
1131;1158_400-800m,188;203_0-400m,0,0,2,0.001,4,0.001,6,0.001,0,0,0,0
1131;1158_400-800m,188;203_400-800m,0,0,5,0.002,1,0,9,0.002,1,0,1,0.001
1131;1158_400-800m,388;823_0-400m,0,0,3,0.001,9,0.001,12,0.003,11,0.003,1,0.001
1131;1158_400-800m,388;823_400-800m,0,0,0,0,4,0.001,3,0.001,1,0,1,0.001
1131;1158_400-800m,1386;95_0-400m,0,0,3,0.001,2,0,3,0.001,5,0.001,0,0
1131;1158_400-800m,1386;95_400-800m,0,0,0,0,0,0,1,0,1,0,0,0
1131;1158_400-800m,Orange_0-400m,0,0,21,0.008,16,0.002,12,0.003,4,0.001,1,0.001
1131;1158_400-800m,Blue_0-400m,0,0,8,0.003,31,0.004,15,0.003,13,0.003,1,0.001
1131;1158_400-800m,Green_0-400m,2,0.006,27,0.01,11,0.001,5,0.001,5,0.001,4,0.005
1131;1158_400-800m,Orange_400-800m,0,0,0,0,3,0,1,0,5,0.001,0,0
1131;1158_400-800m,Blue_400-800m,2,0.006,15,0.006,32,0.004,16,0.004,20,0.005,5,0.006
1131;1158_400-800m,Green_400-800m,0,0,13,0.005,10,0.001,4,0.001,0,0,1,0.001
1131;1158_400-800m,External,52,0.158,433,0.159,723,0.092,343,0.075,312,0.08,60,0.075
1135;1152_0-400m,415;448_0-400m,0,0,0,0,3,0,4,0.001,1,0,1,0.001
1135;1152_0-400m,415;448_400-800m,0,0,1,0,1,0,0,0,1,0,0,0
1135;1152_0-400m,408;455_0-400m,0,0,0,0,0,0,2,0,0,0,1,0.001
1135;1152_0-400m,408;455_400-800m,0,0,3,0.001,0,0,1,0,2,0.001,0,0
1135;1152_0-400m,412;451_0-400m,0,0,2,0.001,0,0,0,0,3,0.001,0,0
1135;1152_0-400m,412;451_400-800m,1,0.003,0,0,3,0,2,0,2,0.001,1,0.001
1135;1152_0-400m,416;447_0-400m,0,0,0,0,0,0,2,0,1,0,0,0
1135;1152_0-400m,416;447_400-800m,0,0,4,0.001,7,0.001,7,0.002,1,0,0,0
1135;1152_0-400m,410;452_0-400m,0,0,1,0,0,0,0,0,2,0.001,0,0
1135;1152_0-400m,410;452_400-800m,0,0,0,0,3,0,1,0,2,0.001,1,0.001
1135;1152_0-400m,414;449_0-400m,0,0,0,0,2,0,0,0,1,0,0,0
1135;1152_0-400m,414;449_400-800m,0,0,0,0,1,0,0,0,2,0.001,0,0
1135;1152_0-400m,407;456_0-400m,0,0,0,0,0,0,0,0,1,0,1,0.001
1135;1152_0-400m,407;456_400-800m,0,0,0,0,1,0,3,0.001,3,0.001,0,0
1135;1152_0-400m,413;450_0-400m,0,0,2,0.001,1,0,1,0,2,0.001,0,0
1135;1152_0-400m,413;450_400-800m,0,0,0,0,1,0,2,0,0,0,0,0
1135;1152_0-400m,419;444;420_0-400m,0,0,4,0.001,5,0.001,1,0,3,0.001,0,0
1135;1152_0-400m,419;444;420_400-800m,0,0,1,0,3,0,3,0.001,4,0.001,0,0
1135;1152_0-400m,417;445_0-400m,0,0,2,0.001,5,0.001,1,0,1,0,0,0
1135;1152_0-400m,417;445_400-800m,0,0,4,0.001,2,0,2,0,3,0.001,0,0
1135;1152_0-400m,405;457_0-400m,0,0,0,0,4,0.001,3,0.001,1,0,1,0.001
1135;1152_0-400m,405;457_400-800m,0,0,0,0,1,0,0,0,1,0,0,0
1135;1152_0-400m,404;459_0-400m,0,0,0,0,6,0.001,2,0,1,0,0,0
1135;1152_0-400m,404;459_400-800m,0,0,2,0.001,7,0.001,5,0.001,1,0,2,0.002
1135;1152_0-400m,421;442_0-400m,1,0.003,5,0.002,11,0.001,3,0.001,4,0.001,0,0
1135;1152_0-400m,421;442_400-800m,0,0,1,0,5,0.001,1,0,6,0.002,0,0
1135;1152_0-400m,196;24;1508_0-400m,0,0,4,0.001,14,0.002,2,0,2,0.001,1,0.001
1135;1152_0-400m,196;24;1508_400-800m,0,0,1,0,3,0,1,0,1,0,0,0
1135;1152_0-400m,409;453_0-400m,0,0,1,0,1,0,0,0,1,0,0,0
1135;1152_0-400m,409;453_400-800m,0,0,0,0,1,0,2,0,1,0,2,0.002
1135;1152_0-400m,1503_0-400m,0,0,9,0.003,16,0.002,4,0.001,6,0.002,1,0.001
1135;1152_0-400m,1503_400-800m,0,0,0,0,0,0,1,0,1,0,0,0
1135;1152_0-400m,1125;1163;1162_0-400m,1,0.003,3,0.001,11,0.001,8,0.002,8,0.002,2,0.002
1135;1152_0-400m,1125;1163;1162_400-800m,0,0,0,0,0,0,0,0,2,0.001,0,0
1135;1152_0-400m,1134;1153_0-400m,1,0.003,1,0,4,0.001,7,0.002,4,0.001,2,0.002
1135;1152_0-400m,1134;1153_400-800m,0,0,2,0.001,13,0.002,4,0.001,7,0.002,0,0
1135;1152_0-400m,21;28;1612_0-400m,0,0,12,0.004,14,0.002,3,0.001,6,0.002,3,0.004
1135;1152_0-400m,21;28;1612_400-800m,0,0,1,0,8,0.001,8,0.002,4,0.001,0,0
1135;1152_0-400m,1131;1158_0-400m,1,0.003,6,0.002,14,0.002,9,0.002,5,0.001,0,0
1135;1152_0-400m,1131;1158_400-800m,0,0,1,0,3,0,3,0.001,2,0.001,1,0.001
1135;1152_0-400m,1135;1152_0-400m,0,0,11,0.004,22,0.003,26,0.006,25,0.006,3,0.004
1135;1152_0-400m,1135;1152_400-800m,0,0,0,0,7,0.001,3,0.001,6,0.002,0,0
1135;1152_0-400m,584;604_0-400m,0,0,3,0.001,15,0.002,12,0.003,10,0.003,0,0
1135;1152_0-400m,584;604_400-800m,0,0,5,0.002,21,0.003,21,0.005,18,0.005,1,0.001
1135;1152_0-400m,1139;1149_0-400m,0,0,4,0.001,13,0.002,10,0.002,12,0.003,4,0.005
1135;1152_0-400m,1139;1149_400-800m,0,0,0,0,1,0,0,0,1,0,0,0
1135;1152_0-400m,1138;1150;1137_0-400m,0,0,7,0.003,18,0.002,19,0.004,17,0.004,3,0.004
1135;1152_0-400m,1138;1150;1137_400-800m,0,0,0,0,2,0,0,0,3,0.001,0,0
1135;1152_0-400m,1124;1164_0-400m,2,0.006,5,0.002,20,0.003,14,0.003,10,0.003,1,0.001
1135;1152_0-400m,1124;1164_400-800m,0,0,4,0.001,17,0.002,15,0.003,12,0.003,3,0.004
1135;1152_0-400m,343;349_0-400m,0,0,3,0.001,5,0.001,2,0,11,0.003,3,0.004
1135;1152_0-400m,343;349_400-800m,0,0,0,0,4,0.001,2,0,2,0.001,3,0.004
1135;1152_0-400m,1136;1151_0-400m,1,0.003,3,0.001,11,0.001,8,0.002,10,0.003,2,0.002
1135;1152_0-400m,1136;1151_400-800m,0,0,1,0,5,0.001,3,0.001,2,0.001,0,0
1135;1152_0-400m,342;350_0-400m,2,0.006,6,0.002,17,0.002,4,0.001,14,0.004,3,0.004
1135;1152_0-400m,342;350_400-800m,0,0,1,0,3,0,3,0.001,3,0.001,0,0
1135;1152_0-400m,1141;1147_0-400m,1,0.003,6,0.002,11,0.001,14,0.003,8,0.002,3,0.004
1135;1152_0-400m,1141;1147_400-800m,0,0,0,0,1,0,0,0,0,0,0,0
1135;1152_0-400m,1132;1155;1156_0-400m,0,0,4,0.001,15,0.002,6,0.001,15,0.004,3,0.004
1135;1152_0-400m,1132;1155;1156_400-800m,0,0,0,0,2,0,5,0.001,0,0,0,0
1135;1152_0-400m,1133;1154_0-400m,0,0,1,0,13,0.002,9,0.002,4,0.001,0,0
1135;1152_0-400m,1133;1154_400-800m,0,0,2,0.001,4,0.001,2,0,5,0.001,2,0.002
1135;1152_0-400m,1130;1159;1160_0-400m,1,0.003,6,0.002,24,0.003,19,0.004,15,0.004,1,0.001
1135;1152_0-400m,1130;1159;1160_400-800m,0,0,0,0,2,0,0,0,0,0,0,0
1135;1152_0-400m,345;347_0-400m,0,0,0,0,7,0.001,3,0.001,9,0.002,1,0.001
1135;1152_0-400m,345;347_400-800m,0,0,2,0.001,11,0.001,10,0.002,8,0.002,5,0.006
1135;1152_0-400m,344;348_0-400m,0,0,3,0.001,6,0.001,4,0.001,5,0.001,1,0.001
1135;1152_0-400m,344;348_400-800m,1,0.003,3,0.001,9,0.001,4,0.001,6,0.002,4,0.005
1135;1152_0-400m,1140;1148_0-400m,1,0.003,2,0.001,10,0.001,11,0.002,8,0.002,1,0.001
1135;1152_0-400m,1140;1148_400-800m,1,0.003,1,0,5,0.001,8,0.002,8,0.002,2,0.002
1135;1152_0-400m,1127;1161_0-400m,1,0.003,5,0.002,34,0.004,17,0.004,16,0.004,2,0.002
1135;1152_0-400m,1127;1161_400-800m,0,0,1,0,0,0,1,0,0,0,0,0
1135;1152_0-400m,1855_0-400m,0,0,2,0.001,6,0.001,9,0.002,3,0.001,0,0
1135;1152_0-400m,1855_400-800m,0,0,0,0,1,0,1,0,0,0,0,0
1135;1152_0-400m,187;204_0-400m,0,0,1,0,3,0,0,0,1,0,2,0.002
1135;1152_0-400m,187;204_400-800m,0,0,0,0,3,0,1,0,0,0,0,0
1135;1152_0-400m,661;674_0-400m,0,0,1,0,2,0,2,0,2,0.001,1,0.001
1135;1152_0-400m,661;674_400-800m,0,0,0,0,0,0,0,0,0,0,0,0
1135;1152_0-400m,184;207_0-400m,0,0,2,0.001,2,0,1,0,0,0,0,0
1135;1152_0-400m,184;207_400-800m,1,0.003,1,0,0,0,0,0,0,0,1,0.001
1135;1152_0-400m,657;678_0-400m,0,0,0,0,1,0,3,0.001,0,0,0,0
1135;1152_0-400m,657;678_400-800m,0,0,0,0,0,0,0,0,0,0,0,0
1135;1152_0-400m,656;679_0-400m,0,0,1,0,3,0,0,0,4,0.001,1,0.001
1135;1152_0-400m,656;679_400-800m,0,0,0,0,0,0,0,0,0,0,0,0
1135;1152_0-400m,1383;1461;1384_0-400m,1,0.003,2,0.001,2,0,1,0,3,0.001,0,0
1135;1152_0-400m,1383;1461;1384_400-800m,0,0,2,0.001,4,0.001,0,0,1,0,1,0.001
1135;1152_0-400m,665;670_0-400m,0,0,1,0,0,0,3,0.001,0,0,0,0
1135;1152_0-400m,665;670_400-800m,0,0,0,0,1,0,1,0,0,0,0,0
1135;1152_0-400m,659;676;675_0-400m,0,0,0,0,0,0,0,0,0,0,0,0
1135;1152_0-400m,659;676;675_400-800m,0,0,2,0.001,1,0,0,0,0,0,0,0
1135;1152_0-400m,664;671_0-400m,0,0,2,0.001,2,0,1,0,1,0,0,0
1135;1152_0-400m,664;671_400-800m,0,0,1,0,0,0,4,0.001,1,0,0,0
1135;1152_0-400m,185;206_0-400m,0,0,0,0,1,0,0,0,2,0.001,1,0.001
1135;1152_0-400m,185;206_400-800m,0,0,0,0,0,0,0,0,0,0,0,0
1135;1152_0-400m,662;673_0-400m,1,0.003,2,0.001,2,0,0,0,2,0.001,0,0
1135;1152_0-400m,662;673_400-800m,1,0.003,2,0.001,8,0.001,2,0,2,0.001,1,0.001
1135;1152_0-400m,1385;1459_0-400m,0,0,7,0.003,5,0.001,6,0.001,1,0,0,0
1135;1152_0-400m,1385;1459_400-800m,0,0,1,0,1,0,2,0,1,0,0,0
1135;1152_0-400m,658;677_0-400m,0,0,0,0,1,0,0,0,0,0,0,0
1135;1152_0-400m,658;677_400-800m,0,0,0,0,0,0,0,0,0,0,0,0
1135;1152_0-400m,663;672_0-400m,1,0.003,1,0,1,0,1,0,2,0.001,0,0
1135;1152_0-400m,663;672_400-800m,0,0,0,0,3,0,0,0,0,0,0,0
1135;1152_0-400m,183;209_0-400m,0,0,7,0.003,2,0,1,0,1,0,0,0
1135;1152_0-400m,183;209_400-800m,0,0,0,0,2,0,0,0,0,0,0,0
1135;1152_0-400m,186;205_0-400m,1,0.003,0,0,3,0,0,0,1,0,2,0.002
1135;1152_0-400m,186;205_400-800m,0,0,0,0,1,0,0,0,0,0,0,0
1135;1152_0-400m,188;203_0-400m,0,0,2,0.001,4,0.001,1,0,3,0.001,1,0.001
1135;1152_0-400m,188;203_400-800m,0,0,2,0.001,4,0.001,0,0,3,0.001,0,0
1135;1152_0-400m,388;823_0-400m,0,0,0,0,9,0.001,9,0.002,4,0.001,1,0.001
1135;1152_0-400m,388;823_400-800m,0,0,0,0,1,0,0,0,0,0,0,0
1135;1152_0-400m,1386;95_0-400m,0,0,6,0.002,11,0.001,3,0.001,6,0.002,1,0.001
1135;1152_0-400m,1386;95_400-800m,0,0,2,0.001,1,0,0,0,1,0,1,0.001
1135;1152_0-400m,Orange_0-400m,8,0.024,8,0.003,18,0.002,13,0.003,14,0.004,3,0.004
1135;1152_0-400m,Blue_0-400m,0,0,9,0.003,33,0.004,28,0.006,21,0.005,1,0.001
1135;1152_0-400m,Green_0-400m,0,0,2,0.001,10,0.001,7,0.002,12,0.003,2,0.002
1135;1152_0-400m,Orange_400-800m,0,0,4,0.001,7,0.001,4,0.001,8,0.002,0,0
1135;1152_0-400m,Blue_400-800m,1,0.003,11,0.004,34,0.004,14,0.003,23,0.006,10,0.012
1135;1152_0-400m,Green_400-800m,0,0,2,0.001,2,0,3,0.001,1,0,0,0
1135;1152_0-400m,External,56,0.171,384,0.141,719,0.091,385,0.085,429,0.11,72,0.09
1135;1152_400-800m,415;448_0-400m,0,0,0,0,0,0,0,0,0,0,0,0
1135;1152_400-800m,415;448_400-800m,0,0,0,0,0,0,0,0,0,0,0,0
1135;1152_400-800m,408;455_0-400m,0,0,0,0,0,0,0,0,1,0,0,0
1135;1152_400-800m,408;455_400-800m,0,0,0,0,1,0,0,0,0,0,0,0
1135;1152_400-800m,412;451_0-400m,0,0,0,0,0,0,0,0,0,0,0,0
1135;1152_400-800m,412;451_400-800m,0,0,0,0,0,0,0,0,0,0,0,0
1135;1152_400-800m,416;447_0-400m,0,0,0,0,0,0,0,0,0,0,0,0
1135;1152_400-800m,416;447_400-800m,0,0,0,0,1,0,1,0,0,0,0,0
1135;1152_400-800m,410;452_0-400m,0,0,0,0,0,0,0,0,0,0,0,0
1135;1152_400-800m,410;452_400-800m,0,0,0,0,0,0,0,0,0,0,0,0
1135;1152_400-800m,414;449_0-400m,0,0,0,0,0,0,0,0,1,0,0,0
1135;1152_400-800m,414;449_400-800m,0,0,0,0,0,0,0,0,0,0,0,0
1135;1152_400-800m,407;456_0-400m,0,0,0,0,0,0,0,0,0,0,0,0
1135;1152_400-800m,407;456_400-800m,0,0,0,0,0,0,0,0,0,0,0,0
1135;1152_400-800m,413;450_0-400m,0,0,0,0,0,0,0,0,0,0,0,0
1135;1152_400-800m,413;450_400-800m,0,0,0,0,0,0,1,0,0,0,0,0
1135;1152_400-800m,419;444;420_0-400m,0,0,0,0,1,0,0,0,0,0,0,0
1135;1152_400-800m,419;444;420_400-800m,0,0,0,0,1,0,0,0,0,0,0,0
1135;1152_400-800m,417;445_0-400m,0,0,2,0.001,0,0,0,0,0,0,0,0
1135;1152_400-800m,417;445_400-800m,0,0,0,0,1,0,0,0,0,0,0,0
1135;1152_400-800m,405;457_0-400m,0,0,0,0,0,0,0,0,0,0,0,0
1135;1152_400-800m,405;457_400-800m,0,0,0,0,0,0,0,0,0,0,0,0
1135;1152_400-800m,404;459_0-400m,0,0,1,0,1,0,0,0,1,0,0,0
1135;1152_400-800m,404;459_400-800m,0,0,0,0,1,0,0,0,0,0,0,0
1135;1152_400-800m,421;442_0-400m,0,0,0,0,2,0,3,0.001,1,0,0,0
1135;1152_400-800m,421;442_400-800m,0,0,1,0,0,0,0,0,0,0,0,0
1135;1152_400-800m,196;24;1508_0-400m,0,0,1,0,5,0.001,0,0,0,0,0,0
1135;1152_400-800m,196;24;1508_400-800m,0,0,0,0,0,0,0,0,0,0,0,0
1135;1152_400-800m,409;453_0-400m,0,0,0,0,0,0,0,0,0,0,0,0
1135;1152_400-800m,409;453_400-800m,0,0,0,0,0,0,0,0,0,0,0,0
1135;1152_400-800m,1503_0-400m,0,0,1,0,2,0,0,0,0,0,0,0
1135;1152_400-800m,1503_400-800m,0,0,0,0,0,0,0,0,2,0.001,0,0
1135;1152_400-800m,1125;1163;1162_0-400m,0,0,0,0,2,0,0,0,0,0,0,0
1135;1152_400-800m,1125;1163;1162_400-800m,0,0,0,0,0,0,0,0,0,0,0,0
1135;1152_400-800m,1134;1153_0-400m,0,0,0,0,0,0,0,0,1,0,0,0
1135;1152_400-800m,1134;1153_400-800m,0,0,0,0,1,0,2,0,3,0.001,1,0.001
1135;1152_400-800m,21;28;1612_0-400m,0,0,1,0,1,0,0,0,3,0.001,0,0
1135;1152_400-800m,21;28;1612_400-800m,1,0.003,1,0,2,0,1,0,1,0,1,0.001
1135;1152_400-800m,1131;1158_0-400m,0,0,0,0,0,0,1,0,1,0,0,0
1135;1152_400-800m,1131;1158_400-800m,0,0,0,0,0,0,1,0,0,0,0,0
1135;1152_400-800m,1135;1152_0-400m,3,0.009,3,0.001,9,0.001,6,0.001,8,0.002,2,0.002
1135;1152_400-800m,1135;1152_400-800m,1,0.003,3,0.001,7,0.001,9,0.002,8,0.002,1,0.001
1135;1152_400-800m,584;604_0-400m,0,0,1,0,2,0,0,0,1,0,0,0
1135;1152_400-800m,584;604_400-800m,0,0,0,0,2,0,1,0,1,0,1,0.001
1135;1152_400-800m,1139;1149_0-400m,0,0,1,0,0,0,0,0,2,0.001,0,0
1135;1152_400-800m,1139;1149_400-800m,0,0,0,0,0,0,0,0,0,0,0,0
1135;1152_400-800m,1138;1150;1137_0-400m,0,0,0,0,4,0.001,5,0.001,1,0,0,0
1135;1152_400-800m,1138;1150;1137_400-800m,0,0,0,0,1,0,1,0,0,0,0,0
1135;1152_400-800m,1124;1164_0-400m,0,0,0,0,3,0,3,0.001,2,0.001,1,0.001
1135;1152_400-800m,1124;1164_400-800m,0,0,3,0.001,9,0.001,4,0.001,2,0.001,1,0.001
1135;1152_400-800m,343;349_0-400m,1,0.003,1,0,0,0,3,0.001,0,0,0,0
1135;1152_400-800m,343;349_400-800m,0,0,0,0,1,0,0,0,0,0,0,0
1135;1152_400-800m,1136;1151_0-400m,1,0.003,0,0,0,0,0,0,1,0,0,0
1135;1152_400-800m,1136;1151_400-800m,0,0,1,0,0,0,0,0,0,0,0,0
1135;1152_400-800m,342;350_0-400m,0,0,1,0,3,0,1,0,0,0,0,0
1135;1152_400-800m,342;350_400-800m,0,0,0,0,0,0,0,0,0,0,0,0
1135;1152_400-800m,1141;1147_0-400m,0,0,3,0.001,1,0,2,0,0,0,0,0
1135;1152_400-800m,1141;1147_400-800m,0,0,0,0,0,0,0,0,0,0,0,0
1135;1152_400-800m,1132;1155;1156_0-400m,0,0,0,0,2,0,2,0,2,0.001,0,0
1135;1152_400-800m,1132;1155;1156_400-800m,0,0,0,0,0,0,0,0,0,0,0,0
1135;1152_400-800m,1133;1154_0-400m,0,0,1,0,0,0,1,0,0,0,0,0
1135;1152_400-800m,1133;1154_400-800m,0,0,1,0,1,0,0,0,0,0,0,0
1135;1152_400-800m,1130;1159;1160_0-400m,0,0,3,0.001,17,0.002,7,0.002,4,0.001,0,0
1135;1152_400-800m,1130;1159;1160_400-800m,0,0,0,0,0,0,0,0,0,0,0,0
1135;1152_400-800m,345;347_0-400m,0,0,0,0,4,0.001,0,0,1,0,0,0
1135;1152_400-800m,345;347_400-800m,0,0,4,0.001,6,0.001,2,0,1,0,1,0.001
1135;1152_400-800m,344;348_0-400m,0,0,1,0,0,0,0,0,0,0,0,0
1135;1152_400-800m,344;348_400-800m,0,0,0,0,1,0,2,0,0,0,0,0
1135;1152_400-800m,1140;1148_0-400m,0,0,0,0,1,0,0,0,1,0,0,0
1135;1152_400-800m,1140;1148_400-800m,0,0,0,0,1,0,0,0,0,0,0,0
1135;1152_400-800m,1127;1161_0-400m,0,0,2,0.001,9,0.001,4,0.001,3,0.001,0,0
1135;1152_400-800m,1127;1161_400-800m,0,0,0,0,0,0,0,0,0,0,1,0.001
1135;1152_400-800m,1855_0-400m,0,0,0,0,0,0,1,0,2,0.001,0,0
1135;1152_400-800m,1855_400-800m,0,0,0,0,0,0,0,0,0,0,0,0
1135;1152_400-800m,187;204_0-400m,0,0,0,0,0,0,1,0,0,0,0,0
1135;1152_400-800m,187;204_400-800m,0,0,0,0,0,0,0,0,0,0,0,0
1135;1152_400-800m,661;674_0-400m,0,0,0,0,0,0,0,0,0,0,0,0
1135;1152_400-800m,661;674_400-800m,0,0,0,0,0,0,0,0,0,0,0,0
1135;1152_400-800m,184;207_0-400m,0,0,0,0,0,0,0,0,0,0,0,0
1135;1152_400-800m,184;207_400-800m,0,0,0,0,0,0,0,0,0,0,0,0
1135;1152_400-800m,657;678_0-400m,0,0,1,0,1,0,0,0,0,0,0,0
1135;1152_400-800m,657;678_400-800m,0,0,0,0,0,0,0,0,0,0,0,0
1135;1152_400-800m,656;679_0-400m,0,0,0,0,1,0,0,0,1,0,0,0
1135;1152_400-800m,656;679_400-800m,0,0,0,0,0,0,0,0,0,0,0,0
1135;1152_400-800m,1383;1461;1384_0-400m,0,0,1,0,0,0,0,0,0,0,0,0
1135;1152_400-800m,1383;1461;1384_400-800m,0,0,0,0,0,0,0,0,0,0,0,0
1135;1152_400-800m,665;670_0-400m,0,0,0,0,0,0,0,0,0,0,0,0
1135;1152_400-800m,665;670_400-800m,0,0,0,0,0,0,0,0,0,0,0,0
1135;1152_400-800m,659;676;675_0-400m,0,0,0,0,0,0,0,0,0,0,0,0
1135;1152_400-800m,659;676;675_400-800m,0,0,0,0,0,0,0,0,0,0,0,0
1135;1152_400-800m,664;671_0-400m,0,0,0,0,0,0,0,0,0,0,0,0
1135;1152_400-800m,664;671_400-800m,0,0,0,0,0,0,0,0,0,0,1,0.001
1135;1152_400-800m,185;206_0-400m,0,0,0,0,0,0,1,0,0,0,0,0
1135;1152_400-800m,185;206_400-800m,0,0,0,0,0,0,0,0,0,0,0,0
1135;1152_400-800m,662;673_0-400m,0,0,0,0,0,0,0,0,0,0,0,0
1135;1152_400-800m,662;673_400-800m,0,0,0,0,1,0,0,0,1,0,0,0
1135;1152_400-800m,1385;1459_0-400m,0,0,1,0,0,0,0,0,0,0,0,0
1135;1152_400-800m,1385;1459_400-800m,0,0,0,0,0,0,0,0,0,0,0,0
1135;1152_400-800m,658;677_0-400m,0,0,0,0,0,0,0,0,0,0,0,0
1135;1152_400-800m,658;677_400-800m,0,0,0,0,0,0,0,0,0,0,0,0
1135;1152_400-800m,663;672_0-400m,0,0,0,0,1,0,0,0,0,0,1,0.001
1135;1152_400-800m,663;672_400-800m,0,0,0,0,2,0,0,0,1,0,0,0
1135;1152_400-800m,183;209_0-400m,0,0,0,0,0,0,0,0,0,0,0,0
1135;1152_400-800m,183;209_400-800m,0,0,1,0,0,0,0,0,0,0,0,0
1135;1152_400-800m,186;205_0-400m,0,0,0,0,0,0,0,0,0,0,0,0
1135;1152_400-800m,186;205_400-800m,0,0,0,0,0,0,0,0,0,0,0,0
1135;1152_400-800m,188;203_0-400m,1,0.003,1,0,1,0,0,0,1,0,0,0
1135;1152_400-800m,188;203_400-800m,0,0,0,0,0,0,0,0,0,0,0,0
1135;1152_400-800m,388;823_0-400m,0,0,0,0,2,0,0,0,0,0,1,0.001
1135;1152_400-800m,388;823_400-800m,0,0,0,0,0,0,0,0,0,0,0,0
1135;1152_400-800m,1386;95_0-400m,0,0,0,0,5,0.001,1,0,0,0,0,0
1135;1152_400-800m,1386;95_400-800m,0,0,0,0,0,0,0,0,0,0,0,0
1135;1152_400-800m,Orange_0-400m,0,0,0,0,8,0.001,2,0,5,0.001,0,0
1135;1152_400-800m,Blue_0-400m,1,0.003,3,0.001,14,0.002,5,0.001,4,0.001,0,0
1135;1152_400-800m,Green_0-400m,0,0,6,0.002,1,0,1,0,0,0,1,0.001
1135;1152_400-800m,Orange_400-800m,0,0,0,0,2,0,0,0,5,0.001,0,0
1135;1152_400-800m,Blue_400-800m,0,0,4,0.001,8,0.001,3,0.001,9,0.002,0,0
1135;1152_400-800m,Green_400-800m,0,0,0,0,1,0,1,0,0,0,0,0
1135;1152_400-800m,External,38,0.116,160,0.059,279,0.035,122,0.027,108,0.028,21,0.026
584;604_0-400m,415;448_0-400m,0,0,1,0,6,0.001,1,0,2,0.001,0,0
584;604_0-400m,415;448_400-800m,0,0,0,0,3,0,2,0,1,0,2,0.002
584;604_0-400m,408;455_0-400m,0,0,0,0,2,0,0,0,2,0.001,0,0
584;604_0-400m,408;455_400-800m,0,0,0,0,2,0,1,0,2,0.001,1,0.001
584;604_0-400m,412;451_0-400m,0,0,1,0,0,0,0,0,0,0,0,0
584;604_0-400m,412;451_400-800m,0,0,0,0,4,0.001,4,0.001,3,0.001,2,0.002
584;604_0-400m,416;447_0-400m,0,0,0,0,2,0,0,0,1,0,2,0.002
584;604_0-400m,416;447_400-800m,0,0,0,0,4,0.001,3,0.001,2,0.001,0,0
584;604_0-400m,410;452_0-400m,0,0,1,0,4,0.001,3,0.001,1,0,0,0
584;604_0-400m,410;452_400-800m,0,0,0,0,4,0.001,2,0,1,0,2,0.002
584;604_0-400m,414;449_0-400m,0,0,1,0,1,0,0,0,0,0,1,0.001
584;604_0-400m,414;449_400-800m,0,0,2,0.001,5,0.001,1,0,2,0.001,0,0
584;604_0-400m,407;456_0-400m,0,0,2,0.001,2,0,0,0,0,0,0,0
584;604_0-400m,407;456_400-800m,0,0,0,0,3,0,1,0,1,0,0,0
584;604_0-400m,413;450_0-400m,0,0,0,0,2,0,0,0,0,0,0,0
584;604_0-400m,413;450_400-800m,1,0.003,1,0,3,0,3,0.001,4,0.001,1,0.001
584;604_0-400m,419;444;420_0-400m,0,0,1,0,11,0.001,5,0.001,6,0.002,2,0.002
584;604_0-400m,419;444;420_400-800m,0,0,1,0,2,0,7,0.002,6,0.002,0,0
584;604_0-400m,417;445_0-400m,1,0.003,1,0,0,0,3,0.001,1,0,1,0.001
584;604_0-400m,417;445_400-800m,1,0.003,1,0,12,0.002,2,0,2,0.001,3,0.004
584;604_0-400m,405;457_0-400m,0,0,1,0,7,0.001,1,0,2,0.001,0,0
584;604_0-400m,405;457_400-800m,0,0,1,0,0,0,0,0,1,0,0,0
584;604_0-400m,404;459_0-400m,1,0.003,4,0.001,2,0,2,0,3,0.001,0,0
584;604_0-400m,404;459_400-800m,1,0.003,0,0,5,0.001,3,0.001,1,0,0,0
584;604_0-400m,421;442_0-400m,0,0,5,0.002,19,0.002,9,0.002,8,0.002,3,0.004
584;604_0-400m,421;442_400-800m,0,0,3,0.001,6,0.001,5,0.001,5,0.001,2,0.002
584;604_0-400m,196;24;1508_0-400m,0,0,2,0.001,12,0.002,4,0.001,8,0.002,1,0.001
584;604_0-400m,196;24;1508_400-800m,1,0.003,1,0,2,0,2,0,0,0,1,0.001
584;604_0-400m,409;453_0-400m,0,0,0,0,2,0,1,0,2,0.001,1,0.001
584;604_0-400m,409;453_400-800m,0,0,3,0.001,2,0,1,0,1,0,0,0
584;604_0-400m,1503_0-400m,0,0,5,0.002,14,0.002,7,0.002,5,0.001,1,0.001
584;604_0-400m,1503_400-800m,0,0,3,0.001,2,0,0,0,3,0.001,1,0.001
584;604_0-400m,1125;1163;1162_0-400m,0,0,2,0.001,5,0.001,6,0.001,4,0.001,1,0.001
584;604_0-400m,1125;1163;1162_400-800m,0,0,0,0,1,0,0,0,2,0.001,0,0
584;604_0-400m,1134;1153_0-400m,0,0,2,0.001,4,0.001,2,0,2,0.001,0,0
584;604_0-400m,1134;1153_400-800m,0,0,4,0.001,8,0.001,6,0.001,3,0.001,1,0.001
584;604_0-400m,21;28;1612_0-400m,2,0.006,7,0.003,13,0.002,5,0.001,12,0.003,2,0.002
584;604_0-400m,21;28;1612_400-800m,0,0,1,0,10,0.001,8,0.002,7,0.002,3,0.004
584;604_0-400m,1131;1158_0-400m,0,0,3,0.001,25,0.003,12,0.003,18,0.005,3,0.004
584;604_0-400m,1131;1158_400-800m,0,0,0,0,2,0,0,0,0,0,0,0
584;604_0-400m,1135;1152_0-400m,1,0.003,3,0.001,14,0.002,8,0.002,10,0.003,3,0.004
584;604_0-400m,1135;1152_400-800m,0,0,0,0,2,0,1,0,0,0,0,0
584;604_0-400m,584;604_0-400m,1,0.003,11,0.004,40,0.005,15,0.003,44,0.011,8,0.01
584;604_0-400m,584;604_400-800m,2,0.006,7,0.003,23,0.003,9,0.002,18,0.005,2,0.002
584;604_0-400m,1139;1149_0-400m,0,0,7,0.003,14,0.002,13,0.003,24,0.006,2,0.002
584;604_0-400m,1139;1149_400-800m,0,0,0,0,0,0,0,0,1,0,0,0
584;604_0-400m,1138;1150;1137_0-400m,0,0,4,0.001,32,0.004,16,0.004,31,0.008,14,0.017
584;604_0-400m,1138;1150;1137_400-800m,0,0,1,0,4,0.001,0,0,0,0,0,0
584;604_0-400m,1124;1164_0-400m,2,0.006,4,0.001,19,0.002,14,0.003,4,0.001,2,0.002
584;604_0-400m,1124;1164_400-800m,2,0.006,7,0.003,32,0.004,14,0.003,13,0.003,1,0.001
584;604_0-400m,343;349_0-400m,0,0,8,0.003,13,0.002,9,0.002,5,0.001,1,0.001
584;604_0-400m,343;349_400-800m,0,0,2,0.001,3,0,0,0,0,0,1,0.001
584;604_0-400m,1136;1151_0-400m,0,0,1,0,6,0.001,4,0.001,8,0.002,10,0.012
584;604_0-400m,1136;1151_400-800m,0,0,0,0,0,0,1,0,0,0,2,0.002
584;604_0-400m,342;350_0-400m,1,0.003,7,0.003,15,0.002,18,0.004,15,0.004,6,0.007
584;604_0-400m,342;350_400-800m,0,0,2,0.001,8,0.001,5,0.001,3,0.001,0,0
584;604_0-400m,1141;1147_0-400m,0,0,4,0.001,6,0.001,9,0.002,7,0.002,6,0.007
584;604_0-400m,1141;1147_400-800m,0,0,1,0,2,0,0,0,0,0,0,0
584;604_0-400m,1132;1155;1156_0-400m,2,0.006,5,0.002,21,0.003,11,0.002,20,0.005,2,0.002
584;604_0-400m,1132;1155;1156_400-800m,0,0,1,0,7,0.001,1,0,1,0,0,0
584;604_0-400m,1133;1154_0-400m,1,0.003,2,0.001,8,0.001,7,0.002,7,0.002,4,0.005
584;604_0-400m,1133;1154_400-800m,0,0,2,0.001,1,0,2,0,4,0.001,0,0
584;604_0-400m,1130;1159;1160_0-400m,5,0.015,26,0.01,54,0.007,35,0.008,32,0.008,4,0.005
584;604_0-400m,1130;1159;1160_400-800m,0,0,0,0,0,0,0,0,0,0,0,0
584;604_0-400m,345;347_0-400m,0,0,7,0.003,12,0.002,9,0.002,10,0.003,3,0.004
584;604_0-400m,345;347_400-800m,1,0.003,6,0.002,33,0.004,15,0.003,11,0.003,6,0.007
584;604_0-400m,344;348_0-400m,0,0,1,0,14,0.002,6,0.001,2,0.001,1,0.001
584;604_0-400m,344;348_400-800m,0,0,4,0.001,12,0.002,8,0.002,11,0.003,0,0
584;604_0-400m,1140;1148_0-400m,1,0.003,4,0.001,10,0.001,11,0.002,8,0.002,3,0.004
584;604_0-400m,1140;1148_400-800m,1,0.003,4,0.001,7,0.001,2,0,2,0.001,2,0.002
584;604_0-400m,1127;1161_0-400m,0,0,7,0.003,37,0.005,19,0.004,12,0.003,4,0.005
584;604_0-400m,1127;1161_400-800m,0,0,1,0,0,0,0,0,3,0.001,0,0
584;604_0-400m,1855_0-400m,0,0,2,0.001,6,0.001,6,0.001,6,0.002,0,0
584;604_0-400m,1855_400-800m,0,0,0,0,0,0,0,0,1,0,1,0.001
584;604_0-400m,187;204_0-400m,0,0,0,0,2,0,2,0,0,0,0,0
584;604_0-400m,187;204_400-800m,0,0,0,0,0,0,1,0,1,0,0,0
584;604_0-400m,661;674_0-400m,0,0,3,0.001,3,0,0,0,0,0,0,0
584;604_0-400m,661;674_400-800m,0,0,0,0,0,0,0,0,0,0,1,0.001
584;604_0-400m,184;207_0-400m,0,0,1,0,1,0,0,0,3,0.001,1,0.001
584;604_0-400m,184;207_400-800m,0,0,0,0,4,0.001,1,0,1,0,1,0.001
584;604_0-400m,657;678_0-400m,0,0,0,0,2,0,0,0,2,0.001,1,0.001
584;604_0-400m,657;678_400-800m,0,0,0,0,0,0,0,0,1,0,0,0
584;604_0-400m,656;679_0-400m,1,0.003,0,0,2,0,1,0,1,0,0,0
584;604_0-400m,656;679_400-800m,0,0,0,0,0,0,0,0,0,0,0,0
584;604_0-400m,1383;1461;1384_0-400m,0,0,1,0,5,0.001,2,0,0,0,1,0.001
584;604_0-400m,1383;1461;1384_400-800m,0,0,7,0.003,7,0.001,3,0.001,2,0.001,1,0.001
584;604_0-400m,665;670_0-400m,0,0,0,0,2,0,0,0,1,0,3,0.004
584;604_0-400m,665;670_400-800m,0,0,1,0,1,0,0,0,1,0,1,0.001
584;604_0-400m,659;676;675_0-400m,0,0,0,0,2,0,1,0,1,0,0,0
584;604_0-400m,659;676;675_400-800m,0,0,1,0,2,0,0,0,0,0,0,0
584;604_0-400m,664;671_0-400m,1,0.003,1,0,3,0,0,0,3,0.001,2,0.002
584;604_0-400m,664;671_400-800m,1,0.003,0,0,1,0,0,0,1,0,0,0
584;604_0-400m,185;206_0-400m,0,0,0,0,2,0,0,0,2,0.001,0,0
584;604_0-400m,185;206_400-800m,0,0,0,0,1,0,1,0,0,0,0,0
584;604_0-400m,662;673_0-400m,0,0,2,0.001,0,0,3,0.001,3,0.001,0,0
584;604_0-400m,662;673_400-800m,0,0,1,0,4,0.001,1,0,3,0.001,1,0.001
584;604_0-400m,1385;1459_0-400m,1,0.003,4,0.001,7,0.001,2,0,0,0,3,0.004
584;604_0-400m,1385;1459_400-800m,1,0.003,0,0,3,0,0,0,1,0,0,0
584;604_0-400m,658;677_0-400m,0,0,1,0,1,0,0,0,1,0,0,0
584;604_0-400m,658;677_400-800m,0,0,0,0,0,0,0,0,0,0,0,0
584;604_0-400m,663;672_0-400m,0,0,0,0,0,0,0,0,0,0,2,0.002
584;604_0-400m,663;672_400-800m,0,0,0,0,1,0,0,0,1,0,0,0
584;604_0-400m,183;209_0-400m,0,0,3,0.001,4,0.001,0,0,1,0,0,0
584;604_0-400m,183;209_400-800m,1,0.003,1,0,3,0,0,0,0,0,0,0
584;604_0-400m,186;205_0-400m,0,0,0,0,1,0,0,0,0,0,0,0
584;604_0-400m,186;205_400-800m,0,0,0,0,0,0,0,0,0,0,0,0
584;604_0-400m,188;203_0-400m,0,0,2,0.001,2,0,3,0.001,4,0.001,0,0
584;604_0-400m,188;203_400-800m,0,0,2,0.001,8,0.001,3,0.001,3,0.001,2,0.002
584;604_0-400m,388;823_0-400m,3,0.009,1,0,11,0.001,5,0.001,8,0.002,0,0
584;604_0-400m,388;823_400-800m,0,0,1,0,4,0.001,1,0,1,0,0,0
584;604_0-400m,1386;95_0-400m,1,0.003,3,0.001,7,0.001,3,0.001,3,0.001,3,0.004
584;604_0-400m,1386;95_400-800m,0,0,1,0,3,0,1,0,2,0.001,0,0
584;604_0-400m,Orange_0-400m,3,0.009,10,0.004,31,0.004,12,0.003,9,0.002,1,0.001
584;604_0-400m,Blue_0-400m,0,0,15,0.006,32,0.004,12,0.003,11,0.003,1,0.001
584;604_0-400m,Green_0-400m,0,0,4,0.001,10,0.001,5,0.001,3,0.001,1,0.001
584;604_0-400m,Orange_400-800m,0,0,1,0,5,0.001,3,0.001,8,0.002,1,0.001
584;604_0-400m,Blue_400-800m,1,0.003,18,0.007,40,0.005,14,0.003,17,0.004,7,0.009
584;604_0-400m,Green_400-800m,3,0.009,4,0.001,6,0.001,4,0.001,2,0.001,0,0
584;604_0-400m,External,58,0.177,446,0.164,820,0.104,411,0.09,402,0.103,91,0.113
584;604_400-800m,415;448_0-400m,0,0,5,0.002,9,0.001,9,0.002,1,0,1,0.001
584;604_400-800m,415;448_400-800m,0,0,1,0,5,0.001,0,0,0,0,1,0.001
584;604_400-800m,408;455_0-400m,0,0,0,0,5,0.001,1,0,1,0,0,0
584;604_400-800m,408;455_400-800m,0,0,0,0,3,0,9,0.002,0,0,0,0
584;604_400-800m,412;451_0-400m,0,0,0,0,8,0.001,0,0,3,0.001,2,0.002
584;604_400-800m,412;451_400-800m,0,0,0,0,7,0.001,6,0.001,8,0.002,2,0.002
584;604_400-800m,416;447_0-400m,0,0,0,0,5,0.001,3,0.001,4,0.001,2,0.002
584;604_400-800m,416;447_400-800m,0,0,7,0.003,13,0.002,5,0.001,6,0.002,0,0
584;604_400-800m,410;452_0-400m,0,0,2,0.001,2,0,1,0,1,0,0,0
584;604_400-800m,410;452_400-800m,0,0,1,0,2,0,7,0.002,3,0.001,1,0.001
584;604_400-800m,414;449_0-400m,0,0,1,0,4,0.001,3,0.001,4,0.001,1,0.001
584;604_400-800m,414;449_400-800m,0,0,3,0.001,2,0,3,0.001,7,0.002,0,0
584;604_400-800m,407;456_0-400m,0,0,0,0,4,0.001,3,0.001,0,0,0,0
584;604_400-800m,407;456_400-800m,1,0.003,3,0.001,6,0.001,3,0.001,2,0.001,2,0.002
584;604_400-800m,413;450_0-400m,0,0,2,0.001,4,0.001,2,0,4,0.001,2,0.002
584;604_400-800m,413;450_400-800m,0,0,5,0.002,6,0.001,2,0,7,0.002,2,0.002
584;604_400-800m,419;444;420_0-400m,2,0.006,9,0.003,34,0.004,9,0.002,11,0.003,4,0.005
584;604_400-800m,419;444;420_400-800m,0,0,1,0,7,0.001,6,0.001,4,0.001,0,0
584;604_400-800m,417;445_0-400m,1,0.003,2,0.001,10,0.001,3,0.001,3,0.001,0,0
584;604_400-800m,417;445_400-800m,0,0,6,0.002,16,0.002,5,0.001,3,0.001,1,0.001
584;604_400-800m,405;457_0-400m,0,0,10,0.004,11,0.001,6,0.001,2,0.001,1,0.001
584;604_400-800m,405;457_400-800m,0,0,1,0,0,0,0,0,0,0,0,0
584;604_400-800m,404;459_0-400m,0,0,0,0,2,0,6,0.001,4,0.001,1,0.001
584;604_400-800m,404;459_400-800m,4,0.012,3,0.001,7,0.001,8,0.002,4,0.001,0,0
584;604_400-800m,421;442_0-400m,0,0,8,0.003,32,0.004,16,0.004,11,0.003,4,0.005
584;604_400-800m,421;442_400-800m,0,0,1,0,8,0.001,3,0.001,4,0.001,3,0.004
584;604_400-800m,196;24;1508_0-400m,0,0,1,0,9,0.001,9,0.002,13,0.003,1,0.001
584;604_400-800m,196;24;1508_400-800m,0,0,0,0,5,0.001,2,0,0,0,0,0
584;604_400-800m,409;453_0-400m,0,0,1,0,0,0,4,0.001,3,0.001,0,0
584;604_400-800m,409;453_400-800m,2,0.006,5,0.002,5,0.001,8,0.002,1,0,3,0.004
584;604_400-800m,1503_0-400m,3,0.009,7,0.003,18,0.002,15,0.003,15,0.004,4,0.005
584;604_400-800m,1503_400-800m,4,0.012,1,0,5,0.001,2,0,4,0.001,2,0.002
584;604_400-800m,1125;1163;1162_0-400m,4,0.012,5,0.002,10,0.001,1,0,7,0.002,2,0.002
584;604_400-800m,1125;1163;1162_400-800m,0,0,0,0,1,0,0,0,0,0,0,0
584;604_400-800m,1134;1153_0-400m,0,0,0,0,5,0.001,4,0.001,3,0.001,2,0.002
584;604_400-800m,1134;1153_400-800m,0,0,1,0,12,0.002,5,0.001,7,0.002,0,0
584;604_400-800m,21;28;1612_0-400m,1,0.003,6,0.002,17,0.002,8,0.002,7,0.002,2,0.002
584;604_400-800m,21;28;1612_400-800m,0,0,1,0,14,0.002,3,0.001,3,0.001,5,0.006
584;604_400-800m,1131;1158_0-400m,0,0,4,0.001,12,0.002,7,0.002,11,0.003,1,0.001
584;604_400-800m,1131;1158_400-800m,0,0,0,0,3,0,0,0,2,0.001,0,0
584;604_400-800m,1135;1152_0-400m,0,0,10,0.004,24,0.003,12,0.003,10,0.003,3,0.004
584;604_400-800m,1135;1152_400-800m,0,0,0,0,0,0,0,0,1,0,0,0
584;604_400-800m,584;604_0-400m,0,0,5,0.002,12,0.002,11,0.002,8,0.002,3,0.004
584;604_400-800m,584;604_400-800m,2,0.006,29,0.011,82,0.01,49,0.011,71,0.018,18,0.022
584;604_400-800m,1139;1149_0-400m,0,0,5,0.002,15,0.002,9,0.002,12,0.003,2,0.002
584;604_400-800m,1139;1149_400-800m,0,0,0,0,1,0,1,0,1,0,0,0
584;604_400-800m,1138;1150;1137_0-400m,1,0.003,8,0.003,42,0.005,10,0.002,20,0.005,5,0.006
584;604_400-800m,1138;1150;1137_400-800m,0,0,1,0,5,0.001,0,0,7,0.002,0,0
584;604_400-800m,1124;1164_0-400m,1,0.003,3,0.001,28,0.004,9,0.002,9,0.002,0,0
584;604_400-800m,1124;1164_400-800m,0,0,17,0.006,47,0.006,17,0.004,11,0.003,2,0.002
584;604_400-800m,343;349_0-400m,1,0.003,4,0.001,16,0.002,4,0.001,7,0.002,1,0.001
584;604_400-800m,343;349_400-800m,0,0,2,0.001,6,0.001,2,0,1,0,0,0
584;604_400-800m,1136;1151_0-400m,0,0,2,0.001,12,0.002,8,0.002,5,0.001,2,0.002
584;604_400-800m,1136;1151_400-800m,0,0,2,0.001,1,0,6,0.001,2,0.001,0,0
584;604_400-800m,342;350_0-400m,0,0,6,0.002,22,0.003,10,0.002,13,0.003,5,0.006
584;604_400-800m,342;350_400-800m,0,0,1,0,2,0,2,0,1,0,0,0
584;604_400-800m,1141;1147_0-400m,0,0,6,0.002,4,0.001,10,0.002,4,0.001,2,0.002
584;604_400-800m,1141;1147_400-800m,0,0,0,0,2,0,1,0,1,0,0,0
584;604_400-800m,1132;1155;1156_0-400m,1,0.003,6,0.002,21,0.003,11,0.002,11,0.003,1,0.001
584;604_400-800m,1132;1155;1156_400-800m,0,0,2,0.001,7,0.001,2,0,1,0,0,0
584;604_400-800m,1133;1154_0-400m,0,0,4,0.001,7,0.001,2,0,3,0.001,0,0
584;604_400-800m,1133;1154_400-800m,0,0,3,0.001,2,0,8,0.002,2,0.001,2,0.002
584;604_400-800m,1130;1159;1160_0-400m,0,0,10,0.004,35,0.004,36,0.008,14,0.004,3,0.004
584;604_400-800m,1130;1159;1160_400-800m,0,0,0,0,1,0,0,0,1,0,0,0
584;604_400-800m,345;347_0-400m,1,0.003,7,0.003,15,0.002,8,0.002,4,0.001,2,0.002
584;604_400-800m,345;347_400-800m,1,0.003,15,0.006,52,0.007,34,0.007,19,0.005,5,0.006
584;604_400-800m,344;348_0-400m,1,0.003,5,0.002,8,0.001,6,0.001,12,0.003,3,0.004
584;604_400-800m,344;348_400-800m,1,0.003,5,0.002,13,0.002,12,0.003,6,0.002,4,0.005
584;604_400-800m,1140;1148_0-400m,0,0,2,0.001,12,0.002,8,0.002,2,0.001,3,0.004
584;604_400-800m,1140;1148_400-800m,1,0.003,5,0.002,3,0,10,0.002,3,0.001,1,0.001
584;604_400-800m,1127;1161_0-400m,2,0.006,10,0.004,26,0.003,16,0.004,16,0.004,1,0.001
584;604_400-800m,1127;1161_400-800m,0,0,0,0,4,0.001,1,0,0,0,0,0
584;604_400-800m,1855_0-400m,0,0,0,0,3,0,4,0.001,4,0.001,0,0
584;604_400-800m,1855_400-800m,0,0,0,0,1,0,1,0,2,0.001,1,0.001
584;604_400-800m,187;204_0-400m,0,0,0,0,3,0,0,0,0,0,0,0
584;604_400-800m,187;204_400-800m,0,0,0,0,0,0,0,0,0,0,0,0
584;604_400-800m,661;674_0-400m,0,0,0,0,3,0,1,0,0,0,0,0
584;604_400-800m,661;674_400-800m,0,0,0,0,0,0,0,0,2,0.001,0,0
584;604_400-800m,184;207_0-400m,0,0,0,0,2,0,1,0,0,0,0,0
584;604_400-800m,184;207_400-800m,0,0,0,0,1,0,2,0,1,0,1,0.001
584;604_400-800m,657;678_0-400m,0,0,2,0.001,2,0,3,0.001,2,0.001,1,0.001
584;604_400-800m,657;678_400-800m,0,0,0,0,0,0,0,0,0,0,0,0
584;604_400-800m,656;679_0-400m,0,0,1,0,4,0.001,0,0,0,0,0,0
584;604_400-800m,656;679_400-800m,0,0,0,0,0,0,0,0,0,0,0,0
584;604_400-800m,1383;1461;1384_0-400m,0,0,1,0,5,0.001,4,0.001,2,0.001,2,0.002
584;604_400-800m,1383;1461;1384_400-800m,2,0.006,2,0.001,5,0.001,3,0.001,4,0.001,3,0.004
584;604_400-800m,665;670_0-400m,0,0,0,0,6,0.001,2,0,3,0.001,0,0
584;604_400-800m,665;670_400-800m,0,0,0,0,0,0,0,0,0,0,0,0
584;604_400-800m,659;676;675_0-400m,1,0.003,0,0,3,0,1,0,1,0,1,0.001
584;604_400-800m,659;676;675_400-800m,0,0,0,0,0,0,0,0,0,0,0,0
584;604_400-800m,664;671_0-400m,2,0.006,0,0,1,0,1,0,3,0.001,1,0.001
584;604_400-800m,664;671_400-800m,0,0,1,0,1,0,0,0,1,0,2,0.002
584;604_400-800m,185;206_0-400m,0,0,0,0,1,0,0,0,1,0,1,0.001
584;604_400-800m,185;206_400-800m,0,0,0,0,3,0,1,0,1,0,0,0
584;604_400-800m,662;673_0-400m,0,0,4,0.001,4,0.001,4,0.001,2,0.001,2,0.002
584;604_400-800m,662;673_400-800m,0,0,0,0,7,0.001,7,0.002,1,0,1,0.001
584;604_400-800m,1385;1459_0-400m,0,0,8,0.003,11,0.001,2,0,4,0.001,0,0
584;604_400-800m,1385;1459_400-800m,0,0,1,0,3,0,1,0,0,0,0,0
584;604_400-800m,658;677_0-400m,0,0,0,0,3,0,2,0,1,0,0,0
584;604_400-800m,658;677_400-800m,0,0,0,0,0,0,0,0,0,0,0,0
584;604_400-800m,663;672_0-400m,0,0,0,0,10,0.001,5,0.001,1,0,1,0.001
584;604_400-800m,663;672_400-800m,0,0,0,0,1,0,0,0,0,0,0,0
584;604_400-800m,183;209_0-400m,6,0.018,5,0.002,5,0.001,2,0,0,0,0,0
584;604_400-800m,183;209_400-800m,0,0,1,0,0,0,1,0,0,0,0,0
584;604_400-800m,186;205_0-400m,0,0,1,0,3,0,1,0,0,0,0,0
584;604_400-800m,186;205_400-800m,0,0,0,0,0,0,0,0,0,0,0,0
584;604_400-800m,188;203_0-400m,0,0,3,0.001,8,0.001,4,0.001,2,0.001,0,0
584;604_400-800m,188;203_400-800m,0,0,3,0.001,9,0.001,2,0,1,0,0,0
584;604_400-800m,388;823_0-400m,0,0,0,0,22,0.003,17,0.004,9,0.002,0,0
584;604_400-800m,388;823_400-800m,0,0,4,0.001,4,0.001,13,0.003,1,0,0,0
584;604_400-800m,1386;95_0-400m,1,0.003,8,0.003,8,0.001,1,0,5,0.001,1,0.001
584;604_400-800m,1386;95_400-800m,0,0,1,0,1,0,1,0,1,0,0,0
584;604_400-800m,Orange_0-400m,18,0.055,29,0.011,54,0.007,20,0.004,27,0.007,3,0.004
584;604_400-800m,Blue_0-400m,3,0.009,31,0.011,56,0.007,28,0.006,24,0.006,5,0.006
584;604_400-800m,Green_0-400m,1,0.003,6,0.002,14,0.002,8,0.002,6,0.002,4,0.005
584;604_400-800m,Orange_400-800m,0,0,2,0.001,17,0.002,7,0.002,7,0.002,3,0.004
584;604_400-800m,Blue_400-800m,3,0.009,18,0.007,43,0.005,25,0.005,18,0.005,6,0.007
584;604_400-800m,Green_400-800m,1,0.003,2,0.001,7,0.001,6,0.001,4,0.001,0,0
584;604_400-800m,External,191,0.582,835,0.307,1401,0.178,738,0.162,715,0.183,144,0.179
1139;1149_0-400m,415;448_0-400m,0,0,2,0.001,6,0.001,2,0,4,0.001,0,0
1139;1149_0-400m,415;448_400-800m,0,0,0,0,2,0,2,0,1,0,0,0
1139;1149_0-400m,408;455_0-400m,0,0,0,0,2,0,1,0,1,0,1,0.001
1139;1149_0-400m,408;455_400-800m,1,0.003,0,0,5,0.001,2,0,0,0,0,0
1139;1149_0-400m,412;451_0-400m,0,0,0,0,0,0,0,0,0,0,0,0
1139;1149_0-400m,412;451_400-800m,1,0.003,1,0,4,0.001,2,0,1,0,1,0.001
1139;1149_0-400m,416;447_0-400m,0,0,0,0,5,0.001,2,0,3,0.001,2,0.002
1139;1149_0-400m,416;447_400-800m,1,0.003,1,0,6,0.001,7,0.002,3,0.001,2,0.002
1139;1149_0-400m,410;452_0-400m,0,0,3,0.001,3,0,0,0,0,0,0,0
1139;1149_0-400m,410;452_400-800m,1,0.003,0,0,2,0,2,0,3,0.001,1,0.001
1139;1149_0-400m,414;449_0-400m,1,0.003,0,0,2,0,2,0,1,0,1,0.001
1139;1149_0-400m,414;449_400-800m,0,0,2,0.001,6,0.001,1,0,4,0.001,2,0.002
1139;1149_0-400m,407;456_0-400m,0,0,0,0,2,0,0,0,0,0,0,0
1139;1149_0-400m,407;456_400-800m,0,0,2,0.001,1,0,1,0,0,0,1,0.001
1139;1149_0-400m,413;450_0-400m,0,0,0,0,4,0.001,0,0,4,0.001,0,0
1139;1149_0-400m,413;450_400-800m,1,0.003,0,0,3,0,2,0,3,0.001,1,0.001
1139;1149_0-400m,419;444;420_0-400m,0,0,6,0.002,23,0.003,9,0.002,12,0.003,5,0.006
1139;1149_0-400m,419;444;420_400-800m,0,0,1,0,4,0.001,3,0.001,4,0.001,2,0.002
1139;1149_0-400m,417;445_0-400m,0,0,1,0,5,0.001,1,0,1,0,1,0.001
1139;1149_0-400m,417;445_400-800m,0,0,4,0.001,2,0,4,0.001,2,0.001,6,0.007
1139;1149_0-400m,405;457_0-400m,0,0,3,0.001,6,0.001,0,0,0,0,1,0.001
1139;1149_0-400m,405;457_400-800m,0,0,1,0,1,0,0,0,0,0,0,0
1139;1149_0-400m,404;459_0-400m,0,0,7,0.003,5,0.001,1,0,7,0.002,0,0
1139;1149_0-400m,404;459_400-800m,0,0,5,0.002,20,0.003,3,0.001,6,0.002,0,0
1139;1149_0-400m,421;442_0-400m,2,0.006,9,0.003,31,0.004,9,0.002,16,0.004,5,0.006
1139;1149_0-400m,421;442_400-800m,0,0,3,0.001,6,0.001,6,0.001,6,0.002,4,0.005
1139;1149_0-400m,196;24;1508_0-400m,0,0,2,0.001,16,0.002,8,0.002,9,0.002,3,0.004
1139;1149_0-400m,196;24;1508_400-800m,0,0,1,0,7,0.001,1,0,0,0,0,0
1139;1149_0-400m,409;453_0-400m,0,0,0,0,3,0,3,0.001,3,0.001,1,0.001
1139;1149_0-400m,409;453_400-800m,0,0,1,0,3,0,1,0,2,0.001,0,0
1139;1149_0-400m,1503_0-400m,4,0.012,15,0.006,25,0.003,10,0.002,11,0.003,5,0.006
1139;1149_0-400m,1503_400-800m,0,0,3,0.001,4,0.001,2,0,3,0.001,0,0
1139;1149_0-400m,1125;1163;1162_0-400m,0,0,2,0.001,11,0.001,4,0.001,4,0.001,2,0.002
1139;1149_0-400m,1125;1163;1162_400-800m,0,0,0,0,1,0,0,0,0,0,0,0
1139;1149_0-400m,1134;1153_0-400m,0,0,0,0,6,0.001,0,0,1,0,1,0.001
1139;1149_0-400m,1134;1153_400-800m,1,0.003,4,0.001,2,0,5,0.001,6,0.002,1,0.001
1139;1149_0-400m,21;28;1612_0-400m,3,0.009,14,0.005,16,0.002,14,0.003,17,0.004,10,0.012
1139;1149_0-400m,21;28;1612_400-800m,2,0.006,6,0.002,21,0.003,10,0.002,4,0.001,5,0.006
1139;1149_0-400m,1131;1158_0-400m,0,0,3,0.001,18,0.002,13,0.003,13,0.003,0,0
1139;1149_0-400m,1131;1158_400-800m,0,0,1,0,2,0,4,0.001,0,0,0,0
1139;1149_0-400m,1135;1152_0-400m,0,0,6,0.002,14,0.002,11,0.002,16,0.004,1,0.001
1139;1149_0-400m,1135;1152_400-800m,0,0,0,0,0,0,0,0,0,0,0,0
1139;1149_0-400m,584;604_0-400m,2,0.006,4,0.001,26,0.003,15,0.003,8,0.002,6,0.007
1139;1149_0-400m,584;604_400-800m,0,0,6,0.002,17,0.002,8,0.002,10,0.003,1,0.001
1139;1149_0-400m,1139;1149_0-400m,1,0.003,10,0.004,45,0.006,12,0.003,34,0.009,9,0.011
1139;1149_0-400m,1139;1149_400-800m,0,0,1,0,1,0,2,0,1,0,0,0
1139;1149_0-400m,1138;1150;1137_0-400m,0,0,5,0.002,33,0.004,14,0.003,19,0.005,4,0.005
1139;1149_0-400m,1138;1150;1137_400-800m,0,0,0,0,1,0,2,0,5,0.001,1,0.001
1139;1149_0-400m,1124;1164_0-400m,0,0,7,0.003,28,0.004,10,0.002,8,0.002,2,0.002
1139;1149_0-400m,1124;1164_400-800m,1,0.003,4,0.001,22,0.003,11,0.002,3,0.001,0,0
1139;1149_0-400m,343;349_0-400m,0,0,9,0.003,27,0.003,7,0.002,20,0.005,2,0.002
1139;1149_0-400m,343;349_400-800m,0,0,5,0.002,7,0.001,2,0,0,0,0,0
1139;1149_0-400m,1136;1151_0-400m,0,0,6,0.002,6,0.001,9,0.002,12,0.003,3,0.004
1139;1149_0-400m,1136;1151_400-800m,0,0,0,0,6,0.001,2,0,1,0,0,0
1139;1149_0-400m,342;350_0-400m,1,0.003,4,0.001,34,0.004,19,0.004,24,0.006,5,0.006
1139;1149_0-400m,342;350_400-800m,0,0,1,0,3,0,1,0,6,0.002,3,0.004
1139;1149_0-400m,1141;1147_0-400m,1,0.003,7,0.003,22,0.003,14,0.003,13,0.003,4,0.005
1139;1149_0-400m,1141;1147_400-800m,0,0,0,0,1,0,0,0,0,0,0,0
1139;1149_0-400m,1132;1155;1156_0-400m,0,0,3,0.001,19,0.002,11,0.002,22,0.006,1,0.001
1139;1149_0-400m,1132;1155;1156_400-800m,0,0,3,0.001,4,0.001,4,0.001,3,0.001,0,0
1139;1149_0-400m,1133;1154_0-400m,0,0,2,0.001,8,0.001,9,0.002,7,0.002,3,0.004
1139;1149_0-400m,1133;1154_400-800m,0,0,4,0.001,4,0.001,4,0.001,3,0.001,0,0
1139;1149_0-400m,1130;1159;1160_0-400m,6,0.018,19,0.007,52,0.007,36,0.008,30,0.008,5,0.006
1139;1149_0-400m,1130;1159;1160_400-800m,0,0,1,0,1,0,0,0,1,0,0,0
1139;1149_0-400m,345;347_0-400m,1,0.003,5,0.002,20,0.003,12,0.003,17,0.004,3,0.004
1139;1149_0-400m,345;347_400-800m,1,0.003,10,0.004,35,0.004,21,0.005,25,0.006,12,0.015
1139;1149_0-400m,344;348_0-400m,0,0,3,0.001,17,0.002,11,0.002,10,0.003,2,0.002
1139;1149_0-400m,344;348_400-800m,4,0.012,8,0.003,20,0.003,8,0.002,7,0.002,1,0.001
1139;1149_0-400m,1140;1148_0-400m,1,0.003,8,0.003,18,0.002,9,0.002,13,0.003,5,0.006
1139;1149_0-400m,1140;1148_400-800m,0,0,2,0.001,7,0.001,8,0.002,12,0.003,4,0.005
1139;1149_0-400m,1127;1161_0-400m,2,0.006,3,0.001,26,0.003,19,0.004,19,0.005,4,0.005
1139;1149_0-400m,1127;1161_400-800m,0,0,2,0.001,1,0,0,0,0,0,0,0
1139;1149_0-400m,1855_0-400m,0,0,1,0,10,0.001,9,0.002,7,0.002,1,0.001
1139;1149_0-400m,1855_400-800m,0,0,0,0,2,0,0,0,0,0,0,0
1139;1149_0-400m,187;204_0-400m,0,0,0,0,1,0,1,0,1,0,1,0.001
1139;1149_0-400m,187;204_400-800m,0,0,0,0,0,0,0,0,0,0,0,0
1139;1149_0-400m,661;674_0-400m,0,0,1,0,1,0,1,0,1,0,0,0
1139;1149_0-400m,661;674_400-800m,0,0,1,0,1,0,0,0,0,0,0,0
1139;1149_0-400m,184;207_0-400m,0,0,0,0,3,0,0,0,3,0.001,0,0
1139;1149_0-400m,184;207_400-800m,1,0.003,5,0.002,7,0.001,2,0,3,0.001,0,0
1139;1149_0-400m,657;678_0-400m,1,0.003,0,0,2,0,2,0,2,0.001,0,0
1139;1149_0-400m,657;678_400-800m,0,0,0,0,0,0,0,0,0,0,0,0
1139;1149_0-400m,656;679_0-400m,0,0,0,0,1,0,1,0,0,0,0,0
1139;1149_0-400m,656;679_400-800m,0,0,0,0,0,0,0,0,0,0,0,0
1139;1149_0-400m,1383;1461;1384_0-400m,0,0,3,0.001,6,0.001,2,0,2,0.001,0,0
1139;1149_0-400m,1383;1461;1384_400-800m,2,0.006,7,0.003,3,0,1,0,3,0.001,3,0.004
1139;1149_0-400m,665;670_0-400m,0,0,1,0,1,0,6,0.001,0,0,1,0.001
1139;1149_0-400m,665;670_400-800m,0,0,1,0,1,0,2,0,0,0,0,0
1139;1149_0-400m,659;676;675_0-400m,0,0,1,0,4,0.001,4,0.001,3,0.001,0,0
1139;1149_0-400m,659;676;675_400-800m,0,0,1,0,1,0,0,0,0,0,0,0
1139;1149_0-400m,664;671_0-400m,0,0,2,0.001,6,0.001,2,0,2,0.001,0,0
1139;1149_0-400m,664;671_400-800m,0,0,0,0,3,0,0,0,0,0,2,0.002
1139;1149_0-400m,185;206_0-400m,0,0,3,0.001,2,0,1,0,1,0,1,0.001
1139;1149_0-400m,185;206_400-800m,0,0,0,0,2,0,0,0,0,0,0,0
1139;1149_0-400m,662;673_0-400m,0,0,4,0.001,9,0.001,3,0.001,2,0.001,2,0.002
1139;1149_0-400m,662;673_400-800m,1,0.003,5,0.002,6,0.001,5,0.001,2,0.001,0,0
1139;1149_0-400m,1385;1459_0-400m,0,0,8,0.003,7,0.001,3,0.001,4,0.001,2,0.002
1139;1149_0-400m,1385;1459_400-800m,0,0,1,0,2,0,1,0,1,0,1,0.001
1139;1149_0-400m,658;677_0-400m,0,0,1,0,2,0,2,0,1,0,0,0
1139;1149_0-400m,658;677_400-800m,0,0,0,0,0,0,0,0,0,0,0,0
1139;1149_0-400m,663;672_0-400m,0,0,3,0.001,11,0.001,0,0,0,0,0,0
1139;1149_0-400m,663;672_400-800m,0,0,4,0.001,2,0,1,0,0,0,0,0
1139;1149_0-400m,183;209_0-400m,0,0,2,0.001,1,0,2,0,0,0,0,0
1139;1149_0-400m,183;209_400-800m,0,0,4,0.001,3,0,0,0,3,0.001,0,0
1139;1149_0-400m,186;205_0-400m,0,0,0,0,1,0,1,0,0,0,0,0
1139;1149_0-400m,186;205_400-800m,0,0,0,0,0,0,0,0,0,0,0,0
1139;1149_0-400m,188;203_0-400m,0,0,1,0,7,0.001,4,0.001,3,0.001,2,0.002
1139;1149_0-400m,188;203_400-800m,0,0,6,0.002,5,0.001,2,0,2,0.001,4,0.005
1139;1149_0-400m,388;823_0-400m,0,0,9,0.003,25,0.003,16,0.004,16,0.004,1,0.001
1139;1149_0-400m,388;823_400-800m,0,0,3,0.001,5,0.001,3,0.001,3,0.001,0,0
1139;1149_0-400m,1386;95_0-400m,0,0,7,0.003,6,0.001,7,0.002,4,0.001,1,0.001
1139;1149_0-400m,1386;95_400-800m,0,0,1,0,2,0,0,0,1,0,2,0.002
1139;1149_0-400m,Orange_0-400m,7,0.021,9,0.003,47,0.006,18,0.004,14,0.004,5,0.006
1139;1149_0-400m,Blue_0-400m,2,0.006,25,0.009,46,0.006,18,0.004,17,0.004,5,0.006
1139;1149_0-400m,Green_0-400m,0,0,2,0.001,6,0.001,8,0.002,14,0.004,1,0.001
1139;1149_0-400m,Orange_400-800m,3,0.009,1,0,6,0.001,7,0.002,9,0.002,1,0.001
1139;1149_0-400m,Blue_400-800m,1,0.003,13,0.005,29,0.004,19,0.004,22,0.006,8,0.01
1139;1149_0-400m,Green_400-800m,2,0.006,4,0.001,14,0.002,5,0.001,4,0.001,0,0
1139;1149_0-400m,External,135,0.411,745,0.274,1075,0.136,565,0.124,527,0.135,119,0.148
1139;1149_400-800m,415;448_0-400m,0,0,1,0,0,0,3,0.001,2,0.001,0,0
1139;1149_400-800m,415;448_400-800m,0,0,1,0,0,0,0,0,0,0,0,0
1139;1149_400-800m,408;455_0-400m,0,0,0,0,0,0,0,0,0,0,0,0
1139;1149_400-800m,408;455_400-800m,0,0,0,0,0,0,0,0,0,0,0,0
1139;1149_400-800m,412;451_0-400m,0,0,0,0,0,0,0,0,0,0,0,0
1139;1149_400-800m,412;451_400-800m,0,0,0,0,0,0,1,0,1,0,0,0
1139;1149_400-800m,416;447_0-400m,0,0,1,0,1,0,0,0,0,0,1,0.001
1139;1149_400-800m,416;447_400-800m,0,0,1,0,3,0,0,0,0,0,0,0
1139;1149_400-800m,410;452_0-400m,0,0,0,0,1,0,0,0,0,0,0,0
1139;1149_400-800m,410;452_400-800m,0,0,0,0,0,0,0,0,0,0,0,0
1139;1149_400-800m,414;449_0-400m,0,0,0,0,0,0,0,0,0,0,0,0
1139;1149_400-800m,414;449_400-800m,0,0,0,0,1,0,0,0,1,0,0,0
1139;1149_400-800m,407;456_0-400m,0,0,0,0,0,0,0,0,0,0,0,0
1139;1149_400-800m,407;456_400-800m,0,0,0,0,0,0,0,0,0,0,0,0
1139;1149_400-800m,413;450_0-400m,0,0,0,0,1,0,0,0,0,0,0,0
1139;1149_400-800m,413;450_400-800m,0,0,1,0,0,0,0,0,0,0,0,0
1139;1149_400-800m,419;444;420_0-400m,0,0,0,0,3,0,1,0,1,0,1,0.001
1139;1149_400-800m,419;444;420_400-800m,0,0,0,0,1,0,0,0,0,0,0,0
1139;1149_400-800m,417;445_0-400m,0,0,2,0.001,2,0,0,0,0,0,0,0
1139;1149_400-800m,417;445_400-800m,0,0,0,0,0,0,2,0,3,0.001,0,0
1139;1149_400-800m,405;457_0-400m,0,0,0,0,0,0,0,0,0,0,0,0
1139;1149_400-800m,405;457_400-800m,0,0,0,0,0,0,0,0,0,0,0,0
1139;1149_400-800m,404;459_0-400m,0,0,1,0,3,0,1,0,0,0,0,0
1139;1149_400-800m,404;459_400-800m,0,0,0,0,0,0,1,0,1,0,1,0.001
1139;1149_400-800m,421;442_0-400m,0,0,2,0.001,2,0,2,0,1,0,0,0
1139;1149_400-800m,421;442_400-800m,0,0,1,0,1,0,0,0,1,0,0,0
1139;1149_400-800m,196;24;1508_0-400m,0,0,1,0,1,0,2,0,1,0,1,0.001
1139;1149_400-800m,196;24;1508_400-800m,0,0,0,0,0,0,0,0,0,0,0,0
1139;1149_400-800m,409;453_0-400m,0,0,0,0,0,0,2,0,1,0,0,0
1139;1149_400-800m,409;453_400-800m,0,0,0,0,1,0,0,0,0,0,0,0
1139;1149_400-800m,1503_0-400m,0,0,3,0.001,7,0.001,1,0,2,0.001,1,0.001
1139;1149_400-800m,1503_400-800m,0,0,1,0,0,0,0,0,0,0,0,0
1139;1149_400-800m,1125;1163;1162_0-400m,0,0,0,0,0,0,1,0,1,0,0,0
1139;1149_400-800m,1125;1163;1162_400-800m,0,0,0,0,0,0,0,0,0,0,0,0
1139;1149_400-800m,1134;1153_0-400m,0,0,0,0,0,0,0,0,0,0,0,0
1139;1149_400-800m,1134;1153_400-800m,0,0,0,0,0,0,1,0,1,0,0,0
1139;1149_400-800m,21;28;1612_0-400m,0,0,1,0,2,0,2,0,1,0,0,0
1139;1149_400-800m,21;28;1612_400-800m,0,0,1,0,1,0,0,0,1,0,1,0.001
1139;1149_400-800m,1131;1158_0-400m,0,0,0,0,1,0,2,0,4,0.001,0,0
1139;1149_400-800m,1131;1158_400-800m,0,0,0,0,0,0,0,0,0,0,0,0
1139;1149_400-800m,1135;1152_0-400m,0,0,1,0,4,0.001,4,0.001,0,0,0,0
1139;1149_400-800m,1135;1152_400-800m,0,0,0,0,0,0,0,0,0,0,0,0
1139;1149_400-800m,584;604_0-400m,0,0,2,0.001,0,0,2,0,2,0.001,0,0
1139;1149_400-800m,584;604_400-800m,0,0,3,0.001,1,0,1,0,1,0,0,0
1139;1149_400-800m,1139;1149_0-400m,0,0,3,0.001,0,0,5,0.001,6,0.002,1,0.001
1139;1149_400-800m,1139;1149_400-800m,0,0,0,0,3,0,0,0,3,0.001,1,0.001
1139;1149_400-800m,1138;1150;1137_0-400m,0,0,1,0,4,0.001,2,0,4,0.001,0,0
1139;1149_400-800m,1138;1150;1137_400-800m,0,0,0,0,0,0,1,0,0,0,0,0
1139;1149_400-800m,1124;1164_0-400m,0,0,3,0.001,3,0,1,0,0,0,1,0.001
1139;1149_400-800m,1124;1164_400-800m,0,0,0,0,2,0,2,0,0,0,0,0
1139;1149_400-800m,343;349_0-400m,0,0,3,0.001,6,0.001,1,0,1,0,1,0.001
1139;1149_400-800m,343;349_400-800m,0,0,0,0,3,0,0,0,0,0,1,0.001
1139;1149_400-800m,1136;1151_0-400m,0,0,2,0.001,5,0.001,3,0.001,3,0.001,1,0.001
1139;1149_400-800m,1136;1151_400-800m,0,0,1,0,1,0,0,0,1,0,1,0.001
1139;1149_400-800m,342;350_0-400m,0,0,0,0,1,0,4,0.001,0,0,2,0.002
1139;1149_400-800m,342;350_400-800m,0,0,0,0,0,0,0,0,0,0,0,0
1139;1149_400-800m,1141;1147_0-400m,0,0,1,0,3,0,2,0,1,0,0,0
1139;1149_400-800m,1141;1147_400-800m,0,0,0,0,0,0,1,0,0,0,0,0
1139;1149_400-800m,1132;1155;1156_0-400m,0,0,0,0,2,0,4,0.001,1,0,0,0
1139;1149_400-800m,1132;1155;1156_400-800m,0,0,0,0,0,0,0,0,0,0,0,0
1139;1149_400-800m,1133;1154_0-400m,0,0,0,0,0,0,0,0,0,0,0,0
1139;1149_400-800m,1133;1154_400-800m,0,0,1,0,1,0,0,0,0,0,0,0
1139;1149_400-800m,1130;1159;1160_0-400m,0,0,0,0,7,0.001,7,0.002,5,0.001,0,0
1139;1149_400-800m,1130;1159;1160_400-800m,0,0,0,0,0,0,0,0,0,0,0,0
1139;1149_400-800m,345;347_0-400m,0,0,0,0,2,0,0,0,2,0.001,1,0.001
1139;1149_400-800m,345;347_400-800m,0,0,0,0,5,0.001,2,0,4,0.001,1,0.001
1139;1149_400-800m,344;348_0-400m,0,0,0,0,4,0.001,3,0.001,0,0,1,0.001
1139;1149_400-800m,344;348_400-800m,0,0,0,0,5,0.001,1,0,3,0.001,2,0.002
1139;1149_400-800m,1140;1148_0-400m,0,0,0,0,0,0,2,0,0,0,0,0
1139;1149_400-800m,1140;1148_400-800m,0,0,1,0,2,0,0,0,2,0.001,1,0.001
1139;1149_400-800m,1127;1161_0-400m,0,0,4,0.001,4,0.001,2,0,0,0,0,0
1139;1149_400-800m,1127;1161_400-800m,0,0,2,0.001,0,0,0,0,0,0,0,0
1139;1149_400-800m,1855_0-400m,0,0,0,0,2,0,1,0,1,0,0,0
1139;1149_400-800m,1855_400-800m,0,0,0,0,0,0,0,0,0,0,0,0
1139;1149_400-800m,187;204_0-400m,0,0,0,0,0,0,0,0,3,0.001,0,0
1139;1149_400-800m,187;204_400-800m,0,0,0,0,5,0.001,1,0,0,0,0,0
1139;1149_400-800m,661;674_0-400m,0,0,0,0,0,0,1,0,0,0,1,0.001
1139;1149_400-800m,661;674_400-800m,0,0,0,0,0,0,0,0,0,0,0,0
1139;1149_400-800m,184;207_0-400m,0,0,0,0,4,0.001,1,0,0,0,1,0.001
1139;1149_400-800m,184;207_400-800m,0,0,0,0,2,0,0,0,1,0,0,0
1139;1149_400-800m,657;678_0-400m,0,0,0,0,1,0,2,0,3,0.001,0,0
1139;1149_400-800m,657;678_400-800m,0,0,1,0,0,0,0,0,0,0,0,0
1139;1149_400-800m,656;679_0-400m,0,0,0,0,0,0,0,0,1,0,0,0
1139;1149_400-800m,656;679_400-800m,0,0,0,0,0,0,0,0,0,0,0,0
1139;1149_400-800m,1383;1461;1384_0-400m,0,0,0,0,0,0,0,0,0,0,0,0
1139;1149_400-800m,1383;1461;1384_400-800m,0,0,0,0,3,0,2,0,1,0,0,0
1139;1149_400-800m,665;670_0-400m,0,0,1,0,0,0,0,0,0,0,0,0
1139;1149_400-800m,665;670_400-800m,0,0,0,0,0,0,0,0,0,0,0,0
1139;1149_400-800m,659;676;675_0-400m,0,0,0,0,0,0,1,0,0,0,0,0
1139;1149_400-800m,659;676;675_400-800m,0,0,0,0,1,0,0,0,0,0,0,0
1139;1149_400-800m,664;671_0-400m,0,0,0,0,1,0,1,0,0,0,0,0
1139;1149_400-800m,664;671_400-800m,0,0,0,0,0,0,0,0,1,0,0,0
1139;1149_400-800m,185;206_0-400m,0,0,0,0,0,0,0,0,2,0.001,0,0
1139;1149_400-800m,185;206_400-800m,0,0,0,0,0,0,0,0,0,0,0,0
1139;1149_400-800m,662;673_0-400m,0,0,1,0,0,0,0,0,2,0.001,0,0
1139;1149_400-800m,662;673_400-800m,0,0,1,0,1,0,0,0,0,0,0,0
1139;1149_400-800m,1385;1459_0-400m,0,0,3,0.001,0,0,1,0,0,0,0,0
1139;1149_400-800m,1385;1459_400-800m,0,0,0,0,0,0,1,0,0,0,0,0
1139;1149_400-800m,658;677_0-400m,0,0,1,0,0,0,0,0,0,0,0,0
1139;1149_400-800m,658;677_400-800m,0,0,0,0,0,0,0,0,0,0,0,0
1139;1149_400-800m,663;672_0-400m,0,0,0,0,0,0,0,0,0,0,0,0
1139;1149_400-800m,663;672_400-800m,0,0,0,0,0,0,0,0,0,0,0,0
1139;1149_400-800m,183;209_0-400m,0,0,0,0,3,0,0,0,1,0,0,0
1139;1149_400-800m,183;209_400-800m,0,0,0,0,1,0,0,0,0,0,0,0
1139;1149_400-800m,186;205_0-400m,0,0,0,0,0,0,1,0,2,0.001,0,0
1139;1149_400-800m,186;205_400-800m,0,0,0,0,0,0,0,0,0,0,0,0
1139;1149_400-800m,188;203_0-400m,0,0,1,0,3,0,1,0,0,0,0,0
1139;1149_400-800m,188;203_400-800m,0,0,1,0,3,0,1,0,3,0.001,0,0
1139;1149_400-800m,388;823_0-400m,0,0,1,0,6,0.001,1,0,3,0.001,0,0
1139;1149_400-800m,388;823_400-800m,1,0.003,0,0,1,0,0,0,1,0,1,0.001
1139;1149_400-800m,1386;95_0-400m,0,0,1,0,1,0,0,0,0,0,0,0
1139;1149_400-800m,1386;95_400-800m,0,0,1,0,0,0,0,0,0,0,0,0
1139;1149_400-800m,Orange_0-400m,2,0.006,2,0.001,8,0.001,2,0,4,0.001,1,0.001
1139;1149_400-800m,Blue_0-400m,0,0,4,0.001,8,0.001,2,0,0,0,0,0
1139;1149_400-800m,Green_0-400m,0,0,0,0,0,0,0,0,0,0,0,0
1139;1149_400-800m,Orange_400-800m,0,0,1,0,2,0,0,0,0,0,0,0
1139;1149_400-800m,Blue_400-800m,0,0,1,0,2,0,2,0,3,0.001,1,0.001
1139;1149_400-800m,Green_400-800m,0,0,0,0,3,0,2,0,0,0,0,0
1139;1149_400-800m,External,47,0.143,94,0.035,129,0.016,106,0.023,58,0.015,12,0.015
1138;1150;1137_0-400m,415;448_0-400m,0,0,2,0.001,7,0.001,3,0.001,1,0,0,0
1138;1150;1137_0-400m,415;448_400-800m,0,0,0,0,4,0.001,2,0,1,0,0,0
1138;1150;1137_0-400m,408;455_0-400m,0,0,0,0,2,0,2,0,2,0.001,0,0
1138;1150;1137_0-400m,408;455_400-800m,0,0,1,0,3,0,0,0,3,0.001,0,0
1138;1150;1137_0-400m,412;451_0-400m,1,0.003,3,0.001,3,0,1,0,1,0,1,0.001
1138;1150;1137_0-400m,412;451_400-800m,0,0,2,0.001,10,0.001,6,0.001,7,0.002,1,0.001
1138;1150;1137_0-400m,416;447_0-400m,0,0,1,0,4,0.001,3,0.001,4,0.001,2,0.002
1138;1150;1137_0-400m,416;447_400-800m,0,0,4,0.001,15,0.002,7,0.002,8,0.002,1,0.001
1138;1150;1137_0-400m,410;452_0-400m,0,0,1,0,7,0.001,1,0,4,0.001,1,0.001
1138;1150;1137_0-400m,410;452_400-800m,0,0,1,0,6,0.001,3,0.001,1,0,0,0
1138;1150;1137_0-400m,414;449_0-400m,0,0,0,0,1,0,1,0,1,0,2,0.002
1138;1150;1137_0-400m,414;449_400-800m,2,0.006,3,0.001,8,0.001,1,0,1,0,1,0.001
1138;1150;1137_0-400m,407;456_0-400m,0,0,0,0,4,0.001,0,0,1,0,2,0.002
1138;1150;1137_0-400m,407;456_400-800m,0,0,2,0.001,1,0,2,0,4,0.001,0,0
1138;1150;1137_0-400m,413;450_0-400m,1,0.003,0,0,3,0,0,0,2,0.001,2,0.002
1138;1150;1137_0-400m,413;450_400-800m,0,0,2,0.001,7,0.001,3,0.001,6,0.002,2,0.002
1138;1150;1137_0-400m,419;444;420_0-400m,2,0.006,9,0.003,22,0.003,6,0.001,10,0.003,5,0.006
1138;1150;1137_0-400m,419;444;420_400-800m,0,0,2,0.001,8,0.001,3,0.001,4,0.001,3,0.004
1138;1150;1137_0-400m,417;445_0-400m,0,0,4,0.001,11,0.001,4,0.001,2,0.001,2,0.002
1138;1150;1137_0-400m,417;445_400-800m,0,0,9,0.003,12,0.002,7,0.002,6,0.002,1,0.001
1138;1150;1137_0-400m,405;457_0-400m,0,0,2,0.001,8,0.001,4,0.001,5,0.001,1,0.001
1138;1150;1137_0-400m,405;457_400-800m,0,0,1,0,0,0,1,0,0,0,0,0
1138;1150;1137_0-400m,404;459_0-400m,0,0,4,0.001,5,0.001,10,0.002,7,0.002,0,0
1138;1150;1137_0-400m,404;459_400-800m,1,0.003,3,0.001,9,0.001,9,0.002,8,0.002,1,0.001
1138;1150;1137_0-400m,421;442_0-400m,0,0,8,0.003,24,0.003,11,0.002,14,0.004,0,0
1138;1150;1137_0-400m,421;442_400-800m,0,0,5,0.002,9,0.001,5,0.001,7,0.002,3,0.004
1138;1150;1137_0-400m,196;24;1508_0-400m,0,0,6,0.002,23,0.003,7,0.002,8,0.002,1,0.001
1138;1150;1137_0-400m,196;24;1508_400-800m,0,0,0,0,3,0,2,0,2,0.001,0,0
1138;1150;1137_0-400m,409;453_0-400m,0,0,0,0,2,0,4,0.001,4,0.001,0,0
1138;1150;1137_0-400m,409;453_400-800m,0,0,2,0.001,3,0,3,0.001,3,0.001,0,0
1138;1150;1137_0-400m,1503_0-400m,0,0,12,0.004,35,0.004,10,0.002,20,0.005,9,0.011
1138;1150;1137_0-400m,1503_400-800m,0,0,0,0,1,0,2,0,4,0.001,1,0.001
1138;1150;1137_0-400m,1125;1163;1162_0-400m,1,0.003,5,0.002,15,0.002,6,0.001,6,0.002,7,0.009
1138;1150;1137_0-400m,1125;1163;1162_400-800m,0,0,0,0,2,0,1,0,0,0,0,0
1138;1150;1137_0-400m,1134;1153_0-400m,0,0,2,0.001,9,0.001,2,0,6,0.002,2,0.002
1138;1150;1137_0-400m,1134;1153_400-800m,0,0,5,0.002,12,0.002,10,0.002,6,0.002,1,0.001
1138;1150;1137_0-400m,21;28;1612_0-400m,1,0.003,17,0.006,33,0.004,22,0.005,14,0.004,5,0.006
1138;1150;1137_0-400m,21;28;1612_400-800m,0,0,4,0.001,19,0.002,16,0.004,10,0.003,2,0.002
1138;1150;1137_0-400m,1131;1158_0-400m,1,0.003,2,0.001,17,0.002,10,0.002,16,0.004,1,0.001
1138;1150;1137_0-400m,1131;1158_400-800m,0,0,1,0,3,0,2,0,1,0,4,0.005
1138;1150;1137_0-400m,1135;1152_0-400m,0,0,7,0.003,35,0.004,23,0.005,13,0.003,1,0.001
1138;1150;1137_0-400m,1135;1152_400-800m,0,0,1,0,3,0,3,0.001,1,0,1,0.001
1138;1150;1137_0-400m,584;604_0-400m,0,0,6,0.002,32,0.004,14,0.003,14,0.004,3,0.004
1138;1150;1137_0-400m,584;604_400-800m,0,0,12,0.004,31,0.004,19,0.004,33,0.008,7,0.009
1138;1150;1137_0-400m,1139;1149_0-400m,0,0,11,0.004,32,0.004,19,0.004,17,0.004,1,0.001
1138;1150;1137_0-400m,1139;1149_400-800m,0,0,0,0,3,0,0,0,2,0.001,1,0.001
1138;1150;1137_0-400m,1138;1150;1137_0-400m,1,0.003,12,0.004,44,0.006,34,0.007,44,0.011,11,0.014
1138;1150;1137_0-400m,1138;1150;1137_400-800m,0,0,1,0,2,0,4,0.001,9,0.002,0,0
1138;1150;1137_0-400m,1124;1164_0-400m,1,0.003,9,0.003,21,0.003,16,0.004,21,0.005,0,0
1138;1150;1137_0-400m,1124;1164_400-800m,1,0.003,8,0.003,47,0.006,20,0.004,16,0.004,5,0.006
1138;1150;1137_0-400m,343;349_0-400m,1,0.003,6,0.002,32,0.004,11,0.002,20,0.005,7,0.009
1138;1150;1137_0-400m,343;349_400-800m,0,0,1,0,2,0,5,0.001,5,0.001,0,0
1138;1150;1137_0-400m,1136;1151_0-400m,0,0,1,0,14,0.002,15,0.003,25,0.006,8,0.01
1138;1150;1137_0-400m,1136;1151_400-800m,0,0,1,0,7,0.001,4,0.001,1,0,0,0
1138;1150;1137_0-400m,342;350_0-400m,0,0,9,0.003,34,0.004,31,0.007,27,0.007,5,0.006
1138;1150;1137_0-400m,342;350_400-800m,0,0,5,0.002,7,0.001,5,0.001,10,0.003,2,0.002
1138;1150;1137_0-400m,1141;1147_0-400m,1,0.003,5,0.002,27,0.003,17,0.004,18,0.005,2,0.002
1138;1150;1137_0-400m,1141;1147_400-800m,0,0,0,0,3,0,1,0,0,0,0,0
1138;1150;1137_0-400m,1132;1155;1156_0-400m,0,0,3,0.001,26,0.003,14,0.003,21,0.005,2,0.002
1138;1150;1137_0-400m,1132;1155;1156_400-800m,0,0,1,0,3,0,3,0.001,4,0.001,0,0
1138;1150;1137_0-400m,1133;1154_0-400m,0,0,3,0.001,8,0.001,3,0.001,10,0.003,2,0.002
1138;1150;1137_0-400m,1133;1154_400-800m,0,0,2,0.001,6,0.001,1,0,8,0.002,3,0.004
1138;1150;1137_0-400m,1130;1159;1160_0-400m,1,0.003,18,0.007,74,0.009,34,0.007,37,0.009,4,0.005
1138;1150;1137_0-400m,1130;1159;1160_400-800m,0,0,0,0,1,0,1,0,0,0,0,0
1138;1150;1137_0-400m,345;347_0-400m,0,0,12,0.004,27,0.003,17,0.004,25,0.006,2,0.002
1138;1150;1137_0-400m,345;347_400-800m,1,0.003,11,0.004,43,0.005,36,0.008,29,0.007,5,0.006
1138;1150;1137_0-400m,344;348_0-400m,0,0,2,0.001,26,0.003,17,0.004,15,0.004,0,0
1138;1150;1137_0-400m,344;348_400-800m,1,0.003,10,0.004,18,0.002,17,0.004,14,0.004,5,0.006
1138;1150;1137_0-400m,1140;1148_0-400m,2,0.006,8,0.003,20,0.003,23,0.005,17,0.004,3,0.004
1138;1150;1137_0-400m,1140;1148_400-800m,3,0.009,7,0.003,11,0.001,6,0.001,13,0.003,5,0.006
1138;1150;1137_0-400m,1127;1161_0-400m,1,0.003,9,0.003,53,0.007,20,0.004,27,0.007,4,0.005
1138;1150;1137_0-400m,1127;1161_400-800m,0,0,1,0,3,0,1,0,1,0,0,0
1138;1150;1137_0-400m,1855_0-400m,0,0,1,0,14,0.002,6,0.001,5,0.001,0,0
1138;1150;1137_0-400m,1855_400-800m,0,0,0,0,1,0,0,0,1,0,1,0.001
1138;1150;1137_0-400m,187;204_0-400m,0,0,1,0,2,0,1,0,1,0,0,0
1138;1150;1137_0-400m,187;204_400-800m,0,0,0,0,1,0,1,0,2,0.001,1,0.001
1138;1150;1137_0-400m,661;674_0-400m,0,0,0,0,0,0,0,0,0,0,0,0
1138;1150;1137_0-400m,661;674_400-800m,1,0.003,0,0,2,0,0,0,0,0,0,0
1138;1150;1137_0-400m,184;207_0-400m,0,0,0,0,4,0.001,1,0,4,0.001,1,0.001
1138;1150;1137_0-400m,184;207_400-800m,0,0,1,0,8,0.001,5,0.001,4,0.001,1,0.001
1138;1150;1137_0-400m,657;678_0-400m,0,0,0,0,5,0.001,3,0.001,2,0.001,1,0.001
1138;1150;1137_0-400m,657;678_400-800m,0,0,0,0,0,0,1,0,0,0,0,0
1138;1150;1137_0-400m,656;679_0-400m,0,0,0,0,3,0,3,0.001,1,0,2,0.002
1138;1150;1137_0-400m,656;679_400-800m,0,0,0,0,1,0,0,0,0,0,0,0
1138;1150;1137_0-400m,1383;1461;1384_0-400m,0,0,6,0.002,6,0.001,5,0.001,4,0.001,1,0.001
1138;1150;1137_0-400m,1383;1461;1384_400-800m,0,0,6,0.002,15,0.002,5,0.001,2,0.001,4,0.005
1138;1150;1137_0-400m,665;670_0-400m,0,0,3,0.001,3,0,0,0,1,0,0,0
1138;1150;1137_0-400m,665;670_400-800m,1,0.003,0,0,1,0,1,0,2,0.001,0,0
1138;1150;1137_0-400m,659;676;675_0-400m,0,0,0,0,2,0,6,0.001,4,0.001,0,0
1138;1150;1137_0-400m,659;676;675_400-800m,0,0,4,0.001,1,0,0,0,1,0,1,0.001
1138;1150;1137_0-400m,664;671_0-400m,0,0,3,0.001,3,0,4,0.001,3,0.001,2,0.002
1138;1150;1137_0-400m,664;671_400-800m,0,0,0,0,6,0.001,2,0,9,0.002,2,0.002
1138;1150;1137_0-400m,185;206_0-400m,0,0,0,0,1,0,1,0,2,0.001,0,0
1138;1150;1137_0-400m,185;206_400-800m,0,0,1,0,1,0,0,0,0,0,0,0
1138;1150;1137_0-400m,662;673_0-400m,0,0,5,0.002,5,0.001,3,0.001,5,0.001,1,0.001
1138;1150;1137_0-400m,662;673_400-800m,0,0,2,0.001,13,0.002,4,0.001,3,0.001,1,0.001
1138;1150;1137_0-400m,1385;1459_0-400m,1,0.003,5,0.002,21,0.003,10,0.002,2,0.001,1,0.001
1138;1150;1137_0-400m,1385;1459_400-800m,0,0,1,0,6,0.001,4,0.001,2,0.001,0,0
1138;1150;1137_0-400m,658;677_0-400m,0,0,2,0.001,4,0.001,4,0.001,1,0,0,0
1138;1150;1137_0-400m,658;677_400-800m,0,0,1,0,0,0,1,0,0,0,0,0
1138;1150;1137_0-400m,663;672_0-400m,0,0,2,0.001,12,0.002,6,0.001,6,0.002,0,0
1138;1150;1137_0-400m,663;672_400-800m,0,0,2,0.001,2,0,3,0.001,1,0,0,0
1138;1150;1137_0-400m,183;209_0-400m,0,0,4,0.001,4,0.001,2,0,1,0,2,0.002
1138;1150;1137_0-400m,183;209_400-800m,3,0.009,1,0,0,0,1,0,1,0,0,0
1138;1150;1137_0-400m,186;205_0-400m,0,0,0,0,2,0,2,0,3,0.001,0,0
1138;1150;1137_0-400m,186;205_400-800m,0,0,0,0,1,0,0,0,0,0,0,0
1138;1150;1137_0-400m,188;203_0-400m,0,0,4,0.001,9,0.001,2,0,4,0.001,2,0.002
1138;1150;1137_0-400m,188;203_400-800m,0,0,2,0.001,9,0.001,2,0,5,0.001,8,0.01
1138;1150;1137_0-400m,388;823_0-400m,0,0,4,0.001,15,0.002,19,0.004,15,0.004,0,0
1138;1150;1137_0-400m,388;823_400-800m,0,0,1,0,5,0.001,2,0,3,0.001,2,0.002
1138;1150;1137_0-400m,1386;95_0-400m,1,0.003,4,0.001,18,0.002,13,0.003,7,0.002,2,0.002
1138;1150;1137_0-400m,1386;95_400-800m,0,0,2,0.001,7,0.001,2,0,2,0.001,0,0
1138;1150;1137_0-400m,Orange_0-400m,11,0.034,6,0.002,48,0.006,24,0.005,22,0.006,9,0.011
1138;1150;1137_0-400m,Blue_0-400m,1,0.003,20,0.007,38,0.005,29,0.006,39,0.01,6,0.007
1138;1150;1137_0-400m,Green_0-400m,0,0,1,0,13,0.002,9,0.002,11,0.003,3,0.004
1138;1150;1137_0-400m,Orange_400-800m,0,0,3,0.001,15,0.002,12,0.003,3,0.001,2,0.002
1138;1150;1137_0-400m,Blue_400-800m,5,0.015,19,0.007,41,0.005,34,0.007,37,0.009,9,0.011
1138;1150;1137_0-400m,Green_400-800m,1,0.003,3,0.001,14,0.002,3,0.001,4,0.001,2,0.002
1138;1150;1137_0-400m,External,105,0.32,822,0.302,1559,0.198,788,0.173,705,0.18,157,0.195
1138;1150;1137_400-800m,415;448_0-400m,0,0,0,0,0,0,0,0,0,0,0,0
1138;1150;1137_400-800m,415;448_400-800m,0,0,0,0,4,0.001,0,0,0,0,0,0
1138;1150;1137_400-800m,408;455_0-400m,0,0,0,0,0,0,0,0,0,0,0,0
1138;1150;1137_400-800m,408;455_400-800m,0,0,0,0,0,0,0,0,0,0,1,0.001
1138;1150;1137_400-800m,412;451_0-400m,0,0,0,0,0,0,0,0,1,0,0,0
1138;1150;1137_400-800m,412;451_400-800m,0,0,0,0,1,0,0,0,1,0,0,0
1138;1150;1137_400-800m,416;447_0-400m,0,0,0,0,0,0,0,0,0,0,0,0
1138;1150;1137_400-800m,416;447_400-800m,0,0,1,0,1,0,0,0,0,0,0,0
1138;1150;1137_400-800m,410;452_0-400m,0,0,0,0,1,0,0,0,0,0,0,0
1138;1150;1137_400-800m,410;452_400-800m,1,0.003,1,0,0,0,0,0,0,0,0,0
1138;1150;1137_400-800m,414;449_0-400m,0,0,0,0,1,0,0,0,0,0,0,0
1138;1150;1137_400-800m,414;449_400-800m,0,0,0,0,0,0,0,0,0,0,0,0
1138;1150;1137_400-800m,407;456_0-400m,0,0,0,0,0,0,0,0,0,0,0,0
1138;1150;1137_400-800m,407;456_400-800m,0,0,0,0,0,0,0,0,1,0,0,0
1138;1150;1137_400-800m,413;450_0-400m,0,0,0,0,1,0,0,0,0,0,0,0
1138;1150;1137_400-800m,413;450_400-800m,0,0,0,0,0,0,1,0,1,0,0,0
1138;1150;1137_400-800m,419;444;420_0-400m,0,0,0,0,1,0,2,0,0,0,0,0
1138;1150;1137_400-800m,419;444;420_400-800m,0,0,0,0,0,0,0,0,0,0,0,0
1138;1150;1137_400-800m,417;445_0-400m,0,0,0,0,0,0,0,0,0,0,0,0
1138;1150;1137_400-800m,417;445_400-800m,0,0,0,0,1,0,1,0,1,0,1,0.001
1138;1150;1137_400-800m,405;457_0-400m,0,0,0,0,0,0,2,0,2,0.001,0,0
1138;1150;1137_400-800m,405;457_400-800m,0,0,3,0.001,0,0,0,0,0,0,0,0
1138;1150;1137_400-800m,404;459_0-400m,0,0,1,0,1,0,0,0,1,0,0,0
1138;1150;1137_400-800m,404;459_400-800m,0,0,0,0,3,0,0,0,0,0,0,0
1138;1150;1137_400-800m,421;442_0-400m,0,0,0,0,6,0.001,0,0,1,0,0,0
1138;1150;1137_400-800m,421;442_400-800m,0,0,1,0,1,0,0,0,1,0,0,0
1138;1150;1137_400-800m,196;24;1508_0-400m,0,0,1,0,4,0.001,0,0,0,0,0,0
1138;1150;1137_400-800m,196;24;1508_400-800m,0,0,0,0,0,0,0,0,0,0,0,0
1138;1150;1137_400-800m,409;453_0-400m,0,0,0,0,0,0,0,0,0,0,0,0
1138;1150;1137_400-800m,409;453_400-800m,0,0,0,0,1,0,0,0,0,0,0,0
1138;1150;1137_400-800m,1503_0-400m,2,0.006,6,0.002,5,0.001,0,0,3,0.001,0,0
1138;1150;1137_400-800m,1503_400-800m,0,0,0,0,0,0,0,0,1,0,0,0
1138;1150;1137_400-800m,1125;1163;1162_0-400m,0,0,0,0,0,0,0,0,0,0,0,0
1138;1150;1137_400-800m,1125;1163;1162_400-800m,0,0,0,0,0,0,0,0,0,0,0,0
1138;1150;1137_400-800m,1134;1153_0-400m,0,0,0,0,1,0,0,0,0,0,0,0
1138;1150;1137_400-800m,1134;1153_400-800m,0,0,0,0,2,0,2,0,1,0,0,0
1138;1150;1137_400-800m,21;28;1612_0-400m,0,0,0,0,3,0,1,0,3,0.001,0,0
1138;1150;1137_400-800m,21;28;1612_400-800m,0,0,0,0,4,0.001,3,0.001,0,0,0,0
1138;1150;1137_400-800m,1131;1158_0-400m,0,0,1,0,3,0,1,0,2,0.001,1,0.001
1138;1150;1137_400-800m,1131;1158_400-800m,0,0,0,0,0,0,0,0,2,0.001,0,0
1138;1150;1137_400-800m,1135;1152_0-400m,0,0,0,0,6,0.001,0,0,1,0,0,0
1138;1150;1137_400-800m,1135;1152_400-800m,0,0,2,0.001,5,0.001,2,0,1,0,0,0
1138;1150;1137_400-800m,584;604_0-400m,0,0,0,0,0,0,1,0,0,0,0,0
1138;1150;1137_400-800m,584;604_400-800m,0,0,2,0.001,2,0,3,0.001,1,0,1,0.001
1138;1150;1137_400-800m,1139;1149_0-400m,0,0,0,0,3,0,0,0,0,0,0,0
1138;1150;1137_400-800m,1139;1149_400-800m,0,0,0,0,0,0,0,0,0,0,0,0
1138;1150;1137_400-800m,1138;1150;1137_0-400m,0,0,1,0,2,0,0,0,6,0.002,1,0.001
1138;1150;1137_400-800m,1138;1150;1137_400-800m,0,0,4,0.001,13,0.002,6,0.001,7,0.002,1,0.001
1138;1150;1137_400-800m,1124;1164_0-400m,0,0,1,0,1,0,2,0,1,0,0,0
1138;1150;1137_400-800m,1124;1164_400-800m,0,0,1,0,2,0,0,0,1,0,0,0
1138;1150;1137_400-800m,343;349_0-400m,1,0.003,3,0.001,1,0,1,0,1,0,0,0
1138;1150;1137_400-800m,343;349_400-800m,0,0,1,0,0,0,0,0,1,0,0,0
1138;1150;1137_400-800m,1136;1151_0-400m,0,0,0,0,2,0,0,0,0,0,0,0
1138;1150;1137_400-800m,1136;1151_400-800m,0,0,0,0,0,0,0,0,0,0,0,0
1138;1150;1137_400-800m,342;350_0-400m,0,0,1,0,1,0,2,0,2,0.001,0,0
1138;1150;1137_400-800m,342;350_400-800m,0,0,0,0,0,0,0,0,0,0,0,0
1138;1150;1137_400-800m,1141;1147_0-400m,0,0,1,0,3,0,0,0,1,0,0,0
1138;1150;1137_400-800m,1141;1147_400-800m,0,0,0,0,0,0,0,0,0,0,0,0
1138;1150;1137_400-800m,1132;1155;1156_0-400m,0,0,1,0,5,0.001,0,0,4,0.001,0,0
1138;1150;1137_400-800m,1132;1155;1156_400-800m,0,0,0,0,0,0,1,0,0,0,0,0
1138;1150;1137_400-800m,1133;1154_0-400m,0,0,0,0,0,0,0,0,0,0,0,0
1138;1150;1137_400-800m,1133;1154_400-800m,0,0,0,0,1,0,0,0,0,0,0,0
1138;1150;1137_400-800m,1130;1159;1160_0-400m,0,0,0,0,4,0.001,3,0.001,2,0.001,1,0.001
1138;1150;1137_400-800m,1130;1159;1160_400-800m,0,0,0,0,0,0,0,0,0,0,0,0
1138;1150;1137_400-800m,345;347_0-400m,0,0,1,0,1,0,1,0,1,0,0,0
1138;1150;1137_400-800m,345;347_400-800m,0,0,1,0,1,0,6,0.001,5,0.001,1,0.001
1138;1150;1137_400-800m,344;348_0-400m,0,0,0,0,0,0,0,0,0,0,0,0
1138;1150;1137_400-800m,344;348_400-800m,0,0,2,0.001,2,0,1,0,2,0.001,0,0
1138;1150;1137_400-800m,1140;1148_0-400m,0,0,1,0,2,0,1,0,0,0,0,0
1138;1150;1137_400-800m,1140;1148_400-800m,0,0,0,0,0,0,0,0,0,0,0,0
1138;1150;1137_400-800m,1127;1161_0-400m,0,0,1,0,7,0.001,0,0,0,0,2,0.002
1138;1150;1137_400-800m,1127;1161_400-800m,0,0,0,0,0,0,0,0,0,0,0,0
1138;1150;1137_400-800m,1855_0-400m,0,0,0,0,2,0,0,0,0,0,0,0
1138;1150;1137_400-800m,1855_400-800m,0,0,0,0,0,0,0,0,0,0,0,0
1138;1150;1137_400-800m,187;204_0-400m,0,0,0,0,0,0,0,0,0,0,0,0
1138;1150;1137_400-800m,187;204_400-800m,0,0,0,0,0,0,0,0,0,0,0,0
1138;1150;1137_400-800m,661;674_0-400m,0,0,0,0,0,0,0,0,0,0,0,0
1138;1150;1137_400-800m,661;674_400-800m,0,0,0,0,1,0,0,0,0,0,0,0
1138;1150;1137_400-800m,184;207_0-400m,0,0,0,0,1,0,0,0,0,0,0,0
1138;1150;1137_400-800m,184;207_400-800m,0,0,0,0,0,0,0,0,0,0,0,0
1138;1150;1137_400-800m,657;678_0-400m,0,0,0,0,0,0,0,0,1,0,0,0
1138;1150;1137_400-800m,657;678_400-800m,0,0,0,0,0,0,0,0,0,0,0,0
1138;1150;1137_400-800m,656;679_0-400m,0,0,0,0,1,0,0,0,0,0,0,0
1138;1150;1137_400-800m,656;679_400-800m,0,0,0,0,0,0,0,0,0,0,0,0
1138;1150;1137_400-800m,1383;1461;1384_0-400m,0,0,5,0.002,0,0,0,0,1,0,0,0
1138;1150;1137_400-800m,1383;1461;1384_400-800m,0,0,0,0,0,0,1,0,0,0,1,0.001
1138;1150;1137_400-800m,665;670_0-400m,0,0,2,0.001,3,0,0,0,0,0,0,0
1138;1150;1137_400-800m,665;670_400-800m,0,0,0,0,0,0,0,0,0,0,0,0
1138;1150;1137_400-800m,659;676;675_0-400m,0,0,0,0,1,0,0,0,3,0.001,0,0
1138;1150;1137_400-800m,659;676;675_400-800m,0,0,0,0,0,0,0,0,0,0,0,0
1138;1150;1137_400-800m,664;671_0-400m,0,0,0,0,0,0,0,0,0,0,0,0
1138;1150;1137_400-800m,664;671_400-800m,0,0,0,0,0,0,0,0,0,0,0,0
1138;1150;1137_400-800m,185;206_0-400m,0,0,0,0,0,0,0,0,0,0,0,0
1138;1150;1137_400-800m,185;206_400-800m,0,0,0,0,0,0,0,0,0,0,0,0
1138;1150;1137_400-800m,662;673_0-400m,0,0,0,0,1,0,0,0,2,0.001,0,0
1138;1150;1137_400-800m,662;673_400-800m,0,0,1,0,1,0,0,0,0,0,0,0
1138;1150;1137_400-800m,1385;1459_0-400m,0,0,9,0.003,5,0.001,3,0.001,5,0.001,0,0
1138;1150;1137_400-800m,1385;1459_400-800m,0,0,0,0,0,0,0,0,0,0,0,0
1138;1150;1137_400-800m,658;677_0-400m,0,0,0,0,0,0,0,0,1,0,0,0
1138;1150;1137_400-800m,658;677_400-800m,0,0,0,0,0,0,0,0,0,0,0,0
1138;1150;1137_400-800m,663;672_0-400m,0,0,0,0,0,0,0,0,0,0,0,0
1138;1150;1137_400-800m,663;672_400-800m,0,0,0,0,0,0,0,0,0,0,0,0
1138;1150;1137_400-800m,183;209_0-400m,0,0,0,0,0,0,1,0,0,0,0,0
1138;1150;1137_400-800m,183;209_400-800m,0,0,1,0,1,0,0,0,0,0,0,0
1138;1150;1137_400-800m,186;205_0-400m,0,0,0,0,0,0,0,0,0,0,0,0
1138;1150;1137_400-800m,186;205_400-800m,0,0,0,0,0,0,0,0,0,0,0,0
1138;1150;1137_400-800m,188;203_0-400m,0,0,0,0,0,0,2,0,0,0,0,0
1138;1150;1137_400-800m,188;203_400-800m,0,0,1,0,0,0,0,0,0,0,0,0
1138;1150;1137_400-800m,388;823_0-400m,0,0,0,0,2,0,1,0,1,0,0,0
1138;1150;1137_400-800m,388;823_400-800m,0,0,2,0.001,0,0,0,0,1,0,0,0
1138;1150;1137_400-800m,1386;95_0-400m,0,0,3,0.001,2,0,0,0,3,0.001,0,0
1138;1150;1137_400-800m,1386;95_400-800m,0,0,0,0,1,0,0,0,0,0,0,0
1138;1150;1137_400-800m,Orange_0-400m,0,0,1,0,3,0,2,0,4,0.001,3,0.004
1138;1150;1137_400-800m,Blue_0-400m,0,0,1,0,3,0,1,0,0,0,0,0
1138;1150;1137_400-800m,Green_0-400m,0,0,0,0,1,0,0,0,1,0,0,0
1138;1150;1137_400-800m,Orange_400-800m,0,0,1,0,4,0.001,2,0,1,0,0,0
1138;1150;1137_400-800m,Blue_400-800m,0,0,1,0,4,0.001,2,0,0,0,0,0
1138;1150;1137_400-800m,Green_400-800m,0,0,1,0,1,0,1,0,0,0,0,0
1138;1150;1137_400-800m,External,11,0.034,140,0.052,197,0.025,73,0.016,73,0.019,8,0.01
1124;1164_0-400m,415;448_0-400m,0,0,2,0.001,1,0,3,0.001,0,0,0,0
1124;1164_0-400m,415;448_400-800m,0,0,1,0,2,0,2,0,4,0.001,0,0
1124;1164_0-400m,408;455_0-400m,0,0,0,0,2,0,0,0,1,0,0,0
1124;1164_0-400m,408;455_400-800m,0,0,0,0,0,0,0,0,0,0,0,0
1124;1164_0-400m,412;451_0-400m,0,0,1,0,2,0,1,0,2,0.001,0,0
1124;1164_0-400m,412;451_400-800m,0,0,1,0,2,0,2,0,4,0.001,0,0
1124;1164_0-400m,416;447_0-400m,0,0,0,0,1,0,2,0,1,0,0,0
1124;1164_0-400m,416;447_400-800m,0,0,3,0.001,3,0,3,0.001,1,0,0,0
1124;1164_0-400m,410;452_0-400m,0,0,0,0,2,0,3,0.001,0,0,0,0
1124;1164_0-400m,410;452_400-800m,0,0,0,0,1,0,2,0,2,0.001,1,0.001
1124;1164_0-400m,414;449_0-400m,0,0,3,0.001,0,0,1,0,2,0.001,0,0
1124;1164_0-400m,414;449_400-800m,0,0,0,0,2,0,1,0,0,0,0,0
1124;1164_0-400m,407;456_0-400m,0,0,0,0,1,0,1,0,0,0,0,0
1124;1164_0-400m,407;456_400-800m,0,0,0,0,2,0,2,0,0,0,0,0
1124;1164_0-400m,413;450_0-400m,0,0,2,0.001,0,0,1,0,0,0,0,0
1124;1164_0-400m,413;450_400-800m,0,0,1,0,1,0,1,0,0,0,0,0
1124;1164_0-400m,419;444;420_0-400m,0,0,2,0.001,9,0.001,4,0.001,3,0.001,0,0
1124;1164_0-400m,419;444;420_400-800m,0,0,4,0.001,5,0.001,2,0,1,0,1,0.001
1124;1164_0-400m,417;445_0-400m,0,0,2,0.001,3,0,1,0,1,0,0,0
1124;1164_0-400m,417;445_400-800m,0,0,2,0.001,3,0,5,0.001,7,0.002,1,0.001
1124;1164_0-400m,405;457_0-400m,0,0,1,0,7,0.001,0,0,4,0.001,1,0.001
1124;1164_0-400m,405;457_400-800m,0,0,0,0,0,0,0,0,0,0,0,0
1124;1164_0-400m,404;459_0-400m,0,0,1,0,4,0.001,2,0,4,0.001,0,0
1124;1164_0-400m,404;459_400-800m,0,0,0,0,5,0.001,6,0.001,7,0.002,1,0.001
1124;1164_0-400m,421;442_0-400m,0,0,3,0.001,16,0.002,13,0.003,3,0.001,1,0.001
1124;1164_0-400m,421;442_400-800m,1,0.003,1,0,1,0,2,0,6,0.002,0,0
1124;1164_0-400m,196;24;1508_0-400m,0,0,2,0.001,15,0.002,4,0.001,2,0.001,0,0
1124;1164_0-400m,196;24;1508_400-800m,0,0,1,0,0,0,0,0,0,0,1,0.001
1124;1164_0-400m,409;453_0-400m,0,0,1,0,0,0,0,0,3,0.001,0,0
1124;1164_0-400m,409;453_400-800m,0,0,0,0,2,0,1,0,3,0.001,0,0
1124;1164_0-400m,1503_0-400m,1,0.003,2,0.001,8,0.001,6,0.001,3,0.001,3,0.004
1124;1164_0-400m,1503_400-800m,0,0,0,0,2,0,1,0,0,0,0,0
1124;1164_0-400m,1125;1163;1162_0-400m,2,0.006,9,0.003,57,0.007,23,0.005,24,0.006,8,0.01
1124;1164_0-400m,1125;1163;1162_400-800m,0,0,1,0,4,0.001,4,0.001,1,0,0,0
1124;1164_0-400m,1134;1153_0-400m,0,0,0,0,9,0.001,10,0.002,7,0.002,1,0.001
1124;1164_0-400m,1134;1153_400-800m,0,0,1,0,7,0.001,8,0.002,7,0.002,3,0.004
1124;1164_0-400m,21;28;1612_0-400m,1,0.003,5,0.002,12,0.002,9,0.002,4,0.001,3,0.004
1124;1164_0-400m,21;28;1612_400-800m,0,0,0,0,11,0.001,7,0.002,2,0.001,0,0
1124;1164_0-400m,1131;1158_0-400m,0,0,4,0.001,16,0.002,16,0.004,12,0.003,2,0.002
1124;1164_0-400m,1131;1158_400-800m,1,0.003,1,0,7,0.001,3,0.001,5,0.001,1,0.001
1124;1164_0-400m,1135;1152_0-400m,1,0.003,3,0.001,23,0.003,10,0.002,6,0.002,3,0.004
1124;1164_0-400m,1135;1152_400-800m,0,0,0,0,2,0,1,0,3,0.001,0,0
1124;1164_0-400m,584;604_0-400m,0,0,3,0.001,10,0.001,3,0.001,9,0.002,3,0.004
1124;1164_0-400m,584;604_400-800m,1,0.003,5,0.002,16,0.002,13,0.003,20,0.005,0,0
1124;1164_0-400m,1139;1149_0-400m,0,0,0,0,7,0.001,12,0.003,14,0.004,3,0.004
1124;1164_0-400m,1139;1149_400-800m,0,0,0,0,0,0,0,0,1,0,0,0
1124;1164_0-400m,1138;1150;1137_0-400m,1,0.003,7,0.003,34,0.004,28,0.006,17,0.004,4,0.005
1124;1164_0-400m,1138;1150;1137_400-800m,0,0,0,0,2,0,1,0,0,0,0,0
1124;1164_0-400m,1124;1164_0-400m,1,0.003,34,0.013,103,0.013,69,0.015,92,0.023,18,0.022
1124;1164_0-400m,1124;1164_400-800m,1,0.003,16,0.006,102,0.013,61,0.013,43,0.011,10,0.012
1124;1164_0-400m,343;349_0-400m,0,0,4,0.001,7,0.001,6,0.001,3,0.001,2,0.002
1124;1164_0-400m,343;349_400-800m,0,0,0,0,4,0.001,2,0,0,0,1,0.001
1124;1164_0-400m,1136;1151_0-400m,0,0,4,0.001,10,0.001,12,0.003,11,0.003,3,0.004
1124;1164_0-400m,1136;1151_400-800m,0,0,1,0,3,0,2,0,3,0.001,0,0
1124;1164_0-400m,342;350_0-400m,0,0,2,0.001,7,0.001,9,0.002,7,0.002,0,0
1124;1164_0-400m,342;350_400-800m,0,0,0,0,7,0.001,1,0,1,0,0,0
1124;1164_0-400m,1141;1147_0-400m,0,0,4,0.001,10,0.001,11,0.002,7,0.002,3,0.004
1124;1164_0-400m,1141;1147_400-800m,0,0,0,0,0,0,0,0,1,0,0,0
1124;1164_0-400m,1132;1155;1156_0-400m,0,0,6,0.002,14,0.002,14,0.003,13,0.003,2,0.002
1124;1164_0-400m,1132;1155;1156_400-800m,0,0,3,0.001,4,0.001,3,0.001,4,0.001,1,0.001
1124;1164_0-400m,1133;1154_0-400m,1,0.003,3,0.001,16,0.002,13,0.003,12,0.003,2,0.002
1124;1164_0-400m,1133;1154_400-800m,0,0,5,0.002,1,0,2,0,1,0,1,0.001
1124;1164_0-400m,1130;1159;1160_0-400m,1,0.003,13,0.005,49,0.006,37,0.008,31,0.008,4,0.005
1124;1164_0-400m,1130;1159;1160_400-800m,0,0,0,0,2,0,1,0,0,0,0,0
1124;1164_0-400m,345;347_0-400m,0,0,5,0.002,12,0.002,2,0,6,0.002,1,0.001
1124;1164_0-400m,345;347_400-800m,0,0,0,0,7,0.001,15,0.003,12,0.003,3,0.004
1124;1164_0-400m,344;348_0-400m,0,0,1,0,2,0,11,0.002,0,0,0,0
1124;1164_0-400m,344;348_400-800m,0,0,4,0.001,10,0.001,5,0.001,6,0.002,4,0.005
1124;1164_0-400m,1140;1148_0-400m,0,0,4,0.001,9,0.001,6,0.001,2,0.001,1,0.001
1124;1164_0-400m,1140;1148_400-800m,0,0,2,0.001,3,0,5,0.001,5,0.001,0,0
1124;1164_0-400m,1127;1161_0-400m,3,0.009,26,0.01,102,0.013,64,0.014,38,0.01,4,0.005
1124;1164_0-400m,1127;1161_400-800m,0,0,0,0,3,0,2,0,1,0,0,0
1124;1164_0-400m,1855_0-400m,0,0,2,0.001,26,0.003,13,0.003,6,0.002,0,0
1124;1164_0-400m,1855_400-800m,0,0,1,0,5,0.001,2,0,3,0.001,2,0.002
1124;1164_0-400m,187;204_0-400m,0,0,0,0,3,0,0,0,1,0,0,0
1124;1164_0-400m,187;204_400-800m,0,0,0,0,2,0,0,0,0,0,0,0
1124;1164_0-400m,661;674_0-400m,0,0,0,0,1,0,0,0,0,0,0,0
1124;1164_0-400m,661;674_400-800m,0,0,0,0,0,0,0,0,0,0,0,0
1124;1164_0-400m,184;207_0-400m,0,0,0,0,4,0.001,0,0,1,0,0,0
1124;1164_0-400m,184;207_400-800m,1,0.003,1,0,1,0,0,0,1,0,0,0
1124;1164_0-400m,657;678_0-400m,0,0,0,0,1,0,1,0,0,0,0,0
1124;1164_0-400m,657;678_400-800m,0,0,0,0,0,0,0,0,0,0,0,0
1124;1164_0-400m,656;679_0-400m,0,0,0,0,2,0,0,0,0,0,0,0
1124;1164_0-400m,656;679_400-800m,0,0,0,0,0,0,0,0,0,0,0,0
1124;1164_0-400m,1383;1461;1384_0-400m,0,0,2,0.001,0,0,2,0,1,0,1,0.001
1124;1164_0-400m,1383;1461;1384_400-800m,0,0,3,0.001,5,0.001,1,0,0,0,1,0.001
1124;1164_0-400m,665;670_0-400m,0,0,0,0,1,0,0,0,1,0,0,0
1124;1164_0-400m,665;670_400-800m,0,0,0,0,1,0,1,0,1,0,0,0
1124;1164_0-400m,659;676;675_0-400m,0,0,1,0,2,0,0,0,0,0,0,0
1124;1164_0-400m,659;676;675_400-800m,0,0,0,0,0,0,0,0,0,0,0,0
1124;1164_0-400m,664;671_0-400m,0,0,0,0,5,0.001,2,0,0,0,1,0.001
1124;1164_0-400m,664;671_400-800m,0,0,0,0,4,0.001,2,0,1,0,0,0
1124;1164_0-400m,185;206_0-400m,0,0,1,0,1,0,0,0,0,0,0,0
1124;1164_0-400m,185;206_400-800m,0,0,1,0,2,0,0,0,1,0,0,0
1124;1164_0-400m,662;673_0-400m,5,0.015,8,0.003,4,0.001,2,0,4,0.001,1,0.001
1124;1164_0-400m,662;673_400-800m,8,0.024,2,0.001,10,0.001,4,0.001,1,0,2,0.002
1124;1164_0-400m,1385;1459_0-400m,0,0,3,0.001,8,0.001,0,0,3,0.001,1,0.001
1124;1164_0-400m,1385;1459_400-800m,0,0,2,0.001,0,0,2,0,2,0.001,0,0
1124;1164_0-400m,658;677_0-400m,0,0,10,0.004,2,0,0,0,0,0,0,0
1124;1164_0-400m,658;677_400-800m,0,0,0,0,0,0,0,0,0,0,0,0
1124;1164_0-400m,663;672_0-400m,0,0,2,0.001,3,0,2,0,1,0,0,0
1124;1164_0-400m,663;672_400-800m,0,0,1,0,0,0,1,0,0,0,0,0
1124;1164_0-400m,183;209_0-400m,0,0,6,0.002,2,0,0,0,1,0,0,0
1124;1164_0-400m,183;209_400-800m,0,0,2,0.001,3,0,1,0,1,0,0,0
1124;1164_0-400m,186;205_0-400m,0,0,0,0,1,0,1,0,0,0,0,0
1124;1164_0-400m,186;205_400-800m,0,0,1,0,0,0,0,0,0,0,0,0
1124;1164_0-400m,188;203_0-400m,0,0,4,0.001,1,0,2,0,2,0.001,0,0
1124;1164_0-400m,188;203_400-800m,0,0,5,0.002,4,0.001,1,0,0,0,1,0.001
1124;1164_0-400m,388;823_0-400m,1,0.003,3,0.001,21,0.003,8,0.002,14,0.004,1,0.001
1124;1164_0-400m,388;823_400-800m,0,0,1,0,2,0,0,0,4,0.001,1,0.001
1124;1164_0-400m,1386;95_0-400m,0,0,14,0.005,8,0.001,7,0.002,2,0.001,2,0.002
1124;1164_0-400m,1386;95_400-800m,0,0,2,0.001,3,0,1,0,1,0,0,0
1124;1164_0-400m,Orange_0-400m,1,0.003,8,0.003,33,0.004,18,0.004,11,0.003,7,0.009
1124;1164_0-400m,Blue_0-400m,1,0.003,21,0.008,109,0.014,59,0.013,56,0.014,6,0.007
1124;1164_0-400m,Green_0-400m,0,0,24,0.009,18,0.002,12,0.003,8,0.002,1,0.001
1124;1164_0-400m,Orange_400-800m,0,0,0,0,11,0.001,11,0.002,5,0.001,2,0.002
1124;1164_0-400m,Blue_400-800m,0,0,25,0.009,102,0.013,66,0.015,59,0.015,18,0.022
1124;1164_0-400m,Green_400-800m,0,0,6,0.002,13,0.002,2,0,6,0.002,3,0.004
1124;1164_0-400m,External,98,0.299,1019,0.375,1855,0.235,977,0.215,917,0.234,159,0.198
1124;1164_400-800m,415;448_0-400m,0,0,0,0,7,0.001,9,0.002,1,0,1,0.001
1124;1164_400-800m,415;448_400-800m,0,0,0,0,1,0,3,0.001,1,0,0,0
1124;1164_400-800m,408;455_0-400m,0,0,1,0,5,0.001,4,0.001,2,0.001,1,0.001
1124;1164_400-800m,408;455_400-800m,0,0,1,0,5,0.001,3,0.001,0,0,0,0
1124;1164_400-800m,412;451_0-400m,0,0,1,0,7,0.001,2,0,0,0,1,0.001
1124;1164_400-800m,412;451_400-800m,0,0,2,0.001,11,0.001,5,0.001,4,0.001,0,0
1124;1164_400-800m,416;447_0-400m,0,0,0,0,3,0,5,0.001,2,0.001,0,0
1124;1164_400-800m,416;447_400-800m,0,0,3,0.001,15,0.002,3,0.001,3,0.001,2,0.002
1124;1164_400-800m,410;452_0-400m,0,0,1,0,11,0.001,1,0,3,0.001,0,0
1124;1164_400-800m,410;452_400-800m,0,0,2,0.001,1,0,4,0.001,4,0.001,0,0
1124;1164_400-800m,414;449_0-400m,0,0,0,0,9,0.001,4,0.001,0,0,0,0
1124;1164_400-800m,414;449_400-800m,0,0,0,0,3,0,0,0,1,0,1,0.001
1124;1164_400-800m,407;456_0-400m,0,0,2,0.001,2,0,1,0,1,0,3,0.004
1124;1164_400-800m,407;456_400-800m,0,0,4,0.001,6,0.001,3,0.001,6,0.002,0,0
1124;1164_400-800m,413;450_0-400m,0,0,1,0,6,0.001,4,0.001,1,0,0,0
1124;1164_400-800m,413;450_400-800m,1,0.003,0,0,2,0,7,0.002,3,0.001,0,0
1124;1164_400-800m,419;444;420_0-400m,0,0,4,0.001,24,0.003,15,0.003,11,0.003,3,0.004
1124;1164_400-800m,419;444;420_400-800m,0,0,5,0.002,13,0.002,6,0.001,3,0.001,3,0.004
1124;1164_400-800m,417;445_0-400m,0,0,4,0.001,12,0.002,3,0.001,0,0,0,0
1124;1164_400-800m,417;445_400-800m,0,0,4,0.001,10,0.001,11,0.002,7,0.002,1,0.001
1124;1164_400-800m,405;457_0-400m,0,0,1,0,9,0.001,7,0.002,4,0.001,1,0.001
1124;1164_400-800m,405;457_400-800m,0,0,0,0,1,0,0,0,0,0,0,0
1124;1164_400-800m,404;459_0-400m,0,0,2,0.001,11,0.001,6,0.001,4,0.001,0,0
1124;1164_400-800m,404;459_400-800m,0,0,1,0,7,0.001,3,0.001,2,0.001,2,0.002
1124;1164_400-800m,421;442_0-400m,0,0,12,0.004,35,0.004,22,0.005,8,0.002,2,0.002
1124;1164_400-800m,421;442_400-800m,0,0,2,0.001,10,0.001,4,0.001,1,0,0,0
1124;1164_400-800m,196;24;1508_0-400m,0,0,6,0.002,32,0.004,24,0.005,6,0.002,1,0.001
1124;1164_400-800m,196;24;1508_400-800m,0,0,3,0.001,4,0.001,6,0.001,2,0.001,0,0
1124;1164_400-800m,409;453_0-400m,0,0,0,0,2,0,3,0.001,0,0,0,0
1124;1164_400-800m,409;453_400-800m,0,0,0,0,9,0.001,5,0.001,3,0.001,1,0.001
1124;1164_400-800m,1503_0-400m,0,0,7,0.003,27,0.003,18,0.004,8,0.002,1,0.001
1124;1164_400-800m,1503_400-800m,0,0,0,0,1,0,1,0,2,0.001,0,0
1124;1164_400-800m,1125;1163;1162_0-400m,1,0.003,11,0.004,65,0.008,31,0.007,26,0.007,6,0.007
1124;1164_400-800m,1125;1163;1162_400-800m,0,0,0,0,9,0.001,3,0.001,6,0.002,1,0.001
1124;1164_400-800m,1134;1153_0-400m,0,0,3,0.001,6,0.001,7,0.002,3,0.001,0,0
1124;1164_400-800m,1134;1153_400-800m,0,0,3,0.001,26,0.003,7,0.002,14,0.004,2,0.002
1124;1164_400-800m,21;28;1612_0-400m,1,0.003,6,0.002,31,0.004,12,0.003,6,0.002,1,0.001
1124;1164_400-800m,21;28;1612_400-800m,0,0,4,0.001,18,0.002,19,0.004,9,0.002,0,0
1124;1164_400-800m,1131;1158_0-400m,0,0,6,0.002,27,0.003,17,0.004,19,0.005,1,0.001
1124;1164_400-800m,1131;1158_400-800m,0,0,4,0.001,7,0.001,9,0.002,10,0.003,1,0.001
1124;1164_400-800m,1135;1152_0-400m,0,0,4,0.001,40,0.005,17,0.004,14,0.004,6,0.007
1124;1164_400-800m,1135;1152_400-800m,0,0,2,0.001,7,0.001,4,0.001,4,0.001,0,0
1124;1164_400-800m,584;604_0-400m,0,0,6,0.002,13,0.002,6,0.001,5,0.001,3,0.004
1124;1164_400-800m,584;604_400-800m,0,0,4,0.001,34,0.004,21,0.005,17,0.004,2,0.002
1124;1164_400-800m,1139;1149_0-400m,0,0,7,0.003,22,0.003,11,0.002,9,0.002,1,0.001
1124;1164_400-800m,1139;1149_400-800m,0,0,0,0,2,0,0,0,0,0,0,0
1124;1164_400-800m,1138;1150;1137_0-400m,1,0.003,5,0.002,60,0.008,27,0.006,20,0.005,6,0.007
1124;1164_400-800m,1138;1150;1137_400-800m,0,0,0,0,1,0,3,0.001,1,0,0,0
1124;1164_400-800m,1124;1164_0-400m,2,0.006,26,0.01,119,0.015,71,0.016,50,0.013,6,0.007
1124;1164_400-800m,1124;1164_400-800m,5,0.015,57,0.021,317,0.04,158,0.035,109,0.028,23,0.029
1124;1164_400-800m,343;349_0-400m,0,0,1,0,13,0.002,7,0.002,5,0.001,0,0
1124;1164_400-800m,343;349_400-800m,0,0,0,0,3,0,2,0,2,0.001,0,0
1124;1164_400-800m,1136;1151_0-400m,0,0,4,0.001,16,0.002,14,0.003,12,0.003,6,0.007
1124;1164_400-800m,1136;1151_400-800m,0,0,0,0,9,0.001,6,0.001,1,0,3,0.004
1124;1164_400-800m,342;350_0-400m,0,0,1,0,24,0.003,10,0.002,4,0.001,1,0.001
1124;1164_400-800m,342;350_400-800m,0,0,4,0.001,8,0.001,3,0.001,1,0,1,0.001
1124;1164_400-800m,1141;1147_0-400m,0,0,3,0.001,15,0.002,20,0.004,6,0.002,0,0
1124;1164_400-800m,1141;1147_400-800m,0,0,0,0,2,0,0,0,0,0,0,0
1124;1164_400-800m,1132;1155;1156_0-400m,0,0,3,0.001,20,0.003,19,0.004,11,0.003,4,0.005
1124;1164_400-800m,1132;1155;1156_400-800m,0,0,3,0.001,7,0.001,14,0.003,4,0.001,1,0.001
1124;1164_400-800m,1133;1154_0-400m,0,0,4,0.001,20,0.003,16,0.004,3,0.001,2,0.002
1124;1164_400-800m,1133;1154_400-800m,0,0,1,0,9,0.001,9,0.002,9,0.002,1,0.001
1124;1164_400-800m,1130;1159;1160_0-400m,3,0.009,14,0.005,64,0.008,38,0.008,33,0.008,8,0.01
1124;1164_400-800m,1130;1159;1160_400-800m,0,0,0,0,4,0.001,0,0,1,0,1,0.001
1124;1164_400-800m,345;347_0-400m,1,0.003,2,0.001,19,0.002,13,0.003,6,0.002,2,0.002
1124;1164_400-800m,345;347_400-800m,0,0,5,0.002,37,0.005,20,0.004,12,0.003,4,0.005
1124;1164_400-800m,344;348_0-400m,0,0,4,0.001,8,0.001,4,0.001,4,0.001,0,0
1124;1164_400-800m,344;348_400-800m,0,0,2,0.001,14,0.002,17,0.004,6,0.002,2,0.002
1124;1164_400-800m,1140;1148_0-400m,0,0,6,0.002,18,0.002,4,0.001,7,0.002,1,0.001
1124;1164_400-800m,1140;1148_400-800m,0,0,2,0.001,11,0.001,8,0.002,6,0.002,0,0
1124;1164_400-800m,1127;1161_0-400m,0,0,37,0.014,169,0.021,82,0.018,60,0.015,7,0.009
1124;1164_400-800m,1127;1161_400-800m,1,0.003,0,0,3,0,4,0.001,1,0,0,0
1124;1164_400-800m,1855_0-400m,0,0,1,0,29,0.004,13,0.003,9,0.002,1,0.001
1124;1164_400-800m,1855_400-800m,0,0,3,0.001,24,0.003,8,0.002,8,0.002,1,0.001
1124;1164_400-800m,187;204_0-400m,0,0,0,0,7,0.001,2,0,0,0,0,0
1124;1164_400-800m,187;204_400-800m,0,0,0,0,1,0,2,0,3,0.001,0,0
1124;1164_400-800m,661;674_0-400m,0,0,1,0,3,0,2,0,1,0,1,0.001
1124;1164_400-800m,661;674_400-800m,1,0.003,0,0,2,0,1,0,0,0,0,0
1124;1164_400-800m,184;207_0-400m,0,0,0,0,3,0,1,0,1,0,1,0.001
1124;1164_400-800m,184;207_400-800m,0,0,2,0.001,4,0.001,1,0,3,0.001,1,0.001
1124;1164_400-800m,657;678_0-400m,0,0,0,0,11,0.001,4,0.001,0,0,0,0
1124;1164_400-800m,657;678_400-800m,0,0,1,0,2,0,2,0,0,0,0,0
1124;1164_400-800m,656;679_0-400m,0,0,0,0,3,0,4,0.001,1,0,1,0.001
1124;1164_400-800m,656;679_400-800m,0,0,0,0,1,0,0,0,0,0,0,0
1124;1164_400-800m,1383;1461;1384_0-400m,0,0,3,0.001,8,0.001,4,0.001,0,0,0,0
1124;1164_400-800m,1383;1461;1384_400-800m,1,0.003,0,0,11,0.001,3,0.001,3,0.001,2,0.002
1124;1164_400-800m,665;670_0-400m,0,0,1,0,6,0.001,2,0,0,0,0,0
1124;1164_400-800m,665;670_400-800m,0,0,1,0,5,0.001,1,0,0,0,0,0
1124;1164_400-800m,659;676;675_0-400m,0,0,0,0,6,0.001,4,0.001,1,0,0,0
1124;1164_400-800m,659;676;675_400-800m,0,0,0,0,3,0,3,0.001,0,0,1,0.001
1124;1164_400-800m,664;671_0-400m,0,0,4,0.001,8,0.001,2,0,2,0.001,0,0
1124;1164_400-800m,664;671_400-800m,0,0,0,0,6,0.001,3,0.001,3,0.001,0,0
1124;1164_400-800m,185;206_0-400m,1,0.003,0,0,3,0,0,0,2,0.001,2,0.002
1124;1164_400-800m,185;206_400-800m,0,0,0,0,2,0,0,0,2,0.001,0,0
1124;1164_400-800m,662;673_0-400m,1,0.003,5,0.002,8,0.001,4,0.001,5,0.001,3,0.004
1124;1164_400-800m,662;673_400-800m,0,0,3,0.001,13,0.002,6,0.001,6,0.002,0,0
1124;1164_400-800m,1385;1459_0-400m,0,0,5,0.002,18,0.002,4,0.001,4,0.001,3,0.004
1124;1164_400-800m,1385;1459_400-800m,0,0,0,0,2,0,1,0,2,0.001,1,0.001
1124;1164_400-800m,658;677_0-400m,0,0,3,0.001,8,0.001,5,0.001,5,0.001,0,0
1124;1164_400-800m,658;677_400-800m,0,0,1,0,1,0,0,0,1,0,0,0
1124;1164_400-800m,663;672_0-400m,0,0,11,0.004,21,0.003,0,0,4,0.001,0,0
1124;1164_400-800m,663;672_400-800m,0,0,0,0,2,0,0,0,1,0,1,0.001
1124;1164_400-800m,183;209_0-400m,0,0,4,0.001,3,0,3,0.001,2,0.001,0,0
1124;1164_400-800m,183;209_400-800m,0,0,1,0,5,0.001,3,0.001,1,0,0,0
1124;1164_400-800m,186;205_0-400m,0,0,0,0,2,0,4,0.001,1,0,1,0.001
1124;1164_400-800m,186;205_400-800m,0,0,0,0,1,0,1,0,0,0,0,0
1124;1164_400-800m,188;203_0-400m,1,0.003,1,0,10,0.001,2,0,0,0,0,0
1124;1164_400-800m,188;203_400-800m,2,0.006,5,0.002,20,0.003,15,0.003,5,0.001,2,0.002
1124;1164_400-800m,388;823_0-400m,1,0.003,1,0,53,0.007,45,0.01,18,0.005,3,0.004
1124;1164_400-800m,388;823_400-800m,1,0.003,1,0,24,0.003,11,0.002,8,0.002,2,0.002
1124;1164_400-800m,1386;95_0-400m,0,0,15,0.006,23,0.003,3,0.001,7,0.002,1,0.001
1124;1164_400-800m,1386;95_400-800m,0,0,1,0,5,0.001,4,0.001,5,0.001,0,0
1124;1164_400-800m,Orange_0-400m,1,0.003,13,0.005,84,0.011,50,0.011,38,0.01,5,0.006
1124;1164_400-800m,Blue_0-400m,2,0.006,52,0.019,276,0.035,157,0.035,110,0.028,11,0.014
1124;1164_400-800m,Green_0-400m,1,0.003,20,0.007,63,0.008,31,0.007,30,0.008,5,0.006
1124;1164_400-800m,Orange_400-800m,2,0.006,7,0.003,35,0.004,29,0.006,18,0.005,0,0
1124;1164_400-800m,Blue_400-800m,2,0.006,43,0.016,280,0.036,196,0.043,102,0.026,18,0.022
1124;1164_400-800m,Green_400-800m,3,0.009,9,0.003,40,0.005,20,0.004,12,0.003,0,0
1124;1164_400-800m,External,182,0.554,1583,0.582,4871,0.618,2927,0.643,1977,0.505,248,0.309
343;349_0-400m,415;448_0-400m,0,0,3,0.001,2,0,4,0.001,5,0.001,1,0.001
343;349_0-400m,415;448_400-800m,2,0.006,1,0,2,0,0,0,2,0.001,0,0
343;349_0-400m,408;455_0-400m,0,0,1,0,1,0,0,0,3,0.001,0,0
343;349_0-400m,408;455_400-800m,0,0,0,0,1,0,0,0,0,0,0,0
343;349_0-400m,412;451_0-400m,0,0,1,0,1,0,2,0,2,0.001,0,0
343;349_0-400m,412;451_400-800m,0,0,0,0,2,0,3,0.001,4,0.001,1,0.001
343;349_0-400m,416;447_0-400m,0,0,0,0,7,0.001,1,0,15,0.004,3,0.004
343;349_0-400m,416;447_400-800m,0,0,4,0.001,10,0.001,6,0.001,6,0.002,1,0.001
343;349_0-400m,410;452_0-400m,2,0.006,1,0,2,0,1,0,0,0,2,0.002
343;349_0-400m,410;452_400-800m,1,0.003,0,0,2,0,1,0,0,0,0,0
343;349_0-400m,414;449_0-400m,1,0.003,4,0.001,1,0,0,0,5,0.001,0,0
343;349_0-400m,414;449_400-800m,0,0,3,0.001,8,0.001,1,0,0,0,2,0.002
343;349_0-400m,407;456_0-400m,0,0,0,0,0,0,1,0,0,0,0,0
343;349_0-400m,407;456_400-800m,0,0,0,0,1,0,4,0.001,2,0.001,2,0.002
343;349_0-400m,413;450_0-400m,0,0,2,0.001,6,0.001,2,0,0,0,0,0
343;349_0-400m,413;450_400-800m,1,0.003,0,0,4,0.001,4,0.001,1,0,0,0
343;349_0-400m,419;444;420_0-400m,2,0.006,3,0.001,21,0.003,8,0.002,8,0.002,2,0.002
343;349_0-400m,419;444;420_400-800m,1,0.003,1,0,2,0,3,0.001,3,0.001,0,0
343;349_0-400m,417;445_0-400m,1,0.003,5,0.002,2,0,0,0,3,0.001,0,0
343;349_0-400m,417;445_400-800m,1,0.003,1,0,7,0.001,5,0.001,4,0.001,1,0.001
343;349_0-400m,405;457_0-400m,1,0.003,1,0,7,0.001,2,0,3,0.001,0,0
343;349_0-400m,405;457_400-800m,0,0,0,0,1,0,1,0,0,0,0,0
343;349_0-400m,404;459_0-400m,1,0.003,1,0,5,0.001,1,0,2,0.001,2,0.002
343;349_0-400m,404;459_400-800m,3,0.009,0,0,11,0.001,1,0,5,0.001,0,0
343;349_0-400m,421;442_0-400m,0,0,10,0.004,28,0.004,9,0.002,13,0.003,2,0.002
343;349_0-400m,421;442_400-800m,1,0.003,4,0.001,19,0.002,5,0.001,7,0.002,0,0
343;349_0-400m,196;24;1508_0-400m,0,0,3,0.001,22,0.003,13,0.003,15,0.004,4,0.005
343;349_0-400m,196;24;1508_400-800m,0,0,1,0,0,0,0,0,0,0,0,0
343;349_0-400m,409;453_0-400m,0,0,0,0,3,0,2,0,0,0,0,0
343;349_0-400m,409;453_400-800m,0,0,1,0,4,0.001,0,0,0,0,0,0
343;349_0-400m,1503_0-400m,1,0.003,8,0.003,39,0.005,32,0.007,20,0.005,7,0.009
343;349_0-400m,1503_400-800m,1,0.003,2,0.001,8,0.001,1,0,6,0.002,1,0.001
343;349_0-400m,1125;1163;1162_0-400m,0,0,4,0.001,2,0,0,0,1,0,1,0.001
343;349_0-400m,1125;1163;1162_400-800m,0,0,1,0,1,0,0,0,1,0,0,0
343;349_0-400m,1134;1153_0-400m,0,0,1,0,6,0.001,2,0,2,0.001,1,0.001
343;349_0-400m,1134;1153_400-800m,0,0,0,0,2,0,4,0.001,2,0.001,0,0
343;349_0-400m,21;28;1612_0-400m,2,0.006,11,0.004,44,0.006,26,0.006,29,0.007,6,0.007
343;349_0-400m,21;28;1612_400-800m,0,0,4,0.001,30,0.004,20,0.004,10,0.003,6,0.007
343;349_0-400m,1131;1158_0-400m,1,0.003,2,0.001,6,0.001,11,0.002,6,0.002,1,0.001
343;349_0-400m,1131;1158_400-800m,0,0,0,0,5,0.001,4,0.001,3,0.001,1,0.001
343;349_0-400m,1135;1152_0-400m,0,0,5,0.002,9,0.001,7,0.002,8,0.002,4,0.005
343;349_0-400m,1135;1152_400-800m,0,0,0,0,2,0,2,0,0,0,0,0
343;349_0-400m,584;604_0-400m,0,0,2,0.001,19,0.002,13,0.003,11,0.003,2,0.002
343;349_0-400m,584;604_400-800m,3,0.009,6,0.002,15,0.002,11,0.002,4,0.001,2,0.002
343;349_0-400m,1139;1149_0-400m,0,0,7,0.003,12,0.002,10,0.002,9,0.002,3,0.004
343;349_0-400m,1139;1149_400-800m,0,0,1,0,6,0.001,2,0,2,0.001,2,0.002
343;349_0-400m,1138;1150;1137_0-400m,2,0.006,3,0.001,19,0.002,2,0,12,0.003,4,0.005
343;349_0-400m,1138;1150;1137_400-800m,0,0,1,0,0,0,1,0,0,0,0,0
343;349_0-400m,1124;1164_0-400m,0,0,3,0.001,10,0.001,3,0.001,4,0.001,2,0.002
343;349_0-400m,1124;1164_400-800m,0,0,7,0.003,18,0.002,5,0.001,9,0.002,1,0.001
343;349_0-400m,343;349_0-400m,1,0.003,20,0.007,55,0.007,23,0.005,30,0.008,8,0.01
343;349_0-400m,343;349_400-800m,2,0.006,4,0.001,11,0.001,6,0.001,8,0.002,1,0.001
343;349_0-400m,1136;1151_0-400m,0,0,3,0.001,11,0.001,10,0.002,9,0.002,1,0.001
343;349_0-400m,1136;1151_400-800m,0,0,1,0,7,0.001,3,0.001,4,0.001,1,0.001
343;349_0-400m,342;350_0-400m,1,0.003,9,0.003,42,0.005,24,0.005,30,0.008,5,0.006
343;349_0-400m,342;350_400-800m,0,0,2,0.001,6,0.001,5,0.001,7,0.002,4,0.005
343;349_0-400m,1141;1147_0-400m,1,0.003,6,0.002,19,0.002,10,0.002,12,0.003,1,0.001
343;349_0-400m,1141;1147_400-800m,0,0,0,0,1,0,2,0,1,0,0,0
343;349_0-400m,1132;1155;1156_0-400m,1,0.003,2,0.001,10,0.001,6,0.001,10,0.003,2,0.002
343;349_0-400m,1132;1155;1156_400-800m,1,0.003,3,0.001,7,0.001,3,0.001,2,0.001,0,0
343;349_0-400m,1133;1154_0-400m,2,0.006,2,0.001,10,0.001,2,0,7,0.002,0,0
343;349_0-400m,1133;1154_400-800m,1,0.003,4,0.001,6,0.001,4,0.001,7,0.002,6,0.007
343;349_0-400m,1130;1159;1160_0-400m,2,0.006,4,0.001,28,0.004,15,0.003,11,0.003,1,0.001
343;349_0-400m,1130;1159;1160_400-800m,0,0,0,0,0,0,0,0,0,0,0,0
343;349_0-400m,345;347_0-400m,3,0.009,10,0.004,21,0.003,9,0.002,23,0.006,1,0.001
343;349_0-400m,345;347_400-800m,4,0.012,11,0.004,30,0.004,14,0.003,26,0.007,9,0.011
343;349_0-400m,344;348_0-400m,1,0.003,13,0.005,43,0.005,12,0.003,8,0.002,3,0.004
343;349_0-400m,344;348_400-800m,0,0,11,0.004,16,0.002,7,0.002,8,0.002,2,0.002
343;349_0-400m,1140;1148_0-400m,0,0,3,0.001,17,0.002,6,0.001,7,0.002,2,0.002
343;349_0-400m,1140;1148_400-800m,0,0,0,0,18,0.002,1,0,12,0.003,3,0.004
343;349_0-400m,1127;1161_0-400m,1,0.003,4,0.001,17,0.002,13,0.003,8,0.002,2,0.002
343;349_0-400m,1127;1161_400-800m,0,0,0,0,0,0,0,0,0,0,0,0
343;349_0-400m,1855_0-400m,0,0,0,0,6,0.001,2,0,4,0.001,0,0
343;349_0-400m,1855_400-800m,0,0,0,0,1,0,0,0,1,0,0,0
343;349_0-400m,187;204_0-400m,0,0,1,0,2,0,1,0,2,0.001,1,0.001
343;349_0-400m,187;204_400-800m,0,0,0,0,0,0,0,0,1,0,0,0
343;349_0-400m,661;674_0-400m,0,0,4,0.001,5,0.001,0,0,3,0.001,1,0.001
343;349_0-400m,661;674_400-800m,1,0.003,0,0,1,0,2,0,0,0,0,0
343;349_0-400m,184;207_0-400m,0,0,3,0.001,7,0.001,2,0,2,0.001,1,0.001
343;349_0-400m,184;207_400-800m,0,0,2,0.001,4,0.001,8,0.002,3,0.001,2,0.002
343;349_0-400m,657;678_0-400m,1,0.003,5,0.002,3,0,2,0,4,0.001,1,0.001
343;349_0-400m,657;678_400-800m,1,0.003,0,0,0,0,1,0,0,0,0,0
343;349_0-400m,656;679_0-400m,0,0,2,0.001,7,0.001,4,0.001,4,0.001,0,0
343;349_0-400m,656;679_400-800m,0,0,0,0,0,0,0,0,0,0,0,0
343;349_0-400m,1383;1461;1384_0-400m,2,0.006,4,0.001,11,0.001,4,0.001,5,0.001,3,0.004
343;349_0-400m,1383;1461;1384_400-800m,0,0,6,0.002,13,0.002,9,0.002,8,0.002,5,0.006
343;349_0-400m,665;670_0-400m,0,0,1,0,3,0,5,0.001,3,0.001,0,0
343;349_0-400m,665;670_400-800m,0,0,2,0.001,0,0,1,0,0,0,0,0
343;349_0-400m,659;676;675_0-400m,0,0,0,0,4,0.001,1,0,2,0.001,0,0
343;349_0-400m,659;676;675_400-800m,0,0,1,0,1,0,0,0,0,0,0,0
343;349_0-400m,664;671_0-400m,0,0,5,0.002,3,0,3,0.001,5,0.001,2,0.002
343;349_0-400m,664;671_400-800m,0,0,2,0.001,3,0,4,0.001,9,0.002,0,0
343;349_0-400m,185;206_0-400m,0,0,0,0,3,0,1,0,3,0.001,1,0.001
343;349_0-400m,185;206_400-800m,0,0,1,0,2,0,2,0,0,0,1,0.001
343;349_0-400m,662;673_0-400m,0,0,4,0.001,12,0.002,4,0.001,5,0.001,1,0.001
343;349_0-400m,662;673_400-800m,0,0,3,0.001,15,0.002,8,0.002,7,0.002,3,0.004
343;349_0-400m,1385;1459_0-400m,1,0.003,17,0.006,18,0.002,11,0.002,5,0.001,1,0.001
343;349_0-400m,1385;1459_400-800m,0,0,0,0,3,0,2,0,4,0.001,1,0.001
343;349_0-400m,658;677_0-400m,1,0.003,1,0,5,0.001,3,0.001,2,0.001,0,0
343;349_0-400m,658;677_400-800m,0,0,0,0,0,0,0,0,0,0,0,0
343;349_0-400m,663;672_0-400m,0,0,8,0.003,8,0.001,4,0.001,3,0.001,0,0
343;349_0-400m,663;672_400-800m,0,0,1,0,6,0.001,2,0,1,0,0,0
343;349_0-400m,183;209_0-400m,0,0,2,0.001,9,0.001,4,0.001,2,0.001,1,0.001
343;349_0-400m,183;209_400-800m,1,0.003,1,0,4,0.001,0,0,0,0,0,0
343;349_0-400m,186;205_0-400m,1,0.003,1,0,7,0.001,0,0,4,0.001,1,0.001
343;349_0-400m,186;205_400-800m,0,0,0,0,0,0,0,0,0,0,0,0
343;349_0-400m,188;203_0-400m,1,0.003,7,0.003,4,0.001,2,0,6,0.002,4,0.005
343;349_0-400m,188;203_400-800m,0,0,3,0.001,12,0.002,4,0.001,4,0.001,1,0.001
343;349_0-400m,388;823_0-400m,2,0.006,10,0.004,17,0.002,16,0.004,8,0.002,2,0.002
343;349_0-400m,388;823_400-800m,0,0,6,0.002,3,0,1,0,3,0.001,0,0
343;349_0-400m,1386;95_0-400m,0,0,6,0.002,13,0.002,11,0.002,9,0.002,1,0.001
343;349_0-400m,1386;95_400-800m,0,0,0,0,2,0,2,0,0,0,2,0.002
343;349_0-400m,Orange_0-400m,23,0.07,7,0.003,36,0.005,23,0.005,16,0.004,5,0.006
343;349_0-400m,Blue_0-400m,2,0.006,14,0.005,25,0.003,9,0.002,11,0.003,1,0.001
343;349_0-400m,Green_0-400m,2,0.006,7,0.003,17,0.002,4,0.001,4,0.001,0,0
343;349_0-400m,Orange_400-800m,0,0,2,0.001,11,0.001,6,0.001,3,0.001,0,0
343;349_0-400m,Blue_400-800m,0,0,5,0.002,25,0.003,13,0.003,20,0.005,4,0.005
343;349_0-400m,Green_400-800m,0,0,2,0.001,7,0.001,8,0.002,7,0.002,5,0.006
343;349_0-400m,External,89,0.271,622,0.229,1082,0.137,537,0.118,538,0.137,124,0.154
343;349_400-800m,415;448_0-400m,0,0,1,0,3,0,4,0.001,0,0,0,0
343;349_400-800m,415;448_400-800m,0,0,0,0,2,0,1,0,4,0.001,0,0
343;349_400-800m,408;455_0-400m,0,0,2,0.001,1,0,1,0,1,0,0,0
343;349_400-800m,408;455_400-800m,0,0,0,0,0,0,1,0,0,0,0,0
343;349_400-800m,412;451_0-400m,0,0,1,0,0,0,0,0,0,0,1,0.001
343;349_400-800m,412;451_400-800m,0,0,0,0,4,0.001,1,0,1,0,1,0.001
343;349_400-800m,416;447_0-400m,0,0,0,0,2,0,0,0,2,0.001,1,0.001
343;349_400-800m,416;447_400-800m,0,0,1,0,5,0.001,1,0,0,0,1,0.001
343;349_400-800m,410;452_0-400m,0,0,0,0,1,0,3,0.001,0,0,0,0
343;349_400-800m,410;452_400-800m,0,0,0,0,1,0,0,0,2,0.001,0,0
343;349_400-800m,414;449_0-400m,0,0,0,0,0,0,0,0,0,0,1,0.001
343;349_400-800m,414;449_400-800m,0,0,1,0,0,0,0,0,0,0,2,0.002
343;349_400-800m,407;456_0-400m,0,0,0,0,0,0,0,0,1,0,0,0
343;349_400-800m,407;456_400-800m,0,0,0,0,0,0,0,0,0,0,1,0.001
343;349_400-800m,413;450_0-400m,0,0,1,0,0,0,2,0,0,0,4,0.005
343;349_400-800m,413;450_400-800m,0,0,0,0,1,0,1,0,1,0,1,0.001
343;349_400-800m,419;444;420_0-400m,0,0,6,0.002,7,0.001,7,0.002,3,0.001,1,0.001
343;349_400-800m,419;444;420_400-800m,0,0,3,0.001,6,0.001,1,0,3,0.001,1,0.001
343;349_400-800m,417;445_0-400m,1,0.003,0,0,3,0,2,0,1,0,1,0.001
343;349_400-800m,417;445_400-800m,0,0,3,0.001,6,0.001,1,0,2,0.001,0,0
343;349_400-800m,405;457_0-400m,0,0,0,0,2,0,0,0,1,0,1,0.001
343;349_400-800m,405;457_400-800m,0,0,0,0,0,0,0,0,0,0,0,0
343;349_400-800m,404;459_0-400m,0,0,2,0.001,5,0.001,2,0,4,0.001,0,0
343;349_400-800m,404;459_400-800m,0,0,0,0,2,0,0,0,4,0.001,1,0.001
343;349_400-800m,421;442_0-400m,1,0.003,2,0.001,15,0.002,8,0.002,9,0.002,5,0.006
343;349_400-800m,421;442_400-800m,0,0,1,0,5,0.001,5,0.001,2,0.001,2,0.002
343;349_400-800m,196;24;1508_0-400m,0,0,2,0.001,9,0.001,6,0.001,2,0.001,1,0.001
343;349_400-800m,196;24;1508_400-800m,0,0,1,0,1,0,1,0,1,0,0,0
343;349_400-800m,409;453_0-400m,0,0,1,0,0,0,0,0,3,0.001,0,0
343;349_400-800m,409;453_400-800m,0,0,0,0,3,0,0,0,3,0.001,0,0
343;349_400-800m,1503_0-400m,0,0,5,0.002,18,0.002,15,0.003,7,0.002,1,0.001
343;349_400-800m,1503_400-800m,0,0,1,0,1,0,2,0,1,0,0,0
343;349_400-800m,1125;1163;1162_0-400m,0,0,0,0,0,0,0,0,0,0,0,0
343;349_400-800m,1125;1163;1162_400-800m,0,0,0,0,0,0,0,0,0,0,0,0
343;349_400-800m,1134;1153_0-400m,0,0,1,0,0,0,0,0,0,0,1,0.001
343;349_400-800m,1134;1153_400-800m,0,0,0,0,0,0,0,0,2,0.001,0,0
343;349_400-800m,21;28;1612_0-400m,1,0.003,5,0.002,20,0.003,17,0.004,9,0.002,1,0.001
343;349_400-800m,21;28;1612_400-800m,0,0,6,0.002,15,0.002,5,0.001,4,0.001,0,0
343;349_400-800m,1131;1158_0-400m,0,0,0,0,2,0,4,0.001,0,0,0,0
343;349_400-800m,1131;1158_400-800m,0,0,1,0,3,0,0,0,0,0,0,0
343;349_400-800m,1135;1152_0-400m,0,0,1,0,2,0,1,0,2,0.001,0,0
343;349_400-800m,1135;1152_400-800m,0,0,0,0,0,0,0,0,0,0,0,0
343;349_400-800m,584;604_0-400m,0,0,0,0,5,0.001,10,0.002,1,0,1,0.001
343;349_400-800m,584;604_400-800m,0,0,1,0,6,0.001,2,0,2,0.001,2,0.002
343;349_400-800m,1139;1149_0-400m,0,0,2,0.001,2,0,2,0,3,0.001,1,0.001
343;349_400-800m,1139;1149_400-800m,0,0,1,0,3,0,0,0,2,0.001,0,0
343;349_400-800m,1138;1150;1137_0-400m,0,0,0,0,3,0,2,0,3,0.001,1,0.001
343;349_400-800m,1138;1150;1137_400-800m,0,0,0,0,0,0,0,0,0,0,0,0
343;349_400-800m,1124;1164_0-400m,1,0.003,0,0,1,0,1,0,0,0,1,0.001
343;349_400-800m,1124;1164_400-800m,1,0.003,3,0.001,4,0.001,1,0,3,0.001,0,0
343;349_400-800m,343;349_0-400m,0,0,7,0.003,10,0.001,4,0.001,3,0.001,2,0.002
343;349_400-800m,343;349_400-800m,1,0.003,0,0,8,0.001,3,0.001,2,0.001,3,0.004
343;349_400-800m,1136;1151_0-400m,0,0,1,0,3,0,0,0,2,0.001,0,0
343;349_400-800m,1136;1151_400-800m,0,0,1,0,1,0,0,0,1,0,0,0
343;349_400-800m,342;350_0-400m,0,0,3,0.001,7,0.001,11,0.002,12,0.003,2,0.002
343;349_400-800m,342;350_400-800m,0,0,2,0.001,6,0.001,3,0.001,1,0,1,0.001
343;349_400-800m,1141;1147_0-400m,0,0,0,0,2,0,5,0.001,4,0.001,0,0
343;349_400-800m,1141;1147_400-800m,0,0,0,0,0,0,0,0,0,0,0,0
343;349_400-800m,1132;1155;1156_0-400m,0,0,0,0,6,0.001,1,0,4,0.001,1,0.001
343;349_400-800m,1132;1155;1156_400-800m,0,0,2,0.001,0,0,0,0,0,0,0,0
343;349_400-800m,1133;1154_0-400m,1,0.003,0,0,0,0,1,0,2,0.001,0,0
343;349_400-800m,1133;1154_400-800m,0,0,3,0.001,1,0,0,0,1,0,3,0.004
343;349_400-800m,1130;1159;1160_0-400m,0,0,3,0.001,9,0.001,7,0.002,5,0.001,0,0
343;349_400-800m,1130;1159;1160_400-800m,0,0,0,0,0,0,0,0,0,0,0,0
343;349_400-800m,345;347_0-400m,0,0,1,0,4,0.001,4,0.001,4,0.001,0,0
343;349_400-800m,345;347_400-800m,0,0,2,0.001,13,0.002,7,0.002,11,0.003,4,0.005
343;349_400-800m,344;348_0-400m,0,0,3,0.001,8,0.001,6,0.001,5,0.001,1,0.001
343;349_400-800m,344;348_400-800m,0,0,3,0.001,16,0.002,6,0.001,8,0.002,1,0.001
343;349_400-800m,1140;1148_0-400m,0,0,0,0,1,0,2,0,2,0.001,1,0.001
343;349_400-800m,1140;1148_400-800m,1,0.003,1,0,5,0.001,3,0.001,3,0.001,0,0
343;349_400-800m,1127;1161_0-400m,0,0,2,0.001,2,0,0,0,0,0,0,0
343;349_400-800m,1127;1161_400-800m,0,0,0,0,1,0,0,0,0,0,0,0
343;349_400-800m,1855_0-400m,0,0,0,0,2,0,1,0,0,0,0,0
343;349_400-800m,1855_400-800m,0,0,0,0,0,0,0,0,0,0,0,0
343;349_400-800m,187;204_0-400m,1,0.003,0,0,0,0,1,0,0,0,0,0
343;349_400-800m,187;204_400-800m,0,0,0,0,1,0,0,0,1,0,0,0
343;349_400-800m,661;674_0-400m,0,0,0,0,0,0,0,0,0,0,1,0.001
343;349_400-800m,661;674_400-800m,0,0,0,0,0,0,0,0,1,0,0,0
343;349_400-800m,184;207_0-400m,0,0,0,0,5,0.001,2,0,1,0,0,0
343;349_400-800m,184;207_400-800m,0,0,1,0,1,0,0,0,0,0,0,0
343;349_400-800m,657;678_0-400m,0,0,0,0,2,0,0,0,2,0.001,0,0
343;349_400-800m,657;678_400-800m,0,0,0,0,0,0,0,0,0,0,0,0
343;349_400-800m,656;679_0-400m,0,0,1,0,1,0,1,0,1,0,0,0
343;349_400-800m,656;679_400-800m,0,0,0,0,0,0,0,0,0,0,0,0
343;349_400-800m,1383;1461;1384_0-400m,0,0,1,0,4,0.001,0,0,6,0.002,0,0
343;349_400-800m,1383;1461;1384_400-800m,0,0,3,0.001,2,0,6,0.001,4,0.001,0,0
343;349_400-800m,665;670_0-400m,0,0,1,0,1,0,2,0,0,0,0,0
343;349_400-800m,665;670_400-800m,0,0,0,0,0,0,0,0,0,0,0,0
343;349_400-800m,659;676;675_0-400m,0,0,0,0,1,0,0,0,1,0,0,0
343;349_400-800m,659;676;675_400-800m,0,0,0,0,0,0,1,0,0,0,0,0
343;349_400-800m,664;671_0-400m,0,0,2,0.001,4,0.001,2,0,0,0,0,0
343;349_400-800m,664;671_400-800m,0,0,0,0,3,0,0,0,0,0,0,0
343;349_400-800m,185;206_0-400m,0,0,1,0,1,0,0,0,0,0,0,0
343;349_400-800m,185;206_400-800m,0,0,1,0,1,0,1,0,0,0,0,0
343;349_400-800m,662;673_0-400m,0,0,0,0,4,0.001,1,0,2,0.001,0,0
343;349_400-800m,662;673_400-800m,0,0,0,0,2,0,5,0.001,1,0,1,0.001
343;349_400-800m,1385;1459_0-400m,0,0,6,0.002,6,0.001,4,0.001,1,0,0,0
343;349_400-800m,1385;1459_400-800m,0,0,0,0,1,0,1,0,4,0.001,0,0
343;349_400-800m,658;677_0-400m,0,0,1,0,1,0,0,0,0,0,0,0
343;349_400-800m,658;677_400-800m,0,0,0,0,0,0,0,0,0,0,0,0
343;349_400-800m,663;672_0-400m,0,0,2,0.001,3,0,2,0,1,0,1,0.001
343;349_400-800m,663;672_400-800m,0,0,1,0,0,0,0,0,0,0,0,0
343;349_400-800m,183;209_0-400m,0,0,0,0,2,0,2,0,1,0,0,0
343;349_400-800m,183;209_400-800m,0,0,0,0,0,0,0,0,0,0,0,0
343;349_400-800m,186;205_0-400m,0,0,0,0,2,0,0,0,1,0,0,0
343;349_400-800m,186;205_400-800m,0,0,0,0,1,0,0,0,0,0,0,0
343;349_400-800m,188;203_0-400m,0,0,1,0,2,0,3,0.001,4,0.001,0,0
343;349_400-800m,188;203_400-800m,0,0,0,0,4,0.001,0,0,1,0,0,0
343;349_400-800m,388;823_0-400m,0,0,0,0,9,0.001,6,0.001,6,0.002,0,0
343;349_400-800m,388;823_400-800m,0,0,0,0,2,0,1,0,1,0,0,0
343;349_400-800m,1386;95_0-400m,0,0,2,0.001,8,0.001,8,0.002,4,0.001,1,0.001
343;349_400-800m,1386;95_400-800m,0,0,0,0,2,0,2,0,1,0,0,0
343;349_400-800m,Orange_0-400m,0,0,9,0.003,25,0.003,8,0.002,7,0.002,1,0.001
343;349_400-800m,Blue_0-400m,0,0,6,0.002,1,0,3,0.001,3,0.001,0,0
343;349_400-800m,Green_0-400m,0,0,4,0.001,8,0.001,1,0,3,0.001,0,0
343;349_400-800m,Orange_400-800m,0,0,0,0,7,0.001,2,0,2,0.001,2,0.002
343;349_400-800m,Blue_400-800m,0,0,8,0.003,8,0.001,8,0.002,4,0.001,1,0.001
343;349_400-800m,Green_400-800m,0,0,0,0,6,0.001,1,0,2,0.001,0,0
343;349_400-800m,External,22,0.067,215,0.079,457,0.058,262,0.058,231,0.059,45,0.056
1136;1151_0-400m,415;448_0-400m,0,0,1,0,2,0,1,0,1,0,0,0
1136;1151_0-400m,415;448_400-800m,2,0.006,1,0,1,0,0,0,0,0,0,0
1136;1151_0-400m,408;455_0-400m,0,0,0,0,2,0,0,0,0,0,0,0
1136;1151_0-400m,408;455_400-800m,0,0,0,0,0,0,1,0,1,0,0,0
1136;1151_0-400m,412;451_0-400m,0,0,0,0,1,0,0,0,1,0,0,0
1136;1151_0-400m,412;451_400-800m,0,0,0,0,5,0.001,0,0,1,0,0,0
1136;1151_0-400m,416;447_0-400m,0,0,0,0,2,0,0,0,3,0.001,1,0.001
1136;1151_0-400m,416;447_400-800m,0,0,1,0,1,0,0,0,2,0.001,1,0.001
1136;1151_0-400m,410;452_0-400m,0,0,1,0,1,0,1,0,0,0,0,0
1136;1151_0-400m,410;452_400-800m,0,0,0,0,3,0,3,0.001,0,0,0,0
1136;1151_0-400m,414;449_0-400m,1,0.003,0,0,1,0,0,0,0,0,0,0
1136;1151_0-400m,414;449_400-800m,0,0,0,0,0,0,0,0,1,0,0,0
1136;1151_0-400m,407;456_0-400m,0,0,0,0,0,0,0,0,0,0,1,0.001
1136;1151_0-400m,407;456_400-800m,0,0,0,0,1,0,0,0,0,0,1,0.001
1136;1151_0-400m,413;450_0-400m,0,0,0,0,3,0,2,0,1,0,0,0
1136;1151_0-400m,413;450_400-800m,0,0,0,0,0,0,2,0,4,0.001,0,0
1136;1151_0-400m,419;444;420_0-400m,1,0.003,1,0,7,0.001,4,0.001,2,0.001,0,0
1136;1151_0-400m,419;444;420_400-800m,1,0.003,0,0,2,0,3,0.001,3,0.001,0,0
1136;1151_0-400m,417;445_0-400m,0,0,3,0.001,5,0.001,2,0,3,0.001,0,0
1136;1151_0-400m,417;445_400-800m,0,0,1,0,4,0.001,1,0,1,0,0,0
1136;1151_0-400m,405;457_0-400m,0,0,0,0,4,0.001,1,0,4,0.001,0,0
1136;1151_0-400m,405;457_400-800m,0,0,2,0.001,2,0,0,0,1,0,0,0
1136;1151_0-400m,404;459_0-400m,0,0,4,0.001,9,0.001,2,0,0,0,1,0.001
1136;1151_0-400m,404;459_400-800m,0,0,3,0.001,3,0,2,0,0,0,0,0
1136;1151_0-400m,421;442_0-400m,0,0,1,0,5,0.001,4,0.001,7,0.002,1,0.001
1136;1151_0-400m,421;442_400-800m,0,0,3,0.001,2,0,4,0.001,2,0.001,2,0.002
1136;1151_0-400m,196;24;1508_0-400m,0,0,2,0.001,6,0.001,5,0.001,2,0.001,0,0
1136;1151_0-400m,196;24;1508_400-800m,0,0,0,0,1,0,2,0,3,0.001,0,0
1136;1151_0-400m,409;453_0-400m,0,0,0,0,0,0,1,0,1,0,1,0.001
1136;1151_0-400m,409;453_400-800m,0,0,0,0,2,0,0,0,1,0,0,0
1136;1151_0-400m,1503_0-400m,1,0.003,3,0.001,15,0.002,3,0.001,3,0.001,2,0.002
1136;1151_0-400m,1503_400-800m,0,0,0,0,0,0,0,0,1,0,0,0
1136;1151_0-400m,1125;1163;1162_0-400m,1,0.003,1,0,4,0.001,2,0,3,0.001,0,0
1136;1151_0-400m,1125;1163;1162_400-800m,0,0,0,0,1,0,0,0,0,0,0,0
1136;1151_0-400m,1134;1153_0-400m,0,0,0,0,8,0.001,0,0,6,0.002,2,0.002
1136;1151_0-400m,1134;1153_400-800m,0,0,2,0.001,6,0.001,0,0,4,0.001,0,0
1136;1151_0-400m,21;28;1612_0-400m,3,0.009,2,0.001,18,0.002,6,0.001,12,0.003,2,0.002
1136;1151_0-400m,21;28;1612_400-800m,0,0,1,0,5,0.001,6,0.001,5,0.001,0,0
1136;1151_0-400m,1131;1158_0-400m,0,0,2,0.001,11,0.001,4,0.001,8,0.002,2,0.002
1136;1151_0-400m,1131;1158_400-800m,0,0,2,0.001,2,0,0,0,0,0,0,0
1136;1151_0-400m,1135;1152_0-400m,2,0.006,3,0.001,24,0.003,11,0.002,13,0.003,1,0.001
1136;1151_0-400m,1135;1152_400-800m,0,0,0,0,1,0,0,0,0,0,0,0
1136;1151_0-400m,584;604_0-400m,0,0,4,0.001,8,0.001,6,0.001,4,0.001,1,0.001
1136;1151_0-400m,584;604_400-800m,0,0,4,0.001,14,0.002,9,0.002,8,0.002,3,0.004
1136;1151_0-400m,1139;1149_0-400m,0,0,3,0.001,13,0.002,17,0.004,10,0.003,5,0.006
1136;1151_0-400m,1139;1149_400-800m,0,0,2,0.001,2,0,3,0.001,2,0.001,3,0.004
1136;1151_0-400m,1138;1150;1137_0-400m,0,0,6,0.002,29,0.004,14,0.003,17,0.004,4,0.005
1136;1151_0-400m,1138;1150;1137_400-800m,0,0,0,0,3,0,0,0,0,0,0,0
1136;1151_0-400m,1124;1164_0-400m,0,0,3,0.001,25,0.003,8,0.002,8,0.002,1,0.001
1136;1151_0-400m,1124;1164_400-800m,0,0,3,0.001,33,0.004,16,0.004,5,0.001,2,0.002
1136;1151_0-400m,343;349_0-400m,0,0,7,0.003,7,0.001,8,0.002,13,0.003,2,0.002
1136;1151_0-400m,343;349_400-800m,0,0,1,0,3,0,0,0,1,0,0,0
1136;1151_0-400m,1136;1151_0-400m,3,0.009,16,0.006,27,0.003,19,0.004,22,0.006,9,0.011
1136;1151_0-400m,1136;1151_400-800m,0,0,4,0.001,14,0.002,2,0,4,0.001,0,0
1136;1151_0-400m,342;350_0-400m,0,0,3,0.001,13,0.002,5,0.001,10,0.003,0,0
1136;1151_0-400m,342;350_400-800m,0,0,0,0,4,0.001,2,0,4,0.001,1,0.001
1136;1151_0-400m,1141;1147_0-400m,0,0,3,0.001,11,0.001,10,0.002,5,0.001,3,0.004
1136;1151_0-400m,1141;1147_400-800m,0,0,0,0,0,0,1,0,1,0,0,0
1136;1151_0-400m,1132;1155;1156_0-400m,0,0,3,0.001,17,0.002,13,0.003,18,0.005,2,0.002
1136;1151_0-400m,1132;1155;1156_400-800m,0,0,1,0,4,0.001,1,0,0,0,1,0.001
1136;1151_0-400m,1133;1154_0-400m,1,0.003,2,0.001,5,0.001,4,0.001,5,0.001,1,0.001
1136;1151_0-400m,1133;1154_400-800m,0,0,2,0.001,5,0.001,1,0,3,0.001,1,0.001
1136;1151_0-400m,1130;1159;1160_0-400m,0,0,13,0.005,52,0.007,28,0.006,29,0.007,4,0.005
1136;1151_0-400m,1130;1159;1160_400-800m,0,0,0,0,0,0,0,0,0,0,0,0
1136;1151_0-400m,345;347_0-400m,2,0.006,2,0.001,11,0.001,11,0.002,6,0.002,2,0.002
1136;1151_0-400m,345;347_400-800m,2,0.006,5,0.002,1,0,9,0.002,12,0.003,0,0
1136;1151_0-400m,344;348_0-400m,1,0.003,6,0.002,5,0.001,5,0.001,1,0,0,0
1136;1151_0-400m,344;348_400-800m,1,0.003,4,0.001,6,0.001,5,0.001,5,0.001,2,0.002
1136;1151_0-400m,1140;1148_0-400m,0,0,4,0.001,3,0,9,0.002,7,0.002,0,0
1136;1151_0-400m,1140;1148_400-800m,0,0,1,0,4,0.001,5,0.001,4,0.001,0,0
1136;1151_0-400m,1127;1161_0-400m,1,0.003,12,0.004,41,0.005,14,0.003,15,0.004,2,0.002
1136;1151_0-400m,1127;1161_400-800m,0,0,2,0.001,2,0,0,0,2,0.001,0,0
1136;1151_0-400m,1855_0-400m,0,0,2,0.001,5,0.001,6,0.001,7,0.002,0,0
1136;1151_0-400m,1855_400-800m,0,0,0,0,0,0,0,0,0,0,0,0
1136;1151_0-400m,187;204_0-400m,1,0.003,1,0,2,0,1,0,0,0,0,0
1136;1151_0-400m,187;204_400-800m,0,0,0,0,0,0,0,0,0,0,0,0
1136;1151_0-400m,661;674_0-400m,0,0,1,0,3,0,0,0,0,0,0,0
1136;1151_0-400m,661;674_400-800m,0,0,0,0,0,0,0,0,1,0,0,0
1136;1151_0-400m,184;207_0-400m,0,0,1,0,2,0,0,0,1,0,0,0
1136;1151_0-400m,184;207_400-800m,0,0,1,0,3,0,0,0,1,0,1,0.001
1136;1151_0-400m,657;678_0-400m,0,0,0,0,1,0,1,0,0,0,0,0
1136;1151_0-400m,657;678_400-800m,0,0,0,0,0,0,1,0,0,0,0,0
1136;1151_0-400m,656;679_0-400m,0,0,0,0,1,0,1,0,3,0.001,0,0
1136;1151_0-400m,656;679_400-800m,0,0,0,0,0,0,0,0,0,0,0,0
1136;1151_0-400m,1383;1461;1384_0-400m,0,0,2,0.001,5,0.001,5,0.001,1,0,1,0.001
1136;1151_0-400m,1383;1461;1384_400-800m,1,0.003,3,0.001,4,0.001,1,0,4,0.001,0,0
1136;1151_0-400m,665;670_0-400m,0,0,2,0.001,2,0,2,0,0,0,0,0
1136;1151_0-400m,665;670_400-800m,0,0,0,0,0,0,0,0,3,0.001,0,0
1136;1151_0-400m,659;676;675_0-400m,0,0,1,0,1,0,0,0,0,0,1,0.001
1136;1151_0-400m,659;676;675_400-800m,0,0,0,0,1,0,0,0,0,0,0,0
1136;1151_0-400m,664;671_0-400m,0,0,0,0,2,0,1,0,0,0,1,0.001
1136;1151_0-400m,664;671_400-800m,0,0,0,0,3,0,2,0,1,0,0,0
1136;1151_0-400m,185;206_0-400m,0,0,0,0,1,0,1,0,0,0,0,0
1136;1151_0-400m,185;206_400-800m,0,0,0,0,0,0,0,0,0,0,0,0
1136;1151_0-400m,662;673_0-400m,0,0,6,0.002,9,0.001,2,0,0,0,1,0.001
1136;1151_0-400m,662;673_400-800m,1,0.003,2,0.001,7,0.001,3,0.001,1,0,1,0.001
1136;1151_0-400m,1385;1459_0-400m,0,0,2,0.001,9,0.001,3,0.001,1,0,1,0.001
1136;1151_0-400m,1385;1459_400-800m,0,0,0,0,2,0,1,0,1,0,0,0
1136;1151_0-400m,658;677_0-400m,0,0,1,0,2,0,2,0,0,0,0,0
1136;1151_0-400m,658;677_400-800m,0,0,0,0,0,0,0,0,0,0,0,0
1136;1151_0-400m,663;672_0-400m,0,0,4,0.001,2,0,1,0,1,0,0,0
1136;1151_0-400m,663;672_400-800m,0,0,0,0,1,0,0,0,0,0,0,0
1136;1151_0-400m,183;209_0-400m,0,0,5,0.002,1,0,1,0,0,0,0,0
1136;1151_0-400m,183;209_400-800m,0,0,0,0,1,0,0,0,0,0,0,0
1136;1151_0-400m,186;205_0-400m,0,0,0,0,0,0,1,0,1,0,2,0.002
1136;1151_0-400m,186;205_400-800m,0,0,0,0,0,0,0,0,0,0,0,0
1136;1151_0-400m,188;203_0-400m,0,0,0,0,4,0.001,4,0.001,0,0,0,0
1136;1151_0-400m,188;203_400-800m,1,0.003,1,0,11,0.001,1,0,1,0,2,0.002
1136;1151_0-400m,388;823_0-400m,0,0,1,0,8,0.001,6,0.001,6,0.002,0,0
1136;1151_0-400m,388;823_400-800m,0,0,0,0,5,0.001,0,0,1,0,0,0
1136;1151_0-400m,1386;95_0-400m,0,0,4,0.001,7,0.001,8,0.002,0,0,0,0
1136;1151_0-400m,1386;95_400-800m,0,0,0,0,0,0,2,0,0,0,1,0.001
1136;1151_0-400m,Orange_0-400m,5,0.015,5,0.002,25,0.003,7,0.002,13,0.003,4,0.005
1136;1151_0-400m,Blue_0-400m,0,0,11,0.004,38,0.005,19,0.004,15,0.004,1,0.001
1136;1151_0-400m,Green_0-400m,0,0,0,0,8,0.001,3,0.001,5,0.001,1,0.001
1136;1151_0-400m,Orange_400-800m,0,0,2,0.001,5,0.001,6,0.001,2,0.001,1,0.001
1136;1151_0-400m,Blue_400-800m,0,0,21,0.008,32,0.004,18,0.004,16,0.004,1,0.001
1136;1151_0-400m,Green_400-800m,1,0.003,3,0.001,6,0.001,3,0.001,4,0.001,4,0.005
1136;1151_0-400m,External,50,0.152,470,0.173,770,0.098,366,0.08,365,0.093,74,0.092
1136;1151_400-800m,415;448_0-400m,0,0,1,0,1,0,1,0,2,0.001,0,0
1136;1151_400-800m,415;448_400-800m,0,0,0,0,1,0,0,0,0,0,0,0
1136;1151_400-800m,408;455_0-400m,2,0.006,2,0.001,1,0,0,0,0,0,0,0
1136;1151_400-800m,408;455_400-800m,0,0,0,0,1,0,1,0,0,0,0,0
1136;1151_400-800m,412;451_0-400m,0,0,2,0.001,1,0,1,0,0,0,0,0
1136;1151_400-800m,412;451_400-800m,0,0,0,0,1,0,0,0,2,0.001,0,0
1136;1151_400-800m,416;447_0-400m,1,0.003,1,0,0,0,1,0,1,0,0,0
1136;1151_400-800m,416;447_400-800m,0,0,1,0,2,0,1,0,2,0.001,0,0
1136;1151_400-800m,410;452_0-400m,0,0,2,0.001,1,0,0,0,1,0,0,0
1136;1151_400-800m,410;452_400-800m,0,0,0,0,0,0,0,0,0,0,0,0
1136;1151_400-800m,414;449_0-400m,1,0.003,0,0,2,0,0,0,1,0,0,0
1136;1151_400-800m,414;449_400-800m,0,0,1,0,0,0,0,0,3,0.001,0,0
1136;1151_400-800m,407;456_0-400m,0,0,0,0,0,0,0,0,0,0,0,0
1136;1151_400-800m,407;456_400-800m,0,0,0,0,0,0,0,0,0,0,0,0
1136;1151_400-800m,413;450_0-400m,1,0.003,0,0,0,0,0,0,0,0,0,0
1136;1151_400-800m,413;450_400-800m,0,0,1,0,0,0,1,0,1,0,0,0
1136;1151_400-800m,419;444;420_0-400m,0,0,3,0.001,3,0,2,0,3,0.001,0,0
1136;1151_400-800m,419;444;420_400-800m,0,0,3,0.001,1,0,0,0,2,0.001,0,0
1136;1151_400-800m,417;445_0-400m,0,0,3,0.001,0,0,0,0,0,0,0,0
1136;1151_400-800m,417;445_400-800m,0,0,0,0,1,0,0,0,2,0.001,0,0
1136;1151_400-800m,405;457_0-400m,0,0,1,0,2,0,1,0,1,0,0,0
1136;1151_400-800m,405;457_400-800m,0,0,0,0,0,0,0,0,0,0,0,0
1136;1151_400-800m,404;459_0-400m,0,0,0,0,2,0,1,0,0,0,0,0
1136;1151_400-800m,404;459_400-800m,0,0,1,0,2,0,1,0,3,0.001,0,0
1136;1151_400-800m,421;442_0-400m,0,0,3,0.001,19,0.002,3,0.001,3,0.001,0,0
1136;1151_400-800m,421;442_400-800m,0,0,2,0.001,5,0.001,2,0,1,0,1,0.001
1136;1151_400-800m,196;24;1508_0-400m,0,0,0,0,8,0.001,3,0.001,6,0.002,0,0
1136;1151_400-800m,196;24;1508_400-800m,0,0,0,0,0,0,4,0.001,1,0,0,0
1136;1151_400-800m,409;453_0-400m,0,0,5,0.002,0,0,1,0,1,0,0,0
1136;1151_400-800m,409;453_400-800m,0,0,1,0,0,0,0,0,0,0,0,0
1136;1151_400-800m,1503_0-400m,1,0.003,8,0.003,9,0.001,3,0.001,7,0.002,1,0.001
1136;1151_400-800m,1503_400-800m,0,0,0,0,2,0,0,0,0,0,0,0
1136;1151_400-800m,1125;1163;1162_0-400m,0,0,1,0,0,0,0,0,0,0,0,0
1136;1151_400-800m,1125;1163;1162_400-800m,0,0,0,0,1,0,2,0,0,0,0,0
1136;1151_400-800m,1134;1153_0-400m,0,0,0,0,3,0,1,0,0,0,0,0
1136;1151_400-800m,1134;1153_400-800m,0,0,0,0,2,0,3,0.001,0,0,0,0
1136;1151_400-800m,21;28;1612_0-400m,1,0.003,4,0.001,15,0.002,2,0,10,0.003,0,0
1136;1151_400-800m,21;28;1612_400-800m,0,0,2,0.001,10,0.001,1,0,3,0.001,2,0.002
1136;1151_400-800m,1131;1158_0-400m,0,0,2,0.001,4,0.001,4,0.001,1,0,0,0
1136;1151_400-800m,1131;1158_400-800m,1,0.003,1,0,4,0.001,1,0,1,0,0,0
1136;1151_400-800m,1135;1152_0-400m,0,0,1,0,2,0,4,0.001,6,0.002,1,0.001
1136;1151_400-800m,1135;1152_400-800m,0,0,1,0,0,0,0,0,0,0,0,0
1136;1151_400-800m,584;604_0-400m,1,0.003,0,0,0,0,1,0,2,0.001,0,0
1136;1151_400-800m,584;604_400-800m,0,0,0,0,7,0.001,0,0,4,0.001,0,0
1136;1151_400-800m,1139;1149_0-400m,0,0,0,0,3,0,1,0,3,0.001,0,0
1136;1151_400-800m,1139;1149_400-800m,0,0,0,0,1,0,1,0,3,0.001,0,0
1136;1151_400-800m,1138;1150;1137_0-400m,0,0,1,0,5,0.001,4,0.001,4,0.001,1,0.001
1136;1151_400-800m,1138;1150;1137_400-800m,0,0,0,0,2,0,1,0,1,0,0,0
1136;1151_400-800m,1124;1164_0-400m,0,0,0,0,2,0,1,0,2,0.001,0,0
1136;1151_400-800m,1124;1164_400-800m,1,0.003,0,0,11,0.001,3,0.001,1,0,1,0.001
1136;1151_400-800m,343;349_0-400m,0,0,4,0.001,11,0.001,1,0,7,0.002,0,0
1136;1151_400-800m,343;349_400-800m,0,0,0,0,1,0,1,0,0,0,0,0
1136;1151_400-800m,1136;1151_0-400m,0,0,2,0.001,5,0.001,0,0,9,0.002,1,0.001
1136;1151_400-800m,1136;1151_400-800m,1,0.003,7,0.003,11,0.001,13,0.003,16,0.004,7,0.009
1136;1151_400-800m,342;350_0-400m,0,0,1,0,4,0.001,4,0.001,5,0.001,1,0.001
1136;1151_400-800m,342;350_400-800m,0,0,0,0,0,0,2,0,2,0.001,0,0
1136;1151_400-800m,1141;1147_0-400m,1,0.003,2,0.001,3,0,5,0.001,5,0.001,1,0.001
1136;1151_400-800m,1141;1147_400-800m,0,0,1,0,0,0,0,0,0,0,0,0
1136;1151_400-800m,1132;1155;1156_0-400m,0,0,1,0,2,0,3,0.001,0,0,0,0
1136;1151_400-800m,1132;1155;1156_400-800m,0,0,0,0,6,0.001,2,0,1,0,0,0
1136;1151_400-800m,1133;1154_0-400m,0,0,1,0,4,0.001,2,0,4,0.001,0,0
1136;1151_400-800m,1133;1154_400-800m,0,0,3,0.001,11,0.001,14,0.003,3,0.001,1,0.001
1136;1151_400-800m,1130;1159;1160_0-400m,0,0,4,0.001,9,0.001,8,0.002,6,0.002,0,0
1136;1151_400-800m,1130;1159;1160_400-800m,0,0,0,0,0,0,0,0,0,0,0,0
1136;1151_400-800m,345;347_0-400m,0,0,3,0.001,7,0.001,3,0.001,6,0.002,2,0.002
1136;1151_400-800m,345;347_400-800m,0,0,5,0.002,9,0.001,9,0.002,4,0.001,0,0
1136;1151_400-800m,344;348_0-400m,1,0.003,2,0.001,3,0,0,0,3,0.001,0,0
1136;1151_400-800m,344;348_400-800m,1,0.003,2,0.001,1,0,3,0.001,1,0,0,0
1136;1151_400-800m,1140;1148_0-400m,0,0,2,0.001,5,0.001,5,0.001,6,0.002,0,0
1136;1151_400-800m,1140;1148_400-800m,0,0,5,0.002,16,0.002,8,0.002,4,0.001,4,0.005
1136;1151_400-800m,1127;1161_0-400m,0,0,3,0.001,5,0.001,3,0.001,2,0.001,0,0
1136;1151_400-800m,1127;1161_400-800m,0,0,0,0,1,0,0,0,0,0,0,0
1136;1151_400-800m,1855_0-400m,0,0,2,0.001,3,0,1,0,1,0,0,0
1136;1151_400-800m,1855_400-800m,0,0,0,0,0,0,1,0,1,0,0,0
1136;1151_400-800m,187;204_0-400m,0,0,0,0,0,0,0,0,0,0,0,0
1136;1151_400-800m,187;204_400-800m,0,0,0,0,1,0,0,0,0,0,0,0
1136;1151_400-800m,661;674_0-400m,0,0,3,0.001,1,0,0,0,0,0,0,0
1136;1151_400-800m,661;674_400-800m,0,0,0,0,0,0,0,0,0,0,0,0
1136;1151_400-800m,184;207_0-400m,0,0,0,0,1,0,1,0,1,0,0,0
1136;1151_400-800m,184;207_400-800m,1,0.003,1,0,1,0,2,0,0,0,1,0.001
1136;1151_400-800m,657;678_0-400m,0,0,0,0,1,0,1,0,0,0,0,0
1136;1151_400-800m,657;678_400-800m,1,0.003,0,0,0,0,0,0,0,0,0,0
1136;1151_400-800m,656;679_0-400m,0,0,0,0,1,0,0,0,0,0,0,0
1136;1151_400-800m,656;679_400-800m,0,0,0,0,0,0,0,0,0,0,0,0
1136;1151_400-800m,1383;1461;1384_0-400m,0,0,4,0.001,4,0.001,0,0,0,0,1,0.001
1136;1151_400-800m,1383;1461;1384_400-800m,1,0.003,2,0.001,3,0,3,0.001,0,0,0,0
1136;1151_400-800m,665;670_0-400m,0,0,3,0.001,0,0,1,0,0,0,0,0
1136;1151_400-800m,665;670_400-800m,0,0,0,0,0,0,0,0,0,0,0,0
1136;1151_400-800m,659;676;675_0-400m,0,0,0,0,0,0,1,0,1,0,0,0
1136;1151_400-800m,659;676;675_400-800m,0,0,0,0,0,0,1,0,0,0,0,0
1136;1151_400-800m,664;671_0-400m,0,0,2,0.001,0,0,2,0,0,0,0,0
1136;1151_400-800m,664;671_400-800m,0,0,2,0.001,0,0,3,0.001,0,0,0,0
1136;1151_400-800m,185;206_0-400m,0,0,0,0,1,0,1,0,1,0,1,0.001
1136;1151_400-800m,185;206_400-800m,0,0,0,0,0,0,0,0,0,0,0,0
1136;1151_400-800m,662;673_0-400m,1,0.003,2,0.001,4,0.001,2,0,2,0.001,1,0.001
1136;1151_400-800m,662;673_400-800m,0,0,6,0.002,6,0.001,3,0.001,1,0,0,0
1136;1151_400-800m,1385;1459_0-400m,0,0,1,0,6,0.001,4,0.001,3,0.001,0,0
1136;1151_400-800m,1385;1459_400-800m,0,0,0,0,0,0,0,0,1,0,0,0
1136;1151_400-800m,658;677_0-400m,0,0,0,0,0,0,0,0,1,0,0,0
1136;1151_400-800m,658;677_400-800m,0,0,0,0,0,0,0,0,0,0,0,0
1136;1151_400-800m,663;672_0-400m,0,0,3,0.001,6,0.001,0,0,1,0,0,0
1136;1151_400-800m,663;672_400-800m,0,0,0,0,0,0,0,0,0,0,0,0
1136;1151_400-800m,183;209_0-400m,0,0,8,0.003,1,0,2,0,0,0,0,0
1136;1151_400-800m,183;209_400-800m,0,0,0,0,0,0,0,0,1,0,0,0
1136;1151_400-800m,186;205_0-400m,0,0,0,0,1,0,0,0,0,0,0,0
1136;1151_400-800m,186;205_400-800m,0,0,0,0,0,0,0,0,0,0,0,0
1136;1151_400-800m,188;203_0-400m,0,0,2,0.001,4,0.001,0,0,2,0.001,1,0.001
1136;1151_400-800m,188;203_400-800m,0,0,1,0,0,0,1,0,0,0,1,0.001
1136;1151_400-800m,388;823_0-400m,0,0,0,0,10,0.001,3,0.001,3,0.001,1,0.001
1136;1151_400-800m,388;823_400-800m,0,0,2,0.001,1,0,2,0,1,0,0,0
1136;1151_400-800m,1386;95_0-400m,0,0,2,0.001,2,0,1,0,3,0.001,0,0
1136;1151_400-800m,1386;95_400-800m,0,0,0,0,1,0,0,0,0,0,0,0
1136;1151_400-800m,Orange_0-400m,0,0,1,0,15,0.002,7,0.002,3,0.001,2,0.002
1136;1151_400-800m,Blue_0-400m,0,0,4,0.001,16,0.002,2,0,7,0.002,1,0.001
1136;1151_400-800m,Green_0-400m,0,0,4,0.001,4,0.001,5,0.001,4,0.001,5,0.006
1136;1151_400-800m,Orange_400-800m,0,0,3,0.001,5,0.001,2,0,2,0.001,1,0.001
1136;1151_400-800m,Blue_400-800m,0,0,5,0.002,18,0.002,12,0.003,12,0.003,4,0.005
1136;1151_400-800m,Green_400-800m,1,0.003,5,0.002,2,0,2,0,3,0.001,0,0
1136;1151_400-800m,External,60,0.183,263,0.097,455,0.058,223,0.049,219,0.056,44,0.055
342;350_0-400m,415;448_0-400m,1,0.003,3,0.001,8,0.001,5,0.001,3,0.001,3,0.004
342;350_0-400m,415;448_400-800m,1,0.003,0,0,1,0,3,0.001,0,0,0,0
342;350_0-400m,408;455_0-400m,0,0,1,0,2,0,3,0.001,0,0,1,0.001
342;350_0-400m,408;455_400-800m,0,0,2,0.001,2,0,0,0,0,0,1,0.001
342;350_0-400m,412;451_0-400m,2,0.006,1,0,4,0.001,3,0.001,2,0.001,0,0
342;350_0-400m,412;451_400-800m,0,0,2,0.001,7,0.001,4,0.001,8,0.002,4,0.005
342;350_0-400m,416;447_0-400m,0,0,1,0,8,0.001,2,0,6,0.002,4,0.005
342;350_0-400m,416;447_400-800m,0,0,6,0.002,9,0.001,4,0.001,11,0.003,1,0.001
342;350_0-400m,410;452_0-400m,0,0,2,0.001,6,0.001,3,0.001,2,0.001,0,0
342;350_0-400m,410;452_400-800m,1,0.003,1,0,4,0.001,4,0.001,8,0.002,2,0.002
342;350_0-400m,414;449_0-400m,1,0.003,0,0,1,0,3,0.001,2,0.001,1,0.001
342;350_0-400m,414;449_400-800m,2,0.006,2,0.001,5,0.001,3,0.001,3,0.001,0,0
342;350_0-400m,407;456_0-400m,0,0,0,0,2,0,1,0,1,0,0,0
342;350_0-400m,407;456_400-800m,1,0.003,0,0,3,0,3,0.001,3,0.001,0,0
342;350_0-400m,413;450_0-400m,1,0.003,0,0,2,0,4,0.001,5,0.001,0,0
342;350_0-400m,413;450_400-800m,1,0.003,4,0.001,10,0.001,3,0.001,6,0.002,2,0.002
342;350_0-400m,419;444;420_0-400m,1,0.003,9,0.003,30,0.004,15,0.003,8,0.002,5,0.006
342;350_0-400m,419;444;420_400-800m,1,0.003,6,0.002,11,0.001,2,0,8,0.002,0,0
342;350_0-400m,417;445_0-400m,1,0.003,3,0.001,7,0.001,4,0.001,3,0.001,1,0.001
342;350_0-400m,417;445_400-800m,0,0,7,0.003,8,0.001,2,0,5,0.001,3,0.004
342;350_0-400m,405;457_0-400m,1,0.003,1,0,7,0.001,6,0.001,5,0.001,0,0
342;350_0-400m,405;457_400-800m,0,0,0,0,0,0,1,0,1,0,0,0
342;350_0-400m,404;459_0-400m,0,0,1,0,13,0.002,5,0.001,2,0.001,1,0.001
342;350_0-400m,404;459_400-800m,0,0,3,0.001,12,0.002,6,0.001,4,0.001,1,0.001
342;350_0-400m,421;442_0-400m,3,0.009,12,0.004,36,0.005,15,0.003,22,0.006,1,0.001
342;350_0-400m,421;442_400-800m,0,0,11,0.004,17,0.002,7,0.002,8,0.002,2,0.002
342;350_0-400m,196;24;1508_0-400m,2,0.006,6,0.002,30,0.004,15,0.003,27,0.007,6,0.007
342;350_0-400m,196;24;1508_400-800m,1,0.003,2,0.001,10,0.001,3,0.001,3,0.001,0,0
342;350_0-400m,409;453_0-400m,0,0,0,0,3,0,3,0.001,4,0.001,2,0.002
342;350_0-400m,409;453_400-800m,0,0,1,0,4,0.001,0,0,0,0,1,0.001
342;350_0-400m,1503_0-400m,1,0.003,20,0.007,69,0.009,48,0.011,55,0.014,8,0.01
342;350_0-400m,1503_400-800m,0,0,0,0,2,0,1,0,3,0.001,0,0
342;350_0-400m,1125;1163;1162_0-400m,0,0,1,0,4,0.001,2,0,2,0.001,1,0.001
342;350_0-400m,1125;1163;1162_400-800m,0,0,0,0,0,0,0,0,1,0,0,0
342;350_0-400m,1134;1153_0-400m,1,0.003,4,0.001,4,0.001,4,0.001,3,0.001,2,0.002
342;350_0-400m,1134;1153_400-800m,0,0,0,0,4,0.001,4,0.001,4,0.001,0,0
342;350_0-400m,21;28;1612_0-400m,2,0.006,26,0.01,60,0.008,45,0.01,51,0.013,7,0.009
342;350_0-400m,21;28;1612_400-800m,0,0,8,0.003,45,0.006,24,0.005,25,0.006,10,0.012
342;350_0-400m,1131;1158_0-400m,1,0.003,7,0.003,14,0.002,7,0.002,5,0.001,3,0.004
342;350_0-400m,1131;1158_400-800m,0,0,1,0,10,0.001,5,0.001,4,0.001,2,0.002
342;350_0-400m,1135;1152_0-400m,2,0.006,4,0.001,12,0.002,8,0.002,9,0.002,5,0.006
342;350_0-400m,1135;1152_400-800m,0,0,0,0,1,0,0,0,0,0,0,0
342;350_0-400m,584;604_0-400m,0,0,8,0.003,21,0.003,16,0.004,17,0.004,1,0.001
342;350_0-400m,584;604_400-800m,0,0,8,0.003,12,0.002,11,0.002,10,0.003,3,0.004
342;350_0-400m,1139;1149_0-400m,0,0,9,0.003,19,0.002,23,0.005,17,0.004,3,0.004
342;350_0-400m,1139;1149_400-800m,0,0,0,0,3,0,2,0,3,0.001,2,0.002
342;350_0-400m,1138;1150;1137_0-400m,0,0,6,0.002,17,0.002,15,0.003,22,0.006,5,0.006
342;350_0-400m,1138;1150;1137_400-800m,0,0,1,0,0,0,3,0.001,1,0,0,0
342;350_0-400m,1124;1164_0-400m,0,0,2,0.001,10,0.001,10,0.002,7,0.002,3,0.004
342;350_0-400m,1124;1164_400-800m,1,0.003,6,0.002,23,0.003,11,0.002,13,0.003,1,0.001
342;350_0-400m,343;349_0-400m,3,0.009,14,0.005,45,0.006,26,0.006,36,0.009,7,0.009
342;350_0-400m,343;349_400-800m,0,0,2,0.001,14,0.002,5,0.001,9,0.002,2,0.002
342;350_0-400m,1136;1151_0-400m,0,0,3,0.001,11,0.001,6,0.001,19,0.005,1,0.001
342;350_0-400m,1136;1151_400-800m,0,0,2,0.001,8,0.001,5,0.001,5,0.001,0,0
342;350_0-400m,342;350_0-400m,3,0.009,39,0.014,101,0.013,64,0.014,92,0.023,27,0.034
342;350_0-400m,342;350_400-800m,0,0,8,0.003,17,0.002,20,0.004,23,0.006,7,0.009
342;350_0-400m,1141;1147_0-400m,1,0.003,11,0.004,18,0.002,15,0.003,26,0.007,7,0.009
342;350_0-400m,1141;1147_400-800m,0,0,0,0,3,0,0,0,3,0.001,0,0
342;350_0-400m,1132;1155;1156_0-400m,1,0.003,6,0.002,22,0.003,12,0.003,15,0.004,2,0.002
342;350_0-400m,1132;1155;1156_400-800m,0,0,1,0,6,0.001,2,0,1,0,0,0
342;350_0-400m,1133;1154_0-400m,0,0,1,0,7,0.001,9,0.002,7,0.002,2,0.002
342;350_0-400m,1133;1154_400-800m,1,0.003,7,0.003,8,0.001,4,0.001,9,0.002,3,0.004
342;350_0-400m,1130;1159;1160_0-400m,0,0,7,0.003,52,0.007,26,0.006,10,0.003,5,0.006
342;350_0-400m,1130;1159;1160_400-800m,0,0,0,0,0,0,0,0,0,0,0,0
342;350_0-400m,345;347_0-400m,1,0.003,9,0.003,30,0.004,19,0.004,28,0.007,1,0.001
342;350_0-400m,345;347_400-800m,0,0,12,0.004,19,0.002,24,0.005,32,0.008,10,0.012
342;350_0-400m,344;348_0-400m,1,0.003,9,0.003,27,0.003,13,0.003,26,0.007,1,0.001
342;350_0-400m,344;348_400-800m,0,0,7,0.003,22,0.003,14,0.003,18,0.005,7,0.009
342;350_0-400m,1140;1148_0-400m,0,0,13,0.005,27,0.003,17,0.004,17,0.004,10,0.012
342;350_0-400m,1140;1148_400-800m,1,0.003,2,0.001,13,0.002,4,0.001,14,0.004,1,0.001
342;350_0-400m,1127;1161_0-400m,4,0.012,9,0.003,16,0.002,14,0.003,6,0.002,1,0.001
342;350_0-400m,1127;1161_400-800m,0,0,0,0,0,0,0,0,0,0,0,0
342;350_0-400m,1855_0-400m,0,0,4,0.001,13,0.002,2,0,3,0.001,0,0
342;350_0-400m,1855_400-800m,0,0,0,0,1,0,1,0,0,0,0,0
342;350_0-400m,187;204_0-400m,0,0,1,0,5,0.001,2,0,4,0.001,0,0
342;350_0-400m,187;204_400-800m,0,0,1,0,3,0,3,0.001,2,0.001,0,0
342;350_0-400m,661;674_0-400m,0,0,7,0.003,4,0.001,1,0,6,0.002,2,0.002
342;350_0-400m,661;674_400-800m,0,0,0,0,2,0,0,0,1,0,0,0
342;350_0-400m,184;207_0-400m,0,0,0,0,3,0,3,0.001,0,0,4,0.005
342;350_0-400m,184;207_400-800m,1,0.003,0,0,5,0.001,6,0.001,4,0.001,0,0
342;350_0-400m,657;678_0-400m,0,0,4,0.001,5,0.001,3,0.001,7,0.002,1,0.001
342;350_0-400m,657;678_400-800m,0,0,1,0,3,0,0,0,0,0,0,0
342;350_0-400m,656;679_0-400m,0,0,2,0.001,4,0.001,2,0,6,0.002,0,0
342;350_0-400m,656;679_400-800m,0,0,0,0,0,0,2,0,1,0,0,0
342;350_0-400m,1383;1461;1384_0-400m,2,0.006,8,0.003,17,0.002,8,0.002,12,0.003,3,0.004
342;350_0-400m,1383;1461;1384_400-800m,3,0.009,5,0.002,20,0.003,12,0.003,10,0.003,5,0.006
342;350_0-400m,665;670_0-400m,1,0.003,2,0.001,2,0,2,0,5,0.001,0,0
342;350_0-400m,665;670_400-800m,0,0,1,0,1,0,1,0,3,0.001,0,0
342;350_0-400m,659;676;675_0-400m,1,0.003,1,0,5,0.001,3,0.001,4,0.001,1,0.001
342;350_0-400m,659;676;675_400-800m,0,0,1,0,1,0,1,0,2,0.001,0,0
342;350_0-400m,664;671_0-400m,0,0,2,0.001,9,0.001,5,0.001,3,0.001,1,0.001
342;350_0-400m,664;671_400-800m,0,0,2,0.001,6,0.001,7,0.002,11,0.003,0,0
342;350_0-400m,185;206_0-400m,1,0.003,1,0,3,0,2,0,2,0.001,1,0.001
342;350_0-400m,185;206_400-800m,0,0,1,0,3,0,1,0,1,0,0,0
342;350_0-400m,662;673_0-400m,0,0,9,0.003,14,0.002,5,0.001,11,0.003,3,0.004
342;350_0-400m,662;673_400-800m,1,0.003,4,0.001,18,0.002,2,0,9,0.002,4,0.005
342;350_0-400m,1385;1459_0-400m,0,0,9,0.003,18,0.002,10,0.002,10,0.003,3,0.004
342;350_0-400m,1385;1459_400-800m,0,0,1,0,4,0.001,4,0.001,5,0.001,1,0.001
342;350_0-400m,658;677_0-400m,0,0,3,0.001,1,0,3,0.001,3,0.001,0,0
342;350_0-400m,658;677_400-800m,0,0,0,0,0,0,0,0,0,0,0,0
342;350_0-400m,663;672_0-400m,0,0,2,0.001,15,0.002,7,0.002,10,0.003,1,0.001
342;350_0-400m,663;672_400-800m,0,0,3,0.001,4,0.001,1,0,3,0.001,0,0
342;350_0-400m,183;209_0-400m,0,0,5,0.002,17,0.002,4,0.001,4,0.001,0,0
342;350_0-400m,183;209_400-800m,0,0,2,0.001,6,0.001,1,0,4,0.001,0,0
342;350_0-400m,186;205_0-400m,2,0.006,2,0.001,6,0.001,1,0,4,0.001,0,0
342;350_0-400m,186;205_400-800m,0,0,0,0,0,0,0,0,0,0,0,0
342;350_0-400m,188;203_0-400m,2,0.006,4,0.001,6,0.001,2,0,12,0.003,0,0
342;350_0-400m,188;203_400-800m,0,0,4,0.001,12,0.002,5,0.001,12,0.003,5,0.006
342;350_0-400m,388;823_0-400m,2,0.006,13,0.005,26,0.003,25,0.005,34,0.009,1,0.001
342;350_0-400m,388;823_400-800m,0,0,7,0.003,5,0.001,3,0.001,8,0.002,1,0.001
342;350_0-400m,1386;95_0-400m,2,0.006,20,0.007,22,0.003,21,0.005,14,0.004,2,0.002
342;350_0-400m,1386;95_400-800m,0,0,1,0,8,0.001,1,0,4,0.001,1,0.001
342;350_0-400m,Orange_0-400m,7,0.021,16,0.006,36,0.005,18,0.004,37,0.009,9,0.011
342;350_0-400m,Blue_0-400m,2,0.006,16,0.006,37,0.005,22,0.005,25,0.006,0,0
342;350_0-400m,Green_0-400m,1,0.003,10,0.004,31,0.004,11,0.002,8,0.002,3,0.004
342;350_0-400m,Orange_400-800m,0,0,4,0.001,13,0.002,10,0.002,8,0.002,5,0.006
342;350_0-400m,Blue_400-800m,0,0,24,0.009,50,0.006,30,0.007,36,0.009,6,0.007
342;350_0-400m,Green_400-800m,0,0,1,0,16,0.002,4,0.001,5,0.001,4,0.005
342;350_0-400m,External,139,0.423,883,0.325,1612,0.205,767,0.169,962,0.246,258,0.321
342;350_400-800m,415;448_0-400m,0,0,1,0,0,0,0,0,0,0,0,0
342;350_400-800m,415;448_400-800m,0,0,0,0,1,0,1,0,1,0,0,0
342;350_400-800m,408;455_0-400m,0,0,1,0,0,0,0,0,0,0,0,0
342;350_400-800m,408;455_400-800m,0,0,0,0,0,0,0,0,0,0,0,0
342;350_400-800m,412;451_0-400m,0,0,0,0,0,0,0,0,0,0,0,0
342;350_400-800m,412;451_400-800m,0,0,0,0,2,0,1,0,4,0.001,0,0
342;350_400-800m,416;447_0-400m,1,0.003,0,0,1,0,0,0,0,0,0,0
342;350_400-800m,416;447_400-800m,0,0,1,0,1,0,3,0.001,0,0,0,0
342;350_400-800m,410;452_0-400m,0,0,0,0,4,0.001,0,0,0,0,0,0
342;350_400-800m,410;452_400-800m,0,0,0,0,0,0,1,0,0,0,0,0
342;350_400-800m,414;449_0-400m,0,0,0,0,0,0,1,0,1,0,2,0.002
342;350_400-800m,414;449_400-800m,0,0,0,0,1,0,3,0.001,0,0,1,0.001
342;350_400-800m,407;456_0-400m,0,0,0,0,0,0,0,0,2,0.001,0,0
342;350_400-800m,407;456_400-800m,0,0,0,0,0,0,2,0,2,0.001,1,0.001
342;350_400-800m,413;450_0-400m,0,0,0,0,1,0,1,0,1,0,1,0.001
342;350_400-800m,413;450_400-800m,0,0,0,0,2,0,0,0,0,0,1,0.001
342;350_400-800m,419;444;420_0-400m,0,0,3,0.001,8,0.001,3,0.001,1,0,0,0
342;350_400-800m,419;444;420_400-800m,1,0.003,2,0.001,3,0,1,0,2,0.001,0,0
342;350_400-800m,417;445_0-400m,0,0,0,0,1,0,1,0,0,0,0,0
342;350_400-800m,417;445_400-800m,0,0,1,0,4,0.001,1,0,1,0,0,0
342;350_400-800m,405;457_0-400m,0,0,1,0,4,0.001,0,0,1,0,0,0
342;350_400-800m,405;457_400-800m,0,0,0,0,0,0,0,0,0,0,0,0
342;350_400-800m,404;459_0-400m,0,0,0,0,2,0,2,0,3,0.001,0,0
342;350_400-800m,404;459_400-800m,0,0,1,0,6,0.001,1,0,2,0.001,3,0.004
342;350_400-800m,421;442_0-400m,0,0,1,0,12,0.002,1,0,4,0.001,0,0
342;350_400-800m,421;442_400-800m,0,0,0,0,5,0.001,1,0,3,0.001,0,0
342;350_400-800m,196;24;1508_0-400m,1,0.003,1,0,5,0.001,7,0.002,9,0.002,1,0.001
342;350_400-800m,196;24;1508_400-800m,0,0,1,0,1,0,1,0,1,0,0,0
342;350_400-800m,409;453_0-400m,0,0,0,0,0,0,0,0,1,0,0,0
342;350_400-800m,409;453_400-800m,0,0,0,0,1,0,1,0,1,0,0,0
342;350_400-800m,1503_0-400m,0,0,4,0.001,18,0.002,7,0.002,13,0.003,3,0.004
342;350_400-800m,1503_400-800m,0,0,0,0,1,0,2,0,2,0.001,0,0
342;350_400-800m,1125;1163;1162_0-400m,0,0,5,0.002,2,0,2,0,0,0,0,0
342;350_400-800m,1125;1163;1162_400-800m,0,0,0,0,0,0,0,0,0,0,0,0
342;350_400-800m,1134;1153_0-400m,0,0,1,0,3,0,0,0,1,0,0,0
342;350_400-800m,1134;1153_400-800m,0,0,1,0,2,0,1,0,1,0,1,0.001
342;350_400-800m,21;28;1612_0-400m,0,0,5,0.002,16,0.002,7,0.002,14,0.004,3,0.004
342;350_400-800m,21;28;1612_400-800m,1,0.003,5,0.002,16,0.002,1,0,2,0.001,1,0.001
342;350_400-800m,1131;1158_0-400m,1,0.003,1,0,6,0.001,1,0,3,0.001,0,0
342;350_400-800m,1131;1158_400-800m,0,0,0,0,2,0,1,0,1,0,0,0
342;350_400-800m,1135;1152_0-400m,0,0,2,0.001,1,0,2,0,1,0,0,0
342;350_400-800m,1135;1152_400-800m,0,0,0,0,0,0,0,0,0,0,0,0
342;350_400-800m,584;604_0-400m,0,0,0,0,11,0.001,2,0,2,0.001,3,0.004
342;350_400-800m,584;604_400-800m,0,0,1,0,7,0.001,2,0,2,0.001,0,0
342;350_400-800m,1139;1149_0-400m,0,0,0,0,5,0.001,3,0.001,4,0.001,1,0.001
342;350_400-800m,1139;1149_400-800m,0,0,0,0,1,0,0,0,2,0.001,0,0
342;350_400-800m,1138;1150;1137_0-400m,0,0,0,0,10,0.001,4,0.001,8,0.002,5,0.006
342;350_400-800m,1138;1150;1137_400-800m,0,0,0,0,0,0,0,0,0,0,0,0
342;350_400-800m,1124;1164_0-400m,1,0.003,0,0,5,0.001,2,0,3,0.001,0,0
342;350_400-800m,1124;1164_400-800m,0,0,0,0,8,0.001,3,0.001,5,0.001,0,0
342;350_400-800m,343;349_0-400m,0,0,3,0.001,10,0.001,2,0,8,0.002,1,0.001
342;350_400-800m,343;349_400-800m,0,0,1,0,0,0,1,0,1,0,1,0.001
342;350_400-800m,1136;1151_0-400m,0,0,0,0,4,0.001,2,0,1,0,0,0
342;350_400-800m,1136;1151_400-800m,0,0,0,0,1,0,1,0,2,0.001,0,0
342;350_400-800m,342;350_0-400m,0,0,9,0.003,29,0.004,8,0.002,19,0.005,2,0.002
342;350_400-800m,342;350_400-800m,1,0.003,10,0.004,23,0.003,14,0.003,15,0.004,3,0.004
342;350_400-800m,1141;1147_0-400m,0,0,2,0.001,10,0.001,3,0.001,4,0.001,0,0
342;350_400-800m,1141;1147_400-800m,0,0,0,0,2,0,2,0,2,0.001,0,0
342;350_400-800m,1132;1155;1156_0-400m,0,0,1,0,4,0.001,3,0.001,3,0.001,0,0
342;350_400-800m,1132;1155;1156_400-800m,0,0,0,0,2,0,0,0,0,0,0,0
342;350_400-800m,1133;1154_0-400m,0,0,1,0,0,0,1,0,1,0,0,0
342;350_400-800m,1133;1154_400-800m,0,0,1,0,1,0,1,0,0,0,1,0.001
342;350_400-800m,1130;1159;1160_0-400m,0,0,6,0.002,25,0.003,8,0.002,5,0.001,0,0
342;350_400-800m,1130;1159;1160_400-800m,0,0,0,0,0,0,0,0,0,0,0,0
342;350_400-800m,345;347_0-400m,0,0,1,0,4,0.001,6,0.001,3,0.001,1,0.001
342;350_400-800m,345;347_400-800m,0,0,3,0.001,5,0.001,3,0.001,7,0.002,2,0.002
342;350_400-800m,344;348_0-400m,1,0.003,2,0.001,7,0.001,2,0,2,0.001,3,0.004
342;350_400-800m,344;348_400-800m,0,0,0,0,5,0.001,3,0.001,6,0.002,2,0.002
342;350_400-800m,1140;1148_0-400m,1,0.003,2,0.001,6,0.001,4,0.001,2,0.001,1,0.001
342;350_400-800m,1140;1148_400-800m,0,0,1,0,10,0.001,5,0.001,4,0.001,0,0
342;350_400-800m,1127;1161_0-400m,0,0,7,0.003,10,0.001,3,0.001,4,0.001,1,0.001
342;350_400-800m,1127;1161_400-800m,0,0,1,0,0,0,0,0,0,0,0,0
342;350_400-800m,1855_0-400m,0,0,0,0,1,0,4,0.001,0,0,0,0
342;350_400-800m,1855_400-800m,0,0,0,0,0,0,0,0,1,0,0,0
342;350_400-800m,187;204_0-400m,0,0,1,0,2,0,1,0,0,0,0,0
342;350_400-800m,187;204_400-800m,0,0,1,0,0,0,0,0,0,0,0,0
342;350_400-800m,661;674_0-400m,0,0,1,0,1,0,1,0,1,0,0,0
342;350_400-800m,661;674_400-800m,0,0,0,0,0,0,0,0,0,0,0,0
342;350_400-800m,184;207_0-400m,0,0,0,0,1,0,0,0,1,0,1,0.001
342;350_400-800m,184;207_400-800m,0,0,0,0,1,0,0,0,0,0,1,0.001
342;350_400-800m,657;678_0-400m,0,0,1,0,0,0,1,0,2,0.001,0,0
342;350_400-800m,657;678_400-800m,0,0,0,0,2,0,0,0,0,0,0,0
342;350_400-800m,656;679_0-400m,0,0,0,0,1,0,0,0,0,0,0,0
342;350_400-800m,656;679_400-800m,0,0,0,0,1,0,0,0,1,0,1,0.001
342;350_400-800m,1383;1461;1384_0-400m,0,0,2,0.001,5,0.001,0,0,2,0.001,1,0.001
342;350_400-800m,1383;1461;1384_400-800m,1,0.003,1,0,6,0.001,1,0,1,0,0,0
342;350_400-800m,665;670_0-400m,0,0,0,0,1,0,1,0,0,0,1,0.001
342;350_400-800m,665;670_400-800m,0,0,1,0,1,0,1,0,0,0,0,0
342;350_400-800m,659;676;675_0-400m,0,0,1,0,0,0,0,0,1,0,0,0
342;350_400-800m,659;676;675_400-800m,0,0,0,0,0,0,0,0,0,0,0,0
342;350_400-800m,664;671_0-400m,1,0.003,0,0,3,0,2,0,0,0,0,0
342;350_400-800m,664;671_400-800m,0,0,0,0,1,0,1,0,0,0,0,0
342;350_400-800m,185;206_0-400m,1,0.003,0,0,0,0,1,0,0,0,0,0
342;350_400-800m,185;206_400-800m,0,0,1,0,0,0,2,0,0,0,0,0
342;350_400-800m,662;673_0-400m,0,0,0,0,7,0.001,2,0,0,0,1,0.001
342;350_400-800m,662;673_400-800m,0,0,0,0,8,0.001,1,0,1,0,1,0.001
342;350_400-800m,1385;1459_0-400m,0,0,3,0.001,3,0,2,0,1,0,1,0.001
342;350_400-800m,1385;1459_400-800m,0,0,0,0,2,0,1,0,1,0,1,0.001
342;350_400-800m,658;677_0-400m,0,0,3,0.001,0,0,1,0,0,0,0,0
342;350_400-800m,658;677_400-800m,0,0,0,0,0,0,0,0,0,0,0,0
342;350_400-800m,663;672_0-400m,0,0,1,0,8,0.001,2,0,1,0,1,0.001
342;350_400-800m,663;672_400-800m,0,0,0,0,0,0,0,0,0,0,0,0
342;350_400-800m,183;209_0-400m,0,0,5,0.002,3,0,0,0,0,0,0,0
342;350_400-800m,183;209_400-800m,0,0,0,0,0,0,1,0,0,0,0,0
342;350_400-800m,186;205_0-400m,0,0,0,0,3,0,1,0,0,0,0,0
342;350_400-800m,186;205_400-800m,0,0,0,0,0,0,0,0,0,0,0,0
342;350_400-800m,188;203_0-400m,0,0,0,0,5,0.001,3,0.001,1,0,0,0
342;350_400-800m,188;203_400-800m,0,0,2,0.001,3,0,1,0,0,0,0,0
342;350_400-800m,388;823_0-400m,1,0.003,4,0.001,13,0.002,9,0.002,5,0.001,0,0
342;350_400-800m,388;823_400-800m,0,0,1,0,7,0.001,1,0,4,0.001,1,0.001
342;350_400-800m,1386;95_0-400m,0,0,3,0.001,6,0.001,4,0.001,4,0.001,1,0.001
342;350_400-800m,1386;95_400-800m,0,0,0,0,2,0,0,0,1,0,1,0.001
342;350_400-800m,Orange_0-400m,1,0.003,8,0.003,16,0.002,8,0.002,6,0.002,0,0
342;350_400-800m,Blue_0-400m,4,0.012,7,0.003,24,0.003,14,0.003,7,0.002,1,0.001
342;350_400-800m,Green_0-400m,2,0.006,18,0.007,15,0.002,5,0.001,10,0.003,1,0.001
342;350_400-800m,Orange_400-800m,1,0.003,2,0.001,8,0.001,1,0,3,0.001,0,0
342;350_400-800m,Blue_400-800m,9,0.027,7,0.003,22,0.003,14,0.003,10,0.003,3,0.004
342;350_400-800m,Green_400-800m,0,0,10,0.004,9,0.001,2,0,4,0.001,1,0.001
342;350_400-800m,External,35,0.107,437,0.161,781,0.099,342,0.075,324,0.083,71,0.088
1141;1147_0-400m,415;448_0-400m,0,0,2,0.001,3,0,2,0,2,0.001,0,0
1141;1147_0-400m,415;448_400-800m,0,0,0,0,1,0,1,0,2,0.001,0,0
1141;1147_0-400m,408;455_0-400m,0,0,2,0.001,0,0,1,0,2,0.001,0,0
1141;1147_0-400m,408;455_400-800m,0,0,0,0,1,0,0,0,0,0,0,0
1141;1147_0-400m,412;451_0-400m,0,0,3,0.001,1,0,3,0.001,1,0,0,0
1141;1147_0-400m,412;451_400-800m,0,0,0,0,2,0,2,0,1,0,0,0
1141;1147_0-400m,416;447_0-400m,0,0,0,0,0,0,4,0.001,1,0,0,0
1141;1147_0-400m,416;447_400-800m,0,0,0,0,3,0,4,0.001,2,0.001,1,0.001
1141;1147_0-400m,410;452_0-400m,0,0,0,0,1,0,1,0,1,0,1,0.001
1141;1147_0-400m,410;452_400-800m,1,0.003,0,0,2,0,2,0,2,0.001,0,0
1141;1147_0-400m,414;449_0-400m,1,0.003,1,0,1,0,1,0,1,0,0,0
1141;1147_0-400m,414;449_400-800m,0,0,0,0,2,0,0,0,2,0.001,0,0
1141;1147_0-400m,407;456_0-400m,0,0,0,0,1,0,2,0,0,0,1,0.001
1141;1147_0-400m,407;456_400-800m,1,0.003,0,0,2,0,0,0,2,0.001,0,0
1141;1147_0-400m,413;450_0-400m,0,0,1,0,5,0.001,2,0,0,0,1,0.001
1141;1147_0-400m,413;450_400-800m,1,0.003,0,0,2,0,1,0,3,0.001,1,0.001
1141;1147_0-400m,419;444;420_0-400m,0,0,5,0.002,12,0.002,6,0.001,5,0.001,0,0
1141;1147_0-400m,419;444;420_400-800m,0,0,0,0,6,0.001,0,0,0,0,1,0.001
1141;1147_0-400m,417;445_0-400m,0,0,3,0.001,3,0,2,0,0,0,0,0
1141;1147_0-400m,417;445_400-800m,0,0,2,0.001,5,0.001,3,0.001,0,0,0,0
1141;1147_0-400m,405;457_0-400m,0,0,1,0,4,0.001,2,0,3,0.001,0,0
1141;1147_0-400m,405;457_400-800m,0,0,1,0,0,0,0,0,0,0,0,0
1141;1147_0-400m,404;459_0-400m,0,0,5,0.002,4,0.001,0,0,1,0,1,0.001
1141;1147_0-400m,404;459_400-800m,0,0,2,0.001,6,0.001,3,0.001,2,0.001,0,0
1141;1147_0-400m,421;442_0-400m,1,0.003,5,0.002,11,0.001,8,0.002,10,0.003,2,0.002
1141;1147_0-400m,421;442_400-800m,1,0.003,4,0.001,3,0,4,0.001,6,0.002,1,0.001
1141;1147_0-400m,196;24;1508_0-400m,0,0,14,0.005,11,0.001,3,0.001,5,0.001,2,0.002
1141;1147_0-400m,196;24;1508_400-800m,0,0,1,0,1,0,2,0,1,0,1,0.001
1141;1147_0-400m,409;453_0-400m,0,0,1,0,1,0,1,0,1,0,0,0
1141;1147_0-400m,409;453_400-800m,0,0,0,0,1,0,2,0,3,0.001,0,0
1141;1147_0-400m,1503_0-400m,2,0.006,7,0.003,29,0.004,18,0.004,20,0.005,9,0.011
1141;1147_0-400m,1503_400-800m,0,0,1,0,1,0,2,0,0,0,1,0.001
1141;1147_0-400m,1125;1163;1162_0-400m,0,0,2,0.001,3,0,1,0,1,0,1,0.001
1141;1147_0-400m,1125;1163;1162_400-800m,0,0,0,0,1,0,1,0,2,0.001,0,0
1141;1147_0-400m,1134;1153_0-400m,0,0,0,0,1,0,2,0,0,0,0,0
1141;1147_0-400m,1134;1153_400-800m,0,0,2,0.001,0,0,2,0,5,0.001,0,0
1141;1147_0-400m,21;28;1612_0-400m,3,0.009,13,0.005,29,0.004,13,0.003,23,0.006,4,0.005
1141;1147_0-400m,21;28;1612_400-800m,0,0,3,0.001,13,0.002,9,0.002,12,0.003,0,0
1141;1147_0-400m,1131;1158_0-400m,0,0,2,0.001,4,0.001,5,0.001,4,0.001,0,0
1141;1147_0-400m,1131;1158_400-800m,0,0,0,0,1,0,4,0.001,1,0,1,0.001
1141;1147_0-400m,1135;1152_0-400m,0,0,0,0,11,0.001,6,0.001,5,0.001,1,0.001
1141;1147_0-400m,1135;1152_400-800m,0,0,0,0,1,0,0,0,0,0,0,0
1141;1147_0-400m,584;604_0-400m,0,0,2,0.001,10,0.001,10,0.002,10,0.003,4,0.005
1141;1147_0-400m,584;604_400-800m,0,0,1,0,12,0.002,7,0.002,7,0.002,3,0.004
1141;1147_0-400m,1139;1149_0-400m,0,0,3,0.001,18,0.002,6,0.001,8,0.002,2,0.002
1141;1147_0-400m,1139;1149_400-800m,0,0,0,0,2,0,0,0,2,0.001,0,0
1141;1147_0-400m,1138;1150;1137_0-400m,1,0.003,2,0.001,13,0.002,9,0.002,11,0.003,1,0.001
1141;1147_0-400m,1138;1150;1137_400-800m,0,0,0,0,0,0,2,0,0,0,0,0
1141;1147_0-400m,1124;1164_0-400m,0,0,1,0,7,0.001,5,0.001,3,0.001,1,0.001
1141;1147_0-400m,1124;1164_400-800m,0,0,1,0,7,0.001,12,0.003,0,0,1,0.001
1141;1147_0-400m,343;349_0-400m,1,0.003,4,0.001,11,0.001,17,0.004,9,0.002,2,0.002
1141;1147_0-400m,343;349_400-800m,1,0.003,0,0,5,0.001,2,0,3,0.001,0,0
1141;1147_0-400m,1136;1151_0-400m,0,0,1,0,6,0.001,2,0,8,0.002,0,0
1141;1147_0-400m,1136;1151_400-800m,0,0,1,0,7,0.001,4,0.001,4,0.001,1,0.001
1141;1147_0-400m,342;350_0-400m,0,0,11,0.004,18,0.002,18,0.004,12,0.003,4,0.005
1141;1147_0-400m,342;350_400-800m,0,0,2,0.001,4,0.001,3,0.001,6,0.002,4,0.005
1141;1147_0-400m,1141;1147_0-400m,1,0.003,5,0.002,20,0.003,15,0.003,14,0.004,3,0.004
1141;1147_0-400m,1141;1147_400-800m,0,0,1,0,2,0,1,0,2,0.001,0,0
1141;1147_0-400m,1132;1155;1156_0-400m,0,0,1,0,6,0.001,11,0.002,4,0.001,1,0.001
1141;1147_0-400m,1132;1155;1156_400-800m,0,0,3,0.001,1,0,2,0,3,0.001,0,0
1141;1147_0-400m,1133;1154_0-400m,0,0,2,0.001,8,0.001,1,0,3,0.001,0,0
1141;1147_0-400m,1133;1154_400-800m,0,0,1,0,3,0,2,0,5,0.001,2,0.002
1141;1147_0-400m,1130;1159;1160_0-400m,1,0.003,2,0.001,19,0.002,11,0.002,15,0.004,0,0
1141;1147_0-400m,1130;1159;1160_400-800m,0,0,0,0,0,0,0,0,0,0,0,0
1141;1147_0-400m,345;347_0-400m,1,0.003,5,0.002,18,0.002,8,0.002,9,0.002,1,0.001
1141;1147_0-400m,345;347_400-800m,0,0,4,0.001,18,0.002,16,0.004,8,0.002,5,0.006
1141;1147_0-400m,344;348_0-400m,0,0,4,0.001,10,0.001,6,0.001,6,0.002,1,0.001
1141;1147_0-400m,344;348_400-800m,0,0,3,0.001,10,0.001,6,0.001,4,0.001,2,0.002
1141;1147_0-400m,1140;1148_0-400m,0,0,7,0.003,16,0.002,7,0.002,13,0.003,2,0.002
1141;1147_0-400m,1140;1148_400-800m,1,0.003,4,0.001,14,0.002,10,0.002,8,0.002,1,0.001
1141;1147_0-400m,1127;1161_0-400m,0,0,1,0,19,0.002,7,0.002,2,0.001,0,0
1141;1147_0-400m,1127;1161_400-800m,0,0,0,0,0,0,0,0,1,0,0,0
1141;1147_0-400m,1855_0-400m,0,0,1,0,4,0.001,7,0.002,2,0.001,0,0
1141;1147_0-400m,1855_400-800m,0,0,0,0,2,0,0,0,0,0,1,0.001
1141;1147_0-400m,187;204_0-400m,0,0,0,0,3,0,1,0,2,0.001,0,0
1141;1147_0-400m,187;204_400-800m,0,0,0,0,0,0,0,0,1,0,0,0
1141;1147_0-400m,661;674_0-400m,0,0,1,0,0,0,1,0,1,0,0,0
1141;1147_0-400m,661;674_400-800m,0,0,0,0,0,0,0,0,0,0,0,0
1141;1147_0-400m,184;207_0-400m,0,0,0,0,1,0,1,0,2,0.001,0,0
1141;1147_0-400m,184;207_400-800m,0,0,0,0,2,0,2,0,0,0,0,0
1141;1147_0-400m,657;678_0-400m,1,0.003,0,0,2,0,5,0.001,1,0,0,0
1141;1147_0-400m,657;678_400-800m,0,0,1,0,1,0,0,0,0,0,0,0
1141;1147_0-400m,656;679_0-400m,0,0,1,0,0,0,1,0,4,0.001,2,0.002
1141;1147_0-400m,656;679_400-800m,0,0,0,0,0,0,0,0,0,0,0,0
1141;1147_0-400m,1383;1461;1384_0-400m,1,0.003,7,0.003,5,0.001,2,0,1,0,5,0.006
1141;1147_0-400m,1383;1461;1384_400-800m,3,0.009,3,0.001,13,0.002,2,0,3,0.001,3,0.004
1141;1147_0-400m,665;670_0-400m,0,0,1,0,3,0,0,0,2,0.001,0,0
1141;1147_0-400m,665;670_400-800m,0,0,0,0,2,0,0,0,2,0.001,0,0
1141;1147_0-400m,659;676;675_0-400m,0,0,0,0,1,0,1,0,2,0.001,0,0
1141;1147_0-400m,659;676;675_400-800m,0,0,0,0,1,0,0,0,0,0,0,0
1141;1147_0-400m,664;671_0-400m,0,0,0,0,5,0.001,4,0.001,1,0,0,0
1141;1147_0-400m,664;671_400-800m,0,0,0,0,6,0.001,3,0.001,1,0,0,0
1141;1147_0-400m,185;206_0-400m,0,0,0,0,0,0,1,0,0,0,0,0
1141;1147_0-400m,185;206_400-800m,0,0,0,0,1,0,0,0,1,0,0,0
1141;1147_0-400m,662;673_0-400m,0,0,4,0.001,4,0.001,2,0,1,0,1,0.001
1141;1147_0-400m,662;673_400-800m,2,0.006,2,0.001,10,0.001,4,0.001,8,0.002,0,0
1141;1147_0-400m,1385;1459_0-400m,2,0.006,5,0.002,13,0.002,2,0,7,0.002,3,0.004
1141;1147_0-400m,1385;1459_400-800m,0,0,1,0,2,0,0,0,0,0,0,0
1141;1147_0-400m,658;677_0-400m,0,0,0,0,1,0,1,0,0,0,0,0
1141;1147_0-400m,658;677_400-800m,0,0,0,0,0,0,0,0,0,0,0,0
1141;1147_0-400m,663;672_0-400m,1,0.003,1,0,13,0.002,5,0.001,0,0,0,0
1141;1147_0-400m,663;672_400-800m,0,0,1,0,1,0,0,0,1,0,0,0
1141;1147_0-400m,183;209_0-400m,0,0,8,0.003,4,0.001,1,0,1,0,1,0.001
1141;1147_0-400m,183;209_400-800m,0,0,0,0,4,0.001,2,0,2,0.001,1,0.001
1141;1147_0-400m,186;205_0-400m,0,0,0,0,2,0,1,0,2,0.001,1,0.001
1141;1147_0-400m,186;205_400-800m,0,0,0,0,1,0,1,0,0,0,0,0
1141;1147_0-400m,188;203_0-400m,1,0.003,0,0,4,0.001,4,0.001,2,0.001,0,0
1141;1147_0-400m,188;203_400-800m,1,0.003,2,0.001,5,0.001,2,0,1,0,0,0
1141;1147_0-400m,388;823_0-400m,0,0,9,0.003,19,0.002,15,0.003,8,0.002,0,0
1141;1147_0-400m,388;823_400-800m,0,0,5,0.002,2,0,5,0.001,2,0.001,1,0.001
1141;1147_0-400m,1386;95_0-400m,0,0,6,0.002,15,0.002,6,0.001,2,0.001,0,0
1141;1147_0-400m,1386;95_400-800m,0,0,0,0,3,0,4,0.001,4,0.001,0,0
1141;1147_0-400m,Orange_0-400m,5,0.015,6,0.002,23,0.003,12,0.003,14,0.004,1,0.001
1141;1147_0-400m,Blue_0-400m,0,0,22,0.008,18,0.002,14,0.003,17,0.004,1,0.001
1141;1147_0-400m,Green_0-400m,0,0,10,0.004,8,0.001,6,0.001,8,0.002,1,0.001
1141;1147_0-400m,Orange_400-800m,1,0.003,1,0,2,0,2,0,2,0.001,1,0.001
1141;1147_0-400m,Blue_400-800m,0,0,11,0.004,35,0.004,14,0.003,20,0.005,3,0.004
1141;1147_0-400m,Green_400-800m,3,0.009,3,0.001,11,0.001,4,0.001,5,0.001,2,0.002
1141;1147_0-400m,External,63,0.192,455,0.167,803,0.102,412,0.091,429,0.11,77,0.096
1141;1147_400-800m,415;448_0-400m,0,0,0,0,0,0,0,0,0,0,0,0
1141;1147_400-800m,415;448_400-800m,0,0,1,0,0,0,0,0,0,0,0,0
1141;1147_400-800m,408;455_0-400m,0,0,0,0,0,0,0,0,0,0,0,0
1141;1147_400-800m,408;455_400-800m,0,0,0,0,0,0,0,0,0,0,0,0
1141;1147_400-800m,412;451_0-400m,0,0,0,0,0,0,0,0,0,0,0,0
1141;1147_400-800m,412;451_400-800m,0,0,0,0,0,0,0,0,1,0,0,0
1141;1147_400-800m,416;447_0-400m,0,0,0,0,0,0,0,0,0,0,0,0
1141;1147_400-800m,416;447_400-800m,0,0,0,0,0,0,0,0,0,0,0,0
1141;1147_400-800m,410;452_0-400m,0,0,0,0,2,0,0,0,1,0,0,0
1141;1147_400-800m,410;452_400-800m,0,0,0,0,0,0,0,0,0,0,0,0
1141;1147_400-800m,414;449_0-400m,0,0,1,0,0,0,0,0,0,0,0,0
1141;1147_400-800m,414;449_400-800m,0,0,0,0,0,0,1,0,0,0,0,0
1141;1147_400-800m,407;456_0-400m,0,0,0,0,0,0,0,0,0,0,0,0
1141;1147_400-800m,407;456_400-800m,0,0,0,0,0,0,0,0,0,0,0,0
1141;1147_400-800m,413;450_0-400m,0,0,0,0,0,0,0,0,1,0,0,0
1141;1147_400-800m,413;450_400-800m,0,0,0,0,0,0,0,0,0,0,0,0
1141;1147_400-800m,419;444;420_0-400m,0,0,0,0,3,0,0,0,0,0,0,0
1141;1147_400-800m,419;444;420_400-800m,0,0,0,0,1,0,2,0,0,0,0,0
1141;1147_400-800m,417;445_0-400m,0,0,0,0,0,0,0,0,0,0,0,0
1141;1147_400-800m,417;445_400-800m,0,0,0,0,2,0,1,0,0,0,0,0
1141;1147_400-800m,405;457_0-400m,0,0,0,0,1,0,0,0,0,0,0,0
1141;1147_400-800m,405;457_400-800m,0,0,0,0,0,0,0,0,0,0,0,0
1141;1147_400-800m,404;459_0-400m,0,0,1,0,2,0,0,0,0,0,0,0
1141;1147_400-800m,404;459_400-800m,0,0,0,0,0,0,0,0,2,0.001,0,0
1141;1147_400-800m,421;442_0-400m,0,0,2,0.001,4,0.001,0,0,2,0.001,0,0
1141;1147_400-800m,421;442_400-800m,0,0,0,0,4,0.001,1,0,0,0,0,0
1141;1147_400-800m,196;24;1508_0-400m,0,0,3,0.001,3,0,2,0,0,0,0,0
1141;1147_400-800m,196;24;1508_400-800m,0,0,0,0,1,0,0,0,0,0,0,0
1141;1147_400-800m,409;453_0-400m,0,0,0,0,1,0,1,0,0,0,1,0.001
1141;1147_400-800m,409;453_400-800m,0,0,0,0,0,0,0,0,0,0,0,0
1141;1147_400-800m,1503_0-400m,0,0,10,0.004,9,0.001,1,0,3,0.001,0,0
1141;1147_400-800m,1503_400-800m,0,0,1,0,0,0,0,0,0,0,0,0
1141;1147_400-800m,1125;1163;1162_0-400m,0,0,0,0,0,0,0,0,0,0,0,0
1141;1147_400-800m,1125;1163;1162_400-800m,0,0,0,0,1,0,0,0,0,0,0,0
1141;1147_400-800m,1134;1153_0-400m,0,0,0,0,0,0,1,0,0,0,0,0
1141;1147_400-800m,1134;1153_400-800m,0,0,0,0,0,0,1,0,0,0,0,0
1141;1147_400-800m,21;28;1612_0-400m,0,0,4,0.001,7,0.001,7,0.002,7,0.002,1,0.001
1141;1147_400-800m,21;28;1612_400-800m,0,0,0,0,3,0,0,0,4,0.001,0,0
1141;1147_400-800m,1131;1158_0-400m,0,0,2,0.001,1,0,0,0,2,0.001,0,0
1141;1147_400-800m,1131;1158_400-800m,0,0,0,0,1,0,0,0,0,0,0,0
1141;1147_400-800m,1135;1152_0-400m,0,0,0,0,3,0,5,0.001,0,0,0,0
1141;1147_400-800m,1135;1152_400-800m,0,0,0,0,1,0,0,0,1,0,0,0
1141;1147_400-800m,584;604_0-400m,0,0,0,0,4,0.001,0,0,0,0,0,0
1141;1147_400-800m,584;604_400-800m,0,0,0,0,0,0,0,0,0,0,0,0
1141;1147_400-800m,1139;1149_0-400m,0,0,1,0,2,0,4,0.001,1,0,0,0
1141;1147_400-800m,1139;1149_400-800m,0,0,0,0,0,0,1,0,0,0,0,0
1141;1147_400-800m,1138;1150;1137_0-400m,0,0,0,0,6,0.001,3,0.001,2,0.001,1,0.001
1141;1147_400-800m,1138;1150;1137_400-800m,0,0,0,0,0,0,0,0,0,0,0,0
1141;1147_400-800m,1124;1164_0-400m,0,0,0,0,1,0,1,0,1,0,0,0
1141;1147_400-800m,1124;1164_400-800m,0,0,1,0,2,0,6,0.001,2,0.001,1,0.001
1141;1147_400-800m,343;349_0-400m,0,0,0,0,2,0,1,0,1,0,0,0
1141;1147_400-800m,343;349_400-800m,0,0,0,0,0,0,0,0,0,0,0,0
1141;1147_400-800m,1136;1151_0-400m,0,0,0,0,0,0,0,0,4,0.001,0,0
1141;1147_400-800m,1136;1151_400-800m,0,0,0,0,1,0,3,0.001,2,0.001,0,0
1141;1147_400-800m,342;350_0-400m,1,0.003,0,0,6,0.001,1,0,2,0.001,0,0
1141;1147_400-800m,342;350_400-800m,0,0,1,0,5,0.001,0,0,2,0.001,0,0
1141;1147_400-800m,1141;1147_0-400m,0,0,1,0,7,0.001,2,0,4,0.001,0,0
1141;1147_400-800m,1141;1147_400-800m,0,0,0,0,4,0.001,1,0,0,0,0,0
1141;1147_400-800m,1132;1155;1156_0-400m,0,0,0,0,5,0.001,1,0,1,0,1,0.001
1141;1147_400-800m,1132;1155;1156_400-800m,0,0,0,0,1,0,0,0,0,0,0,0
1141;1147_400-800m,1133;1154_0-400m,0,0,0,0,2,0,1,0,0,0,0,0
1141;1147_400-800m,1133;1154_400-800m,0,0,1,0,0,0,0,0,0,0,0,0
1141;1147_400-800m,1130;1159;1160_0-400m,0,0,3,0.001,3,0,4,0.001,4,0.001,1,0.001
1141;1147_400-800m,1130;1159;1160_400-800m,0,0,0,0,0,0,0,0,0,0,0,0
1141;1147_400-800m,345;347_0-400m,0,0,2,0.001,2,0,3,0.001,2,0.001,0,0
1141;1147_400-800m,345;347_400-800m,0,0,0,0,1,0,0,0,3,0.001,1,0.001
1141;1147_400-800m,344;348_0-400m,0,0,0,0,1,0,0,0,0,0,0,0
1141;1147_400-800m,344;348_400-800m,0,0,0,0,0,0,1,0,0,0,0,0
1141;1147_400-800m,1140;1148_0-400m,0,0,3,0.001,1,0,2,0,0,0,0,0
1141;1147_400-800m,1140;1148_400-800m,0,0,4,0.001,4,0.001,4,0.001,6,0.002,1,0.001
1141;1147_400-800m,1127;1161_0-400m,0,0,0,0,4,0.001,3,0.001,1,0,0,0
1141;1147_400-800m,1127;1161_400-800m,0,0,1,0,1,0,0,0,0,0,0,0
1141;1147_400-800m,1855_0-400m,0,0,1,0,1,0,2,0,0,0,0,0
1141;1147_400-800m,1855_400-800m,0,0,0,0,1,0,0,0,0,0,0,0
1141;1147_400-800m,187;204_0-400m,0,0,0,0,1,0,0,0,0,0,0,0
1141;1147_400-800m,187;204_400-800m,0,0,0,0,0,0,0,0,0,0,0,0
1141;1147_400-800m,661;674_0-400m,0,0,1,0,0,0,1,0,0,0,0,0
1141;1147_400-800m,661;674_400-800m,0,0,0,0,0,0,0,0,0,0,0,0
1141;1147_400-800m,184;207_0-400m,0,0,0,0,0,0,0,0,0,0,0,0
1141;1147_400-800m,184;207_400-800m,0,0,1,0,1,0,1,0,0,0,0,0
1141;1147_400-800m,657;678_0-400m,0,0,0,0,0,0,0,0,0,0,0,0
1141;1147_400-800m,657;678_400-800m,0,0,0,0,2,0,0,0,0,0,0,0
1141;1147_400-800m,656;679_0-400m,0,0,0,0,0,0,0,0,0,0,0,0
1141;1147_400-800m,656;679_400-800m,0,0,0,0,0,0,0,0,1,0,0,0
1141;1147_400-800m,1383;1461;1384_0-400m,0,0,0,0,0,0,0,0,0,0,1,0.001
1141;1147_400-800m,1383;1461;1384_400-800m,0,0,0,0,0,0,0,0,1,0,1,0.001
1141;1147_400-800m,665;670_0-400m,0,0,0,0,1,0,0,0,0,0,0,0
1141;1147_400-800m,665;670_400-800m,0,0,0,0,2,0,0,0,0,0,0,0
1141;1147_400-800m,659;676;675_0-400m,0,0,0,0,0,0,1,0,0,0,0,0
1141;1147_400-800m,659;676;675_400-800m,0,0,0,0,0,0,0,0,0,0,0,0
1141;1147_400-800m,664;671_0-400m,0,0,0,0,1,0,2,0,1,0,0,0
1141;1147_400-800m,664;671_400-800m,0,0,0,0,0,0,0,0,0,0,0,0
1141;1147_400-800m,185;206_0-400m,0,0,0,0,0,0,0,0,0,0,0,0
1141;1147_400-800m,185;206_400-800m,0,0,0,0,0,0,0,0,1,0,0,0
1141;1147_400-800m,662;673_0-400m,0,0,0,0,0,0,2,0,0,0,0,0
1141;1147_400-800m,662;673_400-800m,0,0,1,0,0,0,0,0,0,0,0,0
1141;1147_400-800m,1385;1459_0-400m,0,0,1,0,4,0.001,2,0,1,0,0,0
1141;1147_400-800m,1385;1459_400-800m,0,0,0,0,0,0,0,0,0,0,0,0
1141;1147_400-800m,658;677_0-400m,0,0,3,0.001,1,0,0,0,0,0,0,0
1141;1147_400-800m,658;677_400-800m,0,0,0,0,0,0,0,0,0,0,0,0
1141;1147_400-800m,663;672_0-400m,0,0,1,0,3,0,0,0,2,0.001,1,0.001
1141;1147_400-800m,663;672_400-800m,0,0,0,0,0,0,1,0,0,0,0,0
1141;1147_400-800m,183;209_0-400m,0,0,11,0.004,2,0,0,0,0,0,0,0
1141;1147_400-800m,183;209_400-800m,0,0,0,0,0,0,0,0,1,0,0,0
1141;1147_400-800m,186;205_0-400m,0,0,0,0,0,0,0,0,0,0,0,0
1141;1147_400-800m,186;205_400-800m,0,0,0,0,0,0,0,0,0,0,0,0
1141;1147_400-800m,188;203_0-400m,0,0,0,0,1,0,0,0,1,0,0,0
1141;1147_400-800m,188;203_400-800m,0,0,1,0,1,0,0,0,0,0,0,0
1141;1147_400-800m,388;823_0-400m,0,0,1,0,14,0.002,7,0.002,4,0.001,0,0
1141;1147_400-800m,388;823_400-800m,0,0,0,0,3,0,0,0,1,0,1,0.001
1141;1147_400-800m,1386;95_0-400m,0,0,2,0.001,0,0,0,0,1,0,0,0
1141;1147_400-800m,1386;95_400-800m,0,0,0,0,0,0,0,0,0,0,0,0
1141;1147_400-800m,Orange_0-400m,3,0.009,0,0,5,0.001,3,0.001,5,0.001,0,0
1141;1147_400-800m,Blue_0-400m,0,0,1,0,10,0.001,5,0.001,4,0.001,1,0.001
1141;1147_400-800m,Green_0-400m,0,0,0,0,7,0.001,4,0.001,2,0.001,0,0
1141;1147_400-800m,Orange_400-800m,0,0,3,0.001,2,0,0,0,1,0,0,0
1141;1147_400-800m,Blue_400-800m,1,0.003,5,0.002,6,0.001,7,0.002,2,0.001,2,0.002
1141;1147_400-800m,Green_400-800m,0,0,0,0,4,0.001,0,0,3,0.001,0,0
1141;1147_400-800m,External,45,0.137,205,0.075,294,0.037,119,0.026,122,0.031,23,0.029
1132;1155;1156_0-400m,415;448_0-400m,0,0,1,0,1,0,2,0,1,0,0,0
1132;1155;1156_0-400m,415;448_400-800m,0,0,0,0,3,0,0,0,1,0,0,0
1132;1155;1156_0-400m,408;455_0-400m,0,0,0,0,0,0,1,0,0,0,0,0
1132;1155;1156_0-400m,408;455_400-800m,0,0,0,0,0,0,1,0,0,0,0,0
1132;1155;1156_0-400m,412;451_0-400m,0,0,0,0,0,0,2,0,1,0,0,0
1132;1155;1156_0-400m,412;451_400-800m,0,0,0,0,0,0,2,0,4,0.001,1,0.001
1132;1155;1156_0-400m,416;447_0-400m,0,0,0,0,0,0,3,0.001,1,0,0,0
1132;1155;1156_0-400m,416;447_400-800m,0,0,9,0.003,3,0,1,0,4,0.001,0,0
1132;1155;1156_0-400m,410;452_0-400m,0,0,0,0,1,0,0,0,1,0,0,0
1132;1155;1156_0-400m,410;452_400-800m,0,0,0,0,1,0,0,0,3,0.001,0,0
1132;1155;1156_0-400m,414;449_0-400m,0,0,2,0.001,2,0,0,0,1,0,0,0
1132;1155;1156_0-400m,414;449_400-800m,0,0,0,0,2,0,2,0,3,0.001,0,0
1132;1155;1156_0-400m,407;456_0-400m,0,0,0,0,1,0,0,0,0,0,0,0
1132;1155;1156_0-400m,407;456_400-800m,0,0,1,0,1,0,0,0,2,0.001,0,0
1132;1155;1156_0-400m,413;450_0-400m,0,0,0,0,3,0,2,0,1,0,0,0
1132;1155;1156_0-400m,413;450_400-800m,0,0,5,0.002,1,0,0,0,4,0.001,1,0.001
1132;1155;1156_0-400m,419;444;420_0-400m,0,0,3,0.001,7,0.001,5,0.001,6,0.002,0,0
1132;1155;1156_0-400m,419;444;420_400-800m,0,0,0,0,0,0,0,0,3,0.001,0,0
1132;1155;1156_0-400m,417;445_0-400m,0,0,4,0.001,2,0,0,0,3,0.001,1,0.001
1132;1155;1156_0-400m,417;445_400-800m,0,0,1,0,9,0.001,1,0,5,0.001,0,0
1132;1155;1156_0-400m,405;457_0-400m,0,0,0,0,4,0.001,3,0.001,3,0.001,0,0
1132;1155;1156_0-400m,405;457_400-800m,0,0,0,0,0,0,0,0,1,0,0,0
1132;1155;1156_0-400m,404;459_0-400m,0,0,1,0,3,0,3,0.001,3,0.001,1,0.001
1132;1155;1156_0-400m,404;459_400-800m,0,0,0,0,11,0.001,2,0,7,0.002,0,0
1132;1155;1156_0-400m,421;442_0-400m,1,0.003,3,0.001,13,0.002,3,0.001,6,0.002,3,0.004
1132;1155;1156_0-400m,421;442_400-800m,0,0,1,0,7,0.001,2,0,4,0.001,1,0.001
1132;1155;1156_0-400m,196;24;1508_0-400m,0,0,4,0.001,10,0.001,5,0.001,2,0.001,2,0.002
1132;1155;1156_0-400m,196;24;1508_400-800m,0,0,0,0,1,0,1,0,1,0,0,0
1132;1155;1156_0-400m,409;453_0-400m,0,0,0,0,0,0,2,0,0,0,0,0
1132;1155;1156_0-400m,409;453_400-800m,0,0,0,0,1,0,0,0,0,0,0,0
1132;1155;1156_0-400m,1503_0-400m,0,0,5,0.002,13,0.002,7,0.002,7,0.002,2,0.002
1132;1155;1156_0-400m,1503_400-800m,0,0,3,0.001,2,0,0,0,0,0,1,0.001
1132;1155;1156_0-400m,1125;1163;1162_0-400m,0,0,5,0.002,6,0.001,5,0.001,3,0.001,0,0
1132;1155;1156_0-400m,1125;1163;1162_400-800m,0,0,0,0,1,0,0,0,0,0,0,0
1132;1155;1156_0-400m,1134;1153_0-400m,0,0,1,0,6,0.001,4,0.001,5,0.001,0,0
1132;1155;1156_0-400m,1134;1153_400-800m,0,0,2,0.001,6,0.001,2,0,4,0.001,1,0.001
1132;1155;1156_0-400m,21;28;1612_0-400m,0,0,3,0.001,8,0.001,10,0.002,11,0.003,1,0.001
1132;1155;1156_0-400m,21;28;1612_400-800m,0,0,3,0.001,8,0.001,3,0.001,3,0.001,2,0.002
1132;1155;1156_0-400m,1131;1158_0-400m,0,0,3,0.001,26,0.003,11,0.002,13,0.003,4,0.005
1132;1155;1156_0-400m,1131;1158_400-800m,0,0,0,0,7,0.001,2,0,4,0.001,1,0.001
1132;1155;1156_0-400m,1135;1152_0-400m,1,0.003,2,0.001,14,0.002,10,0.002,9,0.002,3,0.004
1132;1155;1156_0-400m,1135;1152_400-800m,0,0,2,0.001,1,0,0,0,3,0.001,1,0.001
1132;1155;1156_0-400m,584;604_0-400m,0,0,1,0,9,0.001,15,0.003,6,0.002,0,0
1132;1155;1156_0-400m,584;604_400-800m,0,0,4,0.001,26,0.003,11,0.002,8,0.002,1,0.001
1132;1155;1156_0-400m,1139;1149_0-400m,2,0.006,4,0.001,22,0.003,14,0.003,20,0.005,2,0.002
1132;1155;1156_0-400m,1139;1149_400-800m,0,0,0,0,1,0,3,0.001,1,0,0,0
1132;1155;1156_0-400m,1138;1150;1137_0-400m,1,0.003,5,0.002,34,0.004,17,0.004,29,0.007,2,0.002
1132;1155;1156_0-400m,1138;1150;1137_400-800m,0,0,0,0,1,0,2,0,1,0,1,0.001
1132;1155;1156_0-400m,1124;1164_0-400m,0,0,3,0.001,27,0.003,12,0.003,23,0.006,2,0.002
1132;1155;1156_0-400m,1124;1164_400-800m,0,0,6,0.002,13,0.002,8,0.002,11,0.003,1,0.001
1132;1155;1156_0-400m,343;349_0-400m,1,0.003,1,0,12,0.002,5,0.001,11,0.003,3,0.004
1132;1155;1156_0-400m,343;349_400-800m,0,0,1,0,4,0.001,2,0,5,0.001,0,0
1132;1155;1156_0-400m,1136;1151_0-400m,0,0,0,0,13,0.002,14,0.003,9,0.002,1,0.001
1132;1155;1156_0-400m,1136;1151_400-800m,0,0,0,0,3,0,0,0,5,0.001,0,0
1132;1155;1156_0-400m,342;350_0-400m,0,0,3,0.001,18,0.002,16,0.004,19,0.005,1,0.001
1132;1155;1156_0-400m,342;350_400-800m,0,0,0,0,5,0.001,5,0.001,9,0.002,0,0
1132;1155;1156_0-400m,1141;1147_0-400m,0,0,2,0.001,17,0.002,13,0.003,11,0.003,1,0.001
1132;1155;1156_0-400m,1141;1147_400-800m,0,0,0,0,1,0,1,0,2,0.001,0,0
1132;1155;1156_0-400m,1132;1155;1156_0-400m,0,0,8,0.003,26,0.003,21,0.005,19,0.005,1,0.001
1132;1155;1156_0-400m,1132;1155;1156_400-800m,0,0,6,0.002,9,0.001,6,0.001,7,0.002,1,0.001
1132;1155;1156_0-400m,1133;1154_0-400m,0,0,5,0.002,12,0.002,10,0.002,12,0.003,1,0.001
1132;1155;1156_0-400m,1133;1154_400-800m,2,0.006,2,0.001,6,0.001,2,0,7,0.002,0,0
1132;1155;1156_0-400m,1130;1159;1160_0-400m,1,0.003,7,0.003,27,0.003,16,0.004,18,0.005,2,0.002
1132;1155;1156_0-400m,1130;1159;1160_400-800m,0,0,1,0,1,0,0,0,0,0,0,0
1132;1155;1156_0-400m,345;347_0-400m,0,0,4,0.001,11,0.001,6,0.001,3,0.001,3,0.004
1132;1155;1156_0-400m,345;347_400-800m,0,0,4,0.001,19,0.002,11,0.002,12,0.003,4,0.005
1132;1155;1156_0-400m,344;348_0-400m,1,0.003,0,0,8,0.001,8,0.002,5,0.001,2,0.002
1132;1155;1156_0-400m,344;348_400-800m,1,0.003,0,0,10,0.001,7,0.002,5,0.001,6,0.007
1132;1155;1156_0-400m,1140;1148_0-400m,0,0,4,0.001,9,0.001,10,0.002,12,0.003,2,0.002
1132;1155;1156_0-400m,1140;1148_400-800m,0,0,2,0.001,7,0.001,4,0.001,6,0.002,1,0.001
1132;1155;1156_0-400m,1127;1161_0-400m,1,0.003,12,0.004,35,0.004,23,0.005,27,0.007,1,0.001
1132;1155;1156_0-400m,1127;1161_400-800m,0,0,0,0,0,0,1,0,1,0,0,0
1132;1155;1156_0-400m,1855_0-400m,1,0.003,0,0,5,0.001,1,0,7,0.002,0,0
1132;1155;1156_0-400m,1855_400-800m,0,0,0,0,1,0,1,0,1,0,0,0
1132;1155;1156_0-400m,187;204_0-400m,0,0,0,0,1,0,1,0,1,0,0,0
1132;1155;1156_0-400m,187;204_400-800m,0,0,1,0,4,0.001,0,0,1,0,0,0
1132;1155;1156_0-400m,661;674_0-400m,0,0,0,0,1,0,1,0,1,0,2,0.002
1132;1155;1156_0-400m,661;674_400-800m,0,0,0,0,1,0,0,0,3,0.001,0,0
1132;1155;1156_0-400m,184;207_0-400m,0,0,0,0,1,0,0,0,1,0,1,0.001
1132;1155;1156_0-400m,184;207_400-800m,0,0,1,0,2,0,0,0,0,0,0,0
1132;1155;1156_0-400m,657;678_0-400m,0,0,0,0,0,0,0,0,0,0,0,0
1132;1155;1156_0-400m,657;678_400-800m,0,0,0,0,0,0,0,0,0,0,0,0
1132;1155;1156_0-400m,656;679_0-400m,0,0,1,0,2,0,0,0,2,0.001,0,0
1132;1155;1156_0-400m,656;679_400-800m,0,0,0,0,0,0,0,0,0,0,0,0
1132;1155;1156_0-400m,1383;1461;1384_0-400m,0,0,0,0,2,0,2,0,4,0.001,1,0.001
1132;1155;1156_0-400m,1383;1461;1384_400-800m,0,0,1,0,5,0.001,2,0,5,0.001,0,0
1132;1155;1156_0-400m,665;670_0-400m,0,0,0,0,1,0,1,0,1,0,2,0.002
1132;1155;1156_0-400m,665;670_400-800m,0,0,0,0,1,0,0,0,2,0.001,0,0
1132;1155;1156_0-400m,659;676;675_0-400m,0,0,0,0,2,0,0,0,0,0,0,0
1132;1155;1156_0-400m,659;676;675_400-800m,0,0,3,0.001,0,0,1,0,0,0,0,0
1132;1155;1156_0-400m,664;671_0-400m,0,0,1,0,3,0,2,0,2,0.001,0,0
1132;1155;1156_0-400m,664;671_400-800m,0,0,1,0,3,0,2,0,3,0.001,0,0
1132;1155;1156_0-400m,185;206_0-400m,0,0,0,0,3,0,0,0,0,0,2,0.002
1132;1155;1156_0-400m,185;206_400-800m,0,0,0,0,1,0,0,0,1,0,0,0
1132;1155;1156_0-400m,662;673_0-400m,1,0.003,3,0.001,7,0.001,1,0,5,0.001,0,0
1132;1155;1156_0-400m,662;673_400-800m,0,0,1,0,1,0,0,0,2,0.001,0,0
1132;1155;1156_0-400m,1385;1459_0-400m,0,0,1,0,3,0,1,0,4,0.001,0,0
1132;1155;1156_0-400m,1385;1459_400-800m,0,0,0,0,1,0,0,0,1,0,0,0
1132;1155;1156_0-400m,658;677_0-400m,0,0,0,0,0,0,0,0,1,0,0,0
1132;1155;1156_0-400m,658;677_400-800m,0,0,0,0,0,0,0,0,0,0,0,0
1132;1155;1156_0-400m,663;672_0-400m,0,0,0,0,5,0.001,2,0,3,0.001,0,0
1132;1155;1156_0-400m,663;672_400-800m,0,0,1,0,3,0,0,0,0,0,0,0
1132;1155;1156_0-400m,183;209_0-400m,0,0,0,0,2,0,0,0,0,0,0,0
1132;1155;1156_0-400m,183;209_400-800m,0,0,2,0.001,2,0,0,0,0,0,0,0
1132;1155;1156_0-400m,186;205_0-400m,0,0,0,0,2,0,2,0,1,0,0,0
1132;1155;1156_0-400m,186;205_400-800m,0,0,0,0,0,0,0,0,0,0,0,0
1132;1155;1156_0-400m,188;203_0-400m,0,0,5,0.002,6,0.001,2,0,0,0,2,0.002
1132;1155;1156_0-400m,188;203_400-800m,0,0,3,0.001,2,0,3,0.001,1,0,1,0.001
1132;1155;1156_0-400m,388;823_0-400m,1,0.003,0,0,5,0.001,4,0.001,4,0.001,0,0
1132;1155;1156_0-400m,388;823_400-800m,0,0,0,0,1,0,1,0,5,0.001,0,0
1132;1155;1156_0-400m,1386;95_0-400m,0,0,4,0.001,3,0,3,0.001,5,0.001,1,0.001
1132;1155;1156_0-400m,1386;95_400-800m,0,0,0,0,4,0.001,0,0,1,0,1,0.001
1132;1155;1156_0-400m,Orange_0-400m,0,0,4,0.001,24,0.003,11,0.002,17,0.004,2,0.002
1132;1155;1156_0-400m,Blue_0-400m,0,0,3,0.001,44,0.006,22,0.005,24,0.006,0,0
1132;1155;1156_0-400m,Green_0-400m,0,0,0,0,6,0.001,8,0.002,2,0.001,1,0.001
1132;1155;1156_0-400m,Orange_400-800m,0,0,1,0,10,0.001,3,0.001,4,0.001,4,0.005
1132;1155;1156_0-400m,Blue_400-800m,0,0,7,0.003,35,0.004,21,0.005,30,0.008,4,0.005
1132;1155;1156_0-400m,Green_400-800m,0,0,4,0.001,4,0.001,5,0.001,10,0.003,1,0.001
1132;1155;1156_0-400m,External,32,0.097,304,0.112,707,0.09,371,0.082,385,0.098,81,0.101
1132;1155;1156_400-800m,415;448_0-400m,0,0,1,0,1,0,0,0,0,0,0,0
1132;1155;1156_400-800m,415;448_400-800m,0,0,0,0,2,0,0,0,0,0,0,0
1132;1155;1156_400-800m,408;455_0-400m,0,0,0,0,1,0,1,0,1,0,0,0
1132;1155;1156_400-800m,408;455_400-800m,0,0,0,0,0,0,1,0,0,0,0,0
1132;1155;1156_400-800m,412;451_0-400m,0,0,0,0,1,0,0,0,1,0,0,0
1132;1155;1156_400-800m,412;451_400-800m,1,0.003,1,0,0,0,0,0,1,0,0,0
1132;1155;1156_400-800m,416;447_0-400m,0,0,0,0,0,0,1,0,0,0,1,0.001
1132;1155;1156_400-800m,416;447_400-800m,1,0.003,1,0,2,0,2,0,1,0,0,0
1132;1155;1156_400-800m,410;452_0-400m,0,0,0,0,1,0,0,0,2,0.001,0,0
1132;1155;1156_400-800m,410;452_400-800m,0,0,0,0,1,0,0,0,0,0,1,0.001
1132;1155;1156_400-800m,414;449_0-400m,0,0,1,0,1,0,0,0,0,0,0,0
1132;1155;1156_400-800m,414;449_400-800m,1,0.003,0,0,0,0,2,0,0,0,1,0.001
1132;1155;1156_400-800m,407;456_0-400m,0,0,0,0,0,0,0,0,1,0,0,0
1132;1155;1156_400-800m,407;456_400-800m,0,0,0,0,0,0,1,0,0,0,0,0
1132;1155;1156_400-800m,413;450_0-400m,0,0,0,0,0,0,0,0,1,0,1,0.001
1132;1155;1156_400-800m,413;450_400-800m,0,0,0,0,1,0,0,0,0,0,0,0
1132;1155;1156_400-800m,419;444;420_0-400m,0,0,2,0.001,9,0.001,0,0,0,0,0,0
1132;1155;1156_400-800m,419;444;420_400-800m,0,0,8,0.003,2,0,2,0,0,0,2,0.002
1132;1155;1156_400-800m,417;445_0-400m,0,0,0,0,0,0,0,0,1,0,0,0
1132;1155;1156_400-800m,417;445_400-800m,0,0,0,0,2,0,1,0,2,0.001,0,0
1132;1155;1156_400-800m,405;457_0-400m,0,0,1,0,1,0,0,0,1,0,0,0
1132;1155;1156_400-800m,405;457_400-800m,0,0,0,0,0,0,1,0,0,0,0,0
1132;1155;1156_400-800m,404;459_0-400m,0,0,1,0,1,0,0,0,1,0,0,0
1132;1155;1156_400-800m,404;459_400-800m,0,0,0,0,1,0,0,0,0,0,0,0
1132;1155;1156_400-800m,421;442_0-400m,0,0,2,0.001,6,0.001,4,0.001,1,0,1,0.001
1132;1155;1156_400-800m,421;442_400-800m,0,0,0,0,3,0,0,0,1,0,0,0
1132;1155;1156_400-800m,196;24;1508_0-400m,0,0,5,0.002,5,0.001,2,0,1,0,0,0
1132;1155;1156_400-800m,196;24;1508_400-800m,0,0,0,0,1,0,2,0,0,0,0,0
1132;1155;1156_400-800m,409;453_0-400m,0,0,0,0,0,0,0,0,0,0,0,0
1132;1155;1156_400-800m,409;453_400-800m,0,0,0,0,1,0,0,0,2,0.001,1,0.001
1132;1155;1156_400-800m,1503_0-400m,0,0,3,0.001,11,0.001,7,0.002,4,0.001,0,0
1132;1155;1156_400-800m,1503_400-800m,0,0,1,0,2,0,3,0.001,0,0,0,0
1132;1155;1156_400-800m,1125;1163;1162_0-400m,0,0,1,0,3,0,4,0.001,0,0,0,0
1132;1155;1156_400-800m,1125;1163;1162_400-800m,0,0,0,0,0,0,1,0,0,0,0,0
1132;1155;1156_400-800m,1134;1153_0-400m,0,0,0,0,1,0,1,0,2,0.001,0,0
1132;1155;1156_400-800m,1134;1153_400-800m,0,0,0,0,8,0.001,0,0,3,0.001,3,0.004
1132;1155;1156_400-800m,21;28;1612_0-400m,1,0.003,5,0.002,11,0.001,2,0,7,0.002,0,0
1132;1155;1156_400-800m,21;28;1612_400-800m,0,0,0,0,6,0.001,1,0,3,0.001,1,0.001
1132;1155;1156_400-800m,1131;1158_0-400m,0,0,4,0.001,4,0.001,5,0.001,1,0,1,0.001
1132;1155;1156_400-800m,1131;1158_400-800m,0,0,3,0.001,2,0,3,0.001,4,0.001,0,0
1132;1155;1156_400-800m,1135;1152_0-400m,0,0,3,0.001,3,0,5,0.001,4,0.001,0,0
1132;1155;1156_400-800m,1135;1152_400-800m,0,0,0,0,0,0,1,0,0,0,0,0
1132;1155;1156_400-800m,584;604_0-400m,1,0.003,0,0,5,0.001,2,0,2,0.001,0,0
1132;1155;1156_400-800m,584;604_400-800m,0,0,1,0,8,0.001,2,0,4,0.001,0,0
1132;1155;1156_400-800m,1139;1149_0-400m,0,0,1,0,5,0.001,1,0,0,0,0,0
1132;1155;1156_400-800m,1139;1149_400-800m,0,0,1,0,0,0,0,0,0,0,0,0
1132;1155;1156_400-800m,1138;1150;1137_0-400m,0,0,1,0,12,0.002,2,0,4,0.001,3,0.004
1132;1155;1156_400-800m,1138;1150;1137_400-800m,0,0,0,0,1,0,0,0,1,0,1,0.001
1132;1155;1156_400-800m,1124;1164_0-400m,0,0,2,0.001,2,0,1,0,2,0.001,0,0
1132;1155;1156_400-800m,1124;1164_400-800m,0,0,3,0.001,12,0.002,5,0.001,3,0.001,0,0
1132;1155;1156_400-800m,343;349_0-400m,0,0,4,0.001,5,0.001,3,0.001,6,0.002,1,0.001
1132;1155;1156_400-800m,343;349_400-800m,0,0,0,0,1,0,0,0,0,0,0,0
1132;1155;1156_400-800m,1136;1151_0-400m,0,0,2,0.001,3,0,2,0,2,0.001,0,0
1132;1155;1156_400-800m,1136;1151_400-800m,0,0,1,0,4,0.001,2,0,2,0.001,0,0
1132;1155;1156_400-800m,342;350_0-400m,0,0,2,0.001,6,0.001,3,0.001,5,0.001,0,0
1132;1155;1156_400-800m,342;350_400-800m,0,0,0,0,1,0,0,0,2,0.001,0,0
1132;1155;1156_400-800m,1141;1147_0-400m,0,0,2,0.001,8,0.001,5,0.001,2,0.001,2,0.002
1132;1155;1156_400-800m,1141;1147_400-800m,0,0,0,0,0,0,1,0,0,0,0,0
1132;1155;1156_400-800m,1132;1155;1156_0-400m,0,0,1,0,5,0.001,1,0,1,0,0,0
1132;1155;1156_400-800m,1132;1155;1156_400-800m,0,0,6,0.002,19,0.002,14,0.003,20,0.005,5,0.006
1132;1155;1156_400-800m,1133;1154_0-400m,0,0,2,0.001,3,0,1,0,2,0.001,1,0.001
1132;1155;1156_400-800m,1133;1154_400-800m,3,0.009,1,0,5,0.001,4,0.001,8,0.002,1,0.001
1132;1155;1156_400-800m,1130;1159;1160_0-400m,1,0.003,5,0.002,22,0.003,12,0.003,7,0.002,0,0
1132;1155;1156_400-800m,1130;1159;1160_400-800m,0,0,0,0,1,0,0,0,0,0,0,0
1132;1155;1156_400-800m,345;347_0-400m,0,0,1,0,7,0.001,3,0.001,5,0.001,3,0.004
1132;1155;1156_400-800m,345;347_400-800m,0,0,2,0.001,7,0.001,2,0,1,0,2,0.002
1132;1155;1156_400-800m,344;348_0-400m,0,0,0,0,5,0.001,2,0,3,0.001,1,0.001
1132;1155;1156_400-800m,344;348_400-800m,0,0,0,0,3,0,1,0,2,0.001,2,0.002
1132;1155;1156_400-800m,1140;1148_0-400m,0,0,3,0.001,3,0,5,0.001,2,0.001,2,0.002
1132;1155;1156_400-800m,1140;1148_400-800m,0,0,2,0.001,1,0,5,0.001,1,0,1,0.001
1132;1155;1156_400-800m,1127;1161_0-400m,1,0.003,2,0.001,18,0.002,7,0.002,5,0.001,0,0
1132;1155;1156_400-800m,1127;1161_400-800m,0,0,0,0,0,0,0,0,0,0,0,0
1132;1155;1156_400-800m,1855_0-400m,0,0,11,0.004,5,0.001,2,0,1,0,0,0
1132;1155;1156_400-800m,1855_400-800m,0,0,0,0,1,0,0,0,1,0,0,0
1132;1155;1156_400-800m,187;204_0-400m,0,0,0,0,0,0,0,0,0,0,1,0.001
1132;1155;1156_400-800m,187;204_400-800m,0,0,0,0,0,0,0,0,0,0,0,0
1132;1155;1156_400-800m,661;674_0-400m,0,0,1,0,1,0,1,0,1,0,0,0
1132;1155;1156_400-800m,661;674_400-800m,0,0,0,0,0,0,0,0,0,0,0,0
1132;1155;1156_400-800m,184;207_0-400m,0,0,0,0,2,0,0,0,1,0,0,0
1132;1155;1156_400-800m,184;207_400-800m,0,0,0,0,1,0,2,0,1,0,0,0
1132;1155;1156_400-800m,657;678_0-400m,0,0,0,0,0,0,3,0.001,1,0,0,0
1132;1155;1156_400-800m,657;678_400-800m,0,0,0,0,0,0,0,0,0,0,0,0
1132;1155;1156_400-800m,656;679_0-400m,0,0,0,0,2,0,0,0,0,0,0,0
1132;1155;1156_400-800m,656;679_400-800m,0,0,0,0,0,0,0,0,0,0,0,0
1132;1155;1156_400-800m,1383;1461;1384_0-400m,1,0.003,1,0,2,0,2,0,1,0,0,0
1132;1155;1156_400-800m,1383;1461;1384_400-800m,0,0,0,0,1,0,0,0,1,0,0,0
1132;1155;1156_400-800m,665;670_0-400m,0,0,1,0,3,0,0,0,0,0,0,0
1132;1155;1156_400-800m,665;670_400-800m,0,0,0,0,1,0,0,0,0,0,0,0
1132;1155;1156_400-800m,659;676;675_0-400m,0,0,0,0,0,0,1,0,0,0,0,0
1132;1155;1156_400-800m,659;676;675_400-800m,0,0,0,0,0,0,0,0,0,0,0,0
1132;1155;1156_400-800m,664;671_0-400m,0,0,0,0,6,0.001,1,0,0,0,0,0
1132;1155;1156_400-800m,664;671_400-800m,0,0,0,0,3,0,4,0.001,3,0.001,0,0
1132;1155;1156_400-800m,185;206_0-400m,0,0,0,0,2,0,0,0,0,0,0,0
1132;1155;1156_400-800m,185;206_400-800m,0,0,1,0,0,0,0,0,0,0,0,0
1132;1155;1156_400-800m,662;673_0-400m,0,0,0,0,4,0.001,1,0,1,0,0,0
1132;1155;1156_400-800m,662;673_400-800m,0,0,0,0,2,0,1,0,0,0,1,0.001
1132;1155;1156_400-800m,1385;1459_0-400m,0,0,3,0.001,1,0,3,0.001,1,0,0,0
1132;1155;1156_400-800m,1385;1459_400-800m,0,0,0,0,0,0,0,0,2,0.001,0,0
1132;1155;1156_400-800m,658;677_0-400m,0,0,0,0,1,0,0,0,1,0,0,0
1132;1155;1156_400-800m,658;677_400-800m,0,0,0,0,0,0,0,0,0,0,0,0
1132;1155;1156_400-800m,663;672_0-400m,0,0,0,0,1,0,1,0,1,0,0,0
1132;1155;1156_400-800m,663;672_400-800m,0,0,0,0,0,0,0,0,0,0,0,0
1132;1155;1156_400-800m,183;209_0-400m,0,0,1,0,3,0,1,0,0,0,0,0
1132;1155;1156_400-800m,183;209_400-800m,0,0,0,0,1,0,0,0,0,0,0,0
1132;1155;1156_400-800m,186;205_0-400m,0,0,0,0,1,0,0,0,0,0,0,0
1132;1155;1156_400-800m,186;205_400-800m,0,0,0,0,0,0,0,0,0,0,0,0
1132;1155;1156_400-800m,188;203_0-400m,0,0,1,0,5,0.001,1,0,1,0,0,0
1132;1155;1156_400-800m,188;203_400-800m,0,0,6,0.002,1,0,0,0,1,0,0,0
1132;1155;1156_400-800m,388;823_0-400m,0,0,0,0,14,0.002,8,0.002,1,0,0,0
1132;1155;1156_400-800m,388;823_400-800m,0,0,1,0,2,0,2,0,0,0,0,0
1132;1155;1156_400-800m,1386;95_0-400m,0,0,8,0.003,3,0,5,0.001,2,0.001,1,0.001
1132;1155;1156_400-800m,1386;95_400-800m,0,0,0,0,0,0,0,0,0,0,0,0
1132;1155;1156_400-800m,Orange_0-400m,4,0.012,5,0.002,6,0.001,7,0.002,9,0.002,2,0.002
1132;1155;1156_400-800m,Blue_0-400m,0,0,7,0.003,19,0.002,14,0.003,11,0.003,0,0
1132;1155;1156_400-800m,Green_0-400m,0,0,3,0.001,11,0.001,1,0,2,0.001,0,0
1132;1155;1156_400-800m,Orange_400-800m,1,0.003,1,0,4,0.001,2,0,2,0.001,1,0.001
1132;1155;1156_400-800m,Blue_400-800m,4,0.012,15,0.006,17,0.002,15,0.003,13,0.003,1,0.001
1132;1155;1156_400-800m,Green_400-800m,0,0,0,0,1,0,1,0,2,0.001,0,0
1132;1155;1156_400-800m,External,48,0.146,369,0.136,528,0.067,222,0.049,210,0.054,26,0.032
1133;1154_0-400m,415;448_0-400m,0,0,2,0.001,4,0.001,1,0,1,0,0,0
1133;1154_0-400m,415;448_400-800m,0,0,2,0.001,3,0,1,0,0,0,0,0
1133;1154_0-400m,408;455_0-400m,0,0,0,0,3,0,0,0,0,0,0,0
1133;1154_0-400m,408;455_400-800m,0,0,0,0,0,0,0,0,0,0,0,0
1133;1154_0-400m,412;451_0-400m,0,0,1,0,1,0,0,0,0,0,0,0
1133;1154_0-400m,412;451_400-800m,0,0,0,0,1,0,0,0,2,0.001,0,0
1133;1154_0-400m,416;447_0-400m,0,0,0,0,0,0,0,0,0,0,0,0
1133;1154_0-400m,416;447_400-800m,0,0,2,0.001,5,0.001,1,0,2,0.001,0,0
1133;1154_0-400m,410;452_0-400m,0,0,1,0,2,0,0,0,0,0,0,0
1133;1154_0-400m,410;452_400-800m,1,0.003,0,0,2,0,0,0,0,0,0,0
1133;1154_0-400m,414;449_0-400m,0,0,1,0,0,0,0,0,0,0,0,0
1133;1154_0-400m,414;449_400-800m,0,0,0,0,2,0,0,0,3,0.001,3,0.004
1133;1154_0-400m,407;456_0-400m,0,0,0,0,1,0,1,0,0,0,0,0
1133;1154_0-400m,407;456_400-800m,0,0,0,0,0,0,1,0,1,0,0,0
1133;1154_0-400m,413;450_0-400m,0,0,1,0,0,0,0,0,0,0,0,0
1133;1154_0-400m,413;450_400-800m,0,0,0,0,2,0,0,0,0,0,0,0
1133;1154_0-400m,419;444;420_0-400m,0,0,4,0.001,6,0.001,5,0.001,0,0,2,0.002
1133;1154_0-400m,419;444;420_400-800m,0,0,0,0,2,0,1,0,0,0,1,0.001
1133;1154_0-400m,417;445_0-400m,0,0,0,0,2,0,1,0,1,0,0,0
1133;1154_0-400m,417;445_400-800m,0,0,1,0,3,0,1,0,2,0.001,0,0
1133;1154_0-400m,405;457_0-400m,0,0,2,0.001,2,0,1,0,3,0.001,0,0
1133;1154_0-400m,405;457_400-800m,0,0,0,0,0,0,1,0,0,0,0,0
1133;1154_0-400m,404;459_0-400m,0,0,1,0,1,0,2,0,0,0,0,0
1133;1154_0-400m,404;459_400-800m,0,0,0,0,3,0,0,0,2,0.001,0,0
1133;1154_0-400m,421;442_0-400m,1,0.003,2,0.001,13,0.002,6,0.001,1,0,0,0
1133;1154_0-400m,421;442_400-800m,0,0,1,0,1,0,1,0,2,0.001,0,0
1133;1154_0-400m,196;24;1508_0-400m,0,0,2,0.001,3,0,0,0,1,0,1,0.001
1133;1154_0-400m,196;24;1508_400-800m,0,0,1,0,1,0,0,0,1,0,0,0
1133;1154_0-400m,409;453_0-400m,0,0,1,0,0,0,0,0,0,0,1,0.001
1133;1154_0-400m,409;453_400-800m,0,0,0,0,1,0,2,0,0,0,0,0
1133;1154_0-400m,1503_0-400m,0,0,3,0.001,14,0.002,6,0.001,9,0.002,2,0.002
1133;1154_0-400m,1503_400-800m,0,0,0,0,1,0,1,0,0,0,0,0
1133;1154_0-400m,1125;1163;1162_0-400m,0,0,4,0.001,5,0.001,2,0,3,0.001,1,0.001
1133;1154_0-400m,1125;1163;1162_400-800m,0,0,0,0,0,0,0,0,0,0,0,0
1133;1154_0-400m,1134;1153_0-400m,1,0.003,0,0,6,0.001,2,0,4,0.001,1,0.001
1133;1154_0-400m,1134;1153_400-800m,0,0,1,0,2,0,3,0.001,0,0,1,0.001
1133;1154_0-400m,21;28;1612_0-400m,1,0.003,10,0.004,8,0.001,5,0.001,1,0,1,0.001
1133;1154_0-400m,21;28;1612_400-800m,0,0,2,0.001,5,0.001,1,0,3,0.001,0,0
1133;1154_0-400m,1131;1158_0-400m,0,0,7,0.003,17,0.002,8,0.002,8,0.002,2,0.002
1133;1154_0-400m,1131;1158_400-800m,0,0,0,0,1,0,2,0,3,0.001,0,0
1133;1154_0-400m,1135;1152_0-400m,0,0,4,0.001,12,0.002,10,0.002,10,0.003,1,0.001
1133;1154_0-400m,1135;1152_400-800m,0,0,1,0,0,0,1,0,0,0,1,0.001
1133;1154_0-400m,584;604_0-400m,0,0,3,0.001,7,0.001,2,0,2,0.001,0,0
1133;1154_0-400m,584;604_400-800m,1,0.003,0,0,8,0.001,8,0.002,4,0.001,1,0.001
1133;1154_0-400m,1139;1149_0-400m,0,0,4,0.001,16,0.002,9,0.002,3,0.001,1,0.001
1133;1154_0-400m,1139;1149_400-800m,0,0,0,0,0,0,2,0,2,0.001,0,0
1133;1154_0-400m,1138;1150;1137_0-400m,0,0,1,0,13,0.002,17,0.004,7,0.002,6,0.007
1133;1154_0-400m,1138;1150;1137_400-800m,0,0,0,0,0,0,1,0,1,0,0,0
1133;1154_0-400m,1124;1164_0-400m,2,0.006,2,0.001,16,0.002,6,0.001,3,0.001,2,0.002
1133;1154_0-400m,1124;1164_400-800m,1,0.003,5,0.002,22,0.003,10,0.002,6,0.002,2,0.002
1133;1154_0-400m,343;349_0-400m,0,0,6,0.002,4,0.001,6,0.001,2,0.001,3,0.004
1133;1154_0-400m,343;349_400-800m,0,0,2,0.001,5,0.001,3,0.001,0,0,0,0
1133;1154_0-400m,1136;1151_0-400m,0,0,1,0,11,0.001,3,0.001,7,0.002,2,0.002
1133;1154_0-400m,1136;1151_400-800m,0,0,2,0.001,3,0,2,0,3,0.001,0,0
1133;1154_0-400m,342;350_0-400m,0,0,3,0.001,5,0.001,7,0.002,2,0.001,2,0.002
1133;1154_0-400m,342;350_400-800m,0,0,0,0,1,0,0,0,2,0.001,0,0
1133;1154_0-400m,1141;1147_0-400m,1,0.003,1,0,9,0.001,9,0.002,10,0.003,2,0.002
1133;1154_0-400m,1141;1147_400-800m,0,0,1,0,0,0,0,0,0,0,0,0
1133;1154_0-400m,1132;1155;1156_0-400m,0,0,7,0.003,12,0.002,13,0.003,15,0.004,0,0
1133;1154_0-400m,1132;1155;1156_400-800m,1,0.003,4,0.001,6,0.001,5,0.001,4,0.001,0,0
1133;1154_0-400m,1133;1154_0-400m,0,0,10,0.004,36,0.005,25,0.005,11,0.003,2,0.002
1133;1154_0-400m,1133;1154_400-800m,2,0.006,3,0.001,6,0.001,4,0.001,8,0.002,1,0.001
1133;1154_0-400m,1130;1159;1160_0-400m,0,0,9,0.003,31,0.004,16,0.004,14,0.004,1,0.001
1133;1154_0-400m,1130;1159;1160_400-800m,0,0,0,0,1,0,0,0,0,0,0,0
1133;1154_0-400m,345;347_0-400m,0,0,10,0.004,12,0.002,2,0,3,0.001,2,0.002
1133;1154_0-400m,345;347_400-800m,0,0,3,0.001,11,0.001,6,0.001,5,0.001,2,0.002
1133;1154_0-400m,344;348_0-400m,0,0,2,0.001,5,0.001,5,0.001,3,0.001,0,0
1133;1154_0-400m,344;348_400-800m,0,0,0,0,3,0,3,0.001,5,0.001,0,0
1133;1154_0-400m,1140;1148_0-400m,0,0,2,0.001,7,0.001,10,0.002,7,0.002,1,0.001
1133;1154_0-400m,1140;1148_400-800m,1,0.003,1,0,5,0.001,4,0.001,5,0.001,2,0.002
1133;1154_0-400m,1127;1161_0-400m,1,0.003,5,0.002,31,0.004,23,0.005,21,0.005,2,0.002
1133;1154_0-400m,1127;1161_400-800m,0,0,0,0,0,0,1,0,0,0,0,0
1133;1154_0-400m,1855_0-400m,0,0,0,0,6,0.001,2,0,7,0.002,2,0.002
1133;1154_0-400m,1855_400-800m,0,0,0,0,0,0,0,0,0,0,0,0
1133;1154_0-400m,187;204_0-400m,0,0,0,0,2,0,0,0,0,0,1,0.001
1133;1154_0-400m,187;204_400-800m,0,0,0,0,0,0,0,0,0,0,0,0
1133;1154_0-400m,661;674_0-400m,0,0,0,0,0,0,0,0,1,0,1,0.001
1133;1154_0-400m,661;674_400-800m,0,0,0,0,1,0,0,0,0,0,0,0
1133;1154_0-400m,184;207_0-400m,0,0,0,0,0,0,3,0.001,0,0,0,0
1133;1154_0-400m,184;207_400-800m,0,0,0,0,1,0,0,0,0,0,0,0
1133;1154_0-400m,657;678_0-400m,0,0,0,0,0,0,0,0,0,0,0,0
1133;1154_0-400m,657;678_400-800m,0,0,0,0,1,0,0,0,0,0,0,0
1133;1154_0-400m,656;679_0-400m,0,0,0,0,3,0,0,0,1,0,0,0
1133;1154_0-400m,656;679_400-800m,0,0,0,0,0,0,0,0,0,0,0,0
1133;1154_0-400m,1383;1461;1384_0-400m,0,0,0,0,3,0,2,0,0,0,0,0
1133;1154_0-400m,1383;1461;1384_400-800m,0,0,1,0,4,0.001,1,0,2,0.001,1,0.001
1133;1154_0-400m,665;670_0-400m,0,0,0,0,0,0,1,0,0,0,0,0
1133;1154_0-400m,665;670_400-800m,0,0,0,0,0,0,0,0,3,0.001,0,0
1133;1154_0-400m,659;676;675_0-400m,0,0,0,0,0,0,2,0,0,0,0,0
1133;1154_0-400m,659;676;675_400-800m,0,0,1,0,0,0,0,0,0,0,0,0
1133;1154_0-400m,664;671_0-400m,0,0,1,0,0,0,0,0,0,0,0,0
1133;1154_0-400m,664;671_400-800m,0,0,0,0,2,0,3,0.001,2,0.001,0,0
1133;1154_0-400m,185;206_0-400m,0,0,2,0.001,2,0,1,0,2,0.001,1,0.001
1133;1154_0-400m,185;206_400-800m,0,0,0,0,0,0,0,0,0,0,0,0
1133;1154_0-400m,662;673_0-400m,0,0,0,0,4,0.001,0,0,3,0.001,2,0.002
1133;1154_0-400m,662;673_400-800m,0,0,1,0,3,0,1,0,3,0.001,0,0
1133;1154_0-400m,1385;1459_0-400m,0,0,2,0.001,1,0,2,0,2,0.001,1,0.001
1133;1154_0-400m,1385;1459_400-800m,0,0,1,0,3,0,0,0,0,0,0,0
1133;1154_0-400m,658;677_0-400m,0,0,0,0,1,0,0,0,1,0,0,0
1133;1154_0-400m,658;677_400-800m,0,0,0,0,0,0,0,0,0,0,0,0
1133;1154_0-400m,663;672_0-400m,0,0,1,0,1,0,0,0,1,0,0,0
1133;1154_0-400m,663;672_400-800m,0,0,0,0,0,0,0,0,0,0,0,0
1133;1154_0-400m,183;209_0-400m,0,0,1,0,4,0.001,0,0,0,0,0,0
1133;1154_0-400m,183;209_400-800m,0,0,0,0,1,0,0,0,1,0,0,0
1133;1154_0-400m,186;205_0-400m,0,0,0,0,0,0,0,0,0,0,0,0
1133;1154_0-400m,186;205_400-800m,0,0,0,0,0,0,0,0,0,0,0,0
1133;1154_0-400m,188;203_0-400m,0,0,2,0.001,4,0.001,0,0,0,0,1,0.001
1133;1154_0-400m,188;203_400-800m,0,0,1,0,3,0,0,0,1,0,5,0.006
1133;1154_0-400m,388;823_0-400m,0,0,5,0.002,6,0.001,4,0.001,4,0.001,0,0
1133;1154_0-400m,388;823_400-800m,0,0,0,0,3,0,0,0,0,0,1,0.001
1133;1154_0-400m,1386;95_0-400m,0,0,8,0.003,6,0.001,4,0.001,1,0,1,0.001
1133;1154_0-400m,1386;95_400-800m,0,0,0,0,1,0,0,0,0,0,0,0
1133;1154_0-400m,Orange_0-400m,1,0.003,6,0.002,17,0.002,7,0.002,10,0.003,3,0.004
1133;1154_0-400m,Blue_0-400m,1,0.003,7,0.003,20,0.003,17,0.004,6,0.002,0,0
1133;1154_0-400m,Green_0-400m,0,0,4,0.001,3,0,3,0.001,2,0.001,0,0
1133;1154_0-400m,Orange_400-800m,0,0,12,0.004,3,0,1,0,5,0.001,4,0.005
1133;1154_0-400m,Blue_400-800m,8,0.024,6,0.002,20,0.003,14,0.003,13,0.003,3,0.004
1133;1154_0-400m,Green_400-800m,1,0.003,0,0,3,0,3,0.001,2,0.001,0,0
1133;1154_0-400m,External,52,0.158,375,0.138,590,0.075,271,0.06,283,0.072,52,0.065
1133;1154_400-800m,415;448_0-400m,0,0,0,0,1,0,0,0,3,0.001,0,0
1133;1154_400-800m,415;448_400-800m,0,0,0,0,1,0,0,0,2,0.001,0,0
1133;1154_400-800m,408;455_0-400m,1,0.003,1,0,0,0,0,0,1,0,0,0
1133;1154_400-800m,408;455_400-800m,0,0,1,0,0,0,0,0,0,0,0,0
1133;1154_400-800m,412;451_0-400m,0,0,0,0,2,0,0,0,2,0.001,0,0
1133;1154_400-800m,412;451_400-800m,0,0,0,0,2,0,0,0,0,0,1,0.001
1133;1154_400-800m,416;447_0-400m,0,0,0,0,1,0,0,0,1,0,0,0
1133;1154_400-800m,416;447_400-800m,0,0,4,0.001,4,0.001,0,0,4,0.001,0,0
1133;1154_400-800m,410;452_0-400m,0,0,0,0,1,0,0,0,0,0,0,0
1133;1154_400-800m,410;452_400-800m,0,0,0,0,0,0,2,0,0,0,0,0
1133;1154_400-800m,414;449_0-400m,0,0,1,0,0,0,0,0,1,0,0,0
1133;1154_400-800m,414;449_400-800m,0,0,0,0,0,0,0,0,0,0,1,0.001
1133;1154_400-800m,407;456_0-400m,0,0,0,0,0,0,0,0,0,0,0,0
1133;1154_400-800m,407;456_400-800m,0,0,0,0,1,0,0,0,0,0,0,0
1133;1154_400-800m,413;450_0-400m,0,0,0,0,2,0,1,0,1,0,0,0
1133;1154_400-800m,413;450_400-800m,0,0,1,0,1,0,5,0.001,5,0.001,2,0.002
1133;1154_400-800m,419;444;420_0-400m,0,0,1,0,4,0.001,3,0.001,1,0,0,0
1133;1154_400-800m,419;444;420_400-800m,0,0,3,0.001,1,0,2,0,0,0,0,0
1133;1154_400-800m,417;445_0-400m,0,0,2,0.001,0,0,0,0,0,0,0,0
1133;1154_400-800m,417;445_400-800m,0,0,0,0,2,0,0,0,1,0,0,0
1133;1154_400-800m,405;457_0-400m,0,0,1,0,0,0,0,0,1,0,1,0.001
1133;1154_400-800m,405;457_400-800m,0,0,0,0,0,0,0,0,0,0,0,0
1133;1154_400-800m,404;459_0-400m,0,0,0,0,1,0,1,0,1,0,0,0
1133;1154_400-800m,404;459_400-800m,0,0,1,0,1,0,1,0,2,0.001,0,0
1133;1154_400-800m,421;442_0-400m,0,0,7,0.003,6,0.001,4,0.001,4,0.001,0,0
1133;1154_400-800m,421;442_400-800m,0,0,1,0,3,0,2,0,3,0.001,0,0
1133;1154_400-800m,196;24;1508_0-400m,0,0,4,0.001,6,0.001,6,0.001,1,0,0,0
1133;1154_400-800m,196;24;1508_400-800m,0,0,0,0,0,0,0,0,1,0,0,0
1133;1154_400-800m,409;453_0-400m,0,0,1,0,2,0,1,0,0,0,0,0
1133;1154_400-800m,409;453_400-800m,0,0,0,0,0,0,0,0,1,0,0,0
1133;1154_400-800m,1503_0-400m,0,0,6,0.002,5,0.001,4,0.001,5,0.001,2,0.002
1133;1154_400-800m,1503_400-800m,0,0,0,0,1,0,1,0,0,0,1,0.001
1133;1154_400-800m,1125;1163;1162_0-400m,0,0,0,0,3,0,3,0.001,0,0,0,0
1133;1154_400-800m,1125;1163;1162_400-800m,0,0,0,0,1,0,0,0,0,0,0,0
1133;1154_400-800m,1134;1153_0-400m,0,0,1,0,2,0,2,0,2,0.001,1,0.001
1133;1154_400-800m,1134;1153_400-800m,0,0,0,0,2,0,4,0.001,2,0.001,0,0
1133;1154_400-800m,21;28;1612_0-400m,1,0.003,7,0.003,15,0.002,3,0.001,8,0.002,0,0
1133;1154_400-800m,21;28;1612_400-800m,2,0.006,1,0,2,0,2,0,2,0.001,0,0
1133;1154_400-800m,1131;1158_0-400m,0,0,0,0,5,0.001,2,0,4,0.001,0,0
1133;1154_400-800m,1131;1158_400-800m,3,0.009,2,0.001,3,0,4,0.001,5,0.001,0,0
1133;1154_400-800m,1135;1152_0-400m,1,0.003,2,0.001,3,0,5,0.001,0,0,0,0
1133;1154_400-800m,1135;1152_400-800m,0,0,0,0,0,0,0,0,0,0,0,0
1133;1154_400-800m,584;604_0-400m,0,0,1,0,1,0,3,0.001,4,0.001,0,0
1133;1154_400-800m,584;604_400-800m,0,0,1,0,2,0,4,0.001,2,0.001,0,0
1133;1154_400-800m,1139;1149_0-400m,0,0,2,0.001,5,0.001,2,0,2,0.001,1,0.001
1133;1154_400-800m,1139;1149_400-800m,0,0,0,0,2,0,0,0,0,0,1,0.001
1133;1154_400-800m,1138;1150;1137_0-400m,0,0,1,0,4,0.001,3,0.001,5,0.001,2,0.002
1133;1154_400-800m,1138;1150;1137_400-800m,0,0,0,0,0,0,1,0,0,0,1,0.001
1133;1154_400-800m,1124;1164_0-400m,0,0,1,0,4,0.001,5,0.001,3,0.001,0,0
1133;1154_400-800m,1124;1164_400-800m,0,0,2,0.001,5,0.001,3,0.001,3,0.001,0,0
1133;1154_400-800m,343;349_0-400m,0,0,2,0.001,8,0.001,9,0.002,7,0.002,1,0.001
1133;1154_400-800m,343;349_400-800m,0,0,0,0,2,0,1,0,1,0,0,0
1133;1154_400-800m,1136;1151_0-400m,0,0,2,0.001,5,0.001,2,0,2,0.001,2,0.002
1133;1154_400-800m,1136;1151_400-800m,2,0.006,4,0.001,9,0.001,7,0.002,7,0.002,1,0.001
1133;1154_400-800m,342;350_0-400m,0,0,0,0,4,0.001,8,0.002,4,0.001,1,0.001
1133;1154_400-800m,342;350_400-800m,0,0,0,0,1,0,0,0,0,0,0,0
1133;1154_400-800m,1141;1147_0-400m,1,0.003,5,0.002,9,0.001,5,0.001,5,0.001,1,0.001
1133;1154_400-800m,1141;1147_400-800m,0,0,0,0,0,0,0,0,0,0,0,0
1133;1154_400-800m,1132;1155;1156_0-400m,0,0,3,0.001,3,0,2,0,5,0.001,0,0
1133;1154_400-800m,1132;1155;1156_400-800m,0,0,5,0.002,8,0.001,5,0.001,4,0.001,1,0.001
1133;1154_400-800m,1133;1154_0-400m,0,0,3,0.001,13,0.002,8,0.002,3,0.001,0,0
1133;1154_400-800m,1133;1154_400-800m,1,0.003,5,0.002,19,0.002,13,0.003,15,0.004,3,0.004
1133;1154_400-800m,1130;1159;1160_0-400m,0,0,2,0.001,22,0.003,4,0.001,5,0.001,1,0.001
1133;1154_400-800m,1130;1159;1160_400-800m,0,0,0,0,2,0,0,0,0,0,0,0
1133;1154_400-800m,345;347_0-400m,1,0.003,6,0.002,9,0.001,3,0.001,5,0.001,1,0.001
1133;1154_400-800m,345;347_400-800m,0,0,2,0.001,5,0.001,2,0,6,0.002,0,0
1133;1154_400-800m,344;348_0-400m,0,0,2,0.001,2,0,1,0,2,0.001,1,0.001
1133;1154_400-800m,344;348_400-800m,1,0.003,1,0,0,0,1,0,0,0,0,0
1133;1154_400-800m,1140;1148_0-400m,0,0,3,0.001,5,0.001,2,0,10,0.003,1,0.001
1133;1154_400-800m,1140;1148_400-800m,2,0.006,5,0.002,12,0.002,5,0.001,2,0.001,1,0.001
1133;1154_400-800m,1127;1161_0-400m,0,0,3,0.001,8,0.001,3,0.001,4,0.001,1,0.001
1133;1154_400-800m,1127;1161_400-800m,0,0,0,0,0,0,0,0,0,0,0,0
1133;1154_400-800m,1855_0-400m,0,0,1,0,5,0.001,0,0,1,0,0,0
1133;1154_400-800m,1855_400-800m,0,0,0,0,0,0,1,0,1,0,1,0.001
1133;1154_400-800m,187;204_0-400m,0,0,0,0,0,0,2,0,0,0,0,0
1133;1154_400-800m,187;204_400-800m,0,0,0,0,1,0,0,0,0,0,0,0
1133;1154_400-800m,661;674_0-400m,0,0,0,0,0,0,0,0,0,0,0,0
1133;1154_400-800m,661;674_400-800m,0,0,0,0,0,0,0,0,0,0,0,0
1133;1154_400-800m,184;207_0-400m,0,0,0,0,1,0,1,0,1,0,0,0
1133;1154_400-800m,184;207_400-800m,0,0,0,0,1,0,0,0,3,0.001,0,0
1133;1154_400-800m,657;678_0-400m,0,0,0,0,0,0,0,0,0,0,0,0
1133;1154_400-800m,657;678_400-800m,0,0,0,0,1,0,1,0,0,0,0,0
1133;1154_400-800m,656;679_0-400m,0,0,0,0,1,0,1,0,1,0,0,0
1133;1154_400-800m,656;679_400-800m,0,0,0,0,0,0,0,0,0,0,0,0
1133;1154_400-800m,1383;1461;1384_0-400m,0,0,3,0.001,3,0,2,0,0,0,2,0.002
1133;1154_400-800m,1383;1461;1384_400-800m,0,0,1,0,0,0,0,0,4,0.001,0,0
1133;1154_400-800m,665;670_0-400m,0,0,0,0,1,0,1,0,1,0,0,0
1133;1154_400-800m,665;670_400-800m,0,0,0,0,0,0,0,0,0,0,0,0
1133;1154_400-800m,659;676;675_0-400m,0,0,0,0,2,0,1,0,0,0,0,0
1133;1154_400-800m,659;676;675_400-800m,0,0,0,0,0,0,0,0,0,0,0,0
1133;1154_400-800m,664;671_0-400m,0,0,0,0,0,0,0,0,2,0.001,1,0.001
1133;1154_400-800m,664;671_400-800m,0,0,0,0,0,0,1,0,2,0.001,0,0
1133;1154_400-800m,185;206_0-400m,0,0,0,0,0,0,0,0,0,0,0,0
1133;1154_400-800m,185;206_400-800m,0,0,0,0,0,0,0,0,1,0,0,0
1133;1154_400-800m,662;673_0-400m,0,0,0,0,3,0,2,0,1,0,0,0
1133;1154_400-800m,662;673_400-800m,0,0,2,0.001,1,0,0,0,0,0,0,0
1133;1154_400-800m,1385;1459_0-400m,0,0,3,0.001,1,0,4,0.001,2,0.001,0,0
1133;1154_400-800m,1385;1459_400-800m,0,0,0,0,1,0,0,0,3,0.001,0,0
1133;1154_400-800m,658;677_0-400m,0,0,1,0,0,0,0,0,0,0,0,0
1133;1154_400-800m,658;677_400-800m,0,0,0,0,0,0,0,0,0,0,0,0
1133;1154_400-800m,663;672_0-400m,0,0,0,0,4,0.001,1,0,3,0.001,0,0
1133;1154_400-800m,663;672_400-800m,0,0,1,0,0,0,0,0,2,0.001,0,0
1133;1154_400-800m,183;209_0-400m,0,0,4,0.001,1,0,0,0,0,0,0,0
1133;1154_400-800m,183;209_400-800m,0,0,1,0,0,0,0,0,0,0,1,0.001
1133;1154_400-800m,186;205_0-400m,0,0,0,0,0,0,1,0,0,0,0,0
1133;1154_400-800m,186;205_400-800m,0,0,0,0,0,0,0,0,0,0,0,0
1133;1154_400-800m,188;203_0-400m,1,0.003,3,0.001,1,0,2,0,0,0,1,0.001
1133;1154_400-800m,188;203_400-800m,1,0.003,12,0.004,2,0,1,0,0,0,1,0.001
1133;1154_400-800m,388;823_0-400m,0,0,3,0.001,13,0.002,6,0.001,2,0.001,0,0
1133;1154_400-800m,388;823_400-800m,0,0,2,0.001,3,0,1,0,2,0.001,1,0.001
1133;1154_400-800m,1386;95_0-400m,0,0,2,0.001,6,0.001,2,0,4,0.001,0,0
1133;1154_400-800m,1386;95_400-800m,0,0,0,0,2,0,0,0,0,0,0,0
1133;1154_400-800m,Orange_0-400m,6,0.018,1,0,11,0.001,6,0.001,6,0.002,1,0.001
1133;1154_400-800m,Blue_0-400m,1,0.003,11,0.004,22,0.003,18,0.004,10,0.003,1,0.001
1133;1154_400-800m,Green_0-400m,2,0.006,1,0,6,0.001,4,0.001,11,0.003,6,0.007
1133;1154_400-800m,Orange_400-800m,0,0,1,0,2,0,1,0,2,0.001,2,0.002
1133;1154_400-800m,Blue_400-800m,2,0.006,6,0.002,26,0.003,11,0.002,11,0.003,5,0.006
1133;1154_400-800m,Green_400-800m,0,0,0,0,6,0.001,3,0.001,1,0,0,0
1133;1154_400-800m,External,51,0.155,423,0.156,584,0.074,279,0.061,255,0.065,68,0.085
1130;1159;1160_0-400m,415;448_0-400m,0,0,2,0.001,7,0.001,3,0.001,2,0.001,3,0.004
1130;1159;1160_0-400m,415;448_400-800m,0,0,5,0.002,3,0,1,0,3,0.001,1,0.001
1130;1159;1160_0-400m,408;455_0-400m,0,0,0,0,6,0.001,1,0,4,0.001,1,0.001
1130;1159;1160_0-400m,408;455_400-800m,0,0,0,0,3,0,2,0,0,0,0,0
1130;1159;1160_0-400m,412;451_0-400m,0,0,0,0,3,0,4,0.001,2,0.001,0,0
1130;1159;1160_0-400m,412;451_400-800m,0,0,1,0,2,0,2,0,3,0.001,0,0
1130;1159;1160_0-400m,416;447_0-400m,0,0,0,0,4,0.001,2,0,5,0.001,0,0
1130;1159;1160_0-400m,416;447_400-800m,0,0,3,0.001,6,0.001,3,0.001,7,0.002,0,0
1130;1159;1160_0-400m,410;452_0-400m,0,0,0,0,5,0.001,2,0,4,0.001,1,0.001
1130;1159;1160_0-400m,410;452_400-800m,0,0,1,0,8,0.001,5,0.001,4,0.001,0,0
1130;1159;1160_0-400m,414;449_0-400m,1,0.003,3,0.001,3,0,0,0,0,0,0,0
1130;1159;1160_0-400m,414;449_400-800m,0,0,2,0.001,5,0.001,2,0,1,0,1,0.001
1130;1159;1160_0-400m,407;456_0-400m,0,0,0,0,2,0,0,0,0,0,0,0
1130;1159;1160_0-400m,407;456_400-800m,0,0,0,0,2,0,0,0,3,0.001,0,0
1130;1159;1160_0-400m,413;450_0-400m,0,0,2,0.001,2,0,1,0,5,0.001,2,0.002
1130;1159;1160_0-400m,413;450_400-800m,1,0.003,11,0.004,8,0.001,3,0.001,0,0,0,0
1130;1159;1160_0-400m,419;444;420_0-400m,1,0.003,3,0.001,7,0.001,9,0.002,5,0.001,2,0.002
1130;1159;1160_0-400m,419;444;420_400-800m,0,0,0,0,1,0,1,0,4,0.001,0,0
1130;1159;1160_0-400m,417;445_0-400m,1,0.003,1,0,3,0,7,0.002,2,0.001,1,0.001
1130;1159;1160_0-400m,417;445_400-800m,0,0,3,0.001,8,0.001,4,0.001,4,0.001,2,0.002
1130;1159;1160_0-400m,405;457_0-400m,0,0,0,0,2,0,3,0.001,9,0.002,0,0
1130;1159;1160_0-400m,405;457_400-800m,0,0,0,0,0,0,0,0,1,0,0,0
1130;1159;1160_0-400m,404;459_0-400m,2,0.006,1,0,6,0.001,9,0.002,7,0.002,2,0.002
1130;1159;1160_0-400m,404;459_400-800m,0,0,2,0.001,11,0.001,7,0.002,9,0.002,1,0.001
1130;1159;1160_0-400m,421;442_0-400m,0,0,2,0.001,32,0.004,8,0.002,14,0.004,6,0.007
1130;1159;1160_0-400m,421;442_400-800m,0,0,1,0,7,0.001,10,0.002,6,0.002,1,0.001
1130;1159;1160_0-400m,196;24;1508_0-400m,0,0,2,0.001,10,0.001,7,0.002,19,0.005,3,0.004
1130;1159;1160_0-400m,196;24;1508_400-800m,0,0,3,0.001,1,0,1,0,5,0.001,1,0.001
1130;1159;1160_0-400m,409;453_0-400m,0,0,0,0,2,0,2,0,0,0,0,0
1130;1159;1160_0-400m,409;453_400-800m,1,0.003,1,0,6,0.001,4,0.001,2,0.001,1,0.001
1130;1159;1160_0-400m,1503_0-400m,2,0.006,14,0.005,27,0.003,15,0.003,18,0.005,3,0.004
1130;1159;1160_0-400m,1503_400-800m,0,0,3,0.001,3,0,1,0,2,0.001,0,0
1130;1159;1160_0-400m,1125;1163;1162_0-400m,2,0.006,7,0.003,20,0.003,13,0.003,10,0.003,2,0.002
1130;1159;1160_0-400m,1125;1163;1162_400-800m,0,0,0,0,1,0,0,0,2,0.001,0,0
1130;1159;1160_0-400m,1134;1153_0-400m,1,0.003,2,0.001,14,0.002,4,0.001,8,0.002,1,0.001
1130;1159;1160_0-400m,1134;1153_400-800m,1,0.003,0,0,20,0.003,7,0.002,9,0.002,3,0.004
1130;1159;1160_0-400m,21;28;1612_0-400m,0,0,4,0.001,21,0.003,15,0.003,10,0.003,4,0.005
1130;1159;1160_0-400m,21;28;1612_400-800m,1,0.003,1,0,18,0.002,9,0.002,7,0.002,1,0.001
1130;1159;1160_0-400m,1131;1158_0-400m,1,0.003,6,0.002,41,0.005,20,0.004,27,0.007,6,0.007
1130;1159;1160_0-400m,1131;1158_400-800m,1,0.003,7,0.003,25,0.003,12,0.003,16,0.004,2,0.002
1130;1159;1160_0-400m,1135;1152_0-400m,1,0.003,4,0.001,31,0.004,21,0.005,23,0.006,1,0.001
1130;1159;1160_0-400m,1135;1152_400-800m,0,0,0,0,2,0,2,0,3,0.001,0,0
1130;1159;1160_0-400m,584;604_0-400m,1,0.003,2,0.001,22,0.003,16,0.004,26,0.007,4,0.005
1130;1159;1160_0-400m,584;604_400-800m,2,0.006,9,0.003,38,0.005,13,0.003,31,0.008,3,0.004
1130;1159;1160_0-400m,1139;1149_0-400m,0,0,8,0.003,34,0.004,23,0.005,34,0.009,4,0.005
1130;1159;1160_0-400m,1139;1149_400-800m,0,0,0,0,7,0.001,1,0,1,0,0,0
1130;1159;1160_0-400m,1138;1150;1137_0-400m,3,0.009,18,0.007,62,0.008,44,0.01,44,0.011,11,0.014
1130;1159;1160_0-400m,1138;1150;1137_400-800m,1,0.003,0,0,5,0.001,2,0,3,0.001,0,0
1130;1159;1160_0-400m,1124;1164_0-400m,0,0,11,0.004,43,0.005,30,0.007,25,0.006,5,0.006
1130;1159;1160_0-400m,1124;1164_400-800m,1,0.003,12,0.004,68,0.009,41,0.009,27,0.007,14,0.017
1130;1159;1160_0-400m,343;349_0-400m,2,0.006,5,0.002,19,0.002,11,0.002,17,0.004,4,0.005
1130;1159;1160_0-400m,343;349_400-800m,1,0.003,0,0,8,0.001,4,0.001,2,0.001,0,0
1130;1159;1160_0-400m,1136;1151_0-400m,1,0.003,6,0.002,28,0.004,21,0.005,27,0.007,2,0.002
1130;1159;1160_0-400m,1136;1151_400-800m,0,0,2,0.001,9,0.001,8,0.002,8,0.002,2,0.002
1130;1159;1160_0-400m,342;350_0-400m,1,0.003,4,0.001,31,0.004,21,0.005,24,0.006,6,0.007
1130;1159;1160_0-400m,342;350_400-800m,0,0,1,0,12,0.002,8,0.002,3,0.001,1,0.001
1130;1159;1160_0-400m,1141;1147_0-400m,1,0.003,7,0.003,33,0.004,17,0.004,19,0.005,6,0.007
1130;1159;1160_0-400m,1141;1147_400-800m,0,0,0,0,1,0,2,0,1,0,0,0
1130;1159;1160_0-400m,1132;1155;1156_0-400m,1,0.003,3,0.001,37,0.005,22,0.005,32,0.008,2,0.002
1130;1159;1160_0-400m,1132;1155;1156_400-800m,0,0,2,0.001,17,0.002,8,0.002,12,0.003,1,0.001
1130;1159;1160_0-400m,1133;1154_0-400m,0,0,6,0.002,24,0.003,8,0.002,10,0.003,2,0.002
1130;1159;1160_0-400m,1133;1154_400-800m,0,0,5,0.002,20,0.003,8,0.002,8,0.002,1,0.001
1130;1159;1160_0-400m,1130;1159;1160_0-400m,1,0.003,20,0.007,126,0.016,51,0.011,67,0.017,10,0.012
1130;1159;1160_0-400m,1130;1159;1160_400-800m,0,0,1,0,6,0.001,0,0,2,0.001,1,0.001
1130;1159;1160_0-400m,345;347_0-400m,1,0.003,4,0.001,17,0.002,12,0.003,9,0.002,1,0.001
1130;1159;1160_0-400m,345;347_400-800m,1,0.003,6,0.002,29,0.004,25,0.005,13,0.003,4,0.005
1130;1159;1160_0-400m,344;348_0-400m,1,0.003,5,0.002,20,0.003,12,0.003,9,0.002,4,0.005
1130;1159;1160_0-400m,344;348_400-800m,0,0,9,0.003,21,0.003,16,0.004,19,0.005,5,0.006
1130;1159;1160_0-400m,1140;1148_0-400m,1,0.003,10,0.004,21,0.003,12,0.003,24,0.006,5,0.006
1130;1159;1160_0-400m,1140;1148_400-800m,1,0.003,3,0.001,26,0.003,7,0.002,6,0.002,1,0.001
1130;1159;1160_0-400m,1127;1161_0-400m,1,0.003,24,0.009,71,0.009,39,0.009,42,0.011,4,0.005
1130;1159;1160_0-400m,1127;1161_400-800m,0,0,0,0,2,0,2,0,2,0.001,1,0.001
1130;1159;1160_0-400m,1855_0-400m,0,0,10,0.004,37,0.005,18,0.004,20,0.005,1,0.001
1130;1159;1160_0-400m,1855_400-800m,0,0,0,0,1,0,1,0,3,0.001,3,0.004
1130;1159;1160_0-400m,187;204_0-400m,0,0,2,0.001,6,0.001,1,0,8,0.002,2,0.002
1130;1159;1160_0-400m,187;204_400-800m,0,0,0,0,1,0,2,0,1,0,0,0
1130;1159;1160_0-400m,661;674_0-400m,0,0,0,0,2,0,1,0,1,0,0,0
1130;1159;1160_0-400m,661;674_400-800m,0,0,0,0,1,0,0,0,0,0,0,0
1130;1159;1160_0-400m,184;207_0-400m,0,0,0,0,4,0.001,0,0,0,0,0,0
1130;1159;1160_0-400m,184;207_400-800m,0,0,4,0.001,5,0.001,2,0,0,0,0,0
1130;1159;1160_0-400m,657;678_0-400m,0,0,1,0,4,0.001,1,0,2,0.001,0,0
1130;1159;1160_0-400m,657;678_400-800m,0,0,0,0,0,0,1,0,0,0,0,0
1130;1159;1160_0-400m,656;679_0-400m,0,0,1,0,2,0,3,0.001,0,0,1,0.001
1130;1159;1160_0-400m,656;679_400-800m,0,0,0,0,0,0,0,0,0,0,1,0.001
1130;1159;1160_0-400m,1383;1461;1384_0-400m,1,0.003,2,0.001,9,0.001,2,0,4,0.001,3,0.004
1130;1159;1160_0-400m,1383;1461;1384_400-800m,0,0,2,0.001,6,0.001,4,0.001,2,0.001,2,0.002
1130;1159;1160_0-400m,665;670_0-400m,0,0,2,0.001,3,0,0,0,1,0,1,0.001
1130;1159;1160_0-400m,665;670_400-800m,0,0,1,0,2,0,0,0,4,0.001,1,0.001
1130;1159;1160_0-400m,659;676;675_0-400m,0,0,0,0,3,0,0,0,2,0.001,1,0.001
1130;1159;1160_0-400m,659;676;675_400-800m,0,0,1,0,0,0,3,0.001,0,0,0,0
1130;1159;1160_0-400m,664;671_0-400m,0,0,1,0,4,0.001,6,0.001,1,0,1,0.001
1130;1159;1160_0-400m,664;671_400-800m,0,0,0,0,5,0.001,1,0,7,0.002,0,0
1130;1159;1160_0-400m,185;206_0-400m,0,0,2,0.001,6,0.001,0,0,2,0.001,0,0
1130;1159;1160_0-400m,185;206_400-800m,0,0,0,0,0,0,0,0,1,0,0,0
1130;1159;1160_0-400m,662;673_0-400m,0,0,1,0,12,0.002,4,0.001,9,0.002,2,0.002
1130;1159;1160_0-400m,662;673_400-800m,0,0,1,0,6,0.001,1,0,1,0,0,0
1130;1159;1160_0-400m,1385;1459_0-400m,0,0,3,0.001,10,0.001,1,0,6,0.002,1,0.001
1130;1159;1160_0-400m,1385;1459_400-800m,0,0,1,0,4,0.001,3,0.001,0,0,9,0.011
1130;1159;1160_0-400m,658;677_0-400m,0,0,2,0.001,1,0,3,0.001,0,0,0,0
1130;1159;1160_0-400m,658;677_400-800m,0,0,0,0,0,0,0,0,0,0,0,0
1130;1159;1160_0-400m,663;672_0-400m,0,0,7,0.003,4,0.001,1,0,2,0.001,0,0
1130;1159;1160_0-400m,663;672_400-800m,0,0,0,0,2,0,0,0,0,0,0,0
1130;1159;1160_0-400m,183;209_0-400m,0,0,1,0,5,0.001,0,0,1,0,1,0.001
1130;1159;1160_0-400m,183;209_400-800m,0,0,1,0,1,0,1,0,0,0,0,0
1130;1159;1160_0-400m,186;205_0-400m,0,0,0,0,4,0.001,0,0,5,0.001,1,0.001
1130;1159;1160_0-400m,186;205_400-800m,0,0,0,0,1,0,0,0,0,0,0,0
1130;1159;1160_0-400m,188;203_0-400m,0,0,0,0,4,0.001,3,0.001,4,0.001,3,0.004
1130;1159;1160_0-400m,188;203_400-800m,0,0,6,0.002,4,0.001,6,0.001,3,0.001,4,0.005
1130;1159;1160_0-400m,388;823_0-400m,0,0,4,0.001,29,0.004,14,0.003,16,0.004,0,0
1130;1159;1160_0-400m,388;823_400-800m,0,0,1,0,9,0.001,7,0.002,5,0.001,0,0
1130;1159;1160_0-400m,1386;95_0-400m,0,0,5,0.002,11,0.001,4,0.001,7,0.002,1,0.001
1130;1159;1160_0-400m,1386;95_400-800m,0,0,1,0,2,0,0,0,5,0.001,1,0.001
1130;1159;1160_0-400m,Orange_0-400m,1,0.003,4,0.001,32,0.004,8,0.002,22,0.006,6,0.007
1130;1159;1160_0-400m,Blue_0-400m,2,0.006,16,0.006,110,0.014,65,0.014,47,0.012,11,0.014
1130;1159;1160_0-400m,Green_0-400m,0,0,12,0.004,16,0.002,8,0.002,22,0.006,5,0.006
1130;1159;1160_0-400m,Orange_400-800m,1,0.003,3,0.001,22,0.003,17,0.004,18,0.005,2,0.002
1130;1159;1160_0-400m,Blue_400-800m,2,0.006,36,0.013,113,0.014,68,0.015,75,0.019,13,0.016
1130;1159;1160_0-400m,Green_400-800m,1,0.003,10,0.004,16,0.002,11,0.002,7,0.002,1,0.001
1130;1159;1160_0-400m,External,111,0.338,710,0.261,1781,0.226,981,0.216,968,0.247,172,0.214
1130;1159;1160_400-800m,415;448_0-400m,0,0,0,0,0,0,0,0,0,0,0,0
1130;1159;1160_400-800m,415;448_400-800m,0,0,0,0,0,0,0,0,0,0,0,0
1130;1159;1160_400-800m,408;455_0-400m,0,0,0,0,0,0,0,0,0,0,0,0
1130;1159;1160_400-800m,408;455_400-800m,0,0,0,0,0,0,0,0,0,0,0,0
1130;1159;1160_400-800m,412;451_0-400m,0,0,0,0,0,0,0,0,0,0,0,0
1130;1159;1160_400-800m,412;451_400-800m,0,0,0,0,0,0,0,0,0,0,0,0
1130;1159;1160_400-800m,416;447_0-400m,0,0,0,0,0,0,0,0,0,0,0,0
1130;1159;1160_400-800m,416;447_400-800m,0,0,0,0,0,0,0,0,0,0,0,0
1130;1159;1160_400-800m,410;452_0-400m,0,0,0,0,0,0,0,0,0,0,0,0
1130;1159;1160_400-800m,410;452_400-800m,0,0,0,0,0,0,0,0,0,0,0,0
1130;1159;1160_400-800m,414;449_0-400m,0,0,0,0,0,0,0,0,0,0,0,0
1130;1159;1160_400-800m,414;449_400-800m,0,0,0,0,0,0,0,0,0,0,0,0
1130;1159;1160_400-800m,407;456_0-400m,0,0,0,0,0,0,0,0,0,0,0,0
1130;1159;1160_400-800m,407;456_400-800m,0,0,0,0,0,0,0,0,0,0,0,0
1130;1159;1160_400-800m,413;450_0-400m,0,0,0,0,0,0,0,0,0,0,0,0
1130;1159;1160_400-800m,413;450_400-800m,0,0,0,0,0,0,0,0,0,0,0,0
1130;1159;1160_400-800m,419;444;420_0-400m,0,0,0,0,0,0,0,0,0,0,0,0
1130;1159;1160_400-800m,419;444;420_400-800m,0,0,0,0,0,0,0,0,0,0,0,0
1130;1159;1160_400-800m,417;445_0-400m,0,0,0,0,0,0,0,0,0,0,0,0
1130;1159;1160_400-800m,417;445_400-800m,0,0,0,0,0,0,0,0,0,0,0,0
1130;1159;1160_400-800m,405;457_0-400m,0,0,0,0,0,0,0,0,0,0,0,0
1130;1159;1160_400-800m,405;457_400-800m,0,0,0,0,0,0,0,0,0,0,0,0
1130;1159;1160_400-800m,404;459_0-400m,0,0,0,0,0,0,0,0,0,0,0,0
1130;1159;1160_400-800m,404;459_400-800m,0,0,0,0,0,0,0,0,0,0,0,0
1130;1159;1160_400-800m,421;442_0-400m,0,0,0,0,0,0,0,0,0,0,0,0
1130;1159;1160_400-800m,421;442_400-800m,0,0,0,0,0,0,0,0,0,0,0,0
1130;1159;1160_400-800m,196;24;1508_0-400m,0,0,0,0,0,0,0,0,0,0,0,0
1130;1159;1160_400-800m,196;24;1508_400-800m,0,0,0,0,0,0,0,0,0,0,0,0
1130;1159;1160_400-800m,409;453_0-400m,0,0,0,0,0,0,0,0,0,0,0,0
1130;1159;1160_400-800m,409;453_400-800m,0,0,0,0,0,0,0,0,0,0,0,0
1130;1159;1160_400-800m,1503_0-400m,0,0,1,0,0,0,2,0,0,0,0,0
1130;1159;1160_400-800m,1503_400-800m,0,0,0,0,0,0,0,0,0,0,0,0
1130;1159;1160_400-800m,1125;1163;1162_0-400m,0,0,0,0,1,0,2,0,1,0,0,0
1130;1159;1160_400-800m,1125;1163;1162_400-800m,0,0,0,0,0,0,0,0,0,0,0,0
1130;1159;1160_400-800m,1134;1153_0-400m,0,0,0,0,1,0,0,0,0,0,0,0
1130;1159;1160_400-800m,1134;1153_400-800m,0,0,0,0,0,0,0,0,0,0,0,0
1130;1159;1160_400-800m,21;28;1612_0-400m,0,0,0,0,0,0,1,0,0,0,0,0
1130;1159;1160_400-800m,21;28;1612_400-800m,0,0,0,0,1,0,2,0,0,0,0,0
1130;1159;1160_400-800m,1131;1158_0-400m,0,0,0,0,0,0,0,0,3,0.001,0,0
1130;1159;1160_400-800m,1131;1158_400-800m,0,0,0,0,1,0,0,0,0,0,0,0
1130;1159;1160_400-800m,1135;1152_0-400m,0,0,0,0,0,0,2,0,1,0,1,0.001
1130;1159;1160_400-800m,1135;1152_400-800m,0,0,0,0,0,0,0,0,0,0,0,0
1130;1159;1160_400-800m,584;604_0-400m,0,0,0,0,0,0,0,0,0,0,0,0
1130;1159;1160_400-800m,584;604_400-800m,0,0,0,0,0,0,0,0,0,0,0,0
1130;1159;1160_400-800m,1139;1149_0-400m,0,0,0,0,0,0,0,0,0,0,0,0
1130;1159;1160_400-800m,1139;1149_400-800m,0,0,0,0,0,0,0,0,0,0,0,0
1130;1159;1160_400-800m,1138;1150;1137_0-400m,0,0,0,0,0,0,0,0,1,0,0,0
1130;1159;1160_400-800m,1138;1150;1137_400-800m,0,0,1,0,0,0,0,0,0,0,0,0
1130;1159;1160_400-800m,1124;1164_0-400m,0,0,0,0,1,0,0,0,1,0,2,0.002
1130;1159;1160_400-800m,1124;1164_400-800m,0,0,0,0,1,0,0,0,1,0,0,0
1130;1159;1160_400-800m,343;349_0-400m,0,0,0,0,0,0,0,0,1,0,0,0
1130;1159;1160_400-800m,343;349_400-800m,0,0,0,0,0,0,0,0,0,0,1,0.001
1130;1159;1160_400-800m,1136;1151_0-400m,0,0,1,0,0,0,0,0,0,0,0,0
1130;1159;1160_400-800m,1136;1151_400-800m,0,0,0,0,0,0,1,0,0,0,0,0
1130;1159;1160_400-800m,342;350_0-400m,0,0,0,0,0,0,0,0,0,0,0,0
1130;1159;1160_400-800m,342;350_400-800m,0,0,0,0,0,0,0,0,0,0,0,0
1130;1159;1160_400-800m,1141;1147_0-400m,0,0,0,0,0,0,1,0,0,0,0,0
1130;1159;1160_400-800m,1141;1147_400-800m,0,0,0,0,0,0,0,0,0,0,0,0
1130;1159;1160_400-800m,1132;1155;1156_0-400m,0,0,0,0,1,0,1,0,0,0,0,0
1130;1159;1160_400-800m,1132;1155;1156_400-800m,0,0,0,0,1,0,0,0,0,0,0,0
1130;1159;1160_400-800m,1133;1154_0-400m,0,0,0,0,0,0,1,0,0,0,0,0
1130;1159;1160_400-800m,1133;1154_400-800m,0,0,0,0,1,0,0,0,0,0,0,0
1130;1159;1160_400-800m,1130;1159;1160_0-400m,0,0,0,0,2,0,1,0,1,0,1,0.001
1130;1159;1160_400-800m,1130;1159;1160_400-800m,0,0,0,0,4,0.001,1,0,0,0,0,0
1130;1159;1160_400-800m,345;347_0-400m,0,0,0,0,0,0,0,0,0,0,0,0
1130;1159;1160_400-800m,345;347_400-800m,0,0,1,0,0,0,0,0,0,0,0,0
1130;1159;1160_400-800m,344;348_0-400m,0,0,0,0,0,0,1,0,0,0,0,0
1130;1159;1160_400-800m,344;348_400-800m,0,0,0,0,0,0,0,0,0,0,0,0
1130;1159;1160_400-800m,1140;1148_0-400m,0,0,0,0,1,0,0,0,0,0,1,0.001
1130;1159;1160_400-800m,1140;1148_400-800m,0,0,0,0,0,0,0,0,0,0,0,0
1130;1159;1160_400-800m,1127;1161_0-400m,0,0,0,0,1,0,0,0,1,0,0,0
1130;1159;1160_400-800m,1127;1161_400-800m,0,0,0,0,0,0,0,0,0,0,0,0
1130;1159;1160_400-800m,1855_0-400m,0,0,0,0,4,0.001,0,0,4,0.001,0,0
1130;1159;1160_400-800m,1855_400-800m,0,0,0,0,0,0,0,0,0,0,0,0
1130;1159;1160_400-800m,187;204_0-400m,0,0,0,0,0,0,0,0,0,0,0,0
1130;1159;1160_400-800m,187;204_400-800m,0,0,0,0,0,0,0,0,0,0,0,0
1130;1159;1160_400-800m,661;674_0-400m,0,0,0,0,0,0,0,0,0,0,0,0
1130;1159;1160_400-800m,661;674_400-800m,0,0,0,0,0,0,0,0,0,0,0,0
1130;1159;1160_400-800m,184;207_0-400m,0,0,0,0,0,0,0,0,0,0,0,0
1130;1159;1160_400-800m,184;207_400-800m,0,0,0,0,0,0,0,0,0,0,0,0
1130;1159;1160_400-800m,657;678_0-400m,0,0,0,0,0,0,0,0,0,0,0,0
1130;1159;1160_400-800m,657;678_400-800m,0,0,0,0,0,0,0,0,0,0,0,0
1130;1159;1160_400-800m,656;679_0-400m,0,0,0,0,0,0,0,0,0,0,0,0
1130;1159;1160_400-800m,656;679_400-800m,0,0,0,0,0,0,0,0,0,0,0,0
1130;1159;1160_400-800m,1383;1461;1384_0-400m,0,0,0,0,0,0,0,0,0,0,0,0
1130;1159;1160_400-800m,1383;1461;1384_400-800m,0,0,0,0,1,0,0,0,0,0,0,0
1130;1159;1160_400-800m,665;670_0-400m,0,0,0,0,0,0,0,0,0,0,0,0
1130;1159;1160_400-800m,665;670_400-800m,0,0,0,0,0,0,0,0,0,0,0,0
1130;1159;1160_400-800m,659;676;675_0-400m,0,0,0,0,1,0,0,0,0,0,0,0
1130;1159;1160_400-800m,659;676;675_400-800m,0,0,0,0,0,0,0,0,0,0,0,0
1130;1159;1160_400-800m,664;671_0-400m,1,0.003,0,0,0,0,0,0,0,0,0,0
1130;1159;1160_400-800m,664;671_400-800m,0,0,0,0,0,0,0,0,0,0,0,0
1130;1159;1160_400-800m,185;206_0-400m,0,0,0,0,0,0,0,0,0,0,0,0
1130;1159;1160_400-800m,185;206_400-800m,0,0,0,0,0,0,0,0,0,0,0,0
1130;1159;1160_400-800m,662;673_0-400m,0,0,0,0,0,0,0,0,0,0,0,0
1130;1159;1160_400-800m,662;673_400-800m,0,0,0,0,0,0,0,0,0,0,0,0
1130;1159;1160_400-800m,1385;1459_0-400m,0,0,1,0,0,0,0,0,0,0,0,0
1130;1159;1160_400-800m,1385;1459_400-800m,0,0,0,0,0,0,0,0,0,0,0,0
1130;1159;1160_400-800m,658;677_0-400m,0,0,1,0,0,0,0,0,0,0,0,0
1130;1159;1160_400-800m,658;677_400-800m,0,0,0,0,0,0,0,0,0,0,0,0
1130;1159;1160_400-800m,663;672_0-400m,0,0,0,0,0,0,0,0,0,0,0,0
1130;1159;1160_400-800m,663;672_400-800m,0,0,0,0,0,0,0,0,0,0,0,0
1130;1159;1160_400-800m,183;209_0-400m,0,0,0,0,0,0,0,0,0,0,0,0
1130;1159;1160_400-800m,183;209_400-800m,0,0,0,0,0,0,0,0,0,0,0,0
1130;1159;1160_400-800m,186;205_0-400m,0,0,0,0,0,0,0,0,0,0,0,0
1130;1159;1160_400-800m,186;205_400-800m,0,0,0,0,0,0,0,0,0,0,0,0
1130;1159;1160_400-800m,188;203_0-400m,0,0,0,0,0,0,0,0,0,0,0,0
1130;1159;1160_400-800m,188;203_400-800m,0,0,0,0,0,0,0,0,0,0,0,0
1130;1159;1160_400-800m,388;823_0-400m,0,0,2,0.001,0,0,0,0,0,0,0,0
1130;1159;1160_400-800m,388;823_400-800m,0,0,0,0,0,0,0,0,0,0,0,0
1130;1159;1160_400-800m,1386;95_0-400m,0,0,5,0.002,0,0,0,0,0,0,0,0
1130;1159;1160_400-800m,1386;95_400-800m,0,0,0,0,0,0,0,0,0,0,0,0
1130;1159;1160_400-800m,Orange_0-400m,0,0,0,0,0,0,0,0,0,0,0,0
1130;1159;1160_400-800m,Blue_0-400m,0,0,0,0,1,0,1,0,0,0,1,0.001
1130;1159;1160_400-800m,Green_0-400m,0,0,0,0,1,0,0,0,0,0,0,0
1130;1159;1160_400-800m,Orange_400-800m,0,0,0,0,0,0,0,0,0,0,0,0
1130;1159;1160_400-800m,Blue_400-800m,0,0,0,0,2,0,0,0,1,0,0,0
1130;1159;1160_400-800m,Green_400-800m,0,0,0,0,0,0,0,0,0,0,0,0
1130;1159;1160_400-800m,External,3,0.009,14,0.005,27,0.003,11,0.002,9,0.002,4,0.005
345;347_0-400m,415;448_0-400m,1,0.003,5,0.002,14,0.002,2,0,7,0.002,1,0.001
345;347_0-400m,415;448_400-800m,2,0.006,1,0,7,0.001,1,0,5,0.001,3,0.004
345;347_0-400m,408;455_0-400m,0,0,2,0.001,4,0.001,1,0,6,0.002,0,0
345;347_0-400m,408;455_400-800m,0,0,1,0,3,0,2,0,0,0,1,0.001
345;347_0-400m,412;451_0-400m,0,0,2,0.001,2,0,1,0,5,0.001,4,0.005
345;347_0-400m,412;451_400-800m,0,0,4,0.001,8,0.001,1,0,4,0.001,3,0.004
345;347_0-400m,416;447_0-400m,1,0.003,2,0.001,8,0.001,1,0,4,0.001,3,0.004
345;347_0-400m,416;447_400-800m,1,0.003,3,0.001,14,0.002,7,0.002,9,0.002,5,0.006
345;347_0-400m,410;452_0-400m,2,0.006,0,0,4,0.001,1,0,2,0.001,1,0.001
345;347_0-400m,410;452_400-800m,0,0,1,0,6,0.001,3,0.001,8,0.002,4,0.005
345;347_0-400m,414;449_0-400m,1,0.003,0,0,4,0.001,3,0.001,3,0.001,4,0.005
345;347_0-400m,414;449_400-800m,1,0.003,4,0.001,13,0.002,2,0,6,0.002,4,0.005
345;347_0-400m,407;456_0-400m,0,0,0,0,2,0,1,0,0,0,0,0
345;347_0-400m,407;456_400-800m,1,0.003,4,0.001,6,0.001,1,0,3,0.001,1,0.001
345;347_0-400m,413;450_0-400m,3,0.009,0,0,11,0.001,2,0,3,0.001,4,0.005
345;347_0-400m,413;450_400-800m,2,0.006,2,0.001,13,0.002,5,0.001,6,0.002,4,0.005
345;347_0-400m,419;444;420_0-400m,2,0.006,7,0.003,34,0.004,23,0.005,10,0.003,11,0.014
345;347_0-400m,419;444;420_400-800m,0,0,1,0,18,0.002,5,0.001,7,0.002,2,0.002
345;347_0-400m,417;445_0-400m,0,0,4,0.001,13,0.002,4,0.001,2,0.001,0,0
345;347_0-400m,417;445_400-800m,0,0,1,0,8,0.001,6,0.001,8,0.002,4,0.005
345;347_0-400m,405;457_0-400m,0,0,6,0.002,8,0.001,2,0,6,0.002,0,0
345;347_0-400m,405;457_400-800m,0,0,0,0,2,0,0,0,0,0,0,0
345;347_0-400m,404;459_0-400m,1,0.003,4,0.001,9,0.001,6,0.001,8,0.002,3,0.004
345;347_0-400m,404;459_400-800m,1,0.003,2,0.001,7,0.001,9,0.002,5,0.001,0,0
345;347_0-400m,421;442_0-400m,3,0.009,12,0.004,46,0.006,19,0.004,21,0.005,3,0.004
345;347_0-400m,421;442_400-800m,3,0.009,6,0.002,23,0.003,15,0.003,9,0.002,9,0.011
345;347_0-400m,196;24;1508_0-400m,1,0.003,6,0.002,27,0.003,8,0.002,21,0.005,7,0.009
345;347_0-400m,196;24;1508_400-800m,1,0.003,3,0.001,5,0.001,1,0,3,0.001,0,0
345;347_0-400m,409;453_0-400m,1,0.003,2,0.001,6,0.001,1,0,2,0.001,2,0.002
345;347_0-400m,409;453_400-800m,0,0,1,0,4,0.001,5,0.001,6,0.002,3,0.004
345;347_0-400m,1503_0-400m,0,0,13,0.005,63,0.008,42,0.009,41,0.01,9,0.011
345;347_0-400m,1503_400-800m,0,0,1,0,8,0.001,2,0,4,0.001,3,0.004
345;347_0-400m,1125;1163;1162_0-400m,0,0,0,0,6,0.001,2,0,3,0.001,0,0
345;347_0-400m,1125;1163;1162_400-800m,0,0,0,0,1,0,1,0,0,0,0,0
345;347_0-400m,1134;1153_0-400m,0,0,0,0,3,0,1,0,3,0.001,0,0
345;347_0-400m,1134;1153_400-800m,0,0,1,0,4,0.001,1,0,2,0.001,1,0.001
345;347_0-400m,21;28;1612_0-400m,2,0.006,16,0.006,58,0.007,27,0.006,11,0.003,11,0.014
345;347_0-400m,21;28;1612_400-800m,0,0,6,0.002,29,0.004,16,0.004,15,0.004,1,0.001
345;347_0-400m,1131;1158_0-400m,1,0.003,3,0.001,11,0.001,11,0.002,7,0.002,3,0.004
345;347_0-400m,1131;1158_400-800m,0,0,2,0.001,6,0.001,3,0.001,1,0,2,0.002
345;347_0-400m,1135;1152_0-400m,0,0,1,0,9,0.001,11,0.002,8,0.002,2,0.002
345;347_0-400m,1135;1152_400-800m,0,0,0,0,2,0,0,0,1,0,0,0
345;347_0-400m,584;604_0-400m,0,0,7,0.003,15,0.002,21,0.005,10,0.003,2,0.002
345;347_0-400m,584;604_400-800m,0,0,1,0,10,0.001,10,0.002,14,0.004,3,0.004
345;347_0-400m,1139;1149_0-400m,2,0.006,4,0.001,16,0.002,13,0.003,12,0.003,4,0.005
345;347_0-400m,1139;1149_400-800m,0,0,0,0,0,0,2,0,2,0.001,1,0.001
345;347_0-400m,1138;1150;1137_0-400m,2,0.006,5,0.002,24,0.003,9,0.002,17,0.004,4,0.005
345;347_0-400m,1138;1150;1137_400-800m,0,0,1,0,2,0,0,0,2,0.001,0,0
345;347_0-400m,1124;1164_0-400m,3,0.009,3,0.001,11,0.001,3,0.001,3,0.001,3,0.004
345;347_0-400m,1124;1164_400-800m,0,0,3,0.001,22,0.003,6,0.001,7,0.002,3,0.004
345;347_0-400m,343;349_0-400m,2,0.006,12,0.004,33,0.004,19,0.004,19,0.005,8,0.01
345;347_0-400m,343;349_400-800m,0,0,2,0.001,8,0.001,3,0.001,6,0.002,1,0.001
345;347_0-400m,1136;1151_0-400m,0,0,3,0.001,8,0.001,7,0.002,5,0.001,0,0
345;347_0-400m,1136;1151_400-800m,3,0.009,1,0,9,0.001,6,0.001,5,0.001,1,0.001
345;347_0-400m,342;350_0-400m,2,0.006,4,0.001,26,0.003,15,0.003,25,0.006,5,0.006
345;347_0-400m,342;350_400-800m,1,0.003,2,0.001,10,0.001,6,0.001,5,0.001,3,0.004
345;347_0-400m,1141;1147_0-400m,1,0.003,5,0.002,15,0.002,8,0.002,8,0.002,1,0.001
345;347_0-400m,1141;1147_400-800m,0,0,0,0,0,0,0,0,1,0,0,0
345;347_0-400m,1132;1155;1156_0-400m,2,0.006,3,0.001,13,0.002,7,0.002,7,0.002,1,0.001
345;347_0-400m,1132;1155;1156_400-800m,0,0,3,0.001,2,0,2,0,6,0.002,2,0.002
345;347_0-400m,1133;1154_0-400m,1,0.003,1,0,6,0.001,3,0.001,7,0.002,0,0
345;347_0-400m,1133;1154_400-800m,0,0,0,0,5,0.001,4,0.001,4,0.001,1,0.001
345;347_0-400m,1130;1159;1160_0-400m,0,0,6,0.002,31,0.004,9,0.002,19,0.005,1,0.001
345;347_0-400m,1130;1159;1160_400-800m,0,0,0,0,1,0,0,0,0,0,0,0
345;347_0-400m,345;347_0-400m,4,0.012,28,0.01,62,0.008,32,0.007,48,0.012,8,0.01
345;347_0-400m,345;347_400-800m,1,0.003,14,0.005,49,0.006,41,0.009,52,0.013,13,0.016
345;347_0-400m,344;348_0-400m,0,0,6,0.002,27,0.003,24,0.005,21,0.005,2,0.002
345;347_0-400m,344;348_400-800m,1,0.003,9,0.003,32,0.004,23,0.005,20,0.005,5,0.006
345;347_0-400m,1140;1148_0-400m,0,0,7,0.003,17,0.002,7,0.002,13,0.003,2,0.002
345;347_0-400m,1140;1148_400-800m,1,0.003,1,0,15,0.002,4,0.001,13,0.003,5,0.006
345;347_0-400m,1127;1161_0-400m,0,0,5,0.002,12,0.002,5,0.001,4,0.001,1,0.001
345;347_0-400m,1127;1161_400-800m,0,0,0,0,1,0,1,0,0,0,0,0
345;347_0-400m,1855_0-400m,0,0,0,0,6,0.001,1,0,0,0,0,0
345;347_0-400m,1855_400-800m,0,0,1,0,0,0,0,0,2,0.001,2,0.002
345;347_0-400m,187;204_0-400m,0,0,1,0,12,0.002,5,0.001,1,0,2,0.002
345;347_0-400m,187;204_400-800m,1,0.003,0,0,3,0,1,0,5,0.001,0,0
345;347_0-400m,661;674_0-400m,1,0.003,3,0.001,3,0,4,0.001,4,0.001,1,0.001
345;347_0-400m,661;674_400-800m,0,0,0,0,1,0,2,0,1,0,0,0
345;347_0-400m,184;207_0-400m,1,0.003,2,0.001,5,0.001,5,0.001,5,0.001,3,0.004
345;347_0-400m,184;207_400-800m,0,0,7,0.003,15,0.002,8,0.002,10,0.003,0,0
345;347_0-400m,657;678_0-400m,0,0,5,0.002,11,0.001,7,0.002,5,0.001,4,0.005
345;347_0-400m,657;678_400-800m,0,0,0,0,0,0,0,0,0,0,0,0
345;347_0-400m,656;679_0-400m,0,0,3,0.001,11,0.001,7,0.002,4,0.001,0,0
345;347_0-400m,656;679_400-800m,0,0,0,0,0,0,0,0,0,0,0,0
345;347_0-400m,1383;1461;1384_0-400m,2,0.006,5,0.002,15,0.002,16,0.004,11,0.003,4,0.005
345;347_0-400m,1383;1461;1384_400-800m,0,0,6,0.002,17,0.002,9,0.002,15,0.004,3,0.004
345;347_0-400m,665;670_0-400m,0,0,2,0.001,3,0,7,0.002,4,0.001,1,0.001
345;347_0-400m,665;670_400-800m,1,0.003,3,0.001,1,0,2,0,2,0.001,3,0.004
345;347_0-400m,659;676;675_0-400m,0,0,5,0.002,10,0.001,6,0.001,7,0.002,2,0.002
345;347_0-400m,659;676;675_400-800m,0,0,0,0,1,0,2,0,3,0.001,0,0
345;347_0-400m,664;671_0-400m,0,0,8,0.003,13,0.002,9,0.002,5,0.001,2,0.002
345;347_0-400m,664;671_400-800m,0,0,3,0.001,7,0.001,5,0.001,10,0.003,1,0.001
345;347_0-400m,185;206_0-400m,0,0,2,0.001,7,0.001,1,0,3,0.001,0,0
345;347_0-400m,185;206_400-800m,0,0,2,0.001,4,0.001,3,0.001,3,0.001,1,0.001
345;347_0-400m,662;673_0-400m,2,0.006,13,0.005,32,0.004,8,0.002,10,0.003,4,0.005
345;347_0-400m,662;673_400-800m,0,0,17,0.006,21,0.003,12,0.003,10,0.003,5,0.006
345;347_0-400m,1385;1459_0-400m,0,0,10,0.004,44,0.006,13,0.003,12,0.003,2,0.002
345;347_0-400m,1385;1459_400-800m,0,0,2,0.001,5,0.001,3,0.001,5,0.001,1,0.001
345;347_0-400m,658;677_0-400m,0,0,1,0,10,0.001,1,0,6,0.002,0,0
345;347_0-400m,658;677_400-800m,0,0,0,0,0,0,0,0,0,0,0,0
345;347_0-400m,663;672_0-400m,0,0,11,0.004,20,0.003,10,0.002,15,0.004,3,0.004
345;347_0-400m,663;672_400-800m,0,0,1,0,5,0.001,3,0.001,2,0.001,2,0.002
345;347_0-400m,183;209_0-400m,0,0,5,0.002,4,0.001,8,0.002,2,0.001,0,0
345;347_0-400m,183;209_400-800m,0,0,5,0.002,6,0.001,2,0,2,0.001,0,0
345;347_0-400m,186;205_0-400m,1,0.003,3,0.001,7,0.001,5,0.001,6,0.002,1,0.001
345;347_0-400m,186;205_400-800m,0,0,0,0,1,0,0,0,0,0,0,0
345;347_0-400m,188;203_0-400m,2,0.006,9,0.003,13,0.002,5,0.001,10,0.003,4,0.005
345;347_0-400m,188;203_400-800m,5,0.015,6,0.002,9,0.001,4,0.001,10,0.003,7,0.009
345;347_0-400m,388;823_0-400m,2,0.006,18,0.007,38,0.005,26,0.006,19,0.005,4,0.005
345;347_0-400m,388;823_400-800m,0,0,5,0.002,17,0.002,6,0.001,9,0.002,5,0.006
345;347_0-400m,1386;95_0-400m,2,0.006,14,0.005,30,0.004,18,0.004,12,0.003,5,0.006
345;347_0-400m,1386;95_400-800m,0,0,1,0,5,0.001,3,0.001,6,0.002,3,0.004
345;347_0-400m,Orange_0-400m,5,0.015,24,0.009,84,0.011,42,0.009,31,0.008,6,0.007
345;347_0-400m,Blue_0-400m,0,0,13,0.005,29,0.004,19,0.004,14,0.004,2,0.002
345;347_0-400m,Green_0-400m,6,0.018,25,0.009,32,0.004,17,0.004,15,0.004,7,0.009
345;347_0-400m,Orange_400-800m,1,0.003,9,0.003,36,0.005,14,0.003,21,0.005,3,0.004
345;347_0-400m,Blue_400-800m,1,0.003,3,0.001,29,0.004,22,0.005,23,0.006,8,0.01
345;347_0-400m,Green_400-800m,1,0.003,8,0.003,17,0.002,10,0.002,6,0.002,2,0.002
345;347_0-400m,External,128,0.39,950,0.349,2212,0.281,1280,0.281,1285,0.328,336,0.418
345;347_400-800m,415;448_0-400m,0,0,9,0.003,31,0.004,8,0.002,12,0.003,3,0.004
345;347_400-800m,415;448_400-800m,1,0.003,7,0.003,12,0.002,13,0.003,5,0.001,2,0.002
345;347_400-800m,408;455_0-400m,1,0.003,3,0.001,8,0.001,2,0,3,0.001,2,0.002
345;347_400-800m,408;455_400-800m,0,0,2,0.001,6,0.001,5,0.001,4,0.001,4,0.005
345;347_400-800m,412;451_0-400m,0,0,0,0,7,0.001,5,0.001,9,0.002,4,0.005
345;347_400-800m,412;451_400-800m,3,0.009,10,0.004,18,0.002,6,0.001,20,0.005,5,0.006
345;347_400-800m,416;447_0-400m,2,0.006,8,0.003,14,0.002,6,0.001,14,0.004,3,0.004
345;347_400-800m,416;447_400-800m,2,0.006,23,0.008,46,0.006,23,0.005,28,0.007,5,0.006
345;347_400-800m,410;452_0-400m,0,0,6,0.002,19,0.002,7,0.002,5,0.001,1,0.001
345;347_400-800m,410;452_400-800m,1,0.003,3,0.001,11,0.001,11,0.002,11,0.003,6,0.007
345;347_400-800m,414;449_0-400m,0,0,2,0.001,15,0.002,2,0,5,0.001,2,0.002
345;347_400-800m,414;449_400-800m,0,0,6,0.002,16,0.002,13,0.003,17,0.004,7,0.009
345;347_400-800m,407;456_0-400m,0,0,4,0.001,11,0.001,4,0.001,7,0.002,2,0.002
345;347_400-800m,407;456_400-800m,0,0,2,0.001,18,0.002,10,0.002,9,0.002,4,0.005
345;347_400-800m,413;450_0-400m,0,0,6,0.002,16,0.002,11,0.002,12,0.003,5,0.006
345;347_400-800m,413;450_400-800m,0,0,10,0.004,13,0.002,16,0.004,17,0.004,6,0.007
345;347_400-800m,419;444;420_0-400m,4,0.012,25,0.009,99,0.013,52,0.011,47,0.012,13,0.016
345;347_400-800m,419;444;420_400-800m,3,0.009,12,0.004,60,0.008,23,0.005,26,0.007,10,0.012
345;347_400-800m,417;445_0-400m,0,0,13,0.005,32,0.004,8,0.002,21,0.005,4,0.005
345;347_400-800m,417;445_400-800m,3,0.009,17,0.006,28,0.004,23,0.005,25,0.006,6,0.007
345;347_400-800m,405;457_0-400m,0,0,8,0.003,32,0.004,20,0.004,21,0.005,6,0.007
345;347_400-800m,405;457_400-800m,0,0,0,0,4,0.001,0,0,1,0,0,0
345;347_400-800m,404;459_0-400m,1,0.003,9,0.003,30,0.004,34,0.007,23,0.006,2,0.002
345;347_400-800m,404;459_400-800m,2,0.006,11,0.004,42,0.005,18,0.004,17,0.004,6,0.007
345;347_400-800m,421;442_0-400m,7,0.021,41,0.015,190,0.024,96,0.021,107,0.027,19,0.024
345;347_400-800m,421;442_400-800m,6,0.018,17,0.006,78,0.01,29,0.006,36,0.009,9,0.011
345;347_400-800m,196;24;1508_0-400m,4,0.012,20,0.007,87,0.011,42,0.009,49,0.013,13,0.016
345;347_400-800m,196;24;1508_400-800m,0,0,3,0.001,16,0.002,13,0.003,8,0.002,2,0.002
345;347_400-800m,409;453_0-400m,0,0,0,0,16,0.002,4,0.001,7,0.002,0,0
345;347_400-800m,409;453_400-800m,0,0,3,0.001,15,0.002,4,0.001,8,0.002,6,0.007
345;347_400-800m,1503_0-400m,6,0.018,32,0.012,112,0.014,76,0.017,89,0.023,26,0.032
345;347_400-800m,1503_400-800m,2,0.006,10,0.004,40,0.005,17,0.004,28,0.007,7,0.009
345;347_400-800m,1125;1163;1162_0-400m,0,0,0,0,4,0.001,2,0,3,0.001,0,0
345;347_400-800m,1125;1163;1162_400-800m,0,0,0,0,1,0,0,0,1,0,0,0
345;347_400-800m,1134;1153_0-400m,0,0,2,0.001,4,0.001,1,0,2,0.001,0,0
345;347_400-800m,1134;1153_400-800m,0,0,3,0.001,1,0,3,0.001,3,0.001,0,0
345;347_400-800m,21;28;1612_0-400m,6,0.018,27,0.01,92,0.012,59,0.013,66,0.017,20,0.025
345;347_400-800m,21;28;1612_400-800m,5,0.015,28,0.01,94,0.012,36,0.008,71,0.018,14,0.017
345;347_400-800m,1131;1158_0-400m,2,0.006,4,0.001,7,0.001,3,0.001,5,0.001,4,0.005
345;347_400-800m,1131;1158_400-800m,0,0,1,0,4,0.001,2,0,2,0.001,1,0.001
345;347_400-800m,1135;1152_0-400m,2,0.006,1,0,12,0.002,10,0.002,7,0.002,2,0.002
345;347_400-800m,1135;1152_400-800m,0,0,1,0,0,0,0,0,2,0.001,1,0.001
345;347_400-800m,584;604_0-400m,1,0.003,3,0.001,24,0.003,16,0.004,16,0.004,5,0.006
345;347_400-800m,584;604_400-800m,3,0.009,6,0.002,33,0.004,18,0.004,20,0.005,4,0.005
345;347_400-800m,1139;1149_0-400m,0,0,10,0.004,23,0.003,16,0.004,22,0.006,6,0.007
345;347_400-800m,1139;1149_400-800m,0,0,2,0.001,3,0,3,0.001,3,0.001,1,0.001
345;347_400-800m,1138;1150;1137_0-400m,1,0.003,8,0.003,22,0.003,8,0.002,13,0.003,5,0.006
345;347_400-800m,1138;1150;1137_400-800m,0,0,1,0,4,0.001,3,0.001,0,0,1,0.001
345;347_400-800m,1124;1164_0-400m,0,0,3,0.001,11,0.001,8,0.002,7,0.002,2,0.002
345;347_400-800m,1124;1164_400-800m,0,0,9,0.003,39,0.005,13,0.003,11,0.003,2,0.002
345;347_400-800m,343;349_0-400m,0,0,9,0.003,36,0.005,20,0.004,23,0.006,7,0.009
345;347_400-800m,343;349_400-800m,0,0,7,0.003,5,0.001,4,0.001,13,0.003,0,0
345;347_400-800m,1136;1151_0-400m,1,0.003,3,0.001,10,0.001,8,0.002,4,0.001,2,0.002
345;347_400-800m,1136;1151_400-800m,0,0,2,0.001,8,0.001,2,0,9,0.002,1,0.001
345;347_400-800m,342;350_0-400m,2,0.006,6,0.002,33,0.004,24,0.005,32,0.008,9,0.011
345;347_400-800m,342;350_400-800m,0,0,1,0,6,0.001,6,0.001,3,0.001,3,0.004
345;347_400-800m,1141;1147_0-400m,0,0,1,0,13,0.002,17,0.004,19,0.005,3,0.004
345;347_400-800m,1141;1147_400-800m,0,0,0,0,0,0,0,0,2,0.001,0,0
345;347_400-800m,1132;1155;1156_0-400m,2,0.006,1,0,11,0.001,4,0.001,16,0.004,1,0.001
345;347_400-800m,1132;1155;1156_400-800m,0,0,2,0.001,3,0,2,0,4,0.001,0,0
345;347_400-800m,1133;1154_0-400m,0,0,0,0,7,0.001,6,0.001,3,0.001,2,0.002
345;347_400-800m,1133;1154_400-800m,0,0,1,0,12,0.002,1,0,8,0.002,3,0.004
345;347_400-800m,1130;1159;1160_0-400m,2,0.006,7,0.003,23,0.003,15,0.003,15,0.004,3,0.004
345;347_400-800m,1130;1159;1160_400-800m,0,0,1,0,0,0,1,0,1,0,0,0
345;347_400-800m,345;347_0-400m,0,0,20,0.007,51,0.006,24,0.005,50,0.013,8,0.01
345;347_400-800m,345;347_400-800m,15,0.046,62,0.023,250,0.032,157,0.035,231,0.059,66,0.082
345;347_400-800m,344;348_0-400m,0,0,8,0.003,29,0.004,14,0.003,13,0.003,5,0.006
345;347_400-800m,344;348_400-800m,3,0.009,20,0.007,61,0.008,34,0.007,38,0.01,12,0.015
345;347_400-800m,1140;1148_0-400m,2,0.006,9,0.003,14,0.002,9,0.002,26,0.007,9,0.011
345;347_400-800m,1140;1148_400-800m,0,0,4,0.001,10,0.001,9,0.002,11,0.003,3,0.004
345;347_400-800m,1127;1161_0-400m,1,0.003,10,0.004,27,0.003,12,0.003,12,0.003,1,0.001
345;347_400-800m,1127;1161_400-800m,0,0,0,0,0,0,1,0,1,0,0,0
345;347_400-800m,1855_0-400m,0,0,2,0.001,3,0,6,0.001,2,0.001,0,0
345;347_400-800m,1855_400-800m,0,0,0,0,1,0,1,0,2,0.001,0,0
345;347_400-800m,187;204_0-400m,0,0,2,0.001,10,0.001,8,0.002,9,0.002,2,0.002
345;347_400-800m,187;204_400-800m,0,0,1,0,11,0.001,6,0.001,8,0.002,1,0.001
345;347_400-800m,661;674_0-400m,1,0.003,4,0.001,17,0.002,5,0.001,10,0.003,5,0.006
345;347_400-800m,661;674_400-800m,1,0.003,3,0.001,4,0.001,0,0,3,0.001,3,0.004
345;347_400-800m,184;207_0-400m,0,0,4,0.001,13,0.002,3,0.001,8,0.002,1,0.001
345;347_400-800m,184;207_400-800m,2,0.006,14,0.005,31,0.004,25,0.005,18,0.005,8,0.01
345;347_400-800m,657;678_0-400m,2,0.006,9,0.003,28,0.004,16,0.004,17,0.004,6,0.007
345;347_400-800m,657;678_400-800m,0,0,2,0.001,1,0,1,0,0,0,0,0
345;347_400-800m,656;679_0-400m,1,0.003,5,0.002,28,0.004,14,0.003,16,0.004,0,0
345;347_400-800m,656;679_400-800m,0,0,0,0,0,0,1,0,1,0,0,0
345;347_400-800m,1383;1461;1384_0-400m,3,0.009,11,0.004,26,0.003,26,0.006,17,0.004,10,0.012
345;347_400-800m,1383;1461;1384_400-800m,4,0.012,14,0.005,61,0.008,29,0.006,20,0.005,10,0.012
345;347_400-800m,665;670_0-400m,1,0.003,2,0.001,9,0.001,5,0.001,7,0.002,3,0.004
345;347_400-800m,665;670_400-800m,0,0,2,0.001,5,0.001,4,0.001,5,0.001,3,0.004
345;347_400-800m,659;676;675_0-400m,1,0.003,9,0.003,23,0.003,8,0.002,13,0.003,2,0.002
345;347_400-800m,659;676;675_400-800m,0,0,4,0.001,11,0.001,6,0.001,5,0.001,0,0
345;347_400-800m,664;671_0-400m,0,0,10,0.004,20,0.003,11,0.002,19,0.005,4,0.005
345;347_400-800m,664;671_400-800m,0,0,9,0.003,12,0.002,12,0.003,12,0.003,2,0.002
345;347_400-800m,185;206_0-400m,0,0,4,0.001,7,0.001,7,0.002,11,0.003,6,0.007
345;347_400-800m,185;206_400-800m,0,0,5,0.002,11,0.001,5,0.001,5,0.001,1,0.001
345;347_400-800m,662;673_0-400m,1,0.003,17,0.006,33,0.004,12,0.003,20,0.005,11,0.014
345;347_400-800m,662;673_400-800m,7,0.021,20,0.007,39,0.005,24,0.005,22,0.006,13,0.016
345;347_400-800m,1385;1459_0-400m,3,0.009,28,0.01,74,0.009,32,0.007,17,0.004,9,0.011
345;347_400-800m,1385;1459_400-800m,1,0.003,5,0.002,7,0.001,7,0.002,7,0.002,7,0.009
345;347_400-800m,658;677_0-400m,3,0.009,17,0.006,21,0.003,6,0.001,11,0.003,5,0.006
345;347_400-800m,658;677_400-800m,0,0,0,0,1,0,1,0,1,0,0,0
345;347_400-800m,663;672_0-400m,2,0.006,18,0.007,49,0.006,25,0.005,15,0.004,7,0.009
345;347_400-800m,663;672_400-800m,0,0,4,0.001,7,0.001,2,0,5,0.001,0,0
345;347_400-800m,183;209_0-400m,3,0.009,9,0.003,23,0.003,1,0,13,0.003,1,0.001
345;347_400-800m,183;209_400-800m,0,0,9,0.003,13,0.002,4,0.001,2,0.001,3,0.004
345;347_400-800m,186;205_0-400m,1,0.003,4,0.001,9,0.001,6,0.001,9,0.002,1,0.001
345;347_400-800m,186;205_400-800m,0,0,0,0,2,0,1,0,0,0,0,0
345;347_400-800m,188;203_0-400m,3,0.009,11,0.004,35,0.004,15,0.003,20,0.005,13,0.016
345;347_400-800m,188;203_400-800m,4,0.012,10,0.004,45,0.006,18,0.004,22,0.006,5,0.006
345;347_400-800m,388;823_0-400m,5,0.015,18,0.007,92,0.012,52,0.011,60,0.015,6,0.007
345;347_400-800m,388;823_400-800m,1,0.003,8,0.003,29,0.004,18,0.004,12,0.003,2,0.002
345;347_400-800m,1386;95_0-400m,5,0.015,16,0.006,42,0.005,16,0.004,15,0.004,13,0.016
345;347_400-800m,1386;95_400-800m,0,0,3,0.001,9,0.001,8,0.002,10,0.003,4,0.005
345;347_400-800m,Orange_0-400m,20,0.061,71,0.026,244,0.031,137,0.03,124,0.032,25,0.031
345;347_400-800m,Blue_0-400m,1,0.003,13,0.005,36,0.005,13,0.003,21,0.005,1,0.001
345;347_400-800m,Green_0-400m,5,0.015,45,0.017,74,0.009,55,0.012,48,0.012,14,0.017
345;347_400-800m,Orange_400-800m,4,0.012,23,0.008,106,0.013,50,0.011,49,0.013,22,0.027
345;347_400-800m,Blue_400-800m,4,0.012,14,0.005,39,0.005,25,0.005,29,0.007,12,0.015
345;347_400-800m,Green_400-800m,2,0.006,22,0.008,46,0.006,36,0.008,25,0.006,8,0.01
345;347_400-800m,External,338,1.03,2017,0.742,5370,0.682,2970,0.653,3311,0.846,972,1.21
344;348_0-400m,415;448_0-400m,2,0.006,3,0.001,3,0,6,0.001,6,0.002,0,0
344;348_0-400m,415;448_400-800m,0,0,0,0,4,0.001,0,0,1,0,1,0.001
344;348_0-400m,408;455_0-400m,0,0,1,0,3,0,0,0,0,0,0,0
344;348_0-400m,408;455_400-800m,0,0,1,0,1,0,0,0,1,0,1,0.001
344;348_0-400m,412;451_0-400m,2,0.006,1,0,0,0,1,0,3,0.001,1,0.001
344;348_0-400m,412;451_400-800m,0,0,0,0,3,0,2,0,5,0.001,2,0.002
344;348_0-400m,416;447_0-400m,0,0,2,0.001,4,0.001,6,0.001,2,0.001,3,0.004
344;348_0-400m,416;447_400-800m,1,0.003,1,0,13,0.002,4,0.001,6,0.002,2,0.002
344;348_0-400m,410;452_0-400m,0,0,1,0,2,0,0,0,1,0,0,0
344;348_0-400m,410;452_400-800m,2,0.006,0,0,5,0.001,3,0.001,2,0.001,2,0.002
344;348_0-400m,414;449_0-400m,0,0,2,0.001,1,0,0,0,2,0.001,2,0.002
344;348_0-400m,414;449_400-800m,0,0,2,0.001,2,0,2,0,6,0.002,4,0.005
344;348_0-400m,407;456_0-400m,0,0,1,0,2,0,0,0,1,0,1,0.001
344;348_0-400m,407;456_400-800m,0,0,1,0,3,0,0,0,0,0,0,0
344;348_0-400m,413;450_0-400m,0,0,2,0.001,2,0,0,0,1,0,0,0
344;348_0-400m,413;450_400-800m,1,0.003,1,0,3,0,4,0.001,7,0.002,1,0.001
344;348_0-400m,419;444;420_0-400m,1,0.003,3,0.001,33,0.004,9,0.002,12,0.003,6,0.007
344;348_0-400m,419;444;420_400-800m,1,0.003,2,0.001,7,0.001,6,0.001,5,0.001,2,0.002
344;348_0-400m,417;445_0-400m,0,0,4,0.001,6,0.001,3,0.001,2,0.001,0,0
344;348_0-400m,417;445_400-800m,0,0,2,0.001,4,0.001,4,0.001,9,0.002,1,0.001
344;348_0-400m,405;457_0-400m,0,0,1,0,8,0.001,1,0,2,0.001,1,0.001
344;348_0-400m,405;457_400-800m,0,0,0,0,0,0,0,0,0,0,0,0
344;348_0-400m,404;459_0-400m,1,0.003,3,0.001,7,0.001,3,0.001,3,0.001,3,0.004
344;348_0-400m,404;459_400-800m,1,0.003,3,0.001,5,0.001,2,0,5,0.001,0,0
344;348_0-400m,421;442_0-400m,2,0.006,9,0.003,34,0.004,16,0.004,11,0.003,5,0.006
344;348_0-400m,421;442_400-800m,0,0,3,0.001,12,0.002,5,0.001,5,0.001,2,0.002
344;348_0-400m,196;24;1508_0-400m,0,0,17,0.006,19,0.002,13,0.003,6,0.002,5,0.006
344;348_0-400m,196;24;1508_400-800m,0,0,2,0.001,4,0.001,4,0.001,3,0.001,1,0.001
344;348_0-400m,409;453_0-400m,1,0.003,0,0,3,0,1,0,5,0.001,0,0
344;348_0-400m,409;453_400-800m,1,0.003,1,0,1,0,0,0,1,0,0,0
344;348_0-400m,1503_0-400m,1,0.003,13,0.005,48,0.006,44,0.01,25,0.006,6,0.007
344;348_0-400m,1503_400-800m,0,0,1,0,2,0,6,0.001,7,0.002,2,0.002
344;348_0-400m,1125;1163;1162_0-400m,0,0,0,0,4,0.001,2,0,3,0.001,0,0
344;348_0-400m,1125;1163;1162_400-800m,0,0,0,0,0,0,0,0,0,0,0,0
344;348_0-400m,1134;1153_0-400m,0,0,1,0,1,0,1,0,3,0.001,0,0
344;348_0-400m,1134;1153_400-800m,0,0,2,0.001,2,0,5,0.001,2,0.001,0,0
344;348_0-400m,21;28;1612_0-400m,5,0.015,14,0.005,39,0.005,34,0.007,23,0.006,4,0.005
344;348_0-400m,21;28;1612_400-800m,0,0,1,0,44,0.006,24,0.005,16,0.004,3,0.004
344;348_0-400m,1131;1158_0-400m,0,0,0,0,6,0.001,4,0.001,4,0.001,0,0
344;348_0-400m,1131;1158_400-800m,0,0,2,0.001,4,0.001,2,0,7,0.002,0,0
344;348_0-400m,1135;1152_0-400m,2,0.006,0,0,6,0.001,4,0.001,2,0.001,1,0.001
344;348_0-400m,1135;1152_400-800m,0,0,0,0,0,0,0,0,0,0,0,0
344;348_0-400m,584;604_0-400m,2,0.006,4,0.001,15,0.002,8,0.002,8,0.002,3,0.004
344;348_0-400m,584;604_400-800m,0,0,3,0.001,10,0.001,7,0.002,12,0.003,1,0.001
344;348_0-400m,1139;1149_0-400m,1,0.003,4,0.001,16,0.002,10,0.002,8,0.002,3,0.004
344;348_0-400m,1139;1149_400-800m,1,0.003,1,0,4,0.001,2,0,1,0,1,0.001
344;348_0-400m,1138;1150;1137_0-400m,0,0,4,0.001,12,0.002,8,0.002,6,0.002,2,0.002
344;348_0-400m,1138;1150;1137_400-800m,0,0,0,0,1,0,0,0,0,0,0,0
344;348_0-400m,1124;1164_0-400m,1,0.003,1,0,11,0.001,5,0.001,4,0.001,2,0.002
344;348_0-400m,1124;1164_400-800m,1,0.003,2,0.001,20,0.003,9,0.002,1,0,1,0.001
344;348_0-400m,343;349_0-400m,2,0.006,12,0.004,33,0.004,14,0.003,32,0.008,3,0.004
344;348_0-400m,343;349_400-800m,0,0,1,0,6,0.001,5,0.001,0,0,1,0.001
344;348_0-400m,1136;1151_0-400m,0,0,1,0,8,0.001,5,0.001,4,0.001,1,0.001
344;348_0-400m,1136;1151_400-800m,0,0,0,0,14,0.002,3,0.001,5,0.001,2,0.002
344;348_0-400m,342;350_0-400m,0,0,9,0.003,20,0.003,13,0.003,20,0.005,7,0.009
344;348_0-400m,342;350_400-800m,0,0,1,0,10,0.001,1,0,4,0.001,0,0
344;348_0-400m,1141;1147_0-400m,0,0,0,0,11,0.001,7,0.002,5,0.001,4,0.005
344;348_0-400m,1141;1147_400-800m,0,0,0,0,1,0,0,0,0,0,0,0
344;348_0-400m,1132;1155;1156_0-400m,0,0,1,0,5,0.001,4,0.001,5,0.001,4,0.005
344;348_0-400m,1132;1155;1156_400-800m,0,0,8,0.003,3,0,2,0,0,0,1,0.001
344;348_0-400m,1133;1154_0-400m,1,0.003,2,0.001,3,0,6,0.001,2,0.001,0,0
344;348_0-400m,1133;1154_400-800m,0,0,2,0.001,6,0.001,1,0,7,0.002,0,0
344;348_0-400m,1130;1159;1160_0-400m,1,0.003,4,0.001,21,0.003,12,0.003,6,0.002,1,0.001
344;348_0-400m,1130;1159;1160_400-800m,0,0,0,0,1,0,1,0,1,0,0,0
344;348_0-400m,345;347_0-400m,0,0,15,0.006,37,0.005,25,0.005,24,0.006,5,0.006
344;348_0-400m,345;347_400-800m,4,0.012,13,0.005,47,0.006,30,0.007,24,0.006,7,0.009
344;348_0-400m,344;348_0-400m,2,0.006,19,0.007,63,0.008,26,0.006,38,0.01,6,0.007
344;348_0-400m,344;348_400-800m,3,0.009,11,0.004,17,0.002,11,0.002,13,0.003,3,0.004
344;348_0-400m,1140;1148_0-400m,1,0.003,1,0,18,0.002,4,0.001,5,0.001,1,0.001
344;348_0-400m,1140;1148_400-800m,0,0,3,0.001,20,0.003,9,0.002,5,0.001,1,0.001
344;348_0-400m,1127;1161_0-400m,0,0,3,0.001,9,0.001,7,0.002,1,0,1,0.001
344;348_0-400m,1127;1161_400-800m,0,0,0,0,0,0,0,0,1,0,0,0
344;348_0-400m,1855_0-400m,0,0,0,0,4,0.001,1,0,1,0,0,0
344;348_0-400m,1855_400-800m,0,0,0,0,3,0,0,0,1,0,0,0
344;348_0-400m,187;204_0-400m,0,0,1,0,2,0,3,0.001,1,0,2,0.002
344;348_0-400m,187;204_400-800m,0,0,0,0,5,0.001,2,0,0,0,2,0.002
344;348_0-400m,661;674_0-400m,0,0,3,0.001,9,0.001,3,0.001,6,0.002,1,0.001
344;348_0-400m,661;674_400-800m,0,0,0,0,5,0.001,1,0,0,0,0,0
344;348_0-400m,184;207_0-400m,0,0,5,0.002,7,0.001,3,0.001,5,0.001,0,0
344;348_0-400m,184;207_400-800m,0,0,5,0.002,15,0.002,1,0,6,0.002,2,0.002
344;348_0-400m,657;678_0-400m,0,0,5,0.002,4,0.001,8,0.002,7,0.002,1,0.001
344;348_0-400m,657;678_400-800m,0,0,0,0,2,0,0,0,0,0,0,0
344;348_0-400m,656;679_0-400m,1,0.003,0,0,10,0.001,3,0.001,2,0.001,1,0.001
344;348_0-400m,656;679_400-800m,0,0,1,0,1,0,0,0,0,0,0,0
344;348_0-400m,1383;1461;1384_0-400m,2,0.006,5,0.002,14,0.002,7,0.002,4,0.001,1,0.001
344;348_0-400m,1383;1461;1384_400-800m,0,0,5,0.002,14,0.002,8,0.002,13,0.003,5,0.006
344;348_0-400m,665;670_0-400m,0,0,1,0,1,0,2,0,1,0,2,0.002
344;348_0-400m,665;670_400-800m,0,0,1,0,5,0.001,0,0,1,0,1,0.001
344;348_0-400m,659;676;675_0-400m,0,0,7,0.003,3,0,1,0,2,0.001,0,0
344;348_0-400m,659;676;675_400-800m,0,0,1,0,1,0,2,0,0,0,1,0.001
344;348_0-400m,664;671_0-400m,1,0.003,3,0.001,8,0.001,2,0,5,0.001,2,0.002
344;348_0-400m,664;671_400-800m,0,0,1,0,4,0.001,7,0.002,4,0.001,2,0.002
344;348_0-400m,185;206_0-400m,0,0,0,0,2,0,1,0,2,0.001,1,0.001
344;348_0-400m,185;206_400-800m,0,0,0,0,3,0,2,0,3,0.001,0,0
344;348_0-400m,662;673_0-400m,3,0.009,7,0.003,11,0.001,5,0.001,4,0.001,2,0.002
344;348_0-400m,662;673_400-800m,1,0.003,6,0.002,7,0.001,3,0.001,3,0.001,0,0
344;348_0-400m,1385;1459_0-400m,0,0,22,0.008,29,0.004,10,0.002,5,0.001,4,0.005
344;348_0-400m,1385;1459_400-800m,0,0,1,0,2,0,3,0.001,5,0.001,4,0.005
344;348_0-400m,658;677_0-400m,0,0,2,0.001,2,0,4,0.001,5,0.001,0,0
344;348_0-400m,658;677_400-800m,0,0,0,0,0,0,0,0,0,0,0,0
344;348_0-400m,663;672_0-400m,0,0,4,0.001,10,0.001,8,0.002,7,0.002,1,0.001
344;348_0-400m,663;672_400-800m,0,0,1,0,1,0,0,0,1,0,0,0
344;348_0-400m,183;209_0-400m,1,0.003,4,0.001,10,0.001,2,0,3,0.001,2,0.002
344;348_0-400m,183;209_400-800m,0,0,1,0,4,0.001,2,0,2,0.001,0,0
344;348_0-400m,186;205_0-400m,0,0,0,0,4,0.001,2,0,0,0,0,0
344;348_0-400m,186;205_400-800m,0,0,0,0,1,0,0,0,0,0,0,0
344;348_0-400m,188;203_0-400m,1,0.003,5,0.002,13,0.002,3,0.001,5,0.001,7,0.009
344;348_0-400m,188;203_400-800m,2,0.006,3,0.001,8,0.001,6,0.001,5,0.001,2,0.002
344;348_0-400m,388;823_0-400m,4,0.012,10,0.004,25,0.003,15,0.003,19,0.005,2,0.002
344;348_0-400m,388;823_400-800m,0,0,3,0.001,7,0.001,3,0.001,0,0,0,0
344;348_0-400m,1386;95_0-400m,0,0,13,0.005,11,0.001,8,0.002,17,0.004,1,0.001
344;348_0-400m,1386;95_400-800m,0,0,0,0,9,0.001,4,0.001,2,0.001,1,0.001
344;348_0-400m,Orange_0-400m,4,0.012,13,0.005,47,0.006,13,0.003,27,0.007,0,0
344;348_0-400m,Blue_0-400m,1,0.003,8,0.003,27,0.003,10,0.002,10,0.003,2,0.002
344;348_0-400m,Green_0-400m,3,0.009,13,0.005,16,0.002,11,0.002,8,0.002,4,0.005
344;348_0-400m,Orange_400-800m,1,0.003,5,0.002,8,0.001,4,0.001,1,0,1,0.001
344;348_0-400m,Blue_400-800m,0,0,6,0.002,21,0.003,11,0.002,14,0.004,4,0.005
344;348_0-400m,Green_400-800m,0,0,7,0.003,7,0.001,7,0.002,5,0.001,1,0.001
344;348_0-400m,External,101,0.308,606,0.223,1153,0.146,677,0.149,555,0.142,121,0.151
344;348_400-800m,415;448_0-400m,0,0,0,0,5,0.001,5,0.001,11,0.003,3,0.004
344;348_400-800m,415;448_400-800m,0,0,2,0.001,3,0,0,0,6,0.002,3,0.004
344;348_400-800m,408;455_0-400m,2,0.006,1,0,0,0,2,0,1,0,0,0
344;348_400-800m,408;455_400-800m,0,0,2,0.001,5,0.001,3,0.001,2,0.001,0,0
344;348_400-800m,412;451_0-400m,0,0,2,0.001,2,0,1,0,3,0.001,0,0
344;348_400-800m,412;451_400-800m,1,0.003,1,0,4,0.001,6,0.001,3,0.001,4,0.005
344;348_400-800m,416;447_0-400m,0,0,2,0.001,6,0.001,7,0.002,3,0.001,1,0.001
344;348_400-800m,416;447_400-800m,0,0,16,0.006,25,0.003,8,0.002,13,0.003,2,0.002
344;348_400-800m,410;452_0-400m,1,0.003,4,0.001,2,0,0,0,2,0.001,0,0
344;348_400-800m,410;452_400-800m,1,0.003,2,0.001,8,0.001,2,0,4,0.001,2,0.002
344;348_400-800m,414;449_0-400m,0,0,3,0.001,6,0.001,2,0,4,0.001,1,0.001
344;348_400-800m,414;449_400-800m,2,0.006,5,0.002,9,0.001,4,0.001,3,0.001,1,0.001
344;348_400-800m,407;456_0-400m,0,0,0,0,4,0.001,0,0,1,0,0,0
344;348_400-800m,407;456_400-800m,0,0,1,0,5,0.001,4,0.001,2,0.001,0,0
344;348_400-800m,413;450_0-400m,0,0,4,0.001,5,0.001,7,0.002,3,0.001,2,0.002
344;348_400-800m,413;450_400-800m,0,0,3,0.001,9,0.001,2,0,12,0.003,6,0.007
344;348_400-800m,419;444;420_0-400m,2,0.006,6,0.002,45,0.006,18,0.004,11,0.003,1,0.001
344;348_400-800m,419;444;420_400-800m,0,0,9,0.003,11,0.001,4,0.001,6,0.002,3,0.004
344;348_400-800m,417;445_0-400m,2,0.006,5,0.002,10,0.001,4,0.001,3,0.001,0,0
344;348_400-800m,417;445_400-800m,1,0.003,11,0.004,13,0.002,13,0.003,7,0.002,2,0.002
344;348_400-800m,405;457_0-400m,0,0,3,0.001,13,0.002,8,0.002,2,0.001,1,0.001
344;348_400-800m,405;457_400-800m,0,0,0,0,0,0,0,0,1,0,0,0
344;348_400-800m,404;459_0-400m,1,0.003,5,0.002,10,0.001,9,0.002,3,0.001,0,0
344;348_400-800m,404;459_400-800m,3,0.009,7,0.003,13,0.002,4,0.001,8,0.002,1,0.001
344;348_400-800m,421;442_0-400m,4,0.012,20,0.007,59,0.007,27,0.006,24,0.006,8,0.01
344;348_400-800m,421;442_400-800m,6,0.018,10,0.004,18,0.002,12,0.003,6,0.002,2,0.002
344;348_400-800m,196;24;1508_0-400m,1,0.003,5,0.002,22,0.003,10,0.002,7,0.002,2,0.002
344;348_400-800m,196;24;1508_400-800m,0,0,2,0.001,5,0.001,1,0,4,0.001,0,0
344;348_400-800m,409;453_0-400m,0,0,1,0,4,0.001,1,0,0,0,1,0.001
344;348_400-800m,409;453_400-800m,2,0.006,1,0,9,0.001,4,0.001,4,0.001,0,0
344;348_400-800m,1503_0-400m,4,0.012,8,0.003,37,0.005,23,0.005,18,0.005,7,0.009
344;348_400-800m,1503_400-800m,0,0,2,0.001,7,0.001,8,0.002,7,0.002,2,0.002
344;348_400-800m,1125;1163;1162_0-400m,0,0,1,0,3,0,2,0,3,0.001,0,0
344;348_400-800m,1125;1163;1162_400-800m,0,0,0,0,1,0,0,0,0,0,0,0
344;348_400-800m,1134;1153_0-400m,0,0,2,0.001,3,0,3,0.001,1,0,0,0
344;348_400-800m,1134;1153_400-800m,0,0,0,0,6,0.001,1,0,2,0.001,0,0
344;348_400-800m,21;28;1612_0-400m,0,0,16,0.006,29,0.004,24,0.005,18,0.005,4,0.005
344;348_400-800m,21;28;1612_400-800m,0,0,8,0.003,18,0.002,15,0.003,12,0.003,4,0.005
344;348_400-800m,1131;1158_0-400m,0,0,1,0,12,0.002,5,0.001,3,0.001,5,0.006
344;348_400-800m,1131;1158_400-800m,0,0,1,0,1,0,8,0.002,2,0.001,0,0
344;348_400-800m,1135;1152_0-400m,1,0.003,4,0.001,10,0.001,9,0.002,5,0.001,1,0.001
344;348_400-800m,1135;1152_400-800m,0,0,0,0,0,0,0,0,0,0,1,0.001
344;348_400-800m,584;604_0-400m,0,0,5,0.002,23,0.003,17,0.004,14,0.004,2,0.002
344;348_400-800m,584;604_400-800m,0,0,7,0.003,12,0.002,13,0.003,12,0.003,4,0.005
344;348_400-800m,1139;1149_0-400m,1,0.003,9,0.003,13,0.002,9,0.002,11,0.003,3,0.004
344;348_400-800m,1139;1149_400-800m,0,0,0,0,6,0.001,1,0,3,0.001,0,0
344;348_400-800m,1138;1150;1137_0-400m,1,0.003,8,0.003,18,0.002,10,0.002,12,0.003,3,0.004
344;348_400-800m,1138;1150;1137_400-800m,0,0,2,0.001,2,0,1,0,0,0,0,0
344;348_400-800m,1124;1164_0-400m,1,0.003,3,0.001,15,0.002,5,0.001,6,0.002,2,0.002
344;348_400-800m,1124;1164_400-800m,0,0,5,0.002,20,0.003,11,0.002,8,0.002,0,0
344;348_400-800m,343;349_0-400m,1,0.003,6,0.002,18,0.002,14,0.003,10,0.003,5,0.006
344;348_400-800m,343;349_400-800m,2,0.006,4,0.001,10,0.001,6,0.001,10,0.003,0,0
344;348_400-800m,1136;1151_0-400m,1,0.003,4,0.001,4,0.001,6,0.001,5,0.001,1,0.001
344;348_400-800m,1136;1151_400-800m,0,0,3,0.001,2,0,1,0,4,0.001,0,0
344;348_400-800m,342;350_0-400m,1,0.003,5,0.002,23,0.003,11,0.002,13,0.003,4,0.005
344;348_400-800m,342;350_400-800m,0,0,2,0.001,7,0.001,2,0,2,0.001,2,0.002
344;348_400-800m,1141;1147_0-400m,0,0,3,0.001,9,0.001,6,0.001,5,0.001,1,0.001
344;348_400-800m,1141;1147_400-800m,0,0,0,0,0,0,0,0,0,0,0,0
344;348_400-800m,1132;1155;1156_0-400m,1,0.003,4,0.001,13,0.002,6,0.001,8,0.002,1,0.001
344;348_400-800m,1132;1155;1156_400-800m,0,0,1,0,3,0,0,0,2,0.001,0,0
344;348_400-800m,1133;1154_0-400m,1,0.003,6,0.002,7,0.001,1,0,4,0.001,0,0
344;348_400-800m,1133;1154_400-800m,0,0,5,0.002,2,0,2,0,0,0,0,0
344;348_400-800m,1130;1159;1160_0-400m,6,0.018,9,0.003,22,0.003,12,0.003,19,0.005,3,0.004
344;348_400-800m,1130;1159;1160_400-800m,0,0,0,0,0,0,0,0,0,0,0,0
344;348_400-800m,345;347_0-400m,0,0,6,0.002,29,0.004,17,0.004,25,0.006,6,0.007
344;348_400-800m,345;347_400-800m,3,0.009,10,0.004,76,0.01,55,0.012,49,0.013,20,0.025
344;348_400-800m,344;348_0-400m,2,0.006,5,0.002,19,0.002,14,0.003,19,0.005,3,0.004
344;348_400-800m,344;348_400-800m,6,0.018,38,0.014,82,0.01,51,0.011,42,0.011,10,0.012
344;348_400-800m,1140;1148_0-400m,0,0,2,0.001,9,0.001,5,0.001,12,0.003,2,0.002
344;348_400-800m,1140;1148_400-800m,0,0,1,0,6,0.001,4,0.001,7,0.002,1,0.001
344;348_400-800m,1127;1161_0-400m,0,0,8,0.003,16,0.002,11,0.002,9,0.002,4,0.005
344;348_400-800m,1127;1161_400-800m,0,0,0,0,0,0,2,0,1,0,0,0
344;348_400-800m,1855_0-400m,0,0,0,0,6,0.001,5,0.001,1,0,0,0
344;348_400-800m,1855_400-800m,0,0,0,0,0,0,1,0,0,0,0,0
344;348_400-800m,187;204_0-400m,0,0,3,0.001,5,0.001,0,0,1,0,1,0.001
344;348_400-800m,187;204_400-800m,0,0,0,0,1,0,0,0,0,0,0,0
344;348_400-800m,661;674_0-400m,0,0,0,0,2,0,2,0,1,0,1,0.001
344;348_400-800m,661;674_400-800m,0,0,0,0,0,0,2,0,0,0,0,0
344;348_400-800m,184;207_0-400m,0,0,0,0,4,0.001,3,0.001,1,0,1,0.001
344;348_400-800m,184;207_400-800m,1,0.003,0,0,2,0,1,0,3,0.001,0,0
344;348_400-800m,657;678_0-400m,0,0,2,0.001,3,0,3,0.001,1,0,0,0
344;348_400-800m,657;678_400-800m,0,0,0,0,1,0,0,0,0,0,0,0
344;348_400-800m,656;679_0-400m,0,0,1,0,3,0,1,0,0,0,1,0.001
344;348_400-800m,656;679_400-800m,0,0,0,0,0,0,0,0,0,0,0,0
344;348_400-800m,1383;1461;1384_0-400m,0,0,2,0.001,10,0.001,5,0.001,4,0.001,2,0.002
344;348_400-800m,1383;1461;1384_400-800m,0,0,8,0.003,7,0.001,8,0.002,6,0.002,4,0.005
344;348_400-800m,665;670_0-400m,1,0.003,5,0.002,4,0.001,0,0,1,0,3,0.004
344;348_400-800m,665;670_400-800m,0,0,2,0.001,3,0,1,0,1,0,0,0
344;348_400-800m,659;676;675_0-400m,0,0,2,0.001,2,0,0,0,0,0,1,0.001
344;348_400-800m,659;676;675_400-800m,0,0,0,0,4,0.001,0,0,2,0.001,0,0
344;348_400-800m,664;671_0-400m,0,0,2,0.001,7,0.001,4,0.001,1,0,1,0.001
344;348_400-800m,664;671_400-800m,0,0,1,0,4,0.001,1,0,1,0,0,0
344;348_400-800m,185;206_0-400m,0,0,0,0,0,0,1,0,0,0,0,0
344;348_400-800m,185;206_400-800m,0,0,0,0,3,0,1,0,1,0,0,0
344;348_400-800m,662;673_0-400m,5,0.015,2,0.001,13,0.002,3,0.001,5,0.001,0,0
344;348_400-800m,662;673_400-800m,0,0,5,0.002,9,0.001,5,0.001,2,0.001,2,0.002
344;348_400-800m,1385;1459_0-400m,0,0,5,0.002,11,0.001,9,0.002,4,0.001,1,0.001
344;348_400-800m,1385;1459_400-800m,0,0,2,0.001,3,0,1,0,0,0,1,0.001
344;348_400-800m,658;677_0-400m,0,0,2,0.001,1,0,2,0,0,0,0,0
344;348_400-800m,658;677_400-800m,0,0,0,0,0,0,0,0,0,0,0,0
344;348_400-800m,663;672_0-400m,1,0.003,4,0.001,11,0.001,2,0,3,0.001,3,0.004
344;348_400-800m,663;672_400-800m,0,0,1,0,3,0,2,0,1,0,1,0.001
344;348_400-800m,183;209_0-400m,0,0,4,0.001,5,0.001,4,0.001,1,0,0,0
344;348_400-800m,183;209_400-800m,0,0,3,0.001,3,0,3,0.001,1,0,0,0
344;348_400-800m,186;205_0-400m,0,0,0,0,1,0,5,0.001,1,0,0,0
344;348_400-800m,186;205_400-800m,0,0,0,0,0,0,0,0,0,0,0,0
344;348_400-800m,188;203_0-400m,0,0,2,0.001,4,0.001,3,0.001,2,0.001,0,0
344;348_400-800m,188;203_400-800m,0,0,4,0.001,9,0.001,4,0.001,2,0.001,4,0.005
344;348_400-800m,388;823_0-400m,4,0.012,12,0.004,23,0.003,8,0.002,8,0.002,0,0
344;348_400-800m,388;823_400-800m,1,0.003,2,0.001,9,0.001,4,0.001,1,0,0,0
344;348_400-800m,1386;95_0-400m,0,0,11,0.004,17,0.002,7,0.002,5,0.001,2,0.002
344;348_400-800m,1386;95_400-800m,0,0,0,0,3,0,1,0,3,0.001,0,0
344;348_400-800m,Orange_0-400m,8,0.024,32,0.012,68,0.009,30,0.007,31,0.008,8,0.01
344;348_400-800m,Blue_0-400m,0,0,9,0.003,33,0.004,21,0.005,9,0.002,1,0.001
344;348_400-800m,Green_0-400m,0,0,10,0.004,26,0.003,6,0.001,8,0.002,1,0.001
344;348_400-800m,Orange_400-800m,0,0,8,0.003,17,0.002,15,0.003,10,0.003,3,0.004
344;348_400-800m,Blue_400-800m,1,0.003,12,0.004,26,0.003,26,0.006,19,0.005,2,0.002
344;348_400-800m,Green_400-800m,2,0.006,2,0.001,13,0.002,2,0,0,0,0,0
344;348_400-800m,External,127,0.387,673,0.248,1527,0.194,983,0.216,862,0.22,181,0.225
1140;1148_0-400m,415;448_0-400m,0,0,1,0,6,0.001,2,0,3,0.001,0,0
1140;1148_0-400m,415;448_400-800m,0,0,0,0,2,0,0,0,1,0,1,0.001
1140;1148_0-400m,408;455_0-400m,0,0,2,0.001,2,0,0,0,2,0.001,1,0.001
1140;1148_0-400m,408;455_400-800m,0,0,1,0,1,0,1,0,0,0,0,0
1140;1148_0-400m,412;451_0-400m,0,0,3,0.001,1,0,1,0,3,0.001,0,0
1140;1148_0-400m,412;451_400-800m,1,0.003,2,0.001,0,0,1,0,3,0.001,0,0
1140;1148_0-400m,416;447_0-400m,0,0,1,0,3,0,4,0.001,2,0.001,1,0.001
1140;1148_0-400m,416;447_400-800m,0,0,5,0.002,9,0.001,5,0.001,6,0.002,1,0.001
1140;1148_0-400m,410;452_0-400m,1,0.003,1,0,5,0.001,4,0.001,2,0.001,0,0
1140;1148_0-400m,410;452_400-800m,0,0,0,0,6,0.001,5,0.001,3,0.001,0,0
1140;1148_0-400m,414;449_0-400m,0,0,1,0,4,0.001,2,0,0,0,0,0
1140;1148_0-400m,414;449_400-800m,0,0,0,0,0,0,3,0.001,0,0,0,0
1140;1148_0-400m,407;456_0-400m,0,0,0,0,2,0,0,0,2,0.001,2,0.002
1140;1148_0-400m,407;456_400-800m,0,0,0,0,1,0,0,0,1,0,0,0
1140;1148_0-400m,413;450_0-400m,0,0,0,0,2,0,4,0.001,0,0,1,0.001
1140;1148_0-400m,413;450_400-800m,0,0,0,0,2,0,1,0,2,0.001,1,0.001
1140;1148_0-400m,419;444;420_0-400m,1,0.003,7,0.003,16,0.002,3,0.001,8,0.002,2,0.002
1140;1148_0-400m,419;444;420_400-800m,0,0,4,0.001,6,0.001,0,0,4,0.001,1,0.001
1140;1148_0-400m,417;445_0-400m,0,0,0,0,2,0,2,0,3,0.001,0,0
1140;1148_0-400m,417;445_400-800m,1,0.003,8,0.003,11,0.001,1,0,5,0.001,0,0
1140;1148_0-400m,405;457_0-400m,0,0,3,0.001,3,0,1,0,2,0.001,0,0
1140;1148_0-400m,405;457_400-800m,0,0,1,0,0,0,0,0,0,0,0,0
1140;1148_0-400m,404;459_0-400m,0,0,6,0.002,3,0,1,0,2,0.001,0,0
1140;1148_0-400m,404;459_400-800m,0,0,0,0,3,0,3,0.001,5,0.001,0,0
1140;1148_0-400m,421;442_0-400m,1,0.003,9,0.003,20,0.003,13,0.003,12,0.003,5,0.006
1140;1148_0-400m,421;442_400-800m,0,0,3,0.001,8,0.001,6,0.001,6,0.002,1,0.001
1140;1148_0-400m,196;24;1508_0-400m,1,0.003,11,0.004,18,0.002,11,0.002,11,0.003,5,0.006
1140;1148_0-400m,196;24;1508_400-800m,0,0,0,0,3,0,3,0.001,1,0,0,0
1140;1148_0-400m,409;453_0-400m,0,0,0,0,1,0,0,0,1,0,1,0.001
1140;1148_0-400m,409;453_400-800m,0,0,1,0,3,0,1,0,1,0,0,0
1140;1148_0-400m,1503_0-400m,0,0,15,0.006,39,0.005,12,0.003,19,0.005,4,0.005
1140;1148_0-400m,1503_400-800m,0,0,1,0,4,0.001,0,0,2,0.001,2,0.002
1140;1148_0-400m,1125;1163;1162_0-400m,0,0,1,0,2,0,0,0,4,0.001,0,0
1140;1148_0-400m,1125;1163;1162_400-800m,0,0,0,0,1,0,0,0,0,0,0,0
1140;1148_0-400m,1134;1153_0-400m,0,0,2,0.001,5,0.001,1,0,1,0,0,0
1140;1148_0-400m,1134;1153_400-800m,0,0,0,0,1,0,4,0.001,2,0.001,0,0
1140;1148_0-400m,21;28;1612_0-400m,1,0.003,15,0.006,30,0.004,26,0.006,17,0.004,9,0.011
1140;1148_0-400m,21;28;1612_400-800m,0,0,11,0.004,24,0.003,13,0.003,8,0.002,2,0.002
1140;1148_0-400m,1131;1158_0-400m,1,0.003,8,0.003,14,0.002,7,0.002,4,0.001,4,0.005
1140;1148_0-400m,1131;1158_400-800m,0,0,1,0,2,0,1,0,2,0.001,1,0.001
1140;1148_0-400m,1135;1152_0-400m,0,0,1,0,7,0.001,6,0.001,6,0.002,0,0
1140;1148_0-400m,1135;1152_400-800m,0,0,0,0,0,0,0,0,0,0,0,0
1140;1148_0-400m,584;604_0-400m,0,0,7,0.003,13,0.002,7,0.002,12,0.003,6,0.007
1140;1148_0-400m,584;604_400-800m,1,0.003,8,0.003,13,0.002,8,0.002,8,0.002,1,0.001
1140;1148_0-400m,1139;1149_0-400m,0,0,6,0.002,28,0.004,9,0.002,12,0.003,3,0.004
1140;1148_0-400m,1139;1149_400-800m,0,0,1,0,2,0,2,0,2,0.001,0,0
1140;1148_0-400m,1138;1150;1137_0-400m,1,0.003,6,0.002,20,0.003,11,0.002,16,0.004,1,0.001
1140;1148_0-400m,1138;1150;1137_400-800m,0,0,0,0,0,0,1,0,2,0.001,0,0
1140;1148_0-400m,1124;1164_0-400m,0,0,3,0.001,11,0.001,9,0.002,4,0.001,1,0.001
1140;1148_0-400m,1124;1164_400-800m,0,0,6,0.002,17,0.002,8,0.002,6,0.002,0,0
1140;1148_0-400m,343;349_0-400m,1,0.003,7,0.003,15,0.002,6,0.001,8,0.002,2,0.002
1140;1148_0-400m,343;349_400-800m,0,0,2,0.001,3,0,2,0,6,0.002,0,0
1140;1148_0-400m,1136;1151_0-400m,0,0,3,0.001,12,0.002,3,0.001,4,0.001,0,0
1140;1148_0-400m,1136;1151_400-800m,0,0,2,0.001,2,0,0,0,3,0.001,3,0.004
1140;1148_0-400m,342;350_0-400m,1,0.003,7,0.003,33,0.004,22,0.005,14,0.004,6,0.007
1140;1148_0-400m,342;350_400-800m,0,0,4,0.001,6,0.001,4,0.001,5,0.001,3,0.004
1140;1148_0-400m,1141;1147_0-400m,0,0,6,0.002,23,0.003,12,0.003,11,0.003,1,0.001
1140;1148_0-400m,1141;1147_400-800m,0,0,1,0,2,0,1,0,0,0,0,0
1140;1148_0-400m,1132;1155;1156_0-400m,1,0.003,1,0,8,0.001,6,0.001,4,0.001,0,0
1140;1148_0-400m,1132;1155;1156_400-800m,0,0,3,0.001,0,0,3,0.001,1,0,0,0
1140;1148_0-400m,1133;1154_0-400m,0,0,1,0,7,0.001,2,0,3,0.001,0,0
1140;1148_0-400m,1133;1154_400-800m,0,0,2,0.001,3,0,1,0,6,0.002,1,0.001
1140;1148_0-400m,1130;1159;1160_0-400m,4,0.012,10,0.004,23,0.003,16,0.004,14,0.004,3,0.004
1140;1148_0-400m,1130;1159;1160_400-800m,0,0,0,0,0,0,0,0,0,0,1,0.001
1140;1148_0-400m,345;347_0-400m,0,0,3,0.001,14,0.002,12,0.003,16,0.004,7,0.009
1140;1148_0-400m,345;347_400-800m,0,0,5,0.002,11,0.001,10,0.002,12,0.003,4,0.005
1140;1148_0-400m,344;348_0-400m,1,0.003,1,0,12,0.002,8,0.002,5,0.001,1,0.001
1140;1148_0-400m,344;348_400-800m,2,0.006,4,0.001,10,0.001,5,0.001,8,0.002,0,0
1140;1148_0-400m,1140;1148_0-400m,1,0.003,9,0.003,26,0.003,18,0.004,30,0.008,7,0.009
1140;1148_0-400m,1140;1148_400-800m,1,0.003,8,0.003,10,0.001,10,0.002,12,0.003,4,0.005
1140;1148_0-400m,1127;1161_0-400m,0,0,4,0.001,14,0.002,11,0.002,11,0.003,4,0.005
1140;1148_0-400m,1127;1161_400-800m,0,0,0,0,0,0,0,0,1,0,0,0
1140;1148_0-400m,1855_0-400m,0,0,0,0,9,0.001,2,0,1,0,0,0
1140;1148_0-400m,1855_400-800m,0,0,0,0,2,0,2,0,0,0,0,0
1140;1148_0-400m,187;204_0-400m,0,0,2,0.001,2,0,1,0,0,0,1,0.001
1140;1148_0-400m,187;204_400-800m,0,0,0,0,0,0,1,0,0,0,0,0
1140;1148_0-400m,661;674_0-400m,0,0,1,0,2,0,3,0.001,1,0,0,0
1140;1148_0-400m,661;674_400-800m,0,0,0,0,1,0,2,0,0,0,0,0
1140;1148_0-400m,184;207_0-400m,0,0,0,0,0,0,2,0,2,0.001,1,0.001
1140;1148_0-400m,184;207_400-800m,0,0,2,0.001,3,0,4,0.001,1,0,2,0.002
1140;1148_0-400m,657;678_0-400m,0,0,1,0,3,0,3,0.001,2,0.001,0,0
1140;1148_0-400m,657;678_400-800m,0,0,0,0,1,0,0,0,0,0,0,0
1140;1148_0-400m,656;679_0-400m,0,0,0,0,1,0,3,0.001,3,0.001,0,0
1140;1148_0-400m,656;679_400-800m,0,0,0,0,0,0,1,0,0,0,0,0
1140;1148_0-400m,1383;1461;1384_0-400m,0,0,4,0.001,4,0.001,3,0.001,2,0.001,3,0.004
1140;1148_0-400m,1383;1461;1384_400-800m,9,0.027,8,0.003,7,0.001,3,0.001,7,0.002,0,0
1140;1148_0-400m,665;670_0-400m,0,0,0,0,2,0,1,0,1,0,0,0
1140;1148_0-400m,665;670_400-800m,0,0,0,0,1,0,0,0,0,0,1,0.001
1140;1148_0-400m,659;676;675_0-400m,0,0,1,0,3,0,3,0.001,4,0.001,0,0
1140;1148_0-400m,659;676;675_400-800m,0,0,0,0,3,0,1,0,0,0,1,0.001
1140;1148_0-400m,664;671_0-400m,0,0,5,0.002,8,0.001,3,0.001,2,0.001,0,0
1140;1148_0-400m,664;671_400-800m,0,0,4,0.001,8,0.001,1,0,2,0.001,1,0.001
1140;1148_0-400m,185;206_0-400m,0,0,0,0,0,0,2,0,0,0,1,0.001
1140;1148_0-400m,185;206_400-800m,1,0.003,2,0.001,1,0,0,0,2,0.001,0,0
1140;1148_0-400m,662;673_0-400m,0,0,3,0.001,2,0,1,0,4,0.001,2,0.002
1140;1148_0-400m,662;673_400-800m,0,0,4,0.001,11,0.001,7,0.002,3,0.001,2,0.002
1140;1148_0-400m,1385;1459_0-400m,1,0.003,9,0.003,7,0.001,3,0.001,0,0,5,0.006
1140;1148_0-400m,1385;1459_400-800m,0,0,1,0,1,0,0,0,1,0,0,0
1140;1148_0-400m,658;677_0-400m,0,0,1,0,3,0,2,0,4,0.001,0,0
1140;1148_0-400m,658;677_400-800m,0,0,1,0,0,0,0,0,0,0,0,0
1140;1148_0-400m,663;672_0-400m,2,0.006,6,0.002,9,0.001,1,0,1,0,2,0.002
1140;1148_0-400m,663;672_400-800m,0,0,1,0,1,0,1,0,0,0,1,0.001
1140;1148_0-400m,183;209_0-400m,0,0,5,0.002,6,0.001,0,0,1,0,0,0
1140;1148_0-400m,183;209_400-800m,0,0,0,0,3,0,1,0,1,0,0,0
1140;1148_0-400m,186;205_0-400m,0,0,1,0,2,0,2,0,3,0.001,2,0.002
1140;1148_0-400m,186;205_400-800m,0,0,0,0,0,0,0,0,0,0,0,0
1140;1148_0-400m,188;203_0-400m,0,0,0,0,6,0.001,4,0.001,2,0.001,1,0.001
1140;1148_0-400m,188;203_400-800m,4,0.012,6,0.002,8,0.001,2,0,2,0.001,3,0.004
1140;1148_0-400m,388;823_0-400m,1,0.003,2,0.001,23,0.003,12,0.003,21,0.005,1,0.001
1140;1148_0-400m,388;823_400-800m,0,0,2,0.001,6,0.001,4,0.001,2,0.001,0,0
1140;1148_0-400m,1386;95_0-400m,0,0,11,0.004,4,0.001,2,0,6,0.002,1,0.001
1140;1148_0-400m,1386;95_400-800m,2,0.006,2,0.001,1,0,0,0,4,0.001,0,0
1140;1148_0-400m,Orange_0-400m,4,0.012,17,0.006,33,0.004,10,0.002,21,0.005,3,0.004
1140;1148_0-400m,Blue_0-400m,0,0,20,0.007,28,0.004,11,0.002,15,0.004,1,0.001
1140;1148_0-400m,Green_0-400m,0,0,7,0.003,26,0.003,7,0.002,9,0.002,2,0.002
1140;1148_0-400m,Orange_400-800m,0,0,2,0.001,8,0.001,5,0.001,5,0.001,0,0
1140;1148_0-400m,Blue_400-800m,0,0,5,0.002,32,0.004,25,0.005,19,0.005,5,0.006
1140;1148_0-400m,Green_400-800m,0,0,2,0.001,16,0.002,5,0.001,7,0.002,1,0.001
1140;1148_0-400m,External,107,0.326,612,0.225,919,0.117,416,0.091,442,0.113,105,0.131
1140;1148_400-800m,415;448_0-400m,0,0,1,0,2,0,2,0,5,0.001,0,0
1140;1148_400-800m,415;448_400-800m,0,0,0,0,0,0,1,0,1,0,1,0.001
1140;1148_400-800m,408;455_0-400m,0,0,1,0,1,0,1,0,0,0,0,0
1140;1148_400-800m,408;455_400-800m,0,0,0,0,0,0,0,0,0,0,0,0
1140;1148_400-800m,412;451_0-400m,0,0,0,0,1,0,0,0,2,0.001,1,0.001
1140;1148_400-800m,412;451_400-800m,0,0,0,0,3,0,0,0,1,0,1,0.001
1140;1148_400-800m,416;447_0-400m,0,0,0,0,0,0,2,0,3,0.001,1,0.001
1140;1148_400-800m,416;447_400-800m,5,0.015,7,0.003,4,0.001,1,0,1,0,1,0.001
1140;1148_400-800m,410;452_0-400m,0,0,0,0,3,0,0,0,0,0,0,0
1140;1148_400-800m,410;452_400-800m,1,0.003,0,0,3,0,2,0,0,0,2,0.002
1140;1148_400-800m,414;449_0-400m,0,0,0,0,2,0,3,0.001,1,0,1,0.001
1140;1148_400-800m,414;449_400-800m,1,0.003,2,0.001,2,0,0,0,3,0.001,0,0
1140;1148_400-800m,407;456_0-400m,0,0,0,0,0,0,0,0,0,0,1,0.001
1140;1148_400-800m,407;456_400-800m,0,0,1,0,2,0,0,0,0,0,0,0
1140;1148_400-800m,413;450_0-400m,2,0.006,2,0.001,3,0,1,0,1,0,0,0
1140;1148_400-800m,413;450_400-800m,1,0.003,1,0,0,0,0,0,1,0,0,0
1140;1148_400-800m,419;444;420_0-400m,1,0.003,4,0.001,9,0.001,3,0.001,4,0.001,0,0
1140;1148_400-800m,419;444;420_400-800m,0,0,0,0,6,0.001,2,0,2,0.001,1,0.001
1140;1148_400-800m,417;445_0-400m,0,0,1,0,1,0,2,0,1,0,0,0
1140;1148_400-800m,417;445_400-800m,0,0,0,0,8,0.001,3,0.001,2,0.001,0,0
1140;1148_400-800m,405;457_0-400m,0,0,1,0,2,0,0,0,4,0.001,0,0
1140;1148_400-800m,405;457_400-800m,0,0,0,0,0,0,1,0,0,0,0,0
1140;1148_400-800m,404;459_0-400m,0,0,0,0,4,0.001,1,0,3,0.001,1,0.001
1140;1148_400-800m,404;459_400-800m,0,0,2,0.001,2,0,2,0,3,0.001,0,0
1140;1148_400-800m,421;442_0-400m,0,0,4,0.001,10,0.001,1,0,2,0.001,0,0
1140;1148_400-800m,421;442_400-800m,1,0.003,2,0.001,3,0,0,0,4,0.001,1,0.001
1140;1148_400-800m,196;24;1508_0-400m,0,0,3,0.001,7,0.001,3,0.001,4,0.001,1,0.001
1140;1148_400-800m,196;24;1508_400-800m,1,0.003,1,0,0,0,1,0,0,0,0,0
1140;1148_400-800m,409;453_0-400m,0,0,1,0,0,0,0,0,2,0.001,0,0
1140;1148_400-800m,409;453_400-800m,0,0,0,0,1,0,1,0,1,0,0,0
1140;1148_400-800m,1503_0-400m,0,0,4,0.001,20,0.003,5,0.001,8,0.002,5,0.006
1140;1148_400-800m,1503_400-800m,0,0,0,0,0,0,0,0,0,0,0,0
1140;1148_400-800m,1125;1163;1162_0-400m,0,0,1,0,4,0.001,1,0,1,0,0,0
1140;1148_400-800m,1125;1163;1162_400-800m,0,0,1,0,0,0,0,0,0,0,0,0
1140;1148_400-800m,1134;1153_0-400m,0,0,0,0,1,0,2,0,0,0,0,0
1140;1148_400-800m,1134;1153_400-800m,0,0,1,0,3,0,6,0.001,1,0,0,0
1140;1148_400-800m,21;28;1612_0-400m,3,0.009,7,0.003,15,0.002,9,0.002,10,0.003,1,0.001
1140;1148_400-800m,21;28;1612_400-800m,0,0,1,0,8,0.001,2,0,7,0.002,4,0.005
1140;1148_400-800m,1131;1158_0-400m,0,0,2,0.001,6,0.001,3,0.001,2,0.001,0,0
1140;1148_400-800m,1131;1158_400-800m,0,0,1,0,2,0,3,0.001,5,0.001,2,0.002
1140;1148_400-800m,1135;1152_0-400m,0,0,3,0.001,7,0.001,4,0.001,3,0.001,1,0.001
1140;1148_400-800m,1135;1152_400-800m,0,0,0,0,0,0,2,0,0,0,0,0
1140;1148_400-800m,584;604_0-400m,0,0,3,0.001,6,0.001,1,0,4,0.001,1,0.001
1140;1148_400-800m,584;604_400-800m,0,0,1,0,5,0.001,2,0,2,0.001,0,0
1140;1148_400-800m,1139;1149_0-400m,3,0.009,1,0,8,0.001,7,0.002,4,0.001,1,0.001
1140;1148_400-800m,1139;1149_400-800m,0,0,1,0,7,0.001,4,0.001,0,0,0,0
1140;1148_400-800m,1138;1150;1137_0-400m,0,0,3,0.001,7,0.001,2,0,10,0.003,1,0.001
1140;1148_400-800m,1138;1150;1137_400-800m,0,0,0,0,0,0,0,0,0,0,0,0
1140;1148_400-800m,1124;1164_0-400m,0,0,6,0.002,3,0,6,0.001,1,0,1,0.001
1140;1148_400-800m,1124;1164_400-800m,0,0,4,0.001,12,0.002,6,0.001,2,0.001,0,0
1140;1148_400-800m,343;349_0-400m,1,0.003,4,0.001,13,0.002,8,0.002,8,0.002,4,0.005
1140;1148_400-800m,343;349_400-800m,0,0,1,0,6,0.001,0,0,1,0,0,0
1140;1148_400-800m,1136;1151_0-400m,0,0,3,0.001,5,0.001,2,0,5,0.001,1,0.001
1140;1148_400-800m,1136;1151_400-800m,0,0,0,0,3,0,2,0,1,0,1,0.001
1140;1148_400-800m,342;350_0-400m,0,0,5,0.002,15,0.002,6,0.001,9,0.002,3,0.004
1140;1148_400-800m,342;350_400-800m,0,0,4,0.001,2,0,0,0,2,0.001,0,0
1140;1148_400-800m,1141;1147_0-400m,0,0,3,0.001,9,0.001,13,0.003,3,0.001,1,0.001
1140;1148_400-800m,1141;1147_400-800m,0,0,0,0,0,0,0,0,2,0.001,0,0
1140;1148_400-800m,1132;1155;1156_0-400m,0,0,2,0.001,7,0.001,4,0.001,5,0.001,2,0.002
1140;1148_400-800m,1132;1155;1156_400-800m,0,0,2,0.001,2,0,0,0,2,0.001,1,0.001
1140;1148_400-800m,1133;1154_0-400m,1,0.003,2,0.001,4,0.001,5,0.001,3,0.001,1,0.001
1140;1148_400-800m,1133;1154_400-800m,0,0,1,0,5,0.001,4,0.001,0,0,0,0
1140;1148_400-800m,1130;1159;1160_0-400m,0,0,3,0.001,13,0.002,6,0.001,7,0.002,1,0.001
1140;1148_400-800m,1130;1159;1160_400-800m,0,0,0,0,0,0,0,0,0,0,0,0
1140;1148_400-800m,345;347_0-400m,0,0,4,0.001,15,0.002,6,0.001,6,0.002,3,0.004
1140;1148_400-800m,345;347_400-800m,0,0,6,0.002,16,0.002,11,0.002,8,0.002,2,0.002
1140;1148_400-800m,344;348_0-400m,2,0.006,1,0,6,0.001,8,0.002,3,0.001,4,0.005
1140;1148_400-800m,344;348_400-800m,0,0,4,0.001,7,0.001,5,0.001,4,0.001,0,0
1140;1148_400-800m,1140;1148_0-400m,0,0,4,0.001,10,0.001,4,0.001,1,0,0,0
1140;1148_400-800m,1140;1148_400-800m,0,0,5,0.002,20,0.003,15,0.003,11,0.003,9,0.011
1140;1148_400-800m,1127;1161_0-400m,0,0,1,0,13,0.002,4,0.001,2,0.001,1,0.001
1140;1148_400-800m,1127;1161_400-800m,0,0,2,0.001,0,0,0,0,0,0,0,0
1140;1148_400-800m,1855_0-400m,0,0,2,0.001,2,0,2,0,1,0,1,0.001
1140;1148_400-800m,1855_400-800m,0,0,2,0.001,1,0,2,0,1,0,0,0
1140;1148_400-800m,187;204_0-400m,0,0,0,0,0,0,1,0,1,0,0,0
1140;1148_400-800m,187;204_400-800m,1,0.003,1,0,0,0,1,0,1,0,0,0
1140;1148_400-800m,661;674_0-400m,0,0,0,0,4,0.001,0,0,0,0,0,0
1140;1148_400-800m,661;674_400-800m,0,0,0,0,0,0,0,0,0,0,0,0
1140;1148_400-800m,184;207_0-400m,0,0,0,0,0,0,0,0,0,0,0,0
1140;1148_400-800m,184;207_400-800m,0,0,1,0,0,0,0,0,0,0,0,0
1140;1148_400-800m,657;678_0-400m,0,0,0,0,1,0,2,0,1,0,0,0
1140;1148_400-800m,657;678_400-800m,0,0,0,0,1,0,0,0,0,0,0,0
1140;1148_400-800m,656;679_0-400m,0,0,0,0,2,0,0,0,0,0,0,0
1140;1148_400-800m,656;679_400-800m,0,0,0,0,0,0,0,0,0,0,0,0
1140;1148_400-800m,1383;1461;1384_0-400m,0,0,0,0,2,0,4,0.001,1,0,1,0.001
1140;1148_400-800m,1383;1461;1384_400-800m,0,0,4,0.001,4,0.001,1,0,2,0.001,1,0.001
1140;1148_400-800m,665;670_0-400m,0,0,0,0,3,0,0,0,0,0,0,0
1140;1148_400-800m,665;670_400-800m,0,0,0,0,0,0,0,0,1,0,0,0
1140;1148_400-800m,659;676;675_0-400m,0,0,0,0,2,0,1,0,2,0.001,0,0
1140;1148_400-800m,659;676;675_400-800m,0,0,2,0.001,1,0,0,0,0,0,0,0
1140;1148_400-800m,664;671_0-400m,0,0,2,0.001,3,0,2,0,1,0,2,0.002
1140;1148_400-800m,664;671_400-800m,0,0,2,0.001,1,0,4,0.001,1,0,0,0
1140;1148_400-800m,185;206_0-400m,0,0,0,0,0,0,0,0,2,0.001,0,0
1140;1148_400-800m,185;206_400-800m,0,0,0,0,1,0,0,0,0,0,0,0
1140;1148_400-800m,662;673_0-400m,0,0,2,0.001,2,0,2,0,1,0,0,0
1140;1148_400-800m,662;673_400-800m,1,0.003,4,0.001,11,0.001,0,0,1,0,0,0
1140;1148_400-800m,1385;1459_0-400m,0,0,5,0.002,3,0,2,0,3,0.001,1,0.001
1140;1148_400-800m,1385;1459_400-800m,0,0,2,0.001,0,0,2,0,2,0.001,0,0
1140;1148_400-800m,658;677_0-400m,1,0.003,0,0,2,0,2,0,1,0,1,0.001
1140;1148_400-800m,658;677_400-800m,0,0,0,0,0,0,0,0,0,0,0,0
1140;1148_400-800m,663;672_0-400m,1,0.003,1,0,8,0.001,3,0.001,1,0,0,0
1140;1148_400-800m,663;672_400-800m,0,0,0,0,0,0,0,0,0,0,0,0
1140;1148_400-800m,183;209_0-400m,0,0,1,0,3,0,0,0,0,0,1,0.001
1140;1148_400-800m,183;209_400-800m,0,0,2,0.001,1,0,0,0,0,0,0,0
1140;1148_400-800m,186;205_0-400m,0,0,0,0,0,0,0,0,0,0,0,0
1140;1148_400-800m,186;205_400-800m,0,0,0,0,0,0,0,0,0,0,0,0
1140;1148_400-800m,188;203_0-400m,0,0,0,0,2,0,3,0.001,2,0.001,0,0
1140;1148_400-800m,188;203_400-800m,1,0.003,2,0.001,7,0.001,1,0,2,0.001,1,0.001
1140;1148_400-800m,388;823_0-400m,0,0,1,0,13,0.002,3,0.001,5,0.001,0,0
1140;1148_400-800m,388;823_400-800m,0,0,1,0,0,0,1,0,1,0,0,0
1140;1148_400-800m,1386;95_0-400m,1,0.003,4,0.001,4,0.001,2,0,3,0.001,0,0
1140;1148_400-800m,1386;95_400-800m,0,0,1,0,0,0,1,0,0,0,0,0
1140;1148_400-800m,Orange_0-400m,3,0.009,4,0.001,18,0.002,7,0.002,9,0.002,4,0.005
1140;1148_400-800m,Blue_0-400m,1,0.003,9,0.003,19,0.002,12,0.003,8,0.002,1,0.001
1140;1148_400-800m,Green_0-400m,2,0.006,4,0.001,8,0.001,3,0.001,5,0.001,0,0
1140;1148_400-800m,Orange_400-800m,0,0,0,0,7,0.001,2,0,1,0,0,0
1140;1148_400-800m,Blue_400-800m,0,0,7,0.003,21,0.003,8,0.002,5,0.001,7,0.009
1140;1148_400-800m,Green_400-800m,2,0.006,6,0.002,4,0.001,4,0.001,1,0,0,0
1140;1148_400-800m,External,59,0.18,388,0.143,596,0.076,300,0.066,232,0.059,51,0.063
1127;1161_0-400m,415;448_0-400m,0,0,1,0,7,0.001,3,0.001,4,0.001,1,0.001
1127;1161_0-400m,415;448_400-800m,0,0,0,0,2,0,1,0,0,0,0,0
1127;1161_0-400m,408;455_0-400m,0,0,0,0,2,0,0,0,0,0,0,0
1127;1161_0-400m,408;455_400-800m,0,0,0,0,0,0,0,0,1,0,0,0
1127;1161_0-400m,412;451_0-400m,0,0,0,0,3,0,0,0,0,0,0,0
1127;1161_0-400m,412;451_400-800m,0,0,0,0,4,0.001,1,0,3,0.001,0,0
1127;1161_0-400m,416;447_0-400m,0,0,0,0,0,0,2,0,1,0,0,0
1127;1161_0-400m,416;447_400-800m,2,0.006,1,0,7,0.001,3,0.001,3,0.001,0,0
1127;1161_0-400m,410;452_0-400m,0,0,0,0,1,0,4,0.001,0,0,0,0
1127;1161_0-400m,410;452_400-800m,1,0.003,0,0,4,0.001,0,0,3,0.001,1,0.001
1127;1161_0-400m,414;449_0-400m,0,0,1,0,2,0,2,0,2,0.001,0,0
1127;1161_0-400m,414;449_400-800m,0,0,1,0,1,0,1,0,3,0.001,2,0.002
1127;1161_0-400m,407;456_0-400m,0,0,0,0,1,0,0,0,1,0,0,0
1127;1161_0-400m,407;456_400-800m,0,0,0,0,2,0,1,0,2,0.001,0,0
1127;1161_0-400m,413;450_0-400m,0,0,1,0,1,0,1,0,1,0,1,0.001
1127;1161_0-400m,413;450_400-800m,1,0.003,0,0,3,0,1,0,3,0.001,1,0.001
1127;1161_0-400m,419;444;420_0-400m,1,0.003,7,0.003,16,0.002,3,0.001,8,0.002,0,0
1127;1161_0-400m,419;444;420_400-800m,1,0.003,3,0.001,3,0,5,0.001,2,0.001,1,0.001
1127;1161_0-400m,417;445_0-400m,0,0,0,0,7,0.001,1,0,3,0.001,0,0
1127;1161_0-400m,417;445_400-800m,0,0,2,0.001,8,0.001,3,0.001,2,0.001,0,0
1127;1161_0-400m,405;457_0-400m,0,0,3,0.001,7,0.001,2,0,0,0,0,0
1127;1161_0-400m,405;457_400-800m,0,0,0,0,0,0,0,0,0,0,0,0
1127;1161_0-400m,404;459_0-400m,1,0.003,0,0,7,0.001,3,0.001,4,0.001,0,0
1127;1161_0-400m,404;459_400-800m,0,0,4,0.001,8,0.001,1,0,0,0,1,0.001
1127;1161_0-400m,421;442_0-400m,3,0.009,5,0.002,20,0.003,4,0.001,9,0.002,2,0.002
1127;1161_0-400m,421;442_400-800m,0,0,1,0,5,0.001,3,0.001,3,0.001,0,0
1127;1161_0-400m,196;24;1508_0-400m,0,0,10,0.004,21,0.003,7,0.002,3,0.001,1,0.001
1127;1161_0-400m,196;24;1508_400-800m,2,0.006,2,0.001,2,0,0,0,3,0.001,0,0
1127;1161_0-400m,409;453_0-400m,0,0,0,0,2,0,2,0,1,0,0,0
1127;1161_0-400m,409;453_400-800m,0,0,0,0,2,0,2,0,1,0,0,0
1127;1161_0-400m,1503_0-400m,2,0.006,6,0.002,21,0.003,10,0.002,10,0.003,3,0.004
1127;1161_0-400m,1503_400-800m,0,0,0,0,1,0,1,0,1,0,0,0
1127;1161_0-400m,1125;1163;1162_0-400m,1,0.003,7,0.003,35,0.004,13,0.003,13,0.003,3,0.004
1127;1161_0-400m,1125;1163;1162_400-800m,0,0,0,0,5,0.001,2,0,1,0,0,0
1127;1161_0-400m,1134;1153_0-400m,0,0,0,0,7,0.001,6,0.001,13,0.003,1,0.001
1127;1161_0-400m,1134;1153_400-800m,1,0.003,2,0.001,19,0.002,15,0.003,5,0.001,0,0
1127;1161_0-400m,21;28;1612_0-400m,4,0.012,9,0.003,16,0.002,4,0.001,6,0.002,1,0.001
1127;1161_0-400m,21;28;1612_400-800m,1,0.003,2,0.001,14,0.002,10,0.002,4,0.001,0,0
1127;1161_0-400m,1131;1158_0-400m,1,0.003,7,0.003,21,0.003,14,0.003,12,0.003,2,0.002
1127;1161_0-400m,1131;1158_400-800m,0,0,4,0.001,20,0.003,11,0.002,13,0.003,3,0.004
1127;1161_0-400m,1135;1152_0-400m,0,0,7,0.003,28,0.004,19,0.004,14,0.004,3,0.004
1127;1161_0-400m,1135;1152_400-800m,0,0,0,0,3,0,2,0,7,0.002,0,0
1127;1161_0-400m,584;604_0-400m,3,0.009,3,0.001,15,0.002,12,0.003,15,0.004,0,0
1127;1161_0-400m,584;604_400-800m,4,0.012,6,0.002,31,0.004,22,0.005,22,0.006,2,0.002
1127;1161_0-400m,1139;1149_0-400m,0,0,8,0.003,24,0.003,14,0.003,16,0.004,9,0.011
1127;1161_0-400m,1139;1149_400-800m,0,0,0,0,1,0,1,0,1,0,0,0
1127;1161_0-400m,1138;1150;1137_0-400m,2,0.006,10,0.004,51,0.006,40,0.009,27,0.007,5,0.006
1127;1161_0-400m,1138;1150;1137_400-800m,0,0,0,0,3,0,2,0,4,0.001,0,0
1127;1161_0-400m,1124;1164_0-400m,1,0.003,12,0.004,76,0.01,30,0.007,35,0.009,3,0.004
1127;1161_0-400m,1124;1164_400-800m,1,0.003,14,0.005,117,0.015,69,0.015,31,0.008,8,0.01
1127;1161_0-400m,343;349_0-400m,0,0,4,0.001,17,0.002,8,0.002,6,0.002,2,0.002
1127;1161_0-400m,343;349_400-800m,0,0,0,0,7,0.001,1,0,6,0.002,0,0
1127;1161_0-400m,1136;1151_0-400m,0,0,5,0.002,30,0.004,11,0.002,18,0.005,0,0
1127;1161_0-400m,1136;1151_400-800m,0,0,2,0.001,9,0.001,2,0,4,0.001,1,0.001
1127;1161_0-400m,342;350_0-400m,1,0.003,3,0.001,23,0.003,23,0.005,17,0.004,5,0.006
1127;1161_0-400m,342;350_400-800m,1,0.003,1,0,5,0.001,7,0.002,2,0.001,1,0.001
1127;1161_0-400m,1141;1147_0-400m,1,0.003,8,0.003,17,0.002,9,0.002,9,0.002,2,0.002
1127;1161_0-400m,1141;1147_400-800m,0,0,0,0,1,0,0,0,0,0,0,0
1127;1161_0-400m,1132;1155;1156_0-400m,0,0,5,0.002,33,0.004,21,0.005,19,0.005,1,0.001
1127;1161_0-400m,1132;1155;1156_400-800m,0,0,2,0.001,6,0.001,4,0.001,2,0.001,2,0.002
1127;1161_0-400m,1133;1154_0-400m,0,0,6,0.002,25,0.003,12,0.003,11,0.003,4,0.005
1127;1161_0-400m,1133;1154_400-800m,0,0,5,0.002,10,0.001,5,0.001,5,0.001,3,0.004
1127;1161_0-400m,1130;1159;1160_0-400m,7,0.021,16,0.006,70,0.009,29,0.006,26,0.007,6,0.007
1127;1161_0-400m,1130;1159;1160_400-800m,0,0,0,0,2,0,1,0,0,0,0,0
1127;1161_0-400m,345;347_0-400m,0,0,3,0.001,12,0.002,5,0.001,6,0.002,2,0.002
1127;1161_0-400m,345;347_400-800m,3,0.009,7,0.003,13,0.002,5,0.001,16,0.004,2,0.002
1127;1161_0-400m,344;348_0-400m,0,0,8,0.003,11,0.001,7,0.002,9,0.002,3,0.004
1127;1161_0-400m,344;348_400-800m,0,0,6,0.002,7,0.001,11,0.002,9,0.002,0,0
1127;1161_0-400m,1140;1148_0-400m,0,0,3,0.001,20,0.003,7,0.002,8,0.002,1,0.001
1127;1161_0-400m,1140;1148_400-800m,0,0,1,0,10,0.001,3,0.001,5,0.001,0,0
1127;1161_0-400m,1127;1161_0-400m,4,0.012,53,0.019,198,0.025,83,0.018,97,0.025,11,0.014
1127;1161_0-400m,1127;1161_400-800m,0,0,1,0,3,0,1,0,0,0,0,0
1127;1161_0-400m,1855_0-400m,1,0.003,4,0.001,28,0.004,19,0.004,18,0.005,0,0
1127;1161_0-400m,1855_400-800m,0,0,0,0,6,0.001,2,0,2,0.001,0,0
1127;1161_0-400m,187;204_0-400m,0,0,1,0,2,0,4,0.001,1,0,2,0.002
1127;1161_0-400m,187;204_400-800m,0,0,0,0,0,0,0,0,0,0,0,0
1127;1161_0-400m,661;674_0-400m,0,0,1,0,0,0,1,0,2,0.001,0,0
1127;1161_0-400m,661;674_400-800m,0,0,0,0,0,0,0,0,1,0,0,0
1127;1161_0-400m,184;207_0-400m,0,0,0,0,0,0,1,0,0,0,0,0
1127;1161_0-400m,184;207_400-800m,1,0.003,0,0,3,0,1,0,0,0,1,0.001
1127;1161_0-400m,657;678_0-400m,0,0,0,0,0,0,0,0,1,0,0,0
1127;1161_0-400m,657;678_400-800m,0,0,0,0,1,0,0,0,0,0,0,0
1127;1161_0-400m,656;679_0-400m,0,0,0,0,3,0,0,0,1,0,0,0
1127;1161_0-400m,656;679_400-800m,0,0,0,0,1,0,0,0,0,0,0,0
1127;1161_0-400m,1383;1461;1384_0-400m,0,0,2,0.001,4,0.001,1,0,3,0.001,1,0.001
1127;1161_0-400m,1383;1461;1384_400-800m,0,0,3,0.001,7,0.001,0,0,1,0,1,0.001
1127;1161_0-400m,665;670_0-400m,0,0,2,0.001,3,0,1,0,0,0,0,0
1127;1161_0-400m,665;670_400-800m,0,0,0,0,3,0,1,0,3,0.001,0,0
1127;1161_0-400m,659;676;675_0-400m,0,0,1,0,3,0,1,0,0,0,1,0.001
1127;1161_0-400m,659;676;675_400-800m,1,0.003,0,0,0,0,0,0,1,0,0,0
1127;1161_0-400m,664;671_0-400m,0,0,2,0.001,2,0,3,0.001,0,0,0,0
1127;1161_0-400m,664;671_400-800m,0,0,1,0,4,0.001,2,0,2,0.001,0,0
1127;1161_0-400m,185;206_0-400m,0,0,0,0,1,0,1,0,2,0.001,1,0.001
1127;1161_0-400m,185;206_400-800m,0,0,0,0,0,0,1,0,0,0,0,0
1127;1161_0-400m,662;673_0-400m,0,0,7,0.003,2,0,1,0,0,0,0,0
1127;1161_0-400m,662;673_400-800m,1,0.003,2,0.001,3,0,2,0,0,0,0,0
1127;1161_0-400m,1385;1459_0-400m,0,0,1,0,13,0.002,8,0.002,2,0.001,0,0
1127;1161_0-400m,1385;1459_400-800m,0,0,0,0,0,0,1,0,0,0,0,0
1127;1161_0-400m,658;677_0-400m,0,0,0,0,0,0,0,0,2,0.001,0,0
1127;1161_0-400m,658;677_400-800m,0,0,0,0,0,0,0,0,0,0,0,0
1127;1161_0-400m,663;672_0-400m,1,0.003,2,0.001,4,0.001,2,0,1,0,0,0
1127;1161_0-400m,663;672_400-800m,0,0,0,0,2,0,1,0,0,0,0,0
1127;1161_0-400m,183;209_0-400m,0,0,3,0.001,6,0.001,2,0,1,0,0,0
1127;1161_0-400m,183;209_400-800m,0,0,2,0.001,0,0,0,0,1,0,0,0
1127;1161_0-400m,186;205_0-400m,1,0.003,0,0,1,0,1,0,3,0.001,0,0
1127;1161_0-400m,186;205_400-800m,0,0,2,0.001,0,0,0,0,0,0,0,0
1127;1161_0-400m,188;203_0-400m,0,0,3,0.001,3,0,5,0.001,3,0.001,3,0.004
1127;1161_0-400m,188;203_400-800m,0,0,4,0.001,3,0,1,0,2,0.001,5,0.006
1127;1161_0-400m,388;823_0-400m,3,0.009,3,0.001,20,0.003,11,0.002,8,0.002,1,0.001
1127;1161_0-400m,388;823_400-800m,0,0,1,0,6,0.001,1,0,0,0,1,0.001
1127;1161_0-400m,1386;95_0-400m,0,0,8,0.003,10,0.001,2,0,3,0.001,0,0
1127;1161_0-400m,1386;95_400-800m,0,0,0,0,2,0,1,0,1,0,0,0
1127;1161_0-400m,Orange_0-400m,2,0.006,9,0.003,30,0.004,15,0.003,16,0.004,0,0
1127;1161_0-400m,Blue_0-400m,3,0.009,28,0.01,106,0.013,54,0.012,44,0.011,4,0.005
1127;1161_0-400m,Green_0-400m,0,0,5,0.002,14,0.002,7,0.002,11,0.003,0,0
1127;1161_0-400m,Orange_400-800m,0,0,3,0.001,13,0.002,3,0.001,5,0.001,1,0.001
1127;1161_0-400m,Blue_400-800m,1,0.003,36,0.013,104,0.013,69,0.015,58,0.015,9,0.011
1127;1161_0-400m,Green_400-800m,0,0,1,0,9,0.001,2,0,3,0.001,1,0.001
1127;1161_0-400m,External,93,0.283,772,0.284,1775,0.225,811,0.178,689,0.176,113,0.141
1127;1161_400-800m,415;448_0-400m,0,0,0,0,2,0,0,0,0,0,0,0
1127;1161_400-800m,415;448_400-800m,0,0,0,0,0,0,0,0,0,0,0,0
1127;1161_400-800m,408;455_0-400m,0,0,0,0,0,0,0,0,0,0,0,0
1127;1161_400-800m,408;455_400-800m,0,0,0,0,0,0,0,0,0,0,0,0
1127;1161_400-800m,412;451_0-400m,0,0,0,0,0,0,0,0,0,0,0,0
1127;1161_400-800m,412;451_400-800m,0,0,0,0,1,0,0,0,0,0,0,0
1127;1161_400-800m,416;447_0-400m,0,0,0,0,0,0,0,0,0,0,0,0
1127;1161_400-800m,416;447_400-800m,0,0,0,0,0,0,0,0,0,0,0,0
1127;1161_400-800m,410;452_0-400m,0,0,0,0,0,0,0,0,0,0,0,0
1127;1161_400-800m,410;452_400-800m,0,0,0,0,0,0,0,0,0,0,0,0
1127;1161_400-800m,414;449_0-400m,0,0,0,0,0,0,0,0,0,0,0,0
1127;1161_400-800m,414;449_400-800m,0,0,0,0,0,0,0,0,0,0,0,0
1127;1161_400-800m,407;456_0-400m,0,0,0,0,0,0,0,0,0,0,0,0
1127;1161_400-800m,407;456_400-800m,0,0,0,0,0,0,0,0,0,0,0,0
1127;1161_400-800m,413;450_0-400m,0,0,0,0,0,0,0,0,1,0,0,0
1127;1161_400-800m,413;450_400-800m,0,0,0,0,0,0,0,0,0,0,0,0
1127;1161_400-800m,419;444;420_0-400m,0,0,0,0,1,0,1,0,0,0,0,0
1127;1161_400-800m,419;444;420_400-800m,0,0,0,0,0,0,0,0,0,0,0,0
1127;1161_400-800m,417;445_0-400m,0,0,0,0,0,0,0,0,0,0,0,0
1127;1161_400-800m,417;445_400-800m,0,0,0,0,1,0,0,0,0,0,0,0
1127;1161_400-800m,405;457_0-400m,0,0,1,0,0,0,0,0,0,0,0,0
1127;1161_400-800m,405;457_400-800m,0,0,0,0,0,0,0,0,0,0,0,0
1127;1161_400-800m,404;459_0-400m,0,0,2,0.001,0,0,0,0,1,0,0,0
1127;1161_400-800m,404;459_400-800m,0,0,0,0,0,0,0,0,0,0,0,0
1127;1161_400-800m,421;442_0-400m,0,0,0,0,0,0,0,0,0,0,0,0
1127;1161_400-800m,421;442_400-800m,0,0,0,0,0,0,0,0,1,0,0,0
1127;1161_400-800m,196;24;1508_0-400m,0,0,0,0,1,0,0,0,0,0,0,0
1127;1161_400-800m,196;24;1508_400-800m,0,0,0,0,0,0,0,0,0,0,0,0
1127;1161_400-800m,409;453_0-400m,0,0,0,0,0,0,0,0,0,0,0,0
1127;1161_400-800m,409;453_400-800m,0,0,0,0,0,0,0,0,0,0,0,0
1127;1161_400-800m,1503_0-400m,1,0.003,0,0,1,0,0,0,4,0.001,0,0
1127;1161_400-800m,1503_400-800m,0,0,0,0,0,0,0,0,0,0,0,0
1127;1161_400-800m,1125;1163;1162_0-400m,0,0,0,0,1,0,0,0,0,0,0,0
1127;1161_400-800m,1125;1163;1162_400-800m,0,0,0,0,0,0,0,0,0,0,0,0
1127;1161_400-800m,1134;1153_0-400m,0,0,0,0,1,0,1,0,0,0,0,0
1127;1161_400-800m,1134;1153_400-800m,0,0,0,0,1,0,2,0,0,0,0,0
1127;1161_400-800m,21;28;1612_0-400m,0,0,0,0,0,0,0,0,0,0,0,0
1127;1161_400-800m,21;28;1612_400-800m,0,0,0,0,1,0,0,0,0,0,0,0
1127;1161_400-800m,1131;1158_0-400m,0,0,0,0,4,0.001,1,0,3,0.001,0,0
1127;1161_400-800m,1131;1158_400-800m,0,0,0,0,0,0,0,0,0,0,0,0
1127;1161_400-800m,1135;1152_0-400m,0,0,1,0,1,0,0,0,4,0.001,0,0
1127;1161_400-800m,1135;1152_400-800m,0,0,0,0,0,0,0,0,0,0,0,0
1127;1161_400-800m,584;604_0-400m,0,0,0,0,1,0,0,0,0,0,0,0
1127;1161_400-800m,584;604_400-800m,0,0,0,0,0,0,0,0,0,0,0,0
1127;1161_400-800m,1139;1149_0-400m,0,0,1,0,1,0,0,0,1,0,0,0
1127;1161_400-800m,1139;1149_400-800m,0,0,0,0,0,0,0,0,0,0,0,0
1127;1161_400-800m,1138;1150;1137_0-400m,0,0,0,0,5,0.001,2,0,2,0.001,0,0
1127;1161_400-800m,1138;1150;1137_400-800m,0,0,0,0,0,0,0,0,0,0,0,0
1127;1161_400-800m,1124;1164_0-400m,0,0,1,0,0,0,2,0,2,0.001,0,0
1127;1161_400-800m,1124;1164_400-800m,0,0,2,0.001,0,0,3,0.001,1,0,0,0
1127;1161_400-800m,343;349_0-400m,0,0,2,0.001,1,0,0,0,1,0,0,0
1127;1161_400-800m,343;349_400-800m,0,0,0,0,0,0,0,0,0,0,0,0
1127;1161_400-800m,1136;1151_0-400m,0,0,1,0,0,0,0,0,1,0,0,0
1127;1161_400-800m,1136;1151_400-800m,0,0,0,0,0,0,0,0,0,0,0,0
1127;1161_400-800m,342;350_0-400m,0,0,0,0,1,0,1,0,0,0,0,0
1127;1161_400-800m,342;350_400-800m,0,0,0,0,0,0,0,0,0,0,0,0
1127;1161_400-800m,1141;1147_0-400m,0,0,1,0,0,0,1,0,1,0,0,0
1127;1161_400-800m,1141;1147_400-800m,0,0,1,0,0,0,0,0,0,0,0,0
1127;1161_400-800m,1132;1155;1156_0-400m,0,0,0,0,0,0,1,0,1,0,0,0
1127;1161_400-800m,1132;1155;1156_400-800m,0,0,0,0,0,0,0,0,0,0,0,0
1127;1161_400-800m,1133;1154_0-400m,0,0,1,0,0,0,0,0,0,0,0,0
1127;1161_400-800m,1133;1154_400-800m,0,0,0,0,0,0,0,0,0,0,0,0
1127;1161_400-800m,1130;1159;1160_0-400m,1,0.003,0,0,2,0,2,0,0,0,0,0
1127;1161_400-800m,1130;1159;1160_400-800m,0,0,0,0,0,0,0,0,0,0,0,0
1127;1161_400-800m,345;347_0-400m,0,0,1,0,0,0,0,0,0,0,0,0
1127;1161_400-800m,345;347_400-800m,0,0,0,0,1,0,0,0,1,0,0,0
1127;1161_400-800m,344;348_0-400m,0,0,0,0,0,0,0,0,0,0,0,0
1127;1161_400-800m,344;348_400-800m,0,0,0,0,0,0,0,0,1,0,0,0
1127;1161_400-800m,1140;1148_0-400m,0,0,0,0,1,0,1,0,1,0,0,0
1127;1161_400-800m,1140;1148_400-800m,0,0,0,0,1,0,0,0,0,0,0,0
1127;1161_400-800m,1127;1161_0-400m,0,0,2,0.001,6,0.001,4,0.001,1,0,0,0
1127;1161_400-800m,1127;1161_400-800m,0,0,1,0,0,0,1,0,4,0.001,0,0
1127;1161_400-800m,1855_0-400m,0,0,0,0,1,0,0,0,2,0.001,0,0
1127;1161_400-800m,1855_400-800m,0,0,0,0,0,0,0,0,0,0,0,0
1127;1161_400-800m,187;204_0-400m,0,0,0,0,0,0,0,0,1,0,0,0
1127;1161_400-800m,187;204_400-800m,0,0,0,0,0,0,0,0,0,0,0,0
1127;1161_400-800m,661;674_0-400m,0,0,0,0,0,0,0,0,0,0,0,0
1127;1161_400-800m,661;674_400-800m,0,0,0,0,0,0,0,0,0,0,0,0
1127;1161_400-800m,184;207_0-400m,0,0,0,0,0,0,0,0,0,0,0,0
1127;1161_400-800m,184;207_400-800m,0,0,0,0,0,0,0,0,0,0,0,0
1127;1161_400-800m,657;678_0-400m,0,0,0,0,0,0,0,0,0,0,0,0
1127;1161_400-800m,657;678_400-800m,0,0,0,0,0,0,0,0,0,0,0,0
1127;1161_400-800m,656;679_0-400m,0,0,0,0,0,0,0,0,0,0,0,0
1127;1161_400-800m,656;679_400-800m,0,0,0,0,0,0,0,0,0,0,0,0
1127;1161_400-800m,1383;1461;1384_0-400m,0,0,3,0.001,0,0,0,0,0,0,0,0
1127;1161_400-800m,1383;1461;1384_400-800m,0,0,0,0,0,0,1,0,0,0,0,0
1127;1161_400-800m,665;670_0-400m,0,0,0,0,0,0,0,0,0,0,0,0
1127;1161_400-800m,665;670_400-800m,0,0,0,0,0,0,0,0,0,0,0,0
1127;1161_400-800m,659;676;675_0-400m,0,0,0,0,0,0,0,0,0,0,0,0
1127;1161_400-800m,659;676;675_400-800m,0,0,0,0,0,0,0,0,0,0,0,0
1127;1161_400-800m,664;671_0-400m,0,0,0,0,0,0,0,0,0,0,0,0
1127;1161_400-800m,664;671_400-800m,0,0,0,0,0,0,0,0,0,0,0,0
1127;1161_400-800m,185;206_0-400m,0,0,0,0,0,0,0,0,0,0,0,0
1127;1161_400-800m,185;206_400-800m,0,0,0,0,0,0,0,0,0,0,0,0
1127;1161_400-800m,662;673_0-400m,0,0,0,0,0,0,0,0,0,0,0,0
1127;1161_400-800m,662;673_400-800m,0,0,0,0,2,0,0,0,0,0,0,0
1127;1161_400-800m,1385;1459_0-400m,0,0,1,0,2,0,0,0,0,0,1,0.001
1127;1161_400-800m,1385;1459_400-800m,0,0,0,0,0,0,0,0,0,0,0,0
1127;1161_400-800m,658;677_0-400m,0,0,0,0,0,0,0,0,0,0,0,0
1127;1161_400-800m,658;677_400-800m,0,0,0,0,0,0,0,0,0,0,0,0
1127;1161_400-800m,663;672_0-400m,0,0,0,0,0,0,0,0,0,0,0,0
1127;1161_400-800m,663;672_400-800m,0,0,0,0,0,0,0,0,0,0,0,0
1127;1161_400-800m,183;209_0-400m,0,0,0,0,0,0,0,0,0,0,0,0
1127;1161_400-800m,183;209_400-800m,0,0,0,0,0,0,0,0,0,0,0,0
1127;1161_400-800m,186;205_0-400m,0,0,0,0,0,0,0,0,0,0,0,0
1127;1161_400-800m,186;205_400-800m,0,0,0,0,0,0,0,0,0,0,0,0
1127;1161_400-800m,188;203_0-400m,0,0,1,0,0,0,0,0,0,0,0,0
1127;1161_400-800m,188;203_400-800m,0,0,1,0,0,0,0,0,0,0,0,0
1127;1161_400-800m,388;823_0-400m,0,0,0,0,0,0,0,0,0,0,0,0
1127;1161_400-800m,388;823_400-800m,0,0,0,0,0,0,0,0,0,0,0,0
1127;1161_400-800m,1386;95_0-400m,0,0,1,0,0,0,0,0,0,0,0,0
1127;1161_400-800m,1386;95_400-800m,0,0,0,0,0,0,0,0,0,0,0,0
1127;1161_400-800m,Orange_0-400m,0,0,2,0.001,0,0,2,0,1,0,0,0
1127;1161_400-800m,Blue_0-400m,0,0,6,0.002,2,0,4,0.001,2,0.001,0,0
1127;1161_400-800m,Green_0-400m,0,0,0,0,0,0,0,0,0,0,1,0.001
1127;1161_400-800m,Orange_400-800m,0,0,0,0,0,0,0,0,0,0,0,0
1127;1161_400-800m,Blue_400-800m,0,0,3,0.001,2,0,3,0.001,0,0,0,0
1127;1161_400-800m,Green_400-800m,0,0,1,0,0,0,0,0,0,0,0,0
1127;1161_400-800m,External,9,0.027,70,0.026,88,0.011,55,0.012,36,0.009,6,0.007
1855_0-400m,415;448_0-400m,0,0,0,0,1,0,1,0,0,0,0,0
1855_0-400m,415;448_400-800m,0,0,0,0,1,0,0,0,0,0,0,0
1855_0-400m,408;455_0-400m,0,0,0,0,0,0,1,0,1,0,0,0
1855_0-400m,408;455_400-800m,0,0,0,0,1,0,0,0,2,0.001,0,0
1855_0-400m,412;451_0-400m,0,0,0,0,0,0,1,0,0,0,0,0
1855_0-400m,412;451_400-800m,0,0,0,0,2,0,0,0,0,0,0,0
1855_0-400m,416;447_0-400m,0,0,0,0,1,0,1,0,0,0,0,0
1855_0-400m,416;447_400-800m,0,0,0,0,0,0,0,0,1,0,0,0
1855_0-400m,410;452_0-400m,0,0,0,0,0,0,0,0,0,0,0,0
1855_0-400m,410;452_400-800m,0,0,0,0,0,0,1,0,2,0.001,0,0
1855_0-400m,414;449_0-400m,0,0,0,0,0,0,1,0,0,0,0,0
1855_0-400m,414;449_400-800m,0,0,0,0,1,0,1,0,2,0.001,0,0
1855_0-400m,407;456_0-400m,0,0,0,0,0,0,0,0,0,0,0,0
1855_0-400m,407;456_400-800m,0,0,0,0,0,0,1,0,0,0,0,0
1855_0-400m,413;450_0-400m,0,0,0,0,1,0,1,0,1,0,0,0
1855_0-400m,413;450_400-800m,0,0,0,0,0,0,1,0,1,0,0,0
1855_0-400m,419;444;420_0-400m,0,0,1,0,3,0,3,0.001,3,0.001,1,0.001
1855_0-400m,419;444;420_400-800m,0,0,0,0,1,0,1,0,0,0,0,0
1855_0-400m,417;445_0-400m,0,0,0,0,2,0,0,0,0,0,0,0
1855_0-400m,417;445_400-800m,0,0,1,0,0,0,1,0,0,0,0,0
1855_0-400m,405;457_0-400m,0,0,2,0.001,3,0,2,0,0,0,0,0
1855_0-400m,405;457_400-800m,0,0,0,0,0,0,0,0,1,0,0,0
1855_0-400m,404;459_0-400m,0,0,0,0,1,0,0,0,1,0,0,0
1855_0-400m,404;459_400-800m,0,0,0,0,3,0,0,0,1,0,0,0
1855_0-400m,421;442_0-400m,0,0,0,0,2,0,5,0.001,0,0,0,0
1855_0-400m,421;442_400-800m,0,0,0,0,2,0,1,0,1,0,0,0
1855_0-400m,196;24;1508_0-400m,0,0,1,0,6,0.001,6,0.001,3,0.001,0,0
1855_0-400m,196;24;1508_400-800m,0,0,0,0,0,0,2,0,1,0,0,0
1855_0-400m,409;453_0-400m,0,0,0,0,0,0,1,0,2,0.001,0,0
1855_0-400m,409;453_400-800m,0,0,0,0,0,0,0,0,0,0,1,0.001
1855_0-400m,1503_0-400m,0,0,0,0,7,0.001,2,0,5,0.001,2,0.002
1855_0-400m,1503_400-800m,0,0,0,0,0,0,0,0,0,0,0,0
1855_0-400m,1125;1163;1162_0-400m,0,0,3,0.001,11,0.001,5,0.001,5,0.001,2,0.002
1855_0-400m,1125;1163;1162_400-800m,0,0,1,0,1,0,1,0,0,0,0,0
1855_0-400m,1134;1153_0-400m,0,0,1,0,6,0.001,5,0.001,4,0.001,0,0
1855_0-400m,1134;1153_400-800m,0,0,1,0,7,0.001,0,0,1,0,0,0
1855_0-400m,21;28;1612_0-400m,0,0,1,0,5,0.001,1,0,2,0.001,0,0
1855_0-400m,21;28;1612_400-800m,0,0,0,0,4,0.001,3,0.001,2,0.001,0,0
1855_0-400m,1131;1158_0-400m,0,0,0,0,12,0.002,8,0.002,5,0.001,2,0.002
1855_0-400m,1131;1158_400-800m,0,0,1,0,12,0.002,8,0.002,14,0.004,4,0.005
1855_0-400m,1135;1152_0-400m,1,0.003,2,0.001,13,0.002,9,0.002,9,0.002,0,0
1855_0-400m,1135;1152_400-800m,0,0,0,0,3,0,0,0,3,0.001,0,0
1855_0-400m,584;604_0-400m,0,0,0,0,9,0.001,5,0.001,5,0.001,1,0.001
1855_0-400m,584;604_400-800m,0,0,0,0,5,0.001,5,0.001,7,0.002,0,0
1855_0-400m,1139;1149_0-400m,0,0,1,0,10,0.001,7,0.002,13,0.003,1,0.001
1855_0-400m,1139;1149_400-800m,0,0,0,0,1,0,2,0,2,0.001,0,0
1855_0-400m,1138;1150;1137_0-400m,1,0.003,1,0,36,0.005,12,0.003,17,0.004,0,0
1855_0-400m,1138;1150;1137_400-800m,0,0,0,0,1,0,3,0.001,2,0.001,0,0
1855_0-400m,1124;1164_0-400m,0,0,1,0,30,0.004,22,0.005,25,0.006,2,0.002
1855_0-400m,1124;1164_400-800m,0,0,0,0,28,0.004,19,0.004,21,0.005,0,0
1855_0-400m,343;349_0-400m,0,0,1,0,4,0.001,1,0,3,0.001,2,0.002
1855_0-400m,343;349_400-800m,0,0,2,0.001,4,0.001,1,0,0,0,0,0
1855_0-400m,1136;1151_0-400m,0,0,2,0.001,17,0.002,8,0.002,13,0.003,2,0.002
1855_0-400m,1136;1151_400-800m,0,0,1,0,4,0.001,1,0,5,0.001,0,0
1855_0-400m,342;350_0-400m,0,0,2,0.001,10,0.001,8,0.002,8,0.002,0,0
1855_0-400m,342;350_400-800m,0,0,0,0,5,0.001,7,0.002,5,0.001,1,0.001
1855_0-400m,1141;1147_0-400m,0,0,0,0,10,0.001,15,0.003,13,0.003,0,0
1855_0-400m,1141;1147_400-800m,0,0,0,0,1,0,1,0,1,0,0,0
1855_0-400m,1132;1155;1156_0-400m,0,0,3,0.001,15,0.002,12,0.003,14,0.004,0,0
1855_0-400m,1132;1155;1156_400-800m,0,0,0,0,6,0.001,9,0.002,4,0.001,0,0
1855_0-400m,1133;1154_0-400m,0,0,1,0,12,0.002,6,0.001,14,0.004,0,0
1855_0-400m,1133;1154_400-800m,0,0,0,0,7,0.001,4,0.001,2,0.001,0,0
1855_0-400m,1130;1159;1160_0-400m,0,0,2,0.001,40,0.005,20,0.004,17,0.004,1,0.001
1855_0-400m,1130;1159;1160_400-800m,0,0,0,0,2,0,1,0,3,0.001,0,0
1855_0-400m,345;347_0-400m,0,0,0,0,4,0.001,3,0.001,2,0.001,1,0.001
1855_0-400m,345;347_400-800m,0,0,0,0,6,0.001,5,0.001,6,0.002,0,0
1855_0-400m,344;348_0-400m,0,0,1,0,7,0.001,4,0.001,1,0,0,0
1855_0-400m,344;348_400-800m,0,0,0,0,5,0.001,5,0.001,1,0,0,0
1855_0-400m,1140;1148_0-400m,0,0,1,0,9,0.001,6,0.001,6,0.002,0,0
1855_0-400m,1140;1148_400-800m,0,0,0,0,8,0.001,5,0.001,6,0.002,0,0
1855_0-400m,1127;1161_0-400m,0,0,3,0.001,46,0.006,17,0.004,18,0.005,2,0.002
1855_0-400m,1127;1161_400-800m,0,0,0,0,1,0,1,0,0,0,0,0
1855_0-400m,1855_0-400m,1,0.003,3,0.001,18,0.002,14,0.003,12,0.003,2,0.002
1855_0-400m,1855_400-800m,0,0,0,0,2,0,1,0,0,0,0,0
1855_0-400m,187;204_0-400m,0,0,0,0,1,0,2,0,3,0.001,0,0
1855_0-400m,187;204_400-800m,0,0,0,0,0,0,0,0,0,0,0,0
1855_0-400m,661;674_0-400m,0,0,0,0,1,0,0,0,1,0,0,0
1855_0-400m,661;674_400-800m,0,0,0,0,0,0,0,0,0,0,0,0
1855_0-400m,184;207_0-400m,0,0,0,0,0,0,0,0,0,0,0,0
1855_0-400m,184;207_400-800m,0,0,0,0,0,0,0,0,0,0,0,0
1855_0-400m,657;678_0-400m,0,0,0,0,1,0,1,0,0,0,0,0
1855_0-400m,657;678_400-800m,0,0,0,0,0,0,0,0,0,0,0,0
1855_0-400m,656;679_0-400m,0,0,0,0,1,0,0,0,0,0,0,0
1855_0-400m,656;679_400-800m,0,0,0,0,0,0,0,0,0,0,0,0
1855_0-400m,1383;1461;1384_0-400m,0,0,0,0,1,0,0,0,0,0,0,0
1855_0-400m,1383;1461;1384_400-800m,0,0,0,0,3,0,0,0,1,0,1,0.001
1855_0-400m,665;670_0-400m,0,0,0,0,2,0,0,0,0,0,0,0
1855_0-400m,665;670_400-800m,0,0,0,0,0,0,1,0,1,0,0,0
1855_0-400m,659;676;675_0-400m,0,0,0,0,1,0,1,0,0,0,0,0
1855_0-400m,659;676;675_400-800m,0,0,0,0,0,0,0,0,0,0,0,0
1855_0-400m,664;671_0-400m,0,0,0,0,1,0,1,0,1,0,0,0
1855_0-400m,664;671_400-800m,0,0,0,0,0,0,0,0,2,0.001,0,0
1855_0-400m,185;206_0-400m,0,0,0,0,1,0,0,0,2,0.001,0,0
1855_0-400m,185;206_400-800m,0,0,0,0,0,0,0,0,1,0,0,0
1855_0-400m,662;673_0-400m,0,0,1,0,0,0,1,0,0,0,0,0
1855_0-400m,662;673_400-800m,0,0,0,0,0,0,0,0,1,0,0,0
1855_0-400m,1385;1459_0-400m,0,0,1,0,2,0,1,0,1,0,0,0
1855_0-400m,1385;1459_400-800m,0,0,0,0,0,0,1,0,2,0.001,0,0
1855_0-400m,658;677_0-400m,0,0,1,0,0,0,0,0,0,0,0,0
1855_0-400m,658;677_400-800m,0,0,0,0,1,0,0,0,0,0,0,0
1855_0-400m,663;672_0-400m,0,0,0,0,1,0,0,0,2,0.001,0,0
1855_0-400m,663;672_400-800m,0,0,0,0,1,0,0,0,0,0,0,0
1855_0-400m,183;209_0-400m,0,0,0,0,0,0,0,0,0,0,0,0
1855_0-400m,183;209_400-800m,0,0,0,0,0,0,0,0,1,0,0,0
1855_0-400m,186;205_0-400m,0,0,0,0,2,0,2,0,0,0,0,0
1855_0-400m,186;205_400-800m,0,0,0,0,0,0,0,0,0,0,0,0
1855_0-400m,188;203_0-400m,0,0,0,0,1,0,0,0,0,0,1,0.001
1855_0-400m,188;203_400-800m,0,0,0,0,0,0,0,0,0,0,0,0
1855_0-400m,388;823_0-400m,0,0,0,0,11,0.001,10,0.002,6,0.002,0,0
1855_0-400m,388;823_400-800m,0,0,0,0,3,0,1,0,0,0,0,0
1855_0-400m,1386;95_0-400m,0,0,0,0,1,0,4,0.001,1,0,0,0
1855_0-400m,1386;95_400-800m,0,0,0,0,1,0,1,0,0,0,0,0
1855_0-400m,Orange_0-400m,0,0,1,0,4,0.001,5,0.001,4,0.001,0,0
1855_0-400m,Blue_0-400m,0,0,6,0.002,41,0.005,19,0.004,24,0.006,2,0.002
1855_0-400m,Green_0-400m,0,0,0,0,5,0.001,3,0.001,3,0.001,0,0
1855_0-400m,Orange_400-800m,0,0,0,0,7,0.001,5,0.001,2,0.001,0,0
1855_0-400m,Blue_400-800m,0,0,2,0.001,47,0.006,36,0.008,26,0.007,1,0.001
1855_0-400m,Green_400-800m,0,0,0,0,1,0,1,0,0,0,0,0
1855_0-400m,External,2,0.006,41,0.015,483,0.061,262,0.058,221,0.056,14,0.017
1855_400-800m,415;448_0-400m,0,0,0,0,1,0,0,0,0,0,0,0
1855_400-800m,415;448_400-800m,0,0,0,0,0,0,0,0,0,0,0,0
1855_400-800m,408;455_0-400m,0,0,1,0,0,0,0,0,0,0,0,0
1855_400-800m,408;455_400-800m,0,0,0,0,0,0,0,0,0,0,0,0
1855_400-800m,412;451_0-400m,0,0,0,0,0,0,0,0,0,0,0,0
1855_400-800m,412;451_400-800m,0,0,0,0,1,0,0,0,0,0,0,0
1855_400-800m,416;447_0-400m,0,0,0,0,0,0,0,0,0,0,0,0
1855_400-800m,416;447_400-800m,0,0,0,0,1,0,0,0,1,0,0,0
1855_400-800m,410;452_0-400m,0,0,0,0,0,0,0,0,0,0,0,0
1855_400-800m,410;452_400-800m,0,0,0,0,0,0,0,0,0,0,0,0
1855_400-800m,414;449_0-400m,0,0,0,0,0,0,2,0,0,0,0,0
1855_400-800m,414;449_400-800m,0,0,0,0,0,0,0,0,1,0,0,0
1855_400-800m,407;456_0-400m,0,0,0,0,0,0,0,0,0,0,0,0
1855_400-800m,407;456_400-800m,0,0,0,0,0,0,0,0,0,0,0,0
1855_400-800m,413;450_0-400m,0,0,0,0,0,0,0,0,0,0,0,0
1855_400-800m,413;450_400-800m,0,0,0,0,0,0,0,0,0,0,0,0
1855_400-800m,419;444;420_0-400m,0,0,1,0,1,0,0,0,1,0,0,0
1855_400-800m,419;444;420_400-800m,0,0,0,0,0,0,0,0,0,0,0,0
1855_400-800m,417;445_0-400m,0,0,1,0,0,0,0,0,0,0,0,0
1855_400-800m,417;445_400-800m,0,0,0,0,2,0,0,0,0,0,0,0
1855_400-800m,405;457_0-400m,0,0,0,0,0,0,0,0,1,0,0,0
1855_400-800m,405;457_400-800m,0,0,0,0,0,0,0,0,0,0,0,0
1855_400-800m,404;459_0-400m,0,0,0,0,3,0,0,0,1,0,0,0
1855_400-800m,404;459_400-800m,0,0,0,0,0,0,0,0,0,0,0,0
1855_400-800m,421;442_0-400m,0,0,0,0,1,0,2,0,0,0,0,0
1855_400-800m,421;442_400-800m,0,0,0,0,0,0,0,0,0,0,0,0
1855_400-800m,196;24;1508_0-400m,0,0,0,0,0,0,2,0,0,0,0,0
1855_400-800m,196;24;1508_400-800m,0,0,1,0,1,0,0,0,0,0,0,0
1855_400-800m,409;453_0-400m,0,0,0,0,0,0,0,0,0,0,0,0
1855_400-800m,409;453_400-800m,0,0,0,0,0,0,0,0,0,0,0,0
1855_400-800m,1503_0-400m,0,0,1,0,4,0.001,1,0,3,0.001,0,0
1855_400-800m,1503_400-800m,0,0,0,0,1,0,0,0,0,0,0,0
1855_400-800m,1125;1163;1162_0-400m,0,0,1,0,4,0.001,1,0,1,0,0,0
1855_400-800m,1125;1163;1162_400-800m,0,0,1,0,4,0.001,0,0,1,0,0,0
1855_400-800m,1134;1153_0-400m,0,0,0,0,0,0,0,0,1,0,0,0
1855_400-800m,1134;1153_400-800m,0,0,0,0,0,0,0,0,0,0,0,0
1855_400-800m,21;28;1612_0-400m,0,0,0,0,1,0,0,0,1,0,0,0
1855_400-800m,21;28;1612_400-800m,0,0,0,0,2,0,1,0,0,0,0,0
1855_400-800m,1131;1158_0-400m,0,0,0,0,1,0,0,0,1,0,0,0
1855_400-800m,1131;1158_400-800m,0,0,0,0,1,0,0,0,0,0,0,0
1855_400-800m,1135;1152_0-400m,0,0,0,0,0,0,1,0,0,0,0,0
1855_400-800m,1135;1152_400-800m,0,0,0,0,0,0,0,0,0,0,0,0
1855_400-800m,584;604_0-400m,0,0,0,0,1,0,0,0,0,0,1,0.001
1855_400-800m,584;604_400-800m,0,0,0,0,1,0,0,0,0,0,1,0.001
1855_400-800m,1139;1149_0-400m,0,0,0,0,0,0,1,0,0,0,1,0.001
1855_400-800m,1139;1149_400-800m,0,0,0,0,0,0,0,0,0,0,0,0
1855_400-800m,1138;1150;1137_0-400m,0,0,0,0,0,0,1,0,0,0,0,0
1855_400-800m,1138;1150;1137_400-800m,0,0,0,0,0,0,0,0,0,0,0,0
1855_400-800m,1124;1164_0-400m,0,0,1,0,10,0.001,6,0.001,3,0.001,1,0.001
1855_400-800m,1124;1164_400-800m,0,0,4,0.001,25,0.003,7,0.002,5,0.001,0,0
1855_400-800m,343;349_0-400m,0,0,0,0,0,0,1,0,0,0,0,0
1855_400-800m,343;349_400-800m,0,0,0,0,0,0,0,0,0,0,0,0
1855_400-800m,1136;1151_0-400m,0,0,0,0,0,0,0,0,0,0,0,0
1855_400-800m,1136;1151_400-800m,0,0,0,0,1,0,1,0,0,0,0,0
1855_400-800m,342;350_0-400m,0,0,1,0,1,0,1,0,0,0,0,0
1855_400-800m,342;350_400-800m,0,0,0,0,0,0,0,0,0,0,0,0
1855_400-800m,1141;1147_0-400m,0,0,0,0,0,0,0,0,0,0,2,0.002
1855_400-800m,1141;1147_400-800m,0,0,0,0,0,0,0,0,0,0,0,0
1855_400-800m,1132;1155;1156_0-400m,0,0,0,0,1,0,0,0,2,0.001,0,0
1855_400-800m,1132;1155;1156_400-800m,0,0,0,0,1,0,0,0,1,0,1,0.001
1855_400-800m,1133;1154_0-400m,0,0,0,0,0,0,0,0,0,0,1,0.001
1855_400-800m,1133;1154_400-800m,0,0,0,0,1,0,0,0,0,0,0,0
1855_400-800m,1130;1159;1160_0-400m,0,0,0,0,3,0,1,0,3,0.001,0,0
1855_400-800m,1130;1159;1160_400-800m,0,0,0,0,0,0,0,0,0,0,0,0
1855_400-800m,345;347_0-400m,0,0,0,0,0,0,0,0,0,0,0,0
1855_400-800m,345;347_400-800m,0,0,0,0,1,0,0,0,2,0.001,0,0
1855_400-800m,344;348_0-400m,0,0,0,0,1,0,1,0,0,0,0,0
1855_400-800m,344;348_400-800m,0,0,0,0,0,0,0,0,0,0,0,0
1855_400-800m,1140;1148_0-400m,0,0,1,0,0,0,2,0,1,0,0,0
1855_400-800m,1140;1148_400-800m,0,0,0,0,0,0,3,0.001,1,0,1,0.001
1855_400-800m,1127;1161_0-400m,0,0,1,0,8,0.001,4,0.001,4,0.001,1,0.001
1855_400-800m,1127;1161_400-800m,0,0,0,0,0,0,0,0,1,0,0,0
1855_400-800m,1855_0-400m,0,0,1,0,0,0,0,0,2,0.001,0,0
1855_400-800m,1855_400-800m,0,0,2,0.001,3,0,1,0,8,0.002,1,0.001
1855_400-800m,187;204_0-400m,0,0,0,0,1,0,0,0,0,0,0,0
1855_400-800m,187;204_400-800m,0,0,0,0,0,0,0,0,0,0,0,0
1855_400-800m,661;674_0-400m,0,0,0,0,0,0,0,0,0,0,0,0
1855_400-800m,661;674_400-800m,0,0,0,0,0,0,0,0,0,0,0,0
1855_400-800m,184;207_0-400m,0,0,0,0,0,0,0,0,0,0,0,0
1855_400-800m,184;207_400-800m,0,0,0,0,0,0,0,0,0,0,0,0
1855_400-800m,657;678_0-400m,0,0,0,0,0,0,0,0,0,0,0,0
1855_400-800m,657;678_400-800m,0,0,0,0,1,0,0,0,0,0,0,0
1855_400-800m,656;679_0-400m,0,0,0,0,1,0,0,0,0,0,0,0
1855_400-800m,656;679_400-800m,0,0,0,0,0,0,0,0,0,0,0,0
1855_400-800m,1383;1461;1384_0-400m,0,0,0,0,0,0,0,0,0,0,0,0
1855_400-800m,1383;1461;1384_400-800m,0,0,1,0,0,0,0,0,1,0,0,0
1855_400-800m,665;670_0-400m,0,0,0,0,1,0,0,0,0,0,0,0
1855_400-800m,665;670_400-800m,0,0,3,0.001,2,0,0,0,0,0,0,0
1855_400-800m,659;676;675_0-400m,0,0,0,0,0,0,0,0,0,0,0,0
1855_400-800m,659;676;675_400-800m,0,0,0,0,1,0,0,0,0,0,0,0
1855_400-800m,664;671_0-400m,0,0,0,0,0,0,1,0,0,0,0,0
1855_400-800m,664;671_400-800m,0,0,0,0,0,0,0,0,0,0,0,0
1855_400-800m,185;206_0-400m,0,0,0,0,0,0,0,0,0,0,0,0
1855_400-800m,185;206_400-800m,0,0,0,0,0,0,0,0,0,0,0,0
1855_400-800m,662;673_0-400m,0,0,0,0,1,0,1,0,1,0,0,0
1855_400-800m,662;673_400-800m,1,0.003,1,0,2,0,0,0,1,0,0,0
1855_400-800m,1385;1459_0-400m,0,0,1,0,2,0,0,0,0,0,0,0
1855_400-800m,1385;1459_400-800m,0,0,0,0,1,0,0,0,0,0,0,0
1855_400-800m,658;677_0-400m,0,0,1,0,0,0,0,0,0,0,0,0
1855_400-800m,658;677_400-800m,0,0,0,0,0,0,0,0,0,0,0,0
1855_400-800m,663;672_0-400m,0,0,0,0,1,0,0,0,0,0,0,0
1855_400-800m,663;672_400-800m,0,0,0,0,1,0,0,0,0,0,0,0
1855_400-800m,183;209_0-400m,0,0,0,0,0,0,0,0,0,0,0,0
1855_400-800m,183;209_400-800m,0,0,0,0,0,0,0,0,2,0.001,0,0
1855_400-800m,186;205_0-400m,0,0,0,0,0,0,0,0,0,0,0,0
1855_400-800m,186;205_400-800m,0,0,0,0,0,0,0,0,0,0,0,0
1855_400-800m,188;203_0-400m,0,0,0,0,3,0,1,0,0,0,0,0
1855_400-800m,188;203_400-800m,0,0,1,0,1,0,3,0.001,1,0,0,0
1855_400-800m,388;823_0-400m,0,0,0,0,8,0.001,1,0,2,0.001,0,0
1855_400-800m,388;823_400-800m,0,0,1,0,1,0,1,0,0,0,0,0
1855_400-800m,1386;95_0-400m,0,0,0,0,0,0,3,0.001,0,0,0,0
1855_400-800m,1386;95_400-800m,0,0,0,0,0,0,0,0,1,0,0,0
1855_400-800m,Orange_0-400m,0,0,0,0,3,0,1,0,0,0,1,0.001
1855_400-800m,Blue_0-400m,1,0.003,2,0.001,12,0.002,9,0.002,7,0.002,2,0.002
1855_400-800m,Green_0-400m,0,0,2,0.001,5,0.001,1,0,1,0,0,0
1855_400-800m,Orange_400-800m,0,0,0,0,0,0,1,0,0,0,0,0
1855_400-800m,Blue_400-800m,0,0,3,0.001,12,0.002,9,0.002,11,0.003,0,0
1855_400-800m,Green_400-800m,2,0.006,1,0,5,0.001,1,0,5,0.001,0,0
1855_400-800m,External,18,0.055,137,0.05,275,0.035,131,0.029,125,0.032,21,0.026
187;204_0-400m,415;448_0-400m,0,0,1,0,2,0,3,0.001,2,0.001,0,0
187;204_0-400m,415;448_400-800m,0,0,1,0,2,0,0,0,1,0,0,0
187;204_0-400m,408;455_0-400m,0,0,1,0,4,0.001,1,0,2,0.001,0,0
187;204_0-400m,408;455_400-800m,1,0.003,0,0,1,0,0,0,1,0,0,0
187;204_0-400m,412;451_0-400m,0,0,0,0,1,0,1,0,0,0,0,0
187;204_0-400m,412;451_400-800m,0,0,1,0,1,0,1,0,1,0,2,0.002
187;204_0-400m,416;447_0-400m,0,0,2,0.001,2,0,1,0,1,0,0,0
187;204_0-400m,416;447_400-800m,0,0,0,0,2,0,0,0,1,0,0,0
187;204_0-400m,410;452_0-400m,0,0,0,0,1,0,0,0,1,0,0,0
187;204_0-400m,410;452_400-800m,0,0,1,0,1,0,3,0.001,0,0,0,0
187;204_0-400m,414;449_0-400m,0,0,0,0,3,0,1,0,3,0.001,1,0.001
187;204_0-400m,414;449_400-800m,0,0,0,0,4,0.001,0,0,2,0.001,0,0
187;204_0-400m,407;456_0-400m,0,0,0,0,2,0,2,0,2,0.001,0,0
187;204_0-400m,407;456_400-800m,0,0,0,0,3,0,7,0.002,2,0.001,1,0.001
187;204_0-400m,413;450_0-400m,1,0.003,0,0,4,0.001,2,0,0,0,0,0
187;204_0-400m,413;450_400-800m,1,0.003,1,0,2,0,1,0,3,0.001,2,0.002
187;204_0-400m,419;444;420_0-400m,0,0,0,0,7,0.001,12,0.003,7,0.002,2,0.002
187;204_0-400m,419;444;420_400-800m,0,0,0,0,4,0.001,5,0.001,3,0.001,0,0
187;204_0-400m,417;445_0-400m,0,0,3,0.001,2,0,4,0.001,1,0,1,0.001
187;204_0-400m,417;445_400-800m,0,0,1,0,3,0,3,0.001,3,0.001,1,0.001
187;204_0-400m,405;457_0-400m,0,0,0,0,5,0.001,3,0.001,1,0,1,0.001
187;204_0-400m,405;457_400-800m,0,0,0,0,1,0,0,0,0,0,1,0.001
187;204_0-400m,404;459_0-400m,0,0,1,0,9,0.001,5,0.001,3,0.001,0,0
187;204_0-400m,404;459_400-800m,0,0,1,0,7,0.001,4,0.001,2,0.001,1,0.001
187;204_0-400m,421;442_0-400m,2,0.006,10,0.004,13,0.002,9,0.002,5,0.001,0,0
187;204_0-400m,421;442_400-800m,0,0,2,0.001,2,0,6,0.001,0,0,1,0.001
187;204_0-400m,196;24;1508_0-400m,2,0.006,6,0.002,14,0.002,9,0.002,5,0.001,3,0.004
187;204_0-400m,196;24;1508_400-800m,0,0,3,0.001,2,0,4,0.001,2,0.001,1,0.001
187;204_0-400m,409;453_0-400m,0,0,0,0,3,0,0,0,1,0,1,0.001
187;204_0-400m,409;453_400-800m,1,0.003,0,0,2,0,2,0,1,0,0,0
187;204_0-400m,1503_0-400m,5,0.015,4,0.001,21,0.003,12,0.003,6,0.002,3,0.004
187;204_0-400m,1503_400-800m,0,0,0,0,1,0,0,0,1,0,0,0
187;204_0-400m,1125;1163;1162_0-400m,0,0,0,0,1,0,0,0,0,0,0,0
187;204_0-400m,1125;1163;1162_400-800m,0,0,0,0,0,0,0,0,0,0,0,0
187;204_0-400m,1134;1153_0-400m,0,0,0,0,1,0,0,0,1,0,0,0
187;204_0-400m,1134;1153_400-800m,0,0,0,0,0,0,2,0,0,0,1,0.001
187;204_0-400m,21;28;1612_0-400m,0,0,7,0.003,14,0.002,16,0.004,12,0.003,3,0.004
187;204_0-400m,21;28;1612_400-800m,0,0,1,0,12,0.002,3,0.001,4,0.001,1,0.001
187;204_0-400m,1131;1158_0-400m,1,0.003,1,0,4,0.001,0,0,1,0,1,0.001
187;204_0-400m,1131;1158_400-800m,0,0,0,0,0,0,0,0,0,0,0,0
187;204_0-400m,1135;1152_0-400m,0,0,0,0,5,0.001,0,0,2,0.001,0,0
187;204_0-400m,1135;1152_400-800m,0,0,0,0,0,0,0,0,0,0,0,0
187;204_0-400m,584;604_0-400m,0,0,1,0,2,0,1,0,1,0,1,0.001
187;204_0-400m,584;604_400-800m,0,0,1,0,2,0,3,0.001,1,0,0,0
187;204_0-400m,1139;1149_0-400m,0,0,1,0,3,0,0,0,0,0,2,0.002
187;204_0-400m,1139;1149_400-800m,0,0,0,0,0,0,0,0,0,0,0,0
187;204_0-400m,1138;1150;1137_0-400m,0,0,0,0,1,0,5,0.001,0,0,0,0
187;204_0-400m,1138;1150;1137_400-800m,0,0,0,0,0,0,0,0,0,0,0,0
187;204_0-400m,1124;1164_0-400m,0,0,0,0,0,0,0,0,0,0,0,0
187;204_0-400m,1124;1164_400-800m,0,0,2,0.001,3,0,2,0,0,0,0,0
187;204_0-400m,343;349_0-400m,0,0,1,0,2,0,5,0.001,0,0,0,0
187;204_0-400m,343;349_400-800m,0,0,0,0,0,0,0,0,1,0,0,0
187;204_0-400m,1136;1151_0-400m,0,0,2,0.001,3,0,1,0,0,0,0,0
187;204_0-400m,1136;1151_400-800m,0,0,0,0,0,0,2,0,0,0,0,0
187;204_0-400m,342;350_0-400m,0,0,3,0.001,2,0,0,0,3,0.001,0,0
187;204_0-400m,342;350_400-800m,0,0,0,0,0,0,1,0,1,0,1,0.001
187;204_0-400m,1141;1147_0-400m,0,0,0,0,2,0,1,0,1,0,2,0.002
187;204_0-400m,1141;1147_400-800m,0,0,0,0,1,0,1,0,0,0,0,0
187;204_0-400m,1132;1155;1156_0-400m,0,0,0,0,3,0,1,0,3,0.001,0,0
187;204_0-400m,1132;1155;1156_400-800m,0,0,0,0,0,0,1,0,0,0,0,0
187;204_0-400m,1133;1154_0-400m,0,0,0,0,4,0.001,0,0,1,0,0,0
187;204_0-400m,1133;1154_400-800m,0,0,0,0,0,0,1,0,1,0,1,0.001
187;204_0-400m,1130;1159;1160_0-400m,2,0.006,1,0,9,0.001,3,0.001,2,0.001,0,0
187;204_0-400m,1130;1159;1160_400-800m,0,0,0,0,0,0,0,0,0,0,0,0
187;204_0-400m,345;347_0-400m,1,0.003,1,0,9,0.001,11,0.002,6,0.002,1,0.001
187;204_0-400m,345;347_400-800m,0,0,3,0.001,13,0.002,5,0.001,9,0.002,3,0.004
187;204_0-400m,344;348_0-400m,0,0,1,0,3,0,2,0,2,0.001,1,0.001
187;204_0-400m,344;348_400-800m,0,0,5,0.002,2,0,2,0,3,0.001,1,0.001
187;204_0-400m,1140;1148_0-400m,0,0,0,0,1,0,0,0,3,0.001,0,0
187;204_0-400m,1140;1148_400-800m,0,0,0,0,0,0,0,0,0,0,0,0
187;204_0-400m,1127;1161_0-400m,0,0,0,0,3,0,1,0,1,0,0,0
187;204_0-400m,1127;1161_400-800m,0,0,0,0,0,0,0,0,0,0,0,0
187;204_0-400m,1855_0-400m,0,0,0,0,1,0,0,0,1,0,0,0
187;204_0-400m,1855_400-800m,0,0,0,0,1,0,0,0,0,0,0,0
187;204_0-400m,187;204_0-400m,1,0.003,3,0.001,11,0.001,12,0.003,6,0.002,1,0.001
187;204_0-400m,187;204_400-800m,0,0,2,0.001,5,0.001,7,0.002,1,0,0,0
187;204_0-400m,661;674_0-400m,1,0.003,2,0.001,10,0.001,10,0.002,5,0.001,1,0.001
187;204_0-400m,661;674_400-800m,0,0,1,0,0,0,1,0,1,0,0,0
187;204_0-400m,184;207_0-400m,1,0.003,3,0.001,16,0.002,7,0.002,4,0.001,0,0
187;204_0-400m,184;207_400-800m,0,0,0,0,3,0,2,0,2,0.001,1,0.001
187;204_0-400m,657;678_0-400m,0,0,3,0.001,18,0.002,14,0.003,9,0.002,1,0.001
187;204_0-400m,657;678_400-800m,0,0,0,0,1,0,2,0,3,0.001,0,0
187;204_0-400m,656;679_0-400m,0,0,3,0.001,19,0.002,8,0.002,1,0,0,0
187;204_0-400m,656;679_400-800m,0,0,0,0,0,0,2,0,2,0.001,0,0
187;204_0-400m,1383;1461;1384_0-400m,0,0,6,0.002,16,0.002,11,0.002,5,0.001,2,0.002
187;204_0-400m,1383;1461;1384_400-800m,0,0,3,0.001,8,0.001,11,0.002,7,0.002,1,0.001
187;204_0-400m,665;670_0-400m,0,0,1,0,12,0.002,6,0.001,1,0,1,0.001
187;204_0-400m,665;670_400-800m,0,0,1,0,5,0.001,5,0.001,1,0,2,0.002
187;204_0-400m,659;676;675_0-400m,0,0,2,0.001,22,0.003,6,0.001,5,0.001,1,0.001
187;204_0-400m,659;676;675_400-800m,0,0,6,0.002,3,0,1,0,4,0.001,0,0
187;204_0-400m,664;671_0-400m,1,0.003,3,0.001,14,0.002,9,0.002,1,0,4,0.005
187;204_0-400m,664;671_400-800m,0,0,2,0.001,10,0.001,9,0.002,3,0.001,1,0.001
187;204_0-400m,185;206_0-400m,0,0,5,0.002,10,0.001,10,0.002,8,0.002,2,0.002
187;204_0-400m,185;206_400-800m,0,0,0,0,1,0,0,0,1,0,0,0
187;204_0-400m,662;673_0-400m,1,0.003,8,0.003,26,0.003,18,0.004,13,0.003,5,0.006
187;204_0-400m,662;673_400-800m,0,0,4,0.001,4,0.001,10,0.002,7,0.002,2,0.002
187;204_0-400m,1385;1459_0-400m,2,0.006,6,0.002,25,0.003,10,0.002,6,0.002,4,0.005
187;204_0-400m,1385;1459_400-800m,1,0.003,2,0.001,1,0,1,0,2,0.001,0,0
187;204_0-400m,658;677_0-400m,0,0,5,0.002,11,0.001,7,0.002,6,0.002,1,0.001
187;204_0-400m,658;677_400-800m,0,0,0,0,0,0,0,0,1,0,0,0
187;204_0-400m,663;672_0-400m,1,0.003,1,0,17,0.002,13,0.003,5,0.001,1,0.001
187;204_0-400m,663;672_400-800m,0,0,0,0,5,0.001,1,0,4,0.001,0,0
187;204_0-400m,183;209_0-400m,0,0,4,0.001,9,0.001,5,0.001,1,0,0,0
187;204_0-400m,183;209_400-800m,0,0,2,0.001,3,0,2,0,1,0,1,0.001
187;204_0-400m,186;205_0-400m,0,0,5,0.002,11,0.001,2,0,5,0.001,2,0.002
187;204_0-400m,186;205_400-800m,0,0,1,0,1,0,1,0,0,0,0,0
187;204_0-400m,188;203_0-400m,0,0,6,0.002,22,0.003,15,0.003,17,0.004,2,0.002
187;204_0-400m,188;203_400-800m,0,0,6,0.002,15,0.002,18,0.004,8,0.002,3,0.004
187;204_0-400m,388;823_0-400m,2,0.006,11,0.004,61,0.008,29,0.006,32,0.008,5,0.006
187;204_0-400m,388;823_400-800m,0,0,7,0.003,7,0.001,0,0,3,0.001,0,0
187;204_0-400m,1386;95_0-400m,2,0.006,6,0.002,17,0.002,15,0.003,3,0.001,1,0.001
187;204_0-400m,1386;95_400-800m,0,0,2,0.001,1,0,3,0.001,3,0.001,0,0
187;204_0-400m,Orange_0-400m,5,0.015,11,0.004,31,0.004,27,0.006,12,0.003,3,0.004
187;204_0-400m,Blue_0-400m,0,0,2,0.001,3,0,3,0.001,3,0.001,0,0
187;204_0-400m,Green_0-400m,0,0,5,0.002,22,0.003,13,0.003,14,0.004,7,0.009
187;204_0-400m,Orange_400-800m,5,0.015,3,0.001,12,0.002,9,0.002,2,0.001,0,0
187;204_0-400m,Blue_400-800m,0,0,1,0,9,0.001,5,0.001,7,0.002,1,0.001
187;204_0-400m,Green_400-800m,0,0,4,0.001,15,0.002,6,0.001,5,0.001,1,0.001
187;204_0-400m,External,54,0.164,424,0.156,1112,0.141,728,0.16,477,0.122,125,0.156
187;204_400-800m,415;448_0-400m,0,0,1,0,3,0,0,0,0,0,1,0.001
187;204_400-800m,415;448_400-800m,0,0,0,0,0,0,0,0,0,0,0,0
187;204_400-800m,408;455_0-400m,0,0,0,0,0,0,1,0,1,0,0,0
187;204_400-800m,408;455_400-800m,0,0,0,0,1,0,0,0,1,0,1,0.001
187;204_400-800m,412;451_0-400m,0,0,0,0,0,0,2,0,1,0,0,0
187;204_400-800m,412;451_400-800m,0,0,0,0,4,0.001,0,0,1,0,0,0
187;204_400-800m,416;447_0-400m,0,0,0,0,3,0,0,0,0,0,0,0
187;204_400-800m,416;447_400-800m,0,0,0,0,6,0.001,4,0.001,1,0,0,0
187;204_400-800m,410;452_0-400m,0,0,0,0,0,0,1,0,1,0,1,0.001
187;204_400-800m,410;452_400-800m,0,0,0,0,1,0,0,0,0,0,1,0.001
187;204_400-800m,414;449_0-400m,0,0,0,0,1,0,0,0,0,0,0,0
187;204_400-800m,414;449_400-800m,0,0,0,0,0,0,0,0,0,0,0,0
187;204_400-800m,407;456_0-400m,0,0,0,0,2,0,0,0,0,0,0,0
187;204_400-800m,407;456_400-800m,0,0,0,0,3,0,1,0,0,0,0,0
187;204_400-800m,413;450_0-400m,0,0,1,0,2,0,0,0,2,0.001,0,0
187;204_400-800m,413;450_400-800m,0,0,0,0,0,0,0,0,1,0,0,0
187;204_400-800m,419;444;420_0-400m,1,0.003,1,0,11,0.001,4,0.001,2,0.001,0,0
187;204_400-800m,419;444;420_400-800m,0,0,0,0,2,0,1,0,0,0,1,0.001
187;204_400-800m,417;445_0-400m,0,0,0,0,2,0,0,0,2,0.001,0,0
187;204_400-800m,417;445_400-800m,0,0,0,0,0,0,1,0,0,0,0,0
187;204_400-800m,405;457_0-400m,0,0,1,0,0,0,0,0,1,0,0,0
187;204_400-800m,405;457_400-800m,0,0,1,0,1,0,0,0,0,0,0,0
187;204_400-800m,404;459_0-400m,0,0,0,0,2,0,1,0,2,0.001,0,0
187;204_400-800m,404;459_400-800m,0,0,0,0,0,0,2,0,1,0,0,0
187;204_400-800m,421;442_0-400m,0,0,6,0.002,8,0.001,6,0.001,2,0.001,1,0.001
187;204_400-800m,421;442_400-800m,0,0,1,0,8,0.001,1,0,1,0,1,0.001
187;204_400-800m,196;24;1508_0-400m,0,0,2,0.001,8,0.001,6,0.001,3,0.001,0,0
187;204_400-800m,196;24;1508_400-800m,0,0,3,0.001,1,0,0,0,2,0.001,0,0
187;204_400-800m,409;453_0-400m,0,0,0,0,0,0,1,0,0,0,0,0
187;204_400-800m,409;453_400-800m,0,0,1,0,2,0,0,0,1,0,0,0
187;204_400-800m,1503_0-400m,0,0,1,0,2,0,1,0,1,0,0,0
187;204_400-800m,1503_400-800m,1,0.003,1,0,0,0,1,0,0,0,0,0
187;204_400-800m,1125;1163;1162_0-400m,0,0,0,0,0,0,0,0,0,0,0,0
187;204_400-800m,1125;1163;1162_400-800m,0,0,0,0,0,0,0,0,0,0,0,0
187;204_400-800m,1134;1153_0-400m,0,0,0,0,0,0,0,0,0,0,0,0
187;204_400-800m,1134;1153_400-800m,0,0,0,0,0,0,0,0,0,0,0,0
187;204_400-800m,21;28;1612_0-400m,0,0,1,0,4,0.001,1,0,2,0.001,3,0.004
187;204_400-800m,21;28;1612_400-800m,0,0,1,0,2,0,2,0,3,0.001,0,0
187;204_400-800m,1131;1158_0-400m,0,0,0,0,0,0,0,0,0,0,0,0
187;204_400-800m,1131;1158_400-800m,0,0,0,0,0,0,0,0,0,0,0,0
187;204_400-800m,1135;1152_0-400m,1,0.003,0,0,2,0,0,0,0,0,0,0
187;204_400-800m,1135;1152_400-800m,0,0,0,0,0,0,0,0,0,0,0,0
187;204_400-800m,584;604_0-400m,0,0,0,0,1,0,0,0,0,0,0,0
187;204_400-800m,584;604_400-800m,0,0,0,0,3,0,0,0,0,0,0,0
187;204_400-800m,1139;1149_0-400m,0,0,0,0,0,0,0,0,0,0,0,0
187;204_400-800m,1139;1149_400-800m,0,0,0,0,0,0,0,0,0,0,0,0
187;204_400-800m,1138;1150;1137_0-400m,0,0,0,0,0,0,1,0,1,0,2,0.002
187;204_400-800m,1138;1150;1137_400-800m,0,0,0,0,0,0,0,0,1,0,0,0
187;204_400-800m,1124;1164_0-400m,0,0,0,0,1,0,1,0,0,0,1,0.001
187;204_400-800m,1124;1164_400-800m,0,0,4,0.001,5,0.001,0,0,0,0,0,0
187;204_400-800m,343;349_0-400m,0,0,0,0,2,0,1,0,0,0,0,0
187;204_400-800m,343;349_400-800m,0,0,0,0,0,0,0,0,0,0,0,0
187;204_400-800m,1136;1151_0-400m,0,0,0,0,3,0,3,0.001,0,0,0,0
187;204_400-800m,1136;1151_400-800m,0,0,0,0,0,0,1,0,0,0,0,0
187;204_400-800m,342;350_0-400m,0,0,0,0,1,0,1,0,0,0,0,0
187;204_400-800m,342;350_400-800m,0,0,0,0,2,0,1,0,0,0,0,0
187;204_400-800m,1141;1147_0-400m,1,0.003,0,0,0,0,2,0,1,0,0,0
187;204_400-800m,1141;1147_400-800m,0,0,0,0,0,0,0,0,0,0,0,0
187;204_400-800m,1132;1155;1156_0-400m,0,0,0,0,1,0,0,0,0,0,0,0
187;204_400-800m,1132;1155;1156_400-800m,0,0,0,0,1,0,0,0,0,0,0,0
187;204_400-800m,1133;1154_0-400m,0,0,0,0,0,0,0,0,0,0,0,0
187;204_400-800m,1133;1154_400-800m,0,0,0,0,1,0,1,0,0,0,0,0
187;204_400-800m,1130;1159;1160_0-400m,0,0,1,0,1,0,2,0,0,0,0,0
187;204_400-800m,1130;1159;1160_400-800m,0,0,0,0,0,0,0,0,0,0,0,0
187;204_400-800m,345;347_0-400m,0,0,0,0,3,0,2,0,1,0,1,0.001
187;204_400-800m,345;347_400-800m,0,0,2,0.001,6,0.001,2,0,1,0,2,0.002
187;204_400-800m,344;348_0-400m,0,0,0,0,1,0,0,0,1,0,1,0.001
187;204_400-800m,344;348_400-800m,0,0,1,0,0,0,1,0,1,0,1,0.001
187;204_400-800m,1140;1148_0-400m,0,0,0,0,0,0,0,0,2,0.001,0,0
187;204_400-800m,1140;1148_400-800m,1,0.003,1,0,1,0,1,0,0,0,1,0.001
187;204_400-800m,1127;1161_0-400m,0,0,0,0,0,0,0,0,1,0,0,0
187;204_400-800m,1127;1161_400-800m,0,0,0,0,0,0,0,0,0,0,0,0
187;204_400-800m,1855_0-400m,0,0,0,0,1,0,1,0,0,0,0,0
187;204_400-800m,1855_400-800m,0,0,0,0,0,0,1,0,0,0,0,0
187;204_400-800m,187;204_0-400m,0,0,2,0.001,1,0,3,0.001,3,0.001,1,0.001
187;204_400-800m,187;204_400-800m,1,0.003,1,0,13,0.002,11,0.002,10,0.003,0,0
187;204_400-800m,661;674_0-400m,0,0,2,0.001,5,0.001,3,0.001,1,0,0,0
187;204_400-800m,661;674_400-800m,0,0,0,0,0,0,1,0,0,0,0,0
187;204_400-800m,184;207_0-400m,0,0,1,0,2,0,3,0.001,2,0.001,1,0.001
187;204_400-800m,184;207_400-800m,0,0,0,0,0,0,1,0,0,0,0,0
187;204_400-800m,657;678_0-400m,0,0,1,0,1,0,3,0.001,4,0.001,1,0.001
187;204_400-800m,657;678_400-800m,0,0,0,0,1,0,0,0,0,0,0,0
187;204_400-800m,656;679_0-400m,0,0,2,0.001,5,0.001,2,0,2,0.001,0,0
187;204_400-800m,656;679_400-800m,0,0,0,0,1,0,0,0,0,0,0,0
187;204_400-800m,1383;1461;1384_0-400m,0,0,6,0.002,3,0,2,0,0,0,0,0
187;204_400-800m,1383;1461;1384_400-800m,0,0,0,0,4,0.001,2,0,3,0.001,0,0
187;204_400-800m,665;670_0-400m,0,0,3,0.001,3,0,2,0,4,0.001,1,0.001
187;204_400-800m,665;670_400-800m,0,0,0,0,0,0,2,0,1,0,1,0.001
187;204_400-800m,659;676;675_0-400m,0,0,3,0.001,5,0.001,1,0,1,0,0,0
187;204_400-800m,659;676;675_400-800m,0,0,0,0,3,0,0,0,0,0,0,0
187;204_400-800m,664;671_0-400m,1,0.003,2,0.001,2,0,3,0.001,5,0.001,3,0.004
187;204_400-800m,664;671_400-800m,0,0,0,0,1,0,5,0.001,0,0,0,0
187;204_400-800m,185;206_0-400m,0,0,1,0,5,0.001,3,0.001,2,0.001,0,0
187;204_400-800m,185;206_400-800m,0,0,0,0,1,0,1,0,0,0,0,0
187;204_400-800m,662;673_0-400m,0,0,5,0.002,6,0.001,5,0.001,7,0.002,1,0.001
187;204_400-800m,662;673_400-800m,0,0,2,0.001,11,0.001,5,0.001,4,0.001,4,0.005
187;204_400-800m,1385;1459_0-400m,0,0,7,0.003,9,0.001,3,0.001,2,0.001,0,0
187;204_400-800m,1385;1459_400-800m,0,0,0,0,3,0,3,0.001,3,0.001,0,0
187;204_400-800m,658;677_0-400m,0,0,4,0.001,3,0,5,0.001,2,0.001,0,0
187;204_400-800m,658;677_400-800m,0,0,0,0,0,0,0,0,0,0,0,0
187;204_400-800m,663;672_0-400m,1,0.003,2,0.001,7,0.001,5,0.001,6,0.002,1,0.001
187;204_400-800m,663;672_400-800m,0,0,0,0,1,0,0,0,0,0,0,0
187;204_400-800m,183;209_0-400m,0,0,4,0.001,4,0.001,5,0.001,1,0,0,0
187;204_400-800m,183;209_400-800m,1,0.003,0,0,1,0,0,0,0,0,0,0
187;204_400-800m,186;205_0-400m,0,0,0,0,2,0,1,0,3,0.001,0,0
187;204_400-800m,186;205_400-800m,0,0,0,0,0,0,0,0,0,0,0,0
187;204_400-800m,188;203_0-400m,2,0.006,2,0.001,5,0.001,5,0.001,4,0.001,1,0.001
187;204_400-800m,188;203_400-800m,2,0.006,5,0.002,19,0.002,11,0.002,13,0.003,4,0.005
187;204_400-800m,388;823_0-400m,1,0.003,1,0,23,0.003,28,0.006,14,0.004,1,0.001
187;204_400-800m,388;823_400-800m,0,0,4,0.001,9,0.001,2,0,1,0,0,0
187;204_400-800m,1386;95_0-400m,0,0,5,0.002,4,0.001,3,0.001,1,0,1,0.001
187;204_400-800m,1386;95_400-800m,0,0,0,0,12,0.002,3,0.001,1,0,0,0
187;204_400-800m,Orange_0-400m,2,0.006,3,0.001,15,0.002,2,0,5,0.001,0,0
187;204_400-800m,Blue_0-400m,0,0,1,0,6,0.001,4,0.001,1,0,0,0
187;204_400-800m,Green_0-400m,0,0,5,0.002,10,0.001,6,0.001,6,0.002,2,0.002
187;204_400-800m,Orange_400-800m,0,0,4,0.001,3,0,2,0,6,0.002,0,0
187;204_400-800m,Blue_400-800m,0,0,1,0,0,0,1,0,4,0.001,1,0.001
187;204_400-800m,Green_400-800m,0,0,1,0,8,0.001,5,0.001,3,0.001,0,0
187;204_400-800m,External,29,0.088,243,0.089,483,0.061,202,0.044,198,0.051,68,0.085
661;674_0-400m,415;448_0-400m,0,0,0,0,0,0,1,0,2,0.001,1,0.001
661;674_0-400m,415;448_400-800m,0,0,0,0,0,0,0,0,1,0,0,0
661;674_0-400m,408;455_0-400m,0,0,1,0,2,0,1,0,0,0,0,0
661;674_0-400m,408;455_400-800m,0,0,3,0.001,0,0,0,0,0,0,0,0
661;674_0-400m,412;451_0-400m,0,0,0,0,2,0,0,0,0,0,0,0
661;674_0-400m,412;451_400-800m,0,0,0,0,4,0.001,0,0,1,0,1,0.001
661;674_0-400m,416;447_0-400m,0,0,0,0,3,0,2,0,0,0,0,0
661;674_0-400m,416;447_400-800m,0,0,0,0,1,0,1,0,3,0.001,0,0
661;674_0-400m,410;452_0-400m,0,0,2,0.001,1,0,1,0,0,0,0,0
661;674_0-400m,410;452_400-800m,0,0,0,0,1,0,5,0.001,2,0.001,0,0
661;674_0-400m,414;449_0-400m,0,0,0,0,3,0,1,0,1,0,0,0
661;674_0-400m,414;449_400-800m,0,0,1,0,5,0.001,0,0,1,0,1,0.001
661;674_0-400m,407;456_0-400m,1,0.003,1,0,0,0,1,0,0,0,0,0
661;674_0-400m,407;456_400-800m,0,0,1,0,3,0,4,0.001,4,0.001,0,0
661;674_0-400m,413;450_0-400m,0,0,0,0,5,0.001,0,0,1,0,0,0
661;674_0-400m,413;450_400-800m,0,0,1,0,1,0,4,0.001,0,0,0,0
661;674_0-400m,419;444;420_0-400m,0,0,1,0,6,0.001,5,0.001,2,0.001,0,0
661;674_0-400m,419;444;420_400-800m,0,0,0,0,2,0,1,0,1,0,1,0.001
661;674_0-400m,417;445_0-400m,0,0,1,0,3,0,0,0,0,0,2,0.002
661;674_0-400m,417;445_400-800m,1,0.003,0,0,2,0,1,0,2,0.001,0,0
661;674_0-400m,405;457_0-400m,0,0,0,0,3,0,2,0,2,0.001,0,0
661;674_0-400m,405;457_400-800m,0,0,0,0,0,0,0,0,0,0,0,0
661;674_0-400m,404;459_0-400m,0,0,1,0,7,0.001,8,0.002,1,0,1,0.001
661;674_0-400m,404;459_400-800m,0,0,0,0,4,0.001,1,0,3,0.001,0,0
661;674_0-400m,421;442_0-400m,1,0.003,5,0.002,11,0.001,8,0.002,4,0.001,0,0
661;674_0-400m,421;442_400-800m,2,0.006,3,0.001,7,0.001,1,0,1,0,0,0
661;674_0-400m,196;24;1508_0-400m,0,0,2,0.001,16,0.002,3,0.001,3,0.001,2,0.002
661;674_0-400m,196;24;1508_400-800m,1,0.003,2,0.001,3,0,2,0,3,0.001,0,0
661;674_0-400m,409;453_0-400m,0,0,1,0,1,0,3,0.001,0,0,0,0
661;674_0-400m,409;453_400-800m,0,0,0,0,2,0,0,0,1,0,2,0.002
661;674_0-400m,1503_0-400m,0,0,3,0.001,4,0.001,6,0.001,7,0.002,2,0.002
661;674_0-400m,1503_400-800m,0,0,0,0,4,0.001,0,0,1,0,0,0
661;674_0-400m,1125;1163;1162_0-400m,0,0,1,0,2,0,1,0,1,0,0,0
661;674_0-400m,1125;1163;1162_400-800m,0,0,0,0,1,0,0,0,0,0,0,0
661;674_0-400m,1134;1153_0-400m,0,0,0,0,0,0,0,0,0,0,0,0
661;674_0-400m,1134;1153_400-800m,0,0,0,0,0,0,1,0,1,0,0,0
661;674_0-400m,21;28;1612_0-400m,0,0,6,0.002,11,0.001,3,0.001,4,0.001,0,0
661;674_0-400m,21;28;1612_400-800m,0,0,1,0,5,0.001,3,0.001,4,0.001,0,0
661;674_0-400m,1131;1158_0-400m,0,0,0,0,1,0,0,0,0,0,0,0
661;674_0-400m,1131;1158_400-800m,0,0,0,0,2,0,0,0,0,0,0,0
661;674_0-400m,1135;1152_0-400m,0,0,0,0,2,0,1,0,1,0,0,0
661;674_0-400m,1135;1152_400-800m,0,0,0,0,0,0,0,0,0,0,0,0
661;674_0-400m,584;604_0-400m,0,0,2,0.001,2,0,5,0.001,2,0.001,0,0
661;674_0-400m,584;604_400-800m,0,0,0,0,0,0,1,0,0,0,0,0
661;674_0-400m,1139;1149_0-400m,0,0,0,0,0,0,2,0,0,0,0,0
661;674_0-400m,1139;1149_400-800m,0,0,0,0,0,0,0,0,0,0,0,0
661;674_0-400m,1138;1150;1137_0-400m,0,0,0,0,3,0,1,0,2,0.001,1,0.001
661;674_0-400m,1138;1150;1137_400-800m,0,0,0,0,0,0,1,0,1,0,0,0
661;674_0-400m,1124;1164_0-400m,0,0,1,0,4,0.001,0,0,0,0,0,0
661;674_0-400m,1124;1164_400-800m,0,0,2,0.001,8,0.001,6,0.001,2,0.001,1,0.001
661;674_0-400m,343;349_0-400m,0,0,0,0,6,0.001,1,0,1,0,0,0
661;674_0-400m,343;349_400-800m,0,0,0,0,2,0,0,0,0,0,0,0
661;674_0-400m,1136;1151_0-400m,0,0,0,0,1,0,2,0,1,0,0,0
661;674_0-400m,1136;1151_400-800m,0,0,0,0,1,0,3,0.001,2,0.001,0,0
661;674_0-400m,342;350_0-400m,0,0,0,0,4,0.001,1,0,0,0,0,0
661;674_0-400m,342;350_400-800m,0,0,0,0,2,0,0,0,0,0,0,0
661;674_0-400m,1141;1147_0-400m,0,0,0,0,1,0,0,0,1,0,0,0
661;674_0-400m,1141;1147_400-800m,0,0,0,0,1,0,0,0,0,0,1,0.001
661;674_0-400m,1132;1155;1156_0-400m,0,0,0,0,1,0,0,0,0,0,0,0
661;674_0-400m,1132;1155;1156_400-800m,0,0,0,0,1,0,0,0,0,0,0,0
661;674_0-400m,1133;1154_0-400m,0,0,0,0,0,0,0,0,0,0,1,0.001
661;674_0-400m,1133;1154_400-800m,0,0,0,0,0,0,1,0,0,0,0,0
661;674_0-400m,1130;1159;1160_0-400m,0,0,1,0,3,0,4,0.001,1,0,0,0
661;674_0-400m,1130;1159;1160_400-800m,0,0,0,0,0,0,0,0,0,0,0,0
661;674_0-400m,345;347_0-400m,0,0,1,0,7,0.001,8,0.002,6,0.002,0,0
661;674_0-400m,345;347_400-800m,2,0.006,1,0,6,0.001,2,0,2,0.001,4,0.005
661;674_0-400m,344;348_0-400m,0,0,0,0,2,0,0,0,2,0.001,0,0
661;674_0-400m,344;348_400-800m,0,0,2,0.001,3,0,1,0,1,0,1,0.001
661;674_0-400m,1140;1148_0-400m,0,0,4,0.001,0,0,1,0,0,0,1,0.001
661;674_0-400m,1140;1148_400-800m,0,0,0,0,3,0,1,0,1,0,0,0
661;674_0-400m,1127;1161_0-400m,4,0.012,0,0,1,0,1,0,0,0,0,0
661;674_0-400m,1127;1161_400-800m,0,0,0,0,0,0,0,0,0,0,0,0
661;674_0-400m,1855_0-400m,0,0,0,0,1,0,0,0,0,0,0,0
661;674_0-400m,1855_400-800m,0,0,0,0,2,0,0,0,0,0,0,0
661;674_0-400m,187;204_0-400m,0,0,1,0,20,0.003,9,0.002,4,0.001,1,0.001
661;674_0-400m,187;204_400-800m,0,0,3,0.001,7,0.001,0,0,4,0.001,1,0.001
661;674_0-400m,661;674_0-400m,1,0.003,15,0.006,38,0.005,16,0.004,17,0.004,6,0.007
661;674_0-400m,661;674_400-800m,0,0,1,0,8,0.001,1,0,4,0.001,0,0
661;674_0-400m,184;207_0-400m,0,0,4,0.001,16,0.002,7,0.002,7,0.002,1,0.001
661;674_0-400m,184;207_400-800m,0,0,1,0,5,0.001,2,0,3,0.001,2,0.002
661;674_0-400m,657;678_0-400m,1,0.003,8,0.003,40,0.005,19,0.004,7,0.002,4,0.005
661;674_0-400m,657;678_400-800m,0,0,4,0.001,2,0,1,0,2,0.001,0,0
661;674_0-400m,656;679_0-400m,1,0.003,6,0.002,49,0.006,19,0.004,18,0.005,1,0.001
661;674_0-400m,656;679_400-800m,0,0,0,0,3,0,4,0.001,1,0,1,0.001
661;674_0-400m,1383;1461;1384_0-400m,0,0,2,0.001,9,0.001,7,0.002,2,0.001,1,0.001
661;674_0-400m,1383;1461;1384_400-800m,0,0,0,0,13,0.002,8,0.002,1,0,1,0.001
661;674_0-400m,665;670_0-400m,0,0,1,0,7,0.001,5,0.001,4,0.001,3,0.004
661;674_0-400m,665;670_400-800m,0,0,0,0,3,0,2,0,1,0,0,0
661;674_0-400m,659;676;675_0-400m,1,0.003,5,0.002,47,0.006,21,0.005,11,0.003,5,0.006
661;674_0-400m,659;676;675_400-800m,0,0,6,0.002,9,0.001,5,0.001,3,0.001,0,0
661;674_0-400m,664;671_0-400m,0,0,3,0.001,6,0.001,5,0.001,7,0.002,1,0.001
661;674_0-400m,664;671_400-800m,0,0,1,0,7,0.001,2,0,3,0.001,0,0
661;674_0-400m,185;206_0-400m,0,0,4,0.001,13,0.002,14,0.003,3,0.001,2,0.002
661;674_0-400m,185;206_400-800m,0,0,3,0.001,2,0,3,0.001,1,0,0,0
661;674_0-400m,662;673_0-400m,0,0,3,0.001,36,0.005,14,0.003,9,0.002,1,0.001
661;674_0-400m,662;673_400-800m,0,0,3,0.001,12,0.002,6,0.001,1,0,1,0.001
661;674_0-400m,1385;1459_0-400m,2,0.006,5,0.002,18,0.002,10,0.002,3,0.001,0,0
661;674_0-400m,1385;1459_400-800m,1,0.003,0,0,2,0,0,0,0,0,0,0
661;674_0-400m,658;677_0-400m,1,0.003,7,0.003,35,0.004,11,0.002,6,0.002,1,0.001
661;674_0-400m,658;677_400-800m,0,0,0,0,1,0,2,0,0,0,0,0
661;674_0-400m,663;672_0-400m,0,0,3,0.001,14,0.002,13,0.003,6,0.002,1,0.001
661;674_0-400m,663;672_400-800m,1,0.003,2,0.001,6,0.001,3,0.001,1,0,0,0
661;674_0-400m,183;209_0-400m,1,0.003,12,0.004,47,0.006,21,0.005,18,0.005,2,0.002
661;674_0-400m,183;209_400-800m,0,0,5,0.002,19,0.002,14,0.003,11,0.003,0,0
661;674_0-400m,186;205_0-400m,0,0,2,0.001,9,0.001,3,0.001,5,0.001,0,0
661;674_0-400m,186;205_400-800m,0,0,0,0,0,0,0,0,0,0,0,0
661;674_0-400m,188;203_0-400m,0,0,4,0.001,24,0.003,17,0.004,8,0.002,4,0.005
661;674_0-400m,188;203_400-800m,1,0.003,4,0.001,15,0.002,8,0.002,5,0.001,3,0.004
661;674_0-400m,388;823_0-400m,3,0.009,13,0.005,164,0.021,105,0.023,60,0.015,11,0.014
661;674_0-400m,388;823_400-800m,2,0.006,11,0.004,17,0.002,12,0.003,7,0.002,3,0.004
661;674_0-400m,1386;95_0-400m,1,0.003,7,0.003,10,0.001,9,0.002,2,0.001,0,0
661;674_0-400m,1386;95_400-800m,0,0,0,0,6,0.001,4,0.001,1,0,0,0
661;674_0-400m,Orange_0-400m,10,0.03,10,0.004,39,0.005,20,0.004,5,0.001,0,0
661;674_0-400m,Blue_0-400m,0,0,0,0,12,0.002,9,0.002,1,0,0,0
661;674_0-400m,Green_0-400m,3,0.009,20,0.007,61,0.008,25,0.005,34,0.009,11,0.014
661;674_0-400m,Orange_400-800m,1,0.003,2,0.001,18,0.002,13,0.003,2,0.001,0,0
661;674_0-400m,Blue_400-800m,0,0,2,0.001,10,0.001,5,0.001,2,0.001,1,0.001
661;674_0-400m,Green_400-800m,1,0.003,16,0.006,39,0.005,18,0.004,14,0.004,6,0.007
661;674_0-400m,External,80,0.244,681,0.251,1759,0.223,1008,0.222,665,0.17,99,0.123
661;674_400-800m,415;448_0-400m,0,0,0,0,1,0,0,0,1,0,0,0
661;674_400-800m,415;448_400-800m,0,0,0,0,1,0,0,0,0,0,0,0
661;674_400-800m,408;455_0-400m,0,0,0,0,0,0,0,0,0,0,0,0
661;674_400-800m,408;455_400-800m,0,0,1,0,1,0,0,0,0,0,0,0
661;674_400-800m,412;451_0-400m,0,0,0,0,0,0,0,0,1,0,0,0
661;674_400-800m,412;451_400-800m,0,0,0,0,1,0,3,0.001,3,0.001,2,0.002
661;674_400-800m,416;447_0-400m,0,0,0,0,0,0,1,0,0,0,0,0
661;674_400-800m,416;447_400-800m,0,0,0,0,3,0,1,0,1,0,0,0
661;674_400-800m,410;452_0-400m,0,0,0,0,0,0,1,0,0,0,1,0.001
661;674_400-800m,410;452_400-800m,0,0,1,0,1,0,0,0,0,0,0,0
661;674_400-800m,414;449_0-400m,0,0,0,0,1,0,1,0,0,0,0,0
661;674_400-800m,414;449_400-800m,0,0,0,0,2,0,2,0,0,0,0,0
661;674_400-800m,407;456_0-400m,0,0,0,0,2,0,0,0,0,0,0,0
661;674_400-800m,407;456_400-800m,0,0,0,0,1,0,1,0,0,0,0,0
661;674_400-800m,413;450_0-400m,0,0,0,0,1,0,1,0,0,0,0,0
661;674_400-800m,413;450_400-800m,0,0,1,0,1,0,0,0,1,0,0,0
661;674_400-800m,419;444;420_0-400m,0,0,0,0,4,0.001,3,0.001,2,0.001,0,0
661;674_400-800m,419;444;420_400-800m,0,0,0,0,2,0,1,0,2,0.001,1,0.001
661;674_400-800m,417;445_0-400m,0,0,0,0,2,0,0,0,1,0,0,0
661;674_400-800m,417;445_400-800m,0,0,0,0,2,0,1,0,1,0,0,0
661;674_400-800m,405;457_0-400m,0,0,1,0,5,0.001,2,0,2,0.001,0,0
661;674_400-800m,405;457_400-800m,0,0,0,0,0,0,0,0,0,0,0,0
661;674_400-800m,404;459_0-400m,0,0,0,0,0,0,2,0,2,0.001,0,0
661;674_400-800m,404;459_400-800m,0,0,1,0,1,0,1,0,4,0.001,0,0
661;674_400-800m,421;442_0-400m,0,0,2,0.001,5,0.001,1,0,1,0,0,0
661;674_400-800m,421;442_400-800m,0,0,0,0,2,0,2,0,2,0.001,0,0
661;674_400-800m,196;24;1508_0-400m,0,0,6,0.002,7,0.001,5,0.001,2,0.001,1,0.001
661;674_400-800m,196;24;1508_400-800m,0,0,1,0,2,0,0,0,2,0.001,0,0
661;674_400-800m,409;453_0-400m,0,0,0,0,3,0,0,0,0,0,0,0
661;674_400-800m,409;453_400-800m,0,0,0,0,2,0,0,0,1,0,0,0
661;674_400-800m,1503_0-400m,0,0,2,0.001,12,0.002,3,0.001,9,0.002,3,0.004
661;674_400-800m,1503_400-800m,0,0,0,0,1,0,1,0,0,0,0,0
661;674_400-800m,1125;1163;1162_0-400m,0,0,0,0,0,0,0,0,0,0,1,0.001
661;674_400-800m,1125;1163;1162_400-800m,0,0,0,0,0,0,0,0,1,0,0,0
661;674_400-800m,1134;1153_0-400m,0,0,0,0,0,0,0,0,0,0,0,0
661;674_400-800m,1134;1153_400-800m,0,0,0,0,0,0,1,0,0,0,0,0
661;674_400-800m,21;28;1612_0-400m,0,0,7,0.003,14,0.002,6,0.001,11,0.003,3,0.004
661;674_400-800m,21;28;1612_400-800m,0,0,3,0.001,6,0.001,2,0,2,0.001,1,0.001
661;674_400-800m,1131;1158_0-400m,0,0,0,0,0,0,0,0,0,0,0,0
661;674_400-800m,1131;1158_400-800m,0,0,0,0,0,0,1,0,1,0,0,0
661;674_400-800m,1135;1152_0-400m,0,0,2,0.001,1,0,1,0,1,0,0,0
661;674_400-800m,1135;1152_400-800m,0,0,0,0,0,0,0,0,0,0,0,0
661;674_400-800m,584;604_0-400m,0,0,0,0,0,0,1,0,0,0,0,0
661;674_400-800m,584;604_400-800m,0,0,0,0,2,0,2,0,1,0,0,0
661;674_400-800m,1139;1149_0-400m,0,0,0,0,1,0,1,0,2,0.001,1,0.001
661;674_400-800m,1139;1149_400-800m,0,0,0,0,0,0,0,0,0,0,0,0
661;674_400-800m,1138;1150;1137_0-400m,0,0,0,0,1,0,0,0,1,0,1,0.001
661;674_400-800m,1138;1150;1137_400-800m,0,0,0,0,0,0,0,0,0,0,0,0
661;674_400-800m,1124;1164_0-400m,0,0,0,0,1,0,1,0,0,0,0,0
661;674_400-800m,1124;1164_400-800m,0,0,0,0,0,0,0,0,1,0,1,0.001
661;674_400-800m,343;349_0-400m,0,0,1,0,1,0,0,0,3,0.001,0,0
661;674_400-800m,343;349_400-800m,0,0,0,0,0,0,0,0,0,0,0,0
661;674_400-800m,1136;1151_0-400m,0,0,0,0,0,0,0,0,1,0,1,0.001
661;674_400-800m,1136;1151_400-800m,0,0,2,0.001,1,0,0,0,1,0,0,0
661;674_400-800m,342;350_0-400m,1,0.003,0,0,1,0,0,0,3,0.001,0,0
661;674_400-800m,342;350_400-800m,0,0,0,0,1,0,1,0,1,0,0,0
661;674_400-800m,1141;1147_0-400m,0,0,2,0.001,0,0,2,0,1,0,0,0
661;674_400-800m,1141;1147_400-800m,0,0,0,0,0,0,0,0,0,0,0,0
661;674_400-800m,1132;1155;1156_0-400m,0,0,0,0,1,0,1,0,0,0,0,0
661;674_400-800m,1132;1155;1156_400-800m,0,0,0,0,1,0,0,0,0,0,0,0
661;674_400-800m,1133;1154_0-400m,0,0,0,0,0,0,0,0,0,0,0,0
661;674_400-800m,1133;1154_400-800m,0,0,0,0,0,0,0,0,0,0,1,0.001
661;674_400-800m,1130;1159;1160_0-400m,0,0,0,0,0,0,0,0,0,0,1,0.001
661;674_400-800m,1130;1159;1160_400-800m,0,0,0,0,0,0,0,0,0,0,0,0
661;674_400-800m,345;347_0-400m,0,0,1,0,1,0,3,0.001,3,0.001,1,0.001
661;674_400-800m,345;347_400-800m,2,0.006,3,0.001,9,0.001,3,0.001,7,0.002,1,0.001
661;674_400-800m,344;348_0-400m,0,0,0,0,1,0,1,0,1,0,1,0.001
661;674_400-800m,344;348_400-800m,0,0,1,0,2,0,4,0.001,7,0.002,2,0.002
661;674_400-800m,1140;1148_0-400m,0,0,1,0,1,0,1,0,2,0.001,0,0
661;674_400-800m,1140;1148_400-800m,1,0.003,0,0,0,0,0,0,0,0,0,0
661;674_400-800m,1127;1161_0-400m,0,0,0,0,0,0,0,0,1,0,0,0
661;674_400-800m,1127;1161_400-800m,0,0,0,0,0,0,0,0,0,0,0,0
661;674_400-800m,1855_0-400m,0,0,0,0,0,0,0,0,0,0,0,0
661;674_400-800m,1855_400-800m,0,0,0,0,1,0,2,0,0,0,0,0
661;674_400-800m,187;204_0-400m,0,0,4,0.001,1,0,1,0,0,0,0,0
661;674_400-800m,187;204_400-800m,0,0,0,0,1,0,0,0,1,0,0,0
661;674_400-800m,661;674_0-400m,0,0,2,0.001,6,0.001,3,0.001,3,0.001,0,0
661;674_400-800m,661;674_400-800m,0,0,3,0.001,12,0.002,9,0.002,7,0.002,2,0.002
661;674_400-800m,184;207_0-400m,0,0,2,0.001,3,0,4,0.001,3,0.001,0,0
661;674_400-800m,184;207_400-800m,0,0,2,0.001,2,0,5,0.001,6,0.002,1,0.001
661;674_400-800m,657;678_0-400m,0,0,0,0,12,0.002,10,0.002,4,0.001,0,0
661;674_400-800m,657;678_400-800m,0,0,1,0,0,0,1,0,0,0,0,0
661;674_400-800m,656;679_0-400m,0,0,1,0,9,0.001,9,0.002,4,0.001,0,0
661;674_400-800m,656;679_400-800m,0,0,1,0,0,0,3,0.001,0,0,0,0
661;674_400-800m,1383;1461;1384_0-400m,1,0.003,3,0.001,4,0.001,3,0.001,4,0.001,1,0.001
661;674_400-800m,1383;1461;1384_400-800m,0,0,3,0.001,4,0.001,7,0.002,1,0,0,0
661;674_400-800m,665;670_0-400m,0,0,4,0.001,4,0.001,5,0.001,3,0.001,1,0.001
661;674_400-800m,665;670_400-800m,0,0,0,0,3,0,0,0,1,0,1,0.001
661;674_400-800m,659;676;675_0-400m,0,0,4,0.001,18,0.002,17,0.004,9,0.002,1,0.001
661;674_400-800m,659;676;675_400-800m,0,0,0,0,13,0.002,9,0.002,12,0.003,1,0.001
661;674_400-800m,664;671_0-400m,0,0,2,0.001,4,0.001,1,0,4,0.001,0,0
661;674_400-800m,664;671_400-800m,0,0,0,0,4,0.001,2,0,2,0.001,0,0
661;674_400-800m,185;206_0-400m,0,0,0,0,5,0.001,6,0.001,1,0,0,0
661;674_400-800m,185;206_400-800m,0,0,1,0,2,0,2,0,2,0.001,0,0
661;674_400-800m,662;673_0-400m,0,0,2,0.001,11,0.001,3,0.001,2,0.001,0,0
661;674_400-800m,662;673_400-800m,0,0,0,0,1,0,0,0,1,0,0,0
661;674_400-800m,1385;1459_0-400m,0,0,10,0.004,10,0.001,3,0.001,5,0.001,1,0.001
661;674_400-800m,1385;1459_400-800m,0,0,0,0,0,0,0,0,0,0,1,0.001
661;674_400-800m,658;677_0-400m,0,0,0,0,7,0.001,0,0,5,0.001,1,0.001
661;674_400-800m,658;677_400-800m,0,0,0,0,0,0,0,0,0,0,0,0
661;674_400-800m,663;672_0-400m,0,0,2,0.001,4,0.001,3,0.001,2,0.001,0,0
661;674_400-800m,663;672_400-800m,0,0,0,0,2,0,2,0,3,0.001,1,0.001
661;674_400-800m,183;209_0-400m,0,0,3,0.001,8,0.001,0,0,3,0.001,0,0
661;674_400-800m,183;209_400-800m,2,0.006,5,0.002,25,0.003,7,0.002,4,0.001,0,0
661;674_400-800m,186;205_0-400m,0,0,0,0,1,0,5,0.001,2,0.001,0,0
661;674_400-800m,186;205_400-800m,0,0,1,0,1,0,1,0,0,0,0,0
661;674_400-800m,188;203_0-400m,0,0,3,0.001,12,0.002,6,0.001,3,0.001,1,0.001
661;674_400-800m,188;203_400-800m,0,0,0,0,2,0,2,0,5,0.001,1,0.001
661;674_400-800m,388;823_0-400m,1,0.003,7,0.003,46,0.006,31,0.007,23,0.006,1,0.001
661;674_400-800m,388;823_400-800m,0,0,2,0.001,4,0.001,7,0.002,0,0,0,0
661;674_400-800m,1386;95_0-400m,0,0,3,0.001,5,0.001,5,0.001,3,0.001,1,0.001
661;674_400-800m,1386;95_400-800m,0,0,1,0,6,0.001,1,0,0,0,1,0.001
661;674_400-800m,Orange_0-400m,0,0,6,0.002,28,0.004,11,0.002,17,0.004,1,0.001
661;674_400-800m,Blue_0-400m,0,0,0,0,7,0.001,3,0.001,1,0,1,0.001
661;674_400-800m,Green_0-400m,1,0.003,8,0.003,19,0.002,13,0.003,16,0.004,2,0.002
661;674_400-800m,Orange_400-800m,0,0,3,0.001,17,0.002,6,0.001,4,0.001,1,0.001
661;674_400-800m,Blue_400-800m,0,0,0,0,0,0,3,0.001,3,0.001,0,0
661;674_400-800m,Green_400-800m,0,0,6,0.002,18,0.002,4,0.001,7,0.002,0,0
661;674_400-800m,External,50,0.152,299,0.11,917,0.116,610,0.134,448,0.114,65,0.081
184;207_0-400m,415;448_0-400m,0,0,0,0,4,0.001,2,0,0,0,1,0.001
184;207_0-400m,415;448_400-800m,0,0,3,0.001,2,0,0,0,1,0,0,0
184;207_0-400m,408;455_0-400m,1,0.003,1,0,1,0,0,0,0,0,0,0
184;207_0-400m,408;455_400-800m,0,0,0,0,0,0,0,0,0,0,0,0
184;207_0-400m,412;451_0-400m,0,0,0,0,2,0,0,0,1,0,0,0
184;207_0-400m,412;451_400-800m,0,0,2,0.001,5,0.001,0,0,3,0.001,0,0
184;207_0-400m,416;447_0-400m,1,0.003,2,0.001,3,0,1,0,1,0,1,0.001
184;207_0-400m,416;447_400-800m,0,0,0,0,3,0,1,0,2,0.001,1,0.001
184;207_0-400m,410;452_0-400m,0,0,1,0,2,0,1,0,0,0,0,0
184;207_0-400m,410;452_400-800m,0,0,4,0.001,2,0,1,0,0,0,0,0
184;207_0-400m,414;449_0-400m,0,0,0,0,2,0,0,0,0,0,1,0.001
184;207_0-400m,414;449_400-800m,0,0,1,0,3,0,2,0,2,0.001,2,0.002
184;207_0-400m,407;456_0-400m,0,0,0,0,0,0,1,0,1,0,0,0
184;207_0-400m,407;456_400-800m,0,0,0,0,0,0,1,0,0,0,2,0.002
184;207_0-400m,413;450_0-400m,0,0,0,0,3,0,0,0,2,0.001,1,0.001
184;207_0-400m,413;450_400-800m,0,0,0,0,0,0,1,0,2,0.001,0,0
184;207_0-400m,419;444;420_0-400m,0,0,0,0,5,0.001,8,0.002,3,0.001,3,0.004
184;207_0-400m,419;444;420_400-800m,0,0,2,0.001,3,0,1,0,1,0,3,0.004
184;207_0-400m,417;445_0-400m,1,0.003,0,0,3,0,3,0.001,4,0.001,1,0.001
184;207_0-400m,417;445_400-800m,0,0,0,0,1,0,3,0.001,1,0,1,0.001
184;207_0-400m,405;457_0-400m,0,0,1,0,5,0.001,1,0,0,0,2,0.002
184;207_0-400m,405;457_400-800m,0,0,0,0,0,0,0,0,0,0,0,0
184;207_0-400m,404;459_0-400m,0,0,0,0,1,0,1,0,4,0.001,0,0
184;207_0-400m,404;459_400-800m,0,0,0,0,7,0.001,7,0.002,2,0.001,0,0
184;207_0-400m,421;442_0-400m,1,0.003,1,0,17,0.002,9,0.002,5,0.001,4,0.005
184;207_0-400m,421;442_400-800m,1,0.003,0,0,4,0.001,6,0.001,6,0.002,2,0.002
184;207_0-400m,196;24;1508_0-400m,0,0,2,0.001,15,0.002,6,0.001,3,0.001,4,0.005
184;207_0-400m,196;24;1508_400-800m,0,0,1,0,6,0.001,2,0,3,0.001,0,0
184;207_0-400m,409;453_0-400m,0,0,1,0,1,0,0,0,1,0,1,0.001
184;207_0-400m,409;453_400-800m,0,0,1,0,0,0,3,0.001,2,0.001,0,0
184;207_0-400m,1503_0-400m,1,0.003,2,0.001,8,0.001,11,0.002,9,0.002,6,0.007
184;207_0-400m,1503_400-800m,0,0,0,0,0,0,0,0,1,0,2,0.002
184;207_0-400m,1125;1163;1162_0-400m,0,0,1,0,0,0,0,0,0,0,0,0
184;207_0-400m,1125;1163;1162_400-800m,0,0,0,0,1,0,0,0,0,0,0,0
184;207_0-400m,1134;1153_0-400m,0,0,0,0,0,0,0,0,0,0,0,0
184;207_0-400m,1134;1153_400-800m,0,0,0,0,2,0,1,0,0,0,0,0
184;207_0-400m,21;28;1612_0-400m,0,0,5,0.002,15,0.002,7,0.002,16,0.004,6,0.007
184;207_0-400m,21;28;1612_400-800m,0,0,2,0.001,9,0.001,5,0.001,1,0,1,0.001
184;207_0-400m,1131;1158_0-400m,0,0,0,0,0,0,1,0,0,0,0,0
184;207_0-400m,1131;1158_400-800m,0,0,0,0,3,0,1,0,1,0,0,0
184;207_0-400m,1135;1152_0-400m,0,0,0,0,1,0,0,0,0,0,0,0
184;207_0-400m,1135;1152_400-800m,0,0,0,0,0,0,0,0,0,0,0,0
184;207_0-400m,584;604_0-400m,0,0,0,0,3,0,1,0,0,0,0,0
184;207_0-400m,584;604_400-800m,1,0.003,0,0,1,0,0,0,1,0,0,0
184;207_0-400m,1139;1149_0-400m,0,0,0,0,0,0,2,0,5,0.001,1,0.001
184;207_0-400m,1139;1149_400-800m,0,0,0,0,0,0,0,0,1,0,0,0
184;207_0-400m,1138;1150;1137_0-400m,0,0,0,0,2,0,0,0,0,0,1,0.001
184;207_0-400m,1138;1150;1137_400-800m,0,0,0,0,0,0,0,0,0,0,0,0
184;207_0-400m,1124;1164_0-400m,0,0,2,0.001,1,0,0,0,0,0,0,0
184;207_0-400m,1124;1164_400-800m,3,0.009,0,0,8,0.001,4,0.001,1,0,0,0
184;207_0-400m,343;349_0-400m,0,0,2,0.001,1,0,1,0,2,0.001,0,0
184;207_0-400m,343;349_400-800m,0,0,0,0,4,0.001,0,0,0,0,0,0
184;207_0-400m,1136;1151_0-400m,0,0,0,0,2,0,2,0,3,0.001,1,0.001
184;207_0-400m,1136;1151_400-800m,0,0,0,0,1,0,0,0,0,0,1,0.001
184;207_0-400m,342;350_0-400m,0,0,1,0,7,0.001,0,0,5,0.001,1,0.001
184;207_0-400m,342;350_400-800m,0,0,0,0,9,0.001,0,0,2,0.001,0,0
184;207_0-400m,1141;1147_0-400m,0,0,0,0,0,0,0,0,3,0.001,1,0.001
184;207_0-400m,1141;1147_400-800m,0,0,0,0,0,0,0,0,1,0,0,0
184;207_0-400m,1132;1155;1156_0-400m,0,0,0,0,2,0,1,0,0,0,0,0
184;207_0-400m,1132;1155;1156_400-800m,0,0,0,0,1,0,1,0,0,0,0,0
184;207_0-400m,1133;1154_0-400m,0,0,0,0,1,0,0,0,0,0,0,0
184;207_0-400m,1133;1154_400-800m,0,0,0,0,0,0,2,0,0,0,1,0.001
184;207_0-400m,1130;1159;1160_0-400m,1,0.003,0,0,2,0,1,0,0,0,0,0
184;207_0-400m,1130;1159;1160_400-800m,0,0,0,0,0,0,0,0,0,0,0,0
184;207_0-400m,345;347_0-400m,0,0,5,0.002,4,0.001,4,0.001,7,0.002,1,0.001
184;207_0-400m,345;347_400-800m,0,0,2,0.001,5,0.001,6,0.001,4,0.001,0,0
184;207_0-400m,344;348_0-400m,0,0,6,0.002,2,0,2,0,4,0.001,2,0.002
184;207_0-400m,344;348_400-800m,0,0,1,0,3,0,0,0,2,0.001,1,0.001
184;207_0-400m,1140;1148_0-400m,0,0,1,0,4,0.001,1,0,1,0,1,0.001
184;207_0-400m,1140;1148_400-800m,0,0,0,0,1,0,0,0,1,0,0,0
184;207_0-400m,1127;1161_0-400m,0,0,2,0.001,2,0,1,0,0,0,0,0
184;207_0-400m,1127;1161_400-800m,0,0,0,0,0,0,1,0,0,0,0,0
184;207_0-400m,1855_0-400m,0,0,0,0,2,0,0,0,0,0,0,0
184;207_0-400m,1855_400-800m,0,0,0,0,0,0,0,0,0,0,0,0
184;207_0-400m,187;204_0-400m,1,0.003,1,0,14,0.002,9,0.002,1,0,0,0
184;207_0-400m,187;204_400-800m,0,0,2,0.001,4,0.001,6,0.001,8,0.002,0,0
184;207_0-400m,661;674_0-400m,0,0,2,0.001,13,0.002,10,0.002,6,0.002,2,0.002
184;207_0-400m,661;674_400-800m,0,0,1,0,5,0.001,5,0.001,2,0.001,0,0
184;207_0-400m,184;207_0-400m,0,0,13,0.005,19,0.002,10,0.002,17,0.004,2,0.002
184;207_0-400m,184;207_400-800m,0,0,0,0,3,0,4,0.001,6,0.002,2,0.002
184;207_0-400m,657;678_0-400m,3,0.009,7,0.003,25,0.003,12,0.003,15,0.004,2,0.002
184;207_0-400m,657;678_400-800m,0,0,0,0,2,0,3,0.001,4,0.001,0,0
184;207_0-400m,656;679_0-400m,0,0,5,0.002,26,0.003,14,0.003,18,0.005,2,0.002
184;207_0-400m,656;679_400-800m,0,0,0,0,5,0.001,1,0,3,0.001,0,0
184;207_0-400m,1383;1461;1384_0-400m,0,0,8,0.003,21,0.003,5,0.001,6,0.002,4,0.005
184;207_0-400m,1383;1461;1384_400-800m,0,0,1,0,6,0.001,4,0.001,2,0.001,1,0.001
184;207_0-400m,665;670_0-400m,0,0,4,0.001,9,0.001,6,0.001,9,0.002,1,0.001
184;207_0-400m,665;670_400-800m,0,0,0,0,4,0.001,1,0,0,0,0,0
184;207_0-400m,659;676;675_0-400m,0,0,9,0.003,21,0.003,7,0.002,5,0.001,2,0.002
184;207_0-400m,659;676;675_400-800m,0,0,6,0.002,7,0.001,7,0.002,3,0.001,4,0.005
184;207_0-400m,664;671_0-400m,0,0,6,0.002,12,0.002,3,0.001,6,0.002,1,0.001
184;207_0-400m,664;671_400-800m,0,0,0,0,4,0.001,0,0,7,0.002,0,0
184;207_0-400m,185;206_0-400m,2,0.006,5,0.002,24,0.003,19,0.004,15,0.004,5,0.006
184;207_0-400m,185;206_400-800m,0,0,0,0,0,0,0,0,2,0.001,2,0.002
184;207_0-400m,662;673_0-400m,0,0,9,0.003,32,0.004,14,0.003,13,0.003,5,0.006
184;207_0-400m,662;673_400-800m,2,0.006,3,0.001,18,0.002,4,0.001,7,0.002,1,0.001
184;207_0-400m,1385;1459_0-400m,3,0.009,5,0.002,14,0.002,8,0.002,8,0.002,2,0.002
184;207_0-400m,1385;1459_400-800m,0,0,2,0.001,3,0,5,0.001,0,0,0,0
184;207_0-400m,658;677_0-400m,0,0,3,0.001,14,0.002,12,0.003,10,0.003,0,0
184;207_0-400m,658;677_400-800m,0,0,0,0,0,0,0,0,0,0,0,0
184;207_0-400m,663;672_0-400m,0,0,3,0.001,15,0.002,12,0.003,6,0.002,0,0
184;207_0-400m,663;672_400-800m,0,0,0,0,2,0,3,0.001,3,0.001,2,0.002
184;207_0-400m,183;209_0-400m,0,0,6,0.002,40,0.005,10,0.002,9,0.002,4,0.005
184;207_0-400m,183;209_400-800m,1,0.003,3,0.001,4,0.001,3,0.001,0,0,1,0.001
184;207_0-400m,186;205_0-400m,0,0,4,0.001,7,0.001,7,0.002,9,0.002,2,0.002
184;207_0-400m,186;205_400-800m,0,0,0,0,1,0,0,0,0,0,0,0
184;207_0-400m,188;203_0-400m,0,0,9,0.003,16,0.002,10,0.002,10,0.003,3,0.004
184;207_0-400m,188;203_400-800m,1,0.003,6,0.002,21,0.003,9,0.002,7,0.002,1,0.001
184;207_0-400m,388;823_0-400m,4,0.012,25,0.009,78,0.01,78,0.017,59,0.015,6,0.007
184;207_0-400m,388;823_400-800m,1,0.003,7,0.003,14,0.002,4,0.001,4,0.001,1,0.001
184;207_0-400m,1386;95_0-400m,2,0.006,3,0.001,20,0.003,18,0.004,6,0.002,6,0.007
184;207_0-400m,1386;95_400-800m,0,0,1,0,3,0,0,0,1,0,1,0.001
184;207_0-400m,Orange_0-400m,0,0,2,0.001,17,0.002,9,0.002,10,0.003,2,0.002
184;207_0-400m,Blue_0-400m,0,0,0,0,6,0.001,4,0.001,2,0.001,0,0
184;207_0-400m,Green_0-400m,0,0,20,0.007,29,0.004,17,0.004,24,0.006,6,0.007
184;207_0-400m,Orange_400-800m,0,0,0,0,7,0.001,7,0.002,2,0.001,1,0.001
184;207_0-400m,Blue_400-800m,7,0.021,0,0,5,0.001,3,0.001,5,0.001,2,0.002
184;207_0-400m,Green_400-800m,0,0,4,0.001,20,0.003,14,0.003,22,0.006,3,0.004
184;207_0-400m,External,52,0.158,400,0.147,794,0.101,449,0.099,388,0.099,102,0.127
184;207_400-800m,415;448_0-400m,0,0,0,0,1,0,0,0,0,0,0,0
184;207_400-800m,415;448_400-800m,0,0,0,0,0,0,0,0,0,0,0,0
184;207_400-800m,408;455_0-400m,0,0,0,0,1,0,1,0,1,0,0,0
184;207_400-800m,408;455_400-800m,0,0,0,0,1,0,0,0,0,0,0,0
184;207_400-800m,412;451_0-400m,0,0,0,0,2,0,2,0,0,0,0,0
184;207_400-800m,412;451_400-800m,0,0,0,0,2,0,0,0,1,0,0,0
184;207_400-800m,416;447_0-400m,0,0,0,0,1,0,0,0,0,0,0,0
184;207_400-800m,416;447_400-800m,0,0,0,0,2,0,3,0.001,2,0.001,0,0
184;207_400-800m,410;452_0-400m,0,0,0,0,0,0,2,0,0,0,0,0
184;207_400-800m,410;452_400-800m,0,0,0,0,2,0,2,0,0,0,0,0
184;207_400-800m,414;449_0-400m,0,0,0,0,0,0,1,0,1,0,0,0
184;207_400-800m,414;449_400-800m,0,0,0,0,0,0,1,0,0,0,0,0
184;207_400-800m,407;456_0-400m,0,0,0,0,1,0,2,0,0,0,0,0
184;207_400-800m,407;456_400-800m,0,0,0,0,1,0,0,0,0,0,0,0
184;207_400-800m,413;450_0-400m,0,0,0,0,0,0,1,0,0,0,0,0
184;207_400-800m,413;450_400-800m,0,0,0,0,2,0,1,0,2,0.001,0,0
184;207_400-800m,419;444;420_0-400m,0,0,2,0.001,6,0.001,4,0.001,3,0.001,1,0.001
184;207_400-800m,419;444;420_400-800m,0,0,0,0,1,0,0,0,0,0,0,0
184;207_400-800m,417;445_0-400m,1,0.003,1,0,3,0,2,0,0,0,1,0.001
184;207_400-800m,417;445_400-800m,0,0,0,0,0,0,4,0.001,1,0,0,0
184;207_400-800m,405;457_0-400m,0,0,3,0.001,0,0,0,0,1,0,0,0
184;207_400-800m,405;457_400-800m,0,0,0,0,0,0,1,0,0,0,0,0
184;207_400-800m,404;459_0-400m,0,0,0,0,1,0,1,0,2,0.001,0,0
184;207_400-800m,404;459_400-800m,0,0,1,0,6,0.001,4,0.001,6,0.002,0,0
184;207_400-800m,421;442_0-400m,1,0.003,3,0.001,9,0.001,3,0.001,6,0.002,0,0
184;207_400-800m,421;442_400-800m,0,0,4,0.001,3,0,4,0.001,0,0,0,0
184;207_400-800m,196;24;1508_0-400m,0,0,2,0.001,7,0.001,2,0,2,0.001,0,0
184;207_400-800m,196;24;1508_400-800m,0,0,0,0,2,0,2,0,0,0,0,0
184;207_400-800m,409;453_0-400m,0,0,0,0,0,0,0,0,0,0,2,0.002
184;207_400-800m,409;453_400-800m,0,0,0,0,2,0,1,0,0,0,0,0
184;207_400-800m,1503_0-400m,0,0,4,0.001,6,0.001,5,0.001,2,0.001,0,0
184;207_400-800m,1503_400-800m,0,0,0,0,1,0,1,0,1,0,0,0
184;207_400-800m,1125;1163;1162_0-400m,0,0,0,0,0,0,0,0,1,0,1,0.001
184;207_400-800m,1125;1163;1162_400-800m,0,0,0,0,0,0,0,0,0,0,0,0
184;207_400-800m,1134;1153_0-400m,0,0,0,0,0,0,0,0,0,0,0,0
184;207_400-800m,1134;1153_400-800m,0,0,0,0,1,0,0,0,1,0,0,0
184;207_400-800m,21;28;1612_0-400m,1,0.003,2,0.001,9,0.001,10,0.002,4,0.001,1,0.001
184;207_400-800m,21;28;1612_400-800m,0,0,1,0,6,0.001,3,0.001,2,0.001,0,0
184;207_400-800m,1131;1158_0-400m,0,0,0,0,0,0,1,0,0,0,0,0
184;207_400-800m,1131;1158_400-800m,0,0,0,0,0,0,0,0,0,0,0,0
184;207_400-800m,1135;1152_0-400m,0,0,0,0,1,0,1,0,0,0,0,0
184;207_400-800m,1135;1152_400-800m,0,0,0,0,1,0,0,0,0,0,0,0
184;207_400-800m,584;604_0-400m,0,0,0,0,2,0,1,0,1,0,0,0
184;207_400-800m,584;604_400-800m,0,0,0,0,0,0,4,0.001,1,0,0,0
184;207_400-800m,1139;1149_0-400m,0,0,0,0,1,0,0,0,0,0,0,0
184;207_400-800m,1139;1149_400-800m,0,0,0,0,0,0,0,0,0,0,0,0
184;207_400-800m,1138;1150;1137_0-400m,0,0,0,0,1,0,0,0,1,0,0,0
184;207_400-800m,1138;1150;1137_400-800m,0,0,0,0,0,0,0,0,0,0,0,0
184;207_400-800m,1124;1164_0-400m,0,0,0,0,2,0,1,0,0,0,0,0
184;207_400-800m,1124;1164_400-800m,0,0,0,0,1,0,0,0,1,0,0,0
184;207_400-800m,343;349_0-400m,0,0,1,0,1,0,0,0,0,0,1,0.001
184;207_400-800m,343;349_400-800m,0,0,0,0,0,0,0,0,0,0,0,0
184;207_400-800m,1136;1151_0-400m,0,0,0,0,1,0,0,0,1,0,0,0
184;207_400-800m,1136;1151_400-800m,0,0,0,0,0,0,0,0,0,0,0,0
184;207_400-800m,342;350_0-400m,0,0,1,0,1,0,5,0.001,2,0.001,0,0
184;207_400-800m,342;350_400-800m,0,0,0,0,1,0,1,0,0,0,0,0
184;207_400-800m,1141;1147_0-400m,0,0,0,0,2,0,0,0,0,0,1,0.001
184;207_400-800m,1141;1147_400-800m,0,0,0,0,0,0,0,0,0,0,0,0
184;207_400-800m,1132;1155;1156_0-400m,0,0,0,0,1,0,0,0,0,0,0,0
184;207_400-800m,1132;1155;1156_400-800m,0,0,0,0,0,0,0,0,1,0,0,0
184;207_400-800m,1133;1154_0-400m,0,0,0,0,0,0,0,0,0,0,0,0
184;207_400-800m,1133;1154_400-800m,0,0,0,0,0,0,0,0,1,0,0,0
184;207_400-800m,1130;1159;1160_0-400m,0,0,0,0,2,0,1,0,0,0,1,0.001
184;207_400-800m,1130;1159;1160_400-800m,0,0,0,0,0,0,0,0,0,0,0,0
184;207_400-800m,345;347_0-400m,1,0.003,0,0,2,0,5,0.001,3,0.001,1,0.001
184;207_400-800m,345;347_400-800m,0,0,4,0.001,4,0.001,5,0.001,7,0.002,1,0.001
184;207_400-800m,344;348_0-400m,0,0,2,0.001,0,0,1,0,0,0,0,0
184;207_400-800m,344;348_400-800m,1,0.003,2,0.001,2,0,2,0,3,0.001,0,0
184;207_400-800m,1140;1148_0-400m,0,0,0,0,0,0,0,0,2,0.001,0,0
184;207_400-800m,1140;1148_400-800m,0,0,1,0,1,0,0,0,0,0,0,0
184;207_400-800m,1127;1161_0-400m,0,0,0,0,1,0,0,0,1,0,0,0
184;207_400-800m,1127;1161_400-800m,0,0,0,0,0,0,0,0,0,0,0,0
184;207_400-800m,1855_0-400m,0,0,0,0,0,0,0,0,0,0,0,0
184;207_400-800m,1855_400-800m,0,0,0,0,0,0,0,0,0,0,0,0
184;207_400-800m,187;204_0-400m,0,0,0,0,3,0,3,0.001,4,0.001,0,0
184;207_400-800m,187;204_400-800m,0,0,0,0,0,0,1,0,0,0,0,0
184;207_400-800m,661;674_0-400m,0,0,2,0.001,4,0.001,0,0,1,0,2,0.002
184;207_400-800m,661;674_400-800m,0,0,0,0,2,0,3,0.001,1,0,0,0
184;207_400-800m,184;207_0-400m,0,0,0,0,3,0,2,0,1,0,0,0
184;207_400-800m,184;207_400-800m,0,0,5,0.002,9,0.001,3,0.001,6,0.002,1,0.001
184;207_400-800m,657;678_0-400m,0,0,3,0.001,7,0.001,9,0.002,4,0.001,0,0
184;207_400-800m,657;678_400-800m,0,0,0,0,0,0,0,0,0,0,0,0
184;207_400-800m,656;679_0-400m,1,0.003,1,0,6,0.001,4,0.001,4,0.001,0,0
184;207_400-800m,656;679_400-800m,0,0,0,0,0,0,0,0,1,0,0,0
184;207_400-800m,1383;1461;1384_0-400m,0,0,3,0.001,5,0.001,3,0.001,2,0.001,0,0
184;207_400-800m,1383;1461;1384_400-800m,0,0,1,0,5,0.001,4,0.001,3,0.001,0,0
184;207_400-800m,665;670_0-400m,0,0,1,0,2,0,1,0,0,0,1,0.001
184;207_400-800m,665;670_400-800m,0,0,1,0,1,0,1,0,1,0,0,0
184;207_400-800m,659;676;675_0-400m,1,0.003,4,0.001,5,0.001,5,0.001,3,0.001,2,0.002
184;207_400-800m,659;676;675_400-800m,0,0,0,0,5,0.001,2,0,1,0,0,0
184;207_400-800m,664;671_0-400m,0,0,2,0.001,2,0,9,0.002,2,0.001,0,0
184;207_400-800m,664;671_400-800m,0,0,1,0,4,0.001,4,0.001,2,0.001,1,0.001
184;207_400-800m,185;206_0-400m,0,0,3,0.001,0,0,2,0,0,0,0,0
184;207_400-800m,185;206_400-800m,0,0,0,0,2,0,1,0,0,0,0,0
184;207_400-800m,662;673_0-400m,0,0,1,0,11,0.001,9,0.002,4,0.001,0,0
184;207_400-800m,662;673_400-800m,0,0,1,0,2,0,3,0.001,5,0.001,0,0
184;207_400-800m,1385;1459_0-400m,0,0,3,0.001,9,0.001,8,0.002,2,0.001,0,0
184;207_400-800m,1385;1459_400-800m,1,0.003,0,0,2,0,2,0,1,0,0,0
184;207_400-800m,658;677_0-400m,1,0.003,2,0.001,5,0.001,0,0,3,0.001,0,0
184;207_400-800m,658;677_400-800m,0,0,0,0,2,0,0,0,0,0,0,0
184;207_400-800m,663;672_0-400m,0,0,3,0.001,7,0.001,15,0.003,7,0.002,2,0.002
184;207_400-800m,663;672_400-800m,0,0,0,0,5,0.001,3,0.001,1,0,0,0
184;207_400-800m,183;209_0-400m,0,0,6,0.002,10,0.001,3,0.001,2,0.001,0,0
184;207_400-800m,183;209_400-800m,0,0,0,0,6,0.001,2,0,0,0,0,0
184;207_400-800m,186;205_0-400m,0,0,0,0,1,0,3,0.001,0,0,0,0
184;207_400-800m,186;205_400-800m,0,0,0,0,1,0,0,0,0,0,0,0
184;207_400-800m,188;203_0-400m,0,0,3,0.001,9,0.001,12,0.003,3,0.001,1,0.001
184;207_400-800m,188;203_400-800m,0,0,1,0,2,0,3,0.001,1,0,0,0
184;207_400-800m,388;823_0-400m,3,0.009,4,0.001,22,0.003,19,0.004,14,0.004,0,0
184;207_400-800m,388;823_400-800m,0,0,5,0.002,7,0.001,5,0.001,3,0.001,0,0
184;207_400-800m,1386;95_0-400m,0,0,6,0.002,10,0.001,7,0.002,1,0,0,0
184;207_400-800m,1386;95_400-800m,0,0,0,0,0,0,3,0.001,2,0.001,0,0
184;207_400-800m,Orange_0-400m,0,0,4,0.001,26,0.003,14,0.003,12,0.003,2,0.002
184;207_400-800m,Blue_0-400m,0,0,0,0,4,0.001,1,0,2,0.001,0,0
184;207_400-800m,Green_0-400m,1,0.003,7,0.003,26,0.003,8,0.002,6,0.002,2,0.002
184;207_400-800m,Orange_400-800m,0,0,1,0,15,0.002,14,0.003,1,0,0,0
184;207_400-800m,Blue_400-800m,0,0,0,0,3,0,2,0,1,0,0,0
184;207_400-800m,Green_400-800m,0,0,4,0.001,20,0.003,8,0.002,7,0.002,1,0.001
184;207_400-800m,External,67,0.204,353,0.13,995,0.126,733,0.161,486,0.124,90,0.112
657;678_0-400m,415;448_0-400m,0,0,0,0,2,0,2,0,1,0,2,0.002
657;678_0-400m,415;448_400-800m,0,0,0,0,3,0,2,0,2,0.001,0,0
657;678_0-400m,408;455_0-400m,0,0,0,0,1,0,0,0,2,0.001,1,0.001
657;678_0-400m,408;455_400-800m,0,0,0,0,2,0,0,0,1,0,0,0
657;678_0-400m,412;451_0-400m,0,0,0,0,0,0,4,0.001,1,0,1,0.001
657;678_0-400m,412;451_400-800m,0,0,1,0,2,0,1,0,2,0.001,3,0.004
657;678_0-400m,416;447_0-400m,0,0,0,0,4,0.001,1,0,2,0.001,2,0.002
657;678_0-400m,416;447_400-800m,0,0,3,0.001,6,0.001,2,0,5,0.001,0,0
657;678_0-400m,410;452_0-400m,0,0,0,0,0,0,1,0,3,0.001,0,0
657;678_0-400m,410;452_400-800m,1,0.003,0,0,2,0,5,0.001,4,0.001,1,0.001
657;678_0-400m,414;449_0-400m,0,0,0,0,2,0,1,0,3,0.001,1,0.001
657;678_0-400m,414;449_400-800m,0,0,2,0.001,0,0,2,0,2,0.001,0,0
657;678_0-400m,407;456_0-400m,0,0,0,0,1,0,0,0,0,0,0,0
657;678_0-400m,407;456_400-800m,0,0,2,0.001,4,0.001,0,0,2,0.001,0,0
657;678_0-400m,413;450_0-400m,0,0,1,0,2,0,0,0,4,0.001,1,0.001
657;678_0-400m,413;450_400-800m,0,0,1,0,4,0.001,1,0,1,0,0,0
657;678_0-400m,419;444;420_0-400m,0,0,1,0,13,0.002,3,0.001,10,0.003,1,0.001
657;678_0-400m,419;444;420_400-800m,0,0,1,0,2,0,1,0,1,0,0,0
657;678_0-400m,417;445_0-400m,0,0,0,0,3,0,2,0,3,0.001,0,0
657;678_0-400m,417;445_400-800m,0,0,0,0,1,0,2,0,1,0,1,0.001
657;678_0-400m,405;457_0-400m,0,0,0,0,2,0,4,0.001,3,0.001,0,0
657;678_0-400m,405;457_400-800m,0,0,1,0,0,0,0,0,0,0,0,0
657;678_0-400m,404;459_0-400m,0,0,0,0,6,0.001,3,0.001,2,0.001,3,0.004
657;678_0-400m,404;459_400-800m,0,0,0,0,5,0.001,5,0.001,2,0.001,1,0.001
657;678_0-400m,421;442_0-400m,0,0,2,0.001,22,0.003,7,0.002,8,0.002,2,0.002
657;678_0-400m,421;442_400-800m,1,0.003,3,0.001,7,0.001,3,0.001,6,0.002,0,0
657;678_0-400m,196;24;1508_0-400m,2,0.006,7,0.003,11,0.001,9,0.002,4,0.001,2,0.002
657;678_0-400m,196;24;1508_400-800m,0,0,1,0,6,0.001,3,0.001,4,0.001,2,0.002
657;678_0-400m,409;453_0-400m,0,0,0,0,2,0,1,0,2,0.001,1,0.001
657;678_0-400m,409;453_400-800m,1,0.003,0,0,0,0,2,0,0,0,1,0.001
657;678_0-400m,1503_0-400m,0,0,3,0.001,12,0.002,7,0.002,6,0.002,0,0
657;678_0-400m,1503_400-800m,0,0,0,0,1,0,1,0,2,0.001,1,0.001
657;678_0-400m,1125;1163;1162_0-400m,0,0,0,0,1,0,0,0,0,0,0,0
657;678_0-400m,1125;1163;1162_400-800m,0,0,0,0,0,0,0,0,1,0,0,0
657;678_0-400m,1134;1153_0-400m,0,0,0,0,1,0,0,0,0,0,0,0
657;678_0-400m,1134;1153_400-800m,0,0,3,0.001,0,0,2,0,1,0,0,0
657;678_0-400m,21;28;1612_0-400m,0,0,2,0.001,15,0.002,10,0.002,12,0.003,3,0.004
657;678_0-400m,21;28;1612_400-800m,0,0,1,0,8,0.001,4,0.001,5,0.001,0,0
657;678_0-400m,1131;1158_0-400m,0,0,0,0,2,0,0,0,1,0,0,0
657;678_0-400m,1131;1158_400-800m,0,0,1,0,3,0,0,0,0,0,0,0
657;678_0-400m,1135;1152_0-400m,0,0,0,0,2,0,0,0,0,0,0,0
657;678_0-400m,1135;1152_400-800m,0,0,1,0,1,0,0,0,0,0,0,0
657;678_0-400m,584;604_0-400m,1,0.003,2,0.001,0,0,1,0,1,0,0,0
657;678_0-400m,584;604_400-800m,0,0,0,0,2,0,0,0,3,0.001,1,0.001
657;678_0-400m,1139;1149_0-400m,1,0.003,1,0,3,0,1,0,0,0,0,0
657;678_0-400m,1139;1149_400-800m,0,0,0,0,2,0,0,0,0,0,0,0
657;678_0-400m,1138;1150;1137_0-400m,0,0,2,0.001,2,0,1,0,2,0.001,0,0
657;678_0-400m,1138;1150;1137_400-800m,0,0,0,0,0,0,0,0,0,0,0,0
657;678_0-400m,1124;1164_0-400m,0,0,0,0,0,0,1,0,1,0,0,0
657;678_0-400m,1124;1164_400-800m,0,0,1,0,7,0.001,1,0,1,0,1,0.001
657;678_0-400m,343;349_0-400m,0,0,2,0.001,1,0,1,0,1,0,1,0.001
657;678_0-400m,343;349_400-800m,0,0,0,0,4,0.001,0,0,1,0,1,0.001
657;678_0-400m,1136;1151_0-400m,0,0,0,0,1,0,0,0,2,0.001,0,0
657;678_0-400m,1136;1151_400-800m,0,0,0,0,0,0,0,0,1,0,0,0
657;678_0-400m,342;350_0-400m,0,0,0,0,2,0,3,0.001,4,0.001,1,0.001
657;678_0-400m,342;350_400-800m,0,0,0,0,1,0,0,0,1,0,1,0.001
657;678_0-400m,1141;1147_0-400m,0,0,0,0,0,0,0,0,0,0,1,0.001
657;678_0-400m,1141;1147_400-800m,0,0,0,0,0,0,0,0,0,0,0,0
657;678_0-400m,1132;1155;1156_0-400m,0,0,3,0.001,2,0,0,0,1,0,0,0
657;678_0-400m,1132;1155;1156_400-800m,0,0,0,0,1,0,0,0,0,0,0,0
657;678_0-400m,1133;1154_0-400m,0,0,0,0,1,0,0,0,0,0,0,0
657;678_0-400m,1133;1154_400-800m,0,0,0,0,0,0,1,0,0,0,0,0
657;678_0-400m,1130;1159;1160_0-400m,0,0,0,0,2,0,1,0,5,0.001,0,0
657;678_0-400m,1130;1159;1160_400-800m,0,0,0,0,0,0,1,0,0,0,0,0
657;678_0-400m,345;347_0-400m,0,0,0,0,11,0.001,7,0.002,6,0.002,1,0.001
657;678_0-400m,345;347_400-800m,0,0,3,0.001,13,0.002,5,0.001,7,0.002,2,0.002
657;678_0-400m,344;348_0-400m,0,0,0,0,0,0,2,0,6,0.002,0,0
657;678_0-400m,344;348_400-800m,0,0,0,0,6,0.001,3,0.001,2,0.001,2,0.002
657;678_0-400m,1140;1148_0-400m,1,0.003,0,0,9,0.001,1,0,6,0.002,0,0
657;678_0-400m,1140;1148_400-800m,0,0,0,0,1,0,1,0,1,0,0,0
657;678_0-400m,1127;1161_0-400m,0,0,0,0,3,0,1,0,1,0,0,0
657;678_0-400m,1127;1161_400-800m,0,0,0,0,0,0,0,0,0,0,0,0
657;678_0-400m,1855_0-400m,0,0,0,0,1,0,1,0,0,0,0,0
657;678_0-400m,1855_400-800m,0,0,0,0,0,0,0,0,0,0,0,0
657;678_0-400m,187;204_0-400m,0,0,2,0.001,13,0.002,13,0.003,10,0.003,3,0.004
657;678_0-400m,187;204_400-800m,0,0,3,0.001,4,0.001,5,0.001,5,0.001,2,0.002
657;678_0-400m,661;674_0-400m,0,0,4,0.001,22,0.003,9,0.002,6,0.002,4,0.005
657;678_0-400m,661;674_400-800m,0,0,3,0.001,8,0.001,6,0.001,5,0.001,2,0.002
657;678_0-400m,184;207_0-400m,1,0.003,3,0.001,15,0.002,11,0.002,10,0.003,2,0.002
657;678_0-400m,184;207_400-800m,0,0,6,0.002,10,0.001,6,0.001,1,0,1,0.001
657;678_0-400m,657;678_0-400m,0,0,17,0.006,44,0.006,30,0.007,20,0.005,4,0.005
657;678_0-400m,657;678_400-800m,0,0,3,0.001,4,0.001,2,0,1,0,0,0
657;678_0-400m,656;679_0-400m,0,0,6,0.002,36,0.005,11,0.002,19,0.005,1,0.001
657;678_0-400m,656;679_400-800m,0,0,0,0,2,0,3,0.001,8,0.002,4,0.005
657;678_0-400m,1383;1461;1384_0-400m,0,0,1,0,6,0.001,6,0.001,2,0.001,3,0.004
657;678_0-400m,1383;1461;1384_400-800m,0,0,6,0.002,11,0.001,2,0,14,0.004,3,0.004
657;678_0-400m,665;670_0-400m,1,0.003,4,0.001,9,0.001,4,0.001,4,0.001,1,0.001
657;678_0-400m,665;670_400-800m,1,0.003,0,0,3,0,5,0.001,5,0.001,2,0.002
657;678_0-400m,659;676;675_0-400m,2,0.006,4,0.001,32,0.004,28,0.006,14,0.004,4,0.005
657;678_0-400m,659;676;675_400-800m,0,0,6,0.002,3,0,4,0.001,2,0.001,2,0.002
657;678_0-400m,664;671_0-400m,2,0.006,5,0.002,12,0.002,8,0.002,10,0.003,2,0.002
657;678_0-400m,664;671_400-800m,1,0.003,0,0,2,0,10,0.002,4,0.001,1,0.001
657;678_0-400m,185;206_0-400m,1,0.003,3,0.001,18,0.002,17,0.004,11,0.003,1,0.001
657;678_0-400m,185;206_400-800m,0,0,2,0.001,1,0,6,0.001,1,0,0,0
657;678_0-400m,662;673_0-400m,0,0,4,0.001,19,0.002,10,0.002,12,0.003,2,0.002
657;678_0-400m,662;673_400-800m,0,0,3,0.001,6,0.001,6,0.001,2,0.001,1,0.001
657;678_0-400m,1385;1459_0-400m,2,0.006,7,0.003,13,0.002,5,0.001,8,0.002,0,0
657;678_0-400m,1385;1459_400-800m,0,0,2,0.001,2,0,2,0,2,0.001,1,0.001
657;678_0-400m,658;677_0-400m,1,0.003,10,0.004,13,0.002,12,0.003,9,0.002,1,0.001
657;678_0-400m,658;677_400-800m,0,0,1,0,2,0,2,0,1,0,0,0
657;678_0-400m,663;672_0-400m,0,0,0,0,20,0.003,10,0.002,12,0.003,1,0.001
657;678_0-400m,663;672_400-800m,0,0,3,0.001,8,0.001,4,0.001,7,0.002,1,0.001
657;678_0-400m,183;209_0-400m,1,0.003,10,0.004,28,0.004,5,0.001,10,0.003,4,0.005
657;678_0-400m,183;209_400-800m,2,0.006,8,0.003,18,0.002,9,0.002,10,0.003,0,0
657;678_0-400m,186;205_0-400m,2,0.006,4,0.001,14,0.002,6,0.001,5,0.001,1,0.001
657;678_0-400m,186;205_400-800m,0,0,0,0,2,0,1,0,0,0,0,0
657;678_0-400m,188;203_0-400m,0,0,8,0.003,26,0.003,11,0.002,20,0.005,4,0.005
657;678_0-400m,188;203_400-800m,0,0,2,0.001,8,0.001,6,0.001,11,0.003,3,0.004
657;678_0-400m,388;823_0-400m,2,0.006,10,0.004,104,0.013,89,0.02,33,0.008,8,0.01
657;678_0-400m,388;823_400-800m,3,0.009,8,0.003,18,0.002,11,0.002,10,0.003,1,0.001
657;678_0-400m,1386;95_0-400m,1,0.003,8,0.003,12,0.002,15,0.003,12,0.003,2,0.002
657;678_0-400m,1386;95_400-800m,0,0,1,0,2,0,2,0,3,0.001,1,0.001
657;678_0-400m,Orange_0-400m,1,0.003,3,0.001,17,0.002,22,0.005,23,0.006,3,0.004
657;678_0-400m,Blue_0-400m,0,0,4,0.001,6,0.001,7,0.002,2,0.001,2,0.002
657;678_0-400m,Green_0-400m,1,0.003,20,0.007,42,0.005,33,0.007,32,0.008,8,0.01
657;678_0-400m,Orange_400-800m,0,0,0,0,11,0.001,7,0.002,6,0.002,2,0.002
657;678_0-400m,Blue_400-800m,0,0,1,0,2,0,3,0.001,5,0.001,0,0
657;678_0-400m,Green_400-800m,1,0.003,15,0.006,34,0.004,22,0.005,22,0.006,5,0.006
657;678_0-400m,External,89,0.271,493,0.181,1469,0.186,897,0.197,738,0.188,116,0.144
657;678_400-800m,415;448_0-400m,0,0,0,0,0,0,0,0,0,0,0,0
657;678_400-800m,415;448_400-800m,0,0,0,0,0,0,0,0,0,0,0,0
657;678_400-800m,408;455_0-400m,0,0,0,0,0,0,2,0,1,0,0,0
657;678_400-800m,408;455_400-800m,0,0,0,0,0,0,0,0,0,0,0,0
657;678_400-800m,412;451_0-400m,0,0,0,0,0,0,3,0.001,0,0,0,0
657;678_400-800m,412;451_400-800m,0,0,0,0,1,0,0,0,0,0,0,0
657;678_400-800m,416;447_0-400m,0,0,0,0,0,0,0,0,0,0,0,0
657;678_400-800m,416;447_400-800m,0,0,0,0,0,0,0,0,0,0,0,0
657;678_400-800m,410;452_0-400m,0,0,0,0,0,0,0,0,1,0,0,0
657;678_400-800m,410;452_400-800m,0,0,0,0,0,0,0,0,0,0,0,0
657;678_400-800m,414;449_0-400m,0,0,0,0,0,0,0,0,0,0,0,0
657;678_400-800m,414;449_400-800m,0,0,1,0,0,0,0,0,0,0,0,0
657;678_400-800m,407;456_0-400m,0,0,0,0,0,0,0,0,0,0,0,0
657;678_400-800m,407;456_400-800m,0,0,1,0,0,0,0,0,0,0,0,0
657;678_400-800m,413;450_0-400m,0,0,1,0,0,0,0,0,1,0,0,0
657;678_400-800m,413;450_400-800m,0,0,0,0,0,0,0,0,0,0,0,0
657;678_400-800m,419;444;420_0-400m,0,0,0,0,3,0,0,0,0,0,0,0
657;678_400-800m,419;444;420_400-800m,0,0,4,0.001,0,0,1,0,0,0,0,0
657;678_400-800m,417;445_0-400m,0,0,0,0,0,0,1,0,0,0,0,0
657;678_400-800m,417;445_400-800m,0,0,0,0,0,0,0,0,0,0,0,0
657;678_400-800m,405;457_0-400m,0,0,0,0,0,0,0,0,0,0,0,0
657;678_400-800m,405;457_400-800m,0,0,0,0,0,0,0,0,0,0,0,0
657;678_400-800m,404;459_0-400m,0,0,0,0,1,0,3,0.001,2,0.001,0,0
657;678_400-800m,404;459_400-800m,0,0,1,0,0,0,0,0,0,0,0,0
657;678_400-800m,421;442_0-400m,0,0,0,0,5,0.001,0,0,0,0,0,0
657;678_400-800m,421;442_400-800m,0,0,1,0,1,0,1,0,1,0,0,0
657;678_400-800m,196;24;1508_0-400m,3,0.009,0,0,0,0,2,0,1,0,0,0
657;678_400-800m,196;24;1508_400-800m,0,0,0,0,1,0,0,0,0,0,0,0
657;678_400-800m,409;453_0-400m,0,0,0,0,0,0,1,0,0,0,0,0
657;678_400-800m,409;453_400-800m,0,0,0,0,1,0,0,0,0,0,0,0
657;678_400-800m,1503_0-400m,0,0,0,0,1,0,1,0,1,0,0,0
657;678_400-800m,1503_400-800m,0,0,0,0,0,0,2,0,1,0,1,0.001
657;678_400-800m,1125;1163;1162_0-400m,0,0,0,0,2,0,0,0,1,0,0,0
657;678_400-800m,1125;1163;1162_400-800m,0,0,0,0,0,0,0,0,0,0,0,0
657;678_400-800m,1134;1153_0-400m,0,0,0,0,0,0,0,0,0,0,0,0
657;678_400-800m,1134;1153_400-800m,0,0,0,0,0,0,1,0,0,0,0,0
657;678_400-800m,21;28;1612_0-400m,0,0,0,0,5,0.001,1,0,4,0.001,0,0
657;678_400-800m,21;28;1612_400-800m,0,0,0,0,9,0.001,3,0.001,2,0.001,0,0
657;678_400-800m,1131;1158_0-400m,0,0,0,0,0,0,1,0,0,0,0,0
657;678_400-800m,1131;1158_400-800m,0,0,0,0,1,0,0,0,0,0,0,0
657;678_400-800m,1135;1152_0-400m,0,0,0,0,0,0,0,0,1,0,0,0
657;678_400-800m,1135;1152_400-800m,0,0,0,0,0,0,0,0,0,0,0,0
657;678_400-800m,584;604_0-400m,0,0,0,0,1,0,0,0,1,0,0,0
657;678_400-800m,584;604_400-800m,0,0,1,0,0,0,0,0,0,0,0,0
657;678_400-800m,1139;1149_0-400m,0,0,0,0,2,0,0,0,0,0,0,0
657;678_400-800m,1139;1149_400-800m,0,0,0,0,0,0,0,0,0,0,0,0
657;678_400-800m,1138;1150;1137_0-400m,0,0,0,0,1,0,0,0,0,0,0,0
657;678_400-800m,1138;1150;1137_400-800m,0,0,0,0,0,0,0,0,0,0,0,0
657;678_400-800m,1124;1164_0-400m,0,0,0,0,0,0,0,0,0,0,0,0
657;678_400-800m,1124;1164_400-800m,0,0,0,0,0,0,1,0,0,0,0,0
657;678_400-800m,343;349_0-400m,0,0,1,0,0,0,0,0,0,0,0,0
657;678_400-800m,343;349_400-800m,0,0,0,0,0,0,0,0,0,0,0,0
657;678_400-800m,1136;1151_0-400m,0,0,0,0,1,0,0,0,0,0,0,0
657;678_400-800m,1136;1151_400-800m,0,0,0,0,0,0,0,0,0,0,0,0
657;678_400-800m,342;350_0-400m,0,0,0,0,0,0,2,0,0,0,0,0
657;678_400-800m,342;350_400-800m,0,0,0,0,0,0,0,0,2,0.001,0,0
657;678_400-800m,1141;1147_0-400m,0,0,0,0,0,0,0,0,0,0,0,0
657;678_400-800m,1141;1147_400-800m,0,0,0,0,1,0,0,0,0,0,0,0
657;678_400-800m,1132;1155;1156_0-400m,0,0,0,0,0,0,1,0,0,0,0,0
657;678_400-800m,1132;1155;1156_400-800m,0,0,0,0,0,0,0,0,1,0,0,0
657;678_400-800m,1133;1154_0-400m,0,0,0,0,0,0,0,0,0,0,0,0
657;678_400-800m,1133;1154_400-800m,0,0,0,0,0,0,0,0,0,0,0,0
657;678_400-800m,1130;1159;1160_0-400m,0,0,0,0,3,0,1,0,0,0,0,0
657;678_400-800m,1130;1159;1160_400-800m,0,0,0,0,0,0,0,0,0,0,0,0
657;678_400-800m,345;347_0-400m,0,0,0,0,1,0,2,0,2,0.001,0,0
657;678_400-800m,345;347_400-800m,0,0,0,0,2,0,0,0,3,0.001,0,0
657;678_400-800m,344;348_0-400m,0,0,0,0,0,0,0,0,0,0,0,0
657;678_400-800m,344;348_400-800m,0,0,0,0,1,0,0,0,0,0,1,0.001
657;678_400-800m,1140;1148_0-400m,0,0,0,0,2,0,1,0,0,0,0,0
657;678_400-800m,1140;1148_400-800m,0,0,0,0,1,0,0,0,0,0,0,0
657;678_400-800m,1127;1161_0-400m,0,0,0,0,1,0,0,0,0,0,0,0
657;678_400-800m,1127;1161_400-800m,0,0,0,0,0,0,0,0,0,0,0,0
657;678_400-800m,1855_0-400m,0,0,0,0,0,0,0,0,0,0,0,0
657;678_400-800m,1855_400-800m,0,0,0,0,0,0,0,0,0,0,0,0
657;678_400-800m,187;204_0-400m,0,0,1,0,1,0,0,0,1,0,0,0
657;678_400-800m,187;204_400-800m,0,0,0,0,0,0,0,0,0,0,0,0
657;678_400-800m,661;674_0-400m,0,0,1,0,0,0,3,0.001,1,0,0,0
657;678_400-800m,661;674_400-800m,0,0,1,0,1,0,3,0.001,1,0,0,0
657;678_400-800m,184;207_0-400m,0,0,0,0,1,0,0,0,1,0,0,0
657;678_400-800m,184;207_400-800m,0,0,0,0,1,0,1,0,0,0,0,0
657;678_400-800m,657;678_0-400m,1,0.003,1,0,9,0.001,6,0.001,14,0.004,0,0
657;678_400-800m,657;678_400-800m,1,0.003,3,0.001,3,0,1,0,2,0.001,0,0
657;678_400-800m,656;679_0-400m,0,0,1,0,2,0,1,0,1,0,0,0
657;678_400-800m,656;679_400-800m,0,0,1,0,1,0,2,0,2,0.001,0,0
657;678_400-800m,1383;1461;1384_0-400m,0,0,0,0,1,0,0,0,1,0,0,0
657;678_400-800m,1383;1461;1384_400-800m,0,0,1,0,2,0,1,0,2,0.001,0,0
657;678_400-800m,665;670_0-400m,0,0,0,0,1,0,2,0,0,0,0,0
657;678_400-800m,665;670_400-800m,0,0,0,0,2,0,2,0,2,0.001,0,0
657;678_400-800m,659;676;675_0-400m,0,0,0,0,7,0.001,5,0.001,2,0.001,0,0
657;678_400-800m,659;676;675_400-800m,0,0,0,0,0,0,1,0,1,0,0,0
657;678_400-800m,664;671_0-400m,0,0,0,0,2,0,2,0,2,0.001,0,0
657;678_400-800m,664;671_400-800m,0,0,0,0,3,0,2,0,1,0,0,0
657;678_400-800m,185;206_0-400m,1,0.003,2,0.001,2,0,1,0,0,0,0,0
657;678_400-800m,185;206_400-800m,0,0,0,0,1,0,1,0,1,0,0,0
657;678_400-800m,662;673_0-400m,0,0,0,0,3,0,8,0.002,2,0.001,0,0
657;678_400-800m,662;673_400-800m,0,0,0,0,3,0,2,0,1,0,0,0
657;678_400-800m,1385;1459_0-400m,0,0,2,0.001,3,0,0,0,2,0.001,0,0
657;678_400-800m,1385;1459_400-800m,0,0,0,0,0,0,0,0,1,0,0,0
657;678_400-800m,658;677_0-400m,2,0.006,1,0,1,0,6,0.001,1,0,0,0
657;678_400-800m,658;677_400-800m,0,0,0,0,0,0,1,0,0,0,0,0
657;678_400-800m,663;672_0-400m,0,0,0,0,5,0.001,2,0,0,0,0,0
657;678_400-800m,663;672_400-800m,0,0,0,0,1,0,1,0,1,0,0,0
657;678_400-800m,183;209_0-400m,0,0,1,0,6,0.001,1,0,2,0.001,0,0
657;678_400-800m,183;209_400-800m,0,0,3,0.001,0,0,2,0,1,0,0,0
657;678_400-800m,186;205_0-400m,0,0,0,0,0,0,3,0.001,0,0,0,0
657;678_400-800m,186;205_400-800m,0,0,0,0,0,0,0,0,0,0,0,0
657;678_400-800m,188;203_0-400m,1,0.003,12,0.004,7,0.001,4,0.001,4,0.001,0,0
657;678_400-800m,188;203_400-800m,0,0,1,0,6,0.001,1,0,4,0.001,0,0
657;678_400-800m,388;823_0-400m,0,0,2,0.001,9,0.001,17,0.004,7,0.002,1,0.001
657;678_400-800m,388;823_400-800m,0,0,0,0,1,0,1,0,3,0.001,0,0
657;678_400-800m,1386;95_0-400m,0,0,2,0.001,2,0,1,0,0,0,0,0
657;678_400-800m,1386;95_400-800m,0,0,0,0,0,0,1,0,0,0,0,0
657;678_400-800m,Orange_0-400m,0,0,0,0,5,0.001,2,0,11,0.003,1,0.001
657;678_400-800m,Blue_0-400m,0,0,1,0,2,0,4,0.001,1,0,0,0
657;678_400-800m,Green_0-400m,0,0,1,0,8,0.001,13,0.003,2,0.001,0,0
657;678_400-800m,Orange_400-800m,0,0,0,0,1,0,7,0.002,0,0,0,0
657;678_400-800m,Blue_400-800m,0,0,0,0,5,0.001,1,0,2,0.001,0,0
657;678_400-800m,Green_400-800m,0,0,1,0,12,0.002,6,0.001,3,0.001,0,0
657;678_400-800m,External,29,0.088,71,0.026,374,0.047,278,0.061,234,0.06,9,0.011
656;679_0-400m,415;448_0-400m,0,0,1,0,4,0.001,2,0,6,0.002,3,0.004
656;679_0-400m,415;448_400-800m,0,0,1,0,3,0,1,0,0,0,0,0
656;679_0-400m,408;455_0-400m,2,0.006,0,0,2,0,0,0,0,0,0,0
656;679_0-400m,408;455_400-800m,0,0,0,0,0,0,0,0,1,0,0,0
656;679_0-400m,412;451_0-400m,0,0,0,0,5,0.001,2,0,9,0.002,2,0.002
656;679_0-400m,412;451_400-800m,0,0,0,0,9,0.001,3,0.001,7,0.002,1,0.001
656;679_0-400m,416;447_0-400m,0,0,1,0,3,0,6,0.001,5,0.001,0,0
656;679_0-400m,416;447_400-800m,0,0,4,0.001,6,0.001,1,0,4,0.001,1,0.001
656;679_0-400m,410;452_0-400m,0,0,0,0,7,0.001,8,0.002,5,0.001,0,0
656;679_0-400m,410;452_400-800m,0,0,2,0.001,5,0.001,2,0,1,0,0,0
656;679_0-400m,414;449_0-400m,0,0,0,0,2,0,1,0,3,0.001,0,0
656;679_0-400m,414;449_400-800m,0,0,0,0,3,0,5,0.001,1,0,0,0
656;679_0-400m,407;456_0-400m,0,0,0,0,2,0,1,0,2,0.001,0,0
656;679_0-400m,407;456_400-800m,0,0,0,0,2,0,2,0,1,0,0,0
656;679_0-400m,413;450_0-400m,0,0,1,0,9,0.001,0,0,3,0.001,0,0
656;679_0-400m,413;450_400-800m,0,0,0,0,6,0.001,4,0.001,5,0.001,0,0
656;679_0-400m,419;444;420_0-400m,0,0,4,0.001,18,0.002,11,0.002,15,0.004,2,0.002
656;679_0-400m,419;444;420_400-800m,0,0,0,0,6,0.001,1,0,6,0.002,0,0
656;679_0-400m,417;445_0-400m,1,0.003,0,0,4,0.001,1,0,2,0.001,1,0.001
656;679_0-400m,417;445_400-800m,0,0,3,0.001,7,0.001,2,0,1,0,0,0
656;679_0-400m,405;457_0-400m,0,0,4,0.001,3,0,4,0.001,9,0.002,0,0
656;679_0-400m,405;457_400-800m,0,0,0,0,1,0,0,0,0,0,0,0
656;679_0-400m,404;459_0-400m,0,0,1,0,22,0.003,7,0.002,1,0,0,0
656;679_0-400m,404;459_400-800m,0,0,3,0.001,9,0.001,8,0.002,1,0,1,0.001
656;679_0-400m,421;442_0-400m,0,0,3,0.001,25,0.003,18,0.004,9,0.002,3,0.004
656;679_0-400m,421;442_400-800m,0,0,0,0,8,0.001,7,0.002,6,0.002,2,0.002
656;679_0-400m,196;24;1508_0-400m,0,0,3,0.001,20,0.003,13,0.003,10,0.003,0,0
656;679_0-400m,196;24;1508_400-800m,1,0.003,1,0,5,0.001,8,0.002,6,0.002,1,0.001
656;679_0-400m,409;453_0-400m,0,0,2,0.001,8,0.001,8,0.002,2,0.001,2,0.002
656;679_0-400m,409;453_400-800m,1,0.003,1,0,7,0.001,2,0,2,0.001,0,0
656;679_0-400m,1503_0-400m,1,0.003,3,0.001,20,0.003,10,0.002,10,0.003,1,0.001
656;679_0-400m,1503_400-800m,0,0,0,0,4,0.001,0,0,0,0,1,0.001
656;679_0-400m,1125;1163;1162_0-400m,0,0,1,0,2,0,0,0,0,0,0,0
656;679_0-400m,1125;1163;1162_400-800m,0,0,0,0,1,0,0,0,0,0,0,0
656;679_0-400m,1134;1153_0-400m,0,0,0,0,0,0,0,0,0,0,0,0
656;679_0-400m,1134;1153_400-800m,0,0,0,0,0,0,3,0.001,2,0.001,1,0.001
656;679_0-400m,21;28;1612_0-400m,0,0,6,0.002,20,0.003,11,0.002,15,0.004,5,0.006
656;679_0-400m,21;28;1612_400-800m,0,0,2,0.001,10,0.001,3,0.001,5,0.001,2,0.002
656;679_0-400m,1131;1158_0-400m,0,0,1,0,3,0,3,0.001,4,0.001,0,0
656;679_0-400m,1131;1158_400-800m,0,0,0,0,1,0,0,0,4,0.001,0,0
656;679_0-400m,1135;1152_0-400m,0,0,2,0.001,0,0,0,0,3,0.001,2,0.002
656;679_0-400m,1135;1152_400-800m,0,0,0,0,0,0,0,0,1,0,0,0
656;679_0-400m,584;604_0-400m,0,0,1,0,4,0.001,0,0,2,0.001,2,0.002
656;679_0-400m,584;604_400-800m,0,0,0,0,3,0,2,0,3,0.001,0,0
656;679_0-400m,1139;1149_0-400m,0,0,0,0,1,0,1,0,3,0.001,0,0
656;679_0-400m,1139;1149_400-800m,0,0,0,0,0,0,0,0,1,0,0,0
656;679_0-400m,1138;1150;1137_0-400m,0,0,1,0,9,0.001,1,0,2,0.001,2,0.002
656;679_0-400m,1138;1150;1137_400-800m,0,0,0,0,1,0,1,0,1,0,0,0
656;679_0-400m,1124;1164_0-400m,2,0.006,0,0,0,0,2,0,0,0,0,0
656;679_0-400m,1124;1164_400-800m,0,0,5,0.002,12,0.002,3,0.001,2,0.001,1,0.001
656;679_0-400m,343;349_0-400m,0,0,0,0,5,0.001,3,0.001,3,0.001,3,0.004
656;679_0-400m,343;349_400-800m,1,0.003,0,0,1,0,0,0,0,0,0,0
656;679_0-400m,1136;1151_0-400m,0,0,0,0,5,0.001,0,0,1,0,0,0
656;679_0-400m,1136;1151_400-800m,0,0,1,0,1,0,0,0,1,0,1,0.001
656;679_0-400m,342;350_0-400m,0,0,0,0,2,0,2,0,4,0.001,0,0
656;679_0-400m,342;350_400-800m,0,0,0,0,2,0,2,0,1,0,0,0
656;679_0-400m,1141;1147_0-400m,0,0,0,0,1,0,2,0,3,0.001,0,0
656;679_0-400m,1141;1147_400-800m,0,0,0,0,0,0,1,0,0,0,0,0
656;679_0-400m,1132;1155;1156_0-400m,0,0,0,0,2,0,1,0,1,0,1,0.001
656;679_0-400m,1132;1155;1156_400-800m,0,0,0,0,0,0,1,0,0,0,1,0.001
656;679_0-400m,1133;1154_0-400m,0,0,0,0,2,0,1,0,1,0,0,0
656;679_0-400m,1133;1154_400-800m,0,0,0,0,0,0,0,0,0,0,0,0
656;679_0-400m,1130;1159;1160_0-400m,0,0,1,0,3,0,0,0,3,0.001,1,0.001
656;679_0-400m,1130;1159;1160_400-800m,0,0,0,0,0,0,0,0,0,0,0,0
656;679_0-400m,345;347_0-400m,0,0,2,0.001,15,0.002,11,0.002,8,0.002,4,0.005
656;679_0-400m,345;347_400-800m,0,0,0,0,16,0.002,9,0.002,13,0.003,4,0.005
656;679_0-400m,344;348_0-400m,0,0,1,0,4,0.001,4,0.001,3,0.001,0,0
656;679_0-400m,344;348_400-800m,0,0,0,0,7,0.001,4,0.001,5,0.001,1,0.001
656;679_0-400m,1140;1148_0-400m,0,0,0,0,2,0,6,0.001,2,0.001,1,0.001
656;679_0-400m,1140;1148_400-800m,0,0,0,0,2,0,3,0.001,2,0.001,0,0
656;679_0-400m,1127;1161_0-400m,0,0,0,0,9,0.001,0,0,2,0.001,0,0
656;679_0-400m,1127;1161_400-800m,0,0,0,0,0,0,0,0,0,0,0,0
656;679_0-400m,1855_0-400m,0,0,0,0,1,0,0,0,0,0,0,0
656;679_0-400m,1855_400-800m,0,0,0,0,0,0,0,0,0,0,0,0
656;679_0-400m,187;204_0-400m,1,0.003,4,0.001,14,0.002,15,0.003,12,0.003,5,0.006
656;679_0-400m,187;204_400-800m,1,0.003,0,0,6,0.001,6,0.001,5,0.001,0,0
656;679_0-400m,661;674_0-400m,1,0.003,2,0.001,29,0.004,31,0.007,22,0.006,5,0.006
656;679_0-400m,661;674_400-800m,1,0.003,2,0.001,7,0.001,6,0.001,9,0.002,0,0
656;679_0-400m,184;207_0-400m,1,0.003,3,0.001,32,0.004,19,0.004,11,0.003,3,0.004
656;679_0-400m,184;207_400-800m,0,0,1,0,13,0.002,9,0.002,8,0.002,1,0.001
656;679_0-400m,657;678_0-400m,0,0,11,0.004,30,0.004,19,0.004,21,0.005,2,0.002
656;679_0-400m,657;678_400-800m,0,0,0,0,4,0.001,1,0,1,0,0,0
656;679_0-400m,656;679_0-400m,2,0.006,22,0.008,74,0.009,39,0.009,40,0.01,8,0.01
656;679_0-400m,656;679_400-800m,0,0,2,0.001,11,0.001,8,0.002,7,0.002,0,0
656;679_0-400m,1383;1461;1384_0-400m,1,0.003,4,0.001,8,0.001,14,0.003,11,0.003,1,0.001
656;679_0-400m,1383;1461;1384_400-800m,3,0.009,7,0.003,11,0.001,9,0.002,16,0.004,8,0.01
656;679_0-400m,665;670_0-400m,0,0,2,0.001,9,0.001,5,0.001,5,0.001,0,0
656;679_0-400m,665;670_400-800m,1,0.003,1,0,12,0.002,2,0,6,0.002,0,0
656;679_0-400m,659;676;675_0-400m,0,0,12,0.004,51,0.006,28,0.006,20,0.005,3,0.004
656;679_0-400m,659;676;675_400-800m,0,0,4,0.001,14,0.002,12,0.003,7,0.002,1,0.001
656;679_0-400m,664;671_0-400m,1,0.003,2,0.001,13,0.002,13,0.003,14,0.004,3,0.004
656;679_0-400m,664;671_400-800m,0,0,5,0.002,17,0.002,9,0.002,7,0.002,0,0
656;679_0-400m,185;206_0-400m,1,0.003,4,0.001,27,0.003,24,0.005,19,0.005,7,0.009
656;679_0-400m,185;206_400-800m,0,0,1,0,2,0,5,0.001,2,0.001,0,0
656;679_0-400m,662;673_0-400m,3,0.009,9,0.003,31,0.004,24,0.005,23,0.006,0,0
656;679_0-400m,662;673_400-800m,0,0,4,0.001,10,0.001,5,0.001,7,0.002,1,0.001
656;679_0-400m,1385;1459_0-400m,1,0.003,13,0.005,29,0.004,8,0.002,4,0.001,3,0.004
656;679_0-400m,1385;1459_400-800m,2,0.006,2,0.001,1,0,4,0.001,6,0.002,0,0
656;679_0-400m,658;677_0-400m,2,0.006,9,0.003,27,0.003,19,0.004,12,0.003,0,0
656;679_0-400m,658;677_400-800m,0,0,1,0,3,0,0,0,1,0,0,0
656;679_0-400m,663;672_0-400m,0,0,2,0.001,25,0.003,17,0.004,20,0.005,4,0.005
656;679_0-400m,663;672_400-800m,0,0,3,0.001,24,0.003,13,0.003,13,0.003,1,0.001
656;679_0-400m,183;209_0-400m,2,0.006,15,0.006,45,0.006,21,0.005,26,0.007,1,0.001
656;679_0-400m,183;209_400-800m,0,0,5,0.002,35,0.004,12,0.003,11,0.003,2,0.002
656;679_0-400m,186;205_0-400m,0,0,1,0,19,0.002,11,0.002,10,0.003,3,0.004
656;679_0-400m,186;205_400-800m,0,0,0,0,0,0,0,0,0,0,0,0
656;679_0-400m,188;203_0-400m,0,0,4,0.001,35,0.004,35,0.008,24,0.006,10,0.012
656;679_0-400m,188;203_400-800m,0,0,6,0.002,16,0.002,9,0.002,12,0.003,1,0.001
656;679_0-400m,388;823_0-400m,3,0.009,36,0.013,227,0.029,129,0.028,118,0.03,5,0.006
656;679_0-400m,388;823_400-800m,1,0.003,11,0.004,42,0.005,29,0.006,21,0.005,4,0.005
656;679_0-400m,1386;95_0-400m,1,0.003,11,0.004,17,0.002,11,0.002,7,0.002,4,0.005
656;679_0-400m,1386;95_400-800m,0,0,1,0,2,0,2,0,4,0.001,1,0.001
656;679_0-400m,Orange_0-400m,2,0.006,7,0.003,55,0.007,29,0.006,37,0.009,5,0.006
656;679_0-400m,Blue_0-400m,0,0,3,0.001,10,0.001,8,0.002,5,0.001,0,0
656;679_0-400m,Green_0-400m,2,0.006,31,0.011,119,0.015,79,0.017,81,0.021,10,0.012
656;679_0-400m,Orange_400-800m,0,0,1,0,18,0.002,9,0.002,8,0.002,2,0.002
656;679_0-400m,Blue_400-800m,0,0,1,0,7,0.001,4,0.001,8,0.002,0,0
656;679_0-400m,Green_400-800m,1,0.003,18,0.007,52,0.007,41,0.009,33,0.008,5,0.006
656;679_0-400m,External,90,0.274,615,0.226,2089,0.265,1180,0.259,1165,0.298,147,0.183
656;679_400-800m,415;448_0-400m,0,0,0,0,0,0,0,0,0,0,0,0
656;679_400-800m,415;448_400-800m,0,0,0,0,0,0,0,0,0,0,0,0
656;679_400-800m,408;455_0-400m,0,0,1,0,0,0,0,0,1,0,0,0
656;679_400-800m,408;455_400-800m,0,0,0,0,0,0,0,0,0,0,0,0
656;679_400-800m,412;451_0-400m,0,0,0,0,0,0,0,0,0,0,0,0
656;679_400-800m,412;451_400-800m,0,0,1,0,0,0,0,0,0,0,0,0
656;679_400-800m,416;447_0-400m,0,0,1,0,0,0,0,0,0,0,0,0
656;679_400-800m,416;447_400-800m,0,0,0,0,1,0,0,0,0,0,0,0
656;679_400-800m,410;452_0-400m,0,0,0,0,1,0,0,0,0,0,0,0
656;679_400-800m,410;452_400-800m,0,0,1,0,0,0,0,0,0,0,0,0
656;679_400-800m,414;449_0-400m,0,0,0,0,0,0,0,0,0,0,0,0
656;679_400-800m,414;449_400-800m,0,0,0,0,0,0,0,0,1,0,0,0
656;679_400-800m,407;456_0-400m,0,0,0,0,0,0,0,0,0,0,0,0
656;679_400-800m,407;456_400-800m,0,0,0,0,0,0,0,0,0,0,0,0
656;679_400-800m,413;450_0-400m,0,0,0,0,0,0,0,0,0,0,0,0
656;679_400-800m,413;450_400-800m,0,0,0,0,0,0,1,0,0,0,0,0
656;679_400-800m,419;444;420_0-400m,0,0,0,0,1,0,1,0,1,0,0,0
656;679_400-800m,419;444;420_400-800m,0,0,0,0,1,0,2,0,1,0,0,0
656;679_400-800m,417;445_0-400m,0,0,0,0,2,0,0,0,1,0,0,0
656;679_400-800m,417;445_400-800m,0,0,0,0,0,0,1,0,0,0,0,0
656;679_400-800m,405;457_0-400m,0,0,0,0,0,0,0,0,0,0,0,0
656;679_400-800m,405;457_400-800m,0,0,0,0,0,0,0,0,0,0,0,0
656;679_400-800m,404;459_0-400m,0,0,0,0,0,0,0,0,1,0,1,0.001
656;679_400-800m,404;459_400-800m,1,0.003,0,0,3,0,0,0,0,0,0,0
656;679_400-800m,421;442_0-400m,0,0,0,0,2,0,1,0,0,0,0,0
656;679_400-800m,421;442_400-800m,0,0,0,0,0,0,1,0,0,0,0,0
656;679_400-800m,196;24;1508_0-400m,1,0.003,2,0.001,2,0,2,0,0,0,0,0
656;679_400-800m,196;24;1508_400-800m,0,0,0,0,1,0,1,0,0,0,0,0
656;679_400-800m,409;453_0-400m,0,0,1,0,0,0,0,0,0,0,0,0
656;679_400-800m,409;453_400-800m,0,0,0,0,0,0,0,0,0,0,1,0.001
656;679_400-800m,1503_0-400m,0,0,1,0,2,0,1,0,1,0,0,0
656;679_400-800m,1503_400-800m,0,0,0,0,0,0,0,0,1,0,0,0
656;679_400-800m,1125;1163;1162_0-400m,0,0,0,0,0,0,0,0,0,0,0,0
656;679_400-800m,1125;1163;1162_400-800m,0,0,0,0,0,0,0,0,0,0,0,0
656;679_400-800m,1134;1153_0-400m,0,0,0,0,0,0,0,0,0,0,0,0
656;679_400-800m,1134;1153_400-800m,0,0,0,0,0,0,0,0,0,0,0,0
656;679_400-800m,21;28;1612_0-400m,0,0,0,0,2,0,2,0,5,0.001,0,0
656;679_400-800m,21;28;1612_400-800m,0,0,0,0,4,0.001,2,0,0,0,0,0
656;679_400-800m,1131;1158_0-400m,0,0,0,0,0,0,0,0,1,0,0,0
656;679_400-800m,1131;1158_400-800m,0,0,0,0,0,0,0,0,0,0,0,0
656;679_400-800m,1135;1152_0-400m,0,0,0,0,0,0,1,0,0,0,0,0
656;679_400-800m,1135;1152_400-800m,0,0,0,0,0,0,0,0,0,0,0,0
656;679_400-800m,584;604_0-400m,0,0,0,0,0,0,0,0,0,0,0,0
656;679_400-800m,584;604_400-800m,0,0,0,0,0,0,0,0,0,0,0,0
656;679_400-800m,1139;1149_0-400m,0,0,0,0,0,0,0,0,1,0,1,0.001
656;679_400-800m,1139;1149_400-800m,0,0,0,0,0,0,0,0,0,0,0,0
656;679_400-800m,1138;1150;1137_0-400m,0,0,0,0,0,0,0,0,0,0,0,0
656;679_400-800m,1138;1150;1137_400-800m,0,0,0,0,0,0,0,0,0,0,0,0
656;679_400-800m,1124;1164_0-400m,0,0,0,0,1,0,1,0,0,0,0,0
656;679_400-800m,1124;1164_400-800m,0,0,0,0,2,0,1,0,1,0,0,0
656;679_400-800m,343;349_0-400m,0,0,0,0,0,0,0,0,2,0.001,0,0
656;679_400-800m,343;349_400-800m,0,0,0,0,0,0,1,0,0,0,0,0
656;679_400-800m,1136;1151_0-400m,0,0,0,0,0,0,0,0,0,0,0,0
656;679_400-800m,1136;1151_400-800m,0,0,0,0,0,0,0,0,0,0,0,0
656;679_400-800m,342;350_0-400m,0,0,1,0,0,0,0,0,1,0,1,0.001
656;679_400-800m,342;350_400-800m,0,0,0,0,0,0,0,0,0,0,0,0
656;679_400-800m,1141;1147_0-400m,0,0,0,0,0,0,0,0,0,0,0,0
656;679_400-800m,1141;1147_400-800m,0,0,0,0,0,0,0,0,0,0,0,0
656;679_400-800m,1132;1155;1156_0-400m,0,0,0,0,0,0,0,0,0,0,0,0
656;679_400-800m,1132;1155;1156_400-800m,0,0,0,0,0,0,0,0,0,0,0,0
656;679_400-800m,1133;1154_0-400m,0,0,0,0,0,0,0,0,0,0,0,0
656;679_400-800m,1133;1154_400-800m,0,0,0,0,0,0,0,0,0,0,0,0
656;679_400-800m,1130;1159;1160_0-400m,0,0,0,0,1,0,0,0,0,0,0,0
656;679_400-800m,1130;1159;1160_400-800m,0,0,0,0,0,0,0,0,0,0,0,0
656;679_400-800m,345;347_0-400m,0,0,0,0,1,0,1,0,1,0,1,0.001
656;679_400-800m,345;347_400-800m,0,0,0,0,3,0,2,0,1,0,0,0
656;679_400-800m,344;348_0-400m,0,0,0,0,0,0,0,0,0,0,0,0
656;679_400-800m,344;348_400-800m,0,0,0,0,0,0,0,0,0,0,0,0
656;679_400-800m,1140;1148_0-400m,0,0,0,0,1,0,0,0,0,0,1,0.001
656;679_400-800m,1140;1148_400-800m,0,0,0,0,1,0,0,0,0,0,1,0.001
656;679_400-800m,1127;1161_0-400m,0,0,0,0,1,0,0,0,0,0,0,0
656;679_400-800m,1127;1161_400-800m,0,0,0,0,0,0,0,0,0,0,0,0
656;679_400-800m,1855_0-400m,0,0,0,0,0,0,0,0,0,0,0,0
656;679_400-800m,1855_400-800m,0,0,0,0,0,0,0,0,0,0,0,0
656;679_400-800m,187;204_0-400m,0,0,1,0,0,0,0,0,2,0.001,0,0
656;679_400-800m,187;204_400-800m,0,0,0,0,1,0,0,0,0,0,0,0
656;679_400-800m,661;674_0-400m,0,0,0,0,2,0,1,0,2,0.001,0,0
656;679_400-800m,661;674_400-800m,0,0,0,0,0,0,1,0,0,0,0,0
656;679_400-800m,184;207_0-400m,0,0,0,0,3,0,2,0,4,0.001,0,0
656;679_400-800m,184;207_400-800m,0,0,0,0,1,0,1,0,3,0.001,0,0
656;679_400-800m,657;678_0-400m,1,0.003,4,0.001,14,0.002,5,0.001,9,0.002,2,0.002
656;679_400-800m,657;678_400-800m,0,0,2,0.001,0,0,1,0,0,0,0,0
656;679_400-800m,656;679_0-400m,1,0.003,8,0.003,7,0.001,9,0.002,3,0.001,1,0.001
656;679_400-800m,656;679_400-800m,0,0,1,0,4,0.001,9,0.002,4,0.001,2,0.002
656;679_400-800m,1383;1461;1384_0-400m,0,0,0,0,0,0,0,0,1,0,0,0
656;679_400-800m,1383;1461;1384_400-800m,0,0,0,0,2,0,1,0,0,0,0,0
656;679_400-800m,665;670_0-400m,1,0.003,2,0.001,0,0,0,0,0,0,0,0
656;679_400-800m,665;670_400-800m,0,0,0,0,0,0,1,0,2,0.001,0,0
656;679_400-800m,659;676;675_0-400m,0,0,3,0.001,9,0.001,5,0.001,2,0.001,0,0
656;679_400-800m,659;676;675_400-800m,0,0,0,0,3,0,4,0.001,2,0.001,2,0.002
656;679_400-800m,664;671_0-400m,0,0,0,0,0,0,1,0,0,0,0,0
656;679_400-800m,664;671_400-800m,0,0,0,0,1,0,2,0,0,0,0,0
656;679_400-800m,185;206_0-400m,0,0,2,0.001,0,0,1,0,0,0,0,0
656;679_400-800m,185;206_400-800m,0,0,0,0,0,0,0,0,0,0,0,0
656;679_400-800m,662;673_0-400m,0,0,1,0,4,0.001,0,0,1,0,0,0
656;679_400-800m,662;673_400-800m,0,0,0,0,2,0,0,0,1,0,0,0
656;679_400-800m,1385;1459_0-400m,1,0.003,0,0,4,0.001,3,0.001,0,0,0,0
656;679_400-800m,1385;1459_400-800m,0,0,0,0,0,0,0,0,0,0,0,0
656;679_400-800m,658;677_0-400m,0,0,3,0.001,2,0,2,0,1,0,0,0
656;679_400-800m,658;677_400-800m,0,0,0,0,0,0,0,0,0,0,0,0
656;679_400-800m,663;672_0-400m,0,0,1,0,0,0,0,0,0,0,0,0
656;679_400-800m,663;672_400-800m,0,0,0,0,0,0,1,0,1,0,0,0
656;679_400-800m,183;209_0-400m,0,0,1,0,3,0,1,0,0,0,0,0
656;679_400-800m,183;209_400-800m,1,0.003,1,0,5,0.001,2,0,2,0.001,0,0
656;679_400-800m,186;205_0-400m,0,0,0,0,0,0,0,0,1,0,0,0
656;679_400-800m,186;205_400-800m,0,0,0,0,0,0,0,0,0,0,0,0
656;679_400-800m,188;203_0-400m,0,0,6,0.002,7,0.001,1,0,2,0.001,0,0
656;679_400-800m,188;203_400-800m,0,0,1,0,2,0,0,0,1,0,0,0
656;679_400-800m,388;823_0-400m,0,0,16,0.006,34,0.004,11,0.002,19,0.005,1,0.001
656;679_400-800m,388;823_400-800m,0,0,3,0.001,2,0,3,0.001,2,0.001,0,0
656;679_400-800m,1386;95_0-400m,0,0,1,0,4,0.001,0,0,1,0,0,0
656;679_400-800m,1386;95_400-800m,0,0,0,0,0,0,0,0,1,0,0,0
656;679_400-800m,Orange_0-400m,2,0.006,3,0.001,2,0,0,0,1,0,0,0
656;679_400-800m,Blue_0-400m,0,0,2,0.001,5,0.001,0,0,0,0,0,0
656;679_400-800m,Green_0-400m,3,0.009,6,0.002,13,0.002,9,0.002,9,0.002,1,0.001
656;679_400-800m,Orange_400-800m,0,0,0,0,0,0,2,0,1,0,0,0
656;679_400-800m,Blue_400-800m,0,0,2,0.001,2,0,4,0.001,2,0.001,0,0
656;679_400-800m,Green_400-800m,1,0.003,8,0.003,14,0.002,7,0.002,7,0.002,1,0.001
656;679_400-800m,External,27,0.082,164,0.06,283,0.036,118,0.026,107,0.027,16,0.02
1383;1461;1384_0-400m,415;448_0-400m,1,0.003,2,0.001,7,0.001,6,0.001,9,0.002,6,0.007
1383;1461;1384_0-400m,415;448_400-800m,3,0.009,4,0.001,4,0.001,7,0.002,5,0.001,1,0.001
1383;1461;1384_0-400m,408;455_0-400m,0,0,3,0.001,5,0.001,2,0,5,0.001,2,0.002
1383;1461;1384_0-400m,408;455_400-800m,0,0,0,0,3,0,4,0.001,1,0,0,0
1383;1461;1384_0-400m,412;451_0-400m,0,0,4,0.001,6,0.001,1,0,5,0.001,1,0.001
1383;1461;1384_0-400m,412;451_400-800m,0,0,2,0.001,6,0.001,5,0.001,6,0.002,2,0.002
1383;1461;1384_0-400m,416;447_0-400m,0,0,1,0,16,0.002,11,0.002,3,0.001,2,0.002
1383;1461;1384_0-400m,416;447_400-800m,0,0,15,0.006,24,0.003,11,0.002,2,0.001,2,0.002
1383;1461;1384_0-400m,410;452_0-400m,0,0,5,0.002,13,0.002,4,0.001,5,0.001,4,0.005
1383;1461;1384_0-400m,410;452_400-800m,1,0.003,2,0.001,14,0.002,6,0.001,4,0.001,2,0.002
1383;1461;1384_0-400m,414;449_0-400m,0,0,4,0.001,10,0.001,6,0.001,5,0.001,4,0.005
1383;1461;1384_0-400m,414;449_400-800m,1,0.003,5,0.002,7,0.001,3,0.001,4,0.001,3,0.004
1383;1461;1384_0-400m,407;456_0-400m,0,0,0,0,3,0,2,0,3,0.001,1,0.001
1383;1461;1384_0-400m,407;456_400-800m,0,0,0,0,4,0.001,6,0.001,1,0,1,0.001
1383;1461;1384_0-400m,413;450_0-400m,3,0.009,3,0.001,8,0.001,6,0.001,5,0.001,9,0.011
1383;1461;1384_0-400m,413;450_400-800m,0,0,4,0.001,11,0.001,8,0.002,5,0.001,8,0.01
1383;1461;1384_0-400m,419;444;420_0-400m,3,0.009,15,0.006,37,0.005,19,0.004,18,0.005,9,0.011
1383;1461;1384_0-400m,419;444;420_400-800m,0,0,1,0,18,0.002,18,0.004,12,0.003,3,0.004
1383;1461;1384_0-400m,417;445_0-400m,3,0.009,5,0.002,22,0.003,8,0.002,4,0.001,1,0.001
1383;1461;1384_0-400m,417;445_400-800m,0,0,9,0.003,25,0.003,5,0.001,7,0.002,1,0.001
1383;1461;1384_0-400m,405;457_0-400m,0,0,2,0.001,9,0.001,9,0.002,9,0.002,4,0.005
1383;1461;1384_0-400m,405;457_400-800m,0,0,1,0,1,0,2,0,1,0,0,0
1383;1461;1384_0-400m,404;459_0-400m,0,0,5,0.002,12,0.002,5,0.001,5,0.001,1,0.001
1383;1461;1384_0-400m,404;459_400-800m,0,0,4,0.001,12,0.002,10,0.002,8,0.002,0,0
1383;1461;1384_0-400m,421;442_0-400m,3,0.009,18,0.007,81,0.01,46,0.01,31,0.008,7,0.009
1383;1461;1384_0-400m,421;442_400-800m,1,0.003,4,0.001,31,0.004,9,0.002,16,0.004,5,0.006
1383;1461;1384_0-400m,196;24;1508_0-400m,2,0.006,19,0.007,88,0.011,55,0.012,46,0.012,11,0.014
1383;1461;1384_0-400m,196;24;1508_400-800m,0,0,5,0.002,18,0.002,9,0.002,7,0.002,1,0.001
1383;1461;1384_0-400m,409;453_0-400m,0,0,4,0.001,3,0,5,0.001,4,0.001,5,0.006
1383;1461;1384_0-400m,409;453_400-800m,0,0,1,0,7,0.001,5,0.001,3,0.001,1,0.001
1383;1461;1384_0-400m,1503_0-400m,1,0.003,14,0.005,62,0.008,45,0.01,41,0.01,12,0.015
1383;1461;1384_0-400m,1503_400-800m,0,0,2,0.001,12,0.002,7,0.002,3,0.001,3,0.004
1383;1461;1384_0-400m,1125;1163;1162_0-400m,0,0,1,0,1,0,1,0,1,0,0,0
1383;1461;1384_0-400m,1125;1163;1162_400-800m,0,0,0,0,0,0,0,0,0,0,0,0
1383;1461;1384_0-400m,1134;1153_0-400m,0,0,0,0,1,0,0,0,1,0,0,0
1383;1461;1384_0-400m,1134;1153_400-800m,1,0.003,1,0,1,0,0,0,0,0,0,0
1383;1461;1384_0-400m,21;28;1612_0-400m,2,0.006,19,0.007,65,0.008,36,0.008,44,0.011,11,0.014
1383;1461;1384_0-400m,21;28;1612_400-800m,0,0,5,0.002,29,0.004,24,0.005,27,0.007,7,0.009
1383;1461;1384_0-400m,1131;1158_0-400m,1,0.003,0,0,3,0,3,0.001,1,0,0,0
1383;1461;1384_0-400m,1131;1158_400-800m,0,0,1,0,1,0,0,0,1,0,0,0
1383;1461;1384_0-400m,1135;1152_0-400m,0,0,0,0,4,0.001,5,0.001,1,0,0,0
1383;1461;1384_0-400m,1135;1152_400-800m,0,0,0,0,0,0,0,0,0,0,0,0
1383;1461;1384_0-400m,584;604_0-400m,0,0,1,0,8,0.001,3,0.001,3,0.001,2,0.002
1383;1461;1384_0-400m,584;604_400-800m,0,0,1,0,4,0.001,2,0,6,0.002,0,0
1383;1461;1384_0-400m,1139;1149_0-400m,0,0,4,0.001,3,0,7,0.002,4,0.001,0,0
1383;1461;1384_0-400m,1139;1149_400-800m,0,0,0,0,0,0,1,0,0,0,0,0
1383;1461;1384_0-400m,1138;1150;1137_0-400m,0,0,0,0,8,0.001,9,0.002,3,0.001,0,0
1383;1461;1384_0-400m,1138;1150;1137_400-800m,0,0,0,0,3,0,1,0,0,0,0,0
1383;1461;1384_0-400m,1124;1164_0-400m,0,0,3,0.001,5,0.001,3,0.001,0,0,0,0
1383;1461;1384_0-400m,1124;1164_400-800m,2,0.006,1,0,18,0.002,3,0.001,1,0,0,0
1383;1461;1384_0-400m,343;349_0-400m,1,0.003,3,0.001,11,0.001,7,0.002,6,0.002,0,0
1383;1461;1384_0-400m,343;349_400-800m,1,0.003,1,0,2,0,0,0,5,0.001,0,0
1383;1461;1384_0-400m,1136;1151_0-400m,0,0,2,0.001,2,0,0,0,2,0.001,0,0
1383;1461;1384_0-400m,1136;1151_400-800m,2,0.006,0,0,1,0,2,0,0,0,0,0
1383;1461;1384_0-400m,342;350_0-400m,2,0.006,1,0,11,0.001,10,0.002,12,0.003,2,0.002
1383;1461;1384_0-400m,342;350_400-800m,0,0,1,0,1,0,2,0,1,0,0,0
1383;1461;1384_0-400m,1141;1147_0-400m,0,0,3,0.001,4,0.001,3,0.001,2,0.001,1,0.001
1383;1461;1384_0-400m,1141;1147_400-800m,0,0,0,0,0,0,0,0,0,0,0,0
1383;1461;1384_0-400m,1132;1155;1156_0-400m,0,0,0,0,6,0.001,4,0.001,1,0,1,0.001
1383;1461;1384_0-400m,1132;1155;1156_400-800m,0,0,0,0,1,0,2,0,0,0,0,0
1383;1461;1384_0-400m,1133;1154_0-400m,0,0,0,0,3,0,3,0.001,1,0,0,0
1383;1461;1384_0-400m,1133;1154_400-800m,0,0,0,0,0,0,1,0,2,0.001,1,0.001
1383;1461;1384_0-400m,1130;1159;1160_0-400m,0,0,0,0,8,0.001,5,0.001,5,0.001,0,0
1383;1461;1384_0-400m,1130;1159;1160_400-800m,0,0,0,0,0,0,0,0,0,0,0,0
1383;1461;1384_0-400m,345;347_0-400m,0,0,5,0.002,29,0.004,11,0.002,12,0.003,6,0.007
1383;1461;1384_0-400m,345;347_400-800m,0,0,8,0.003,35,0.004,14,0.003,23,0.006,11,0.014
1383;1461;1384_0-400m,344;348_0-400m,1,0.003,3,0.001,11,0.001,9,0.002,4,0.001,1,0.001
1383;1461;1384_0-400m,344;348_400-800m,1,0.003,6,0.002,16,0.002,6,0.001,11,0.003,1,0.001
1383;1461;1384_0-400m,1140;1148_0-400m,0,0,4,0.001,2,0,7,0.002,4,0.001,0,0
1383;1461;1384_0-400m,1140;1148_400-800m,1,0.003,0,0,4,0.001,2,0,2,0.001,2,0.002
1383;1461;1384_0-400m,1127;1161_0-400m,1,0.003,2,0.001,3,0,1,0,1,0,0,0
1383;1461;1384_0-400m,1127;1161_400-800m,0,0,0,0,0,0,3,0.001,0,0,0,0
1383;1461;1384_0-400m,1855_0-400m,0,0,0,0,4,0.001,1,0,1,0,0,0
1383;1461;1384_0-400m,1855_400-800m,0,0,0,0,1,0,1,0,1,0,0,0
1383;1461;1384_0-400m,187;204_0-400m,1,0.003,2,0.001,13,0.002,9,0.002,2,0.001,1,0.001
1383;1461;1384_0-400m,187;204_400-800m,0,0,0,0,4,0.001,5,0.001,5,0.001,0,0
1383;1461;1384_0-400m,661;674_0-400m,0,0,3,0.001,11,0.001,5,0.001,1,0,0,0
1383;1461;1384_0-400m,661;674_400-800m,0,0,0,0,2,0,0,0,0,0,0,0
1383;1461;1384_0-400m,184;207_0-400m,2,0.006,6,0.002,12,0.002,5,0.001,11,0.003,6,0.007
1383;1461;1384_0-400m,184;207_400-800m,0,0,1,0,10,0.001,4,0.001,5,0.001,6,0.007
1383;1461;1384_0-400m,657;678_0-400m,0,0,4,0.001,12,0.002,10,0.002,5,0.001,6,0.007
1383;1461;1384_0-400m,657;678_400-800m,0,0,0,0,1,0,0,0,1,0,0,0
1383;1461;1384_0-400m,656;679_0-400m,0,0,3,0.001,20,0.003,9,0.002,6,0.002,2,0.002
1383;1461;1384_0-400m,656;679_400-800m,0,0,0,0,1,0,1,0,0,0,0,0
1383;1461;1384_0-400m,1383;1461;1384_0-400m,3,0.009,37,0.014,103,0.013,49,0.011,43,0.011,14,0.017
1383;1461;1384_0-400m,1383;1461;1384_400-800m,1,0.003,6,0.002,16,0.002,9,0.002,16,0.004,3,0.004
1383;1461;1384_0-400m,665;670_0-400m,1,0.003,9,0.003,40,0.005,9,0.002,12,0.003,3,0.004
1383;1461;1384_0-400m,665;670_400-800m,0,0,2,0.001,9,0.001,10,0.002,10,0.003,1,0.001
1383;1461;1384_0-400m,659;676;675_0-400m,0,0,4,0.001,11,0.001,9,0.002,7,0.002,1,0.001
1383;1461;1384_0-400m,659;676;675_400-800m,0,0,0,0,2,0,5,0.001,1,0,0,0
1383;1461;1384_0-400m,664;671_0-400m,0,0,5,0.002,32,0.004,15,0.003,11,0.003,6,0.007
1383;1461;1384_0-400m,664;671_400-800m,0,0,4,0.001,26,0.003,17,0.004,25,0.006,1,0.001
1383;1461;1384_0-400m,185;206_0-400m,1,0.003,3,0.001,14,0.002,10,0.002,9,0.002,4,0.005
1383;1461;1384_0-400m,185;206_400-800m,0,0,2,0.001,3,0,3,0.001,1,0,0,0
1383;1461;1384_0-400m,662;673_0-400m,3,0.009,13,0.005,45,0.006,22,0.005,27,0.007,4,0.005
1383;1461;1384_0-400m,662;673_400-800m,1,0.003,17,0.006,43,0.005,22,0.005,19,0.005,4,0.005
1383;1461;1384_0-400m,1385;1459_0-400m,2,0.006,24,0.009,87,0.011,41,0.009,37,0.009,8,0.01
1383;1461;1384_0-400m,1385;1459_400-800m,1,0.003,4,0.001,2,0,10,0.002,8,0.002,0,0
1383;1461;1384_0-400m,658;677_0-400m,0,0,4,0.001,12,0.002,6,0.001,6,0.002,0,0
1383;1461;1384_0-400m,658;677_400-800m,0,0,0,0,0,0,0,0,0,0,0,0
1383;1461;1384_0-400m,663;672_0-400m,1,0.003,15,0.006,41,0.005,29,0.006,10,0.003,1,0.001
1383;1461;1384_0-400m,663;672_400-800m,0,0,5,0.002,13,0.002,6,0.001,5,0.001,1,0.001
1383;1461;1384_0-400m,183;209_0-400m,0,0,6,0.002,17,0.002,9,0.002,4,0.001,5,0.006
1383;1461;1384_0-400m,183;209_400-800m,0,0,0,0,7,0.001,2,0,2,0.001,0,0
1383;1461;1384_0-400m,186;205_0-400m,1,0.003,3,0.001,9,0.001,12,0.003,7,0.002,10,0.012
1383;1461;1384_0-400m,186;205_400-800m,0,0,2,0.001,2,0,0,0,0,0,0,0
1383;1461;1384_0-400m,188;203_0-400m,1,0.003,7,0.003,27,0.003,21,0.005,7,0.002,2,0.002
1383;1461;1384_0-400m,188;203_400-800m,2,0.006,13,0.005,40,0.005,14,0.003,12,0.003,11,0.014
1383;1461;1384_0-400m,388;823_0-400m,1,0.003,8,0.003,61,0.008,38,0.008,31,0.008,4,0.005
1383;1461;1384_0-400m,388;823_400-800m,3,0.009,7,0.003,11,0.001,11,0.002,3,0.001,0,0
1383;1461;1384_0-400m,1386;95_0-400m,1,0.003,17,0.006,56,0.007,48,0.011,24,0.006,5,0.006
1383;1461;1384_0-400m,1386;95_400-800m,0,0,1,0,16,0.002,10,0.002,7,0.002,2,0.002
1383;1461;1384_0-400m,Orange_0-400m,5,0.015,12,0.004,68,0.009,67,0.015,58,0.015,15,0.019
1383;1461;1384_0-400m,Blue_0-400m,0,0,6,0.002,14,0.002,8,0.002,9,0.002,5,0.006
1383;1461;1384_0-400m,Green_0-400m,3,0.009,13,0.005,36,0.005,17,0.004,9,0.002,3,0.004
1383;1461;1384_0-400m,Orange_400-800m,0,0,3,0.001,22,0.003,19,0.004,20,0.005,4,0.005
1383;1461;1384_0-400m,Blue_400-800m,0,0,3,0.001,9,0.001,7,0.002,6,0.002,6,0.007
1383;1461;1384_0-400m,Green_400-800m,1,0.003,8,0.003,28,0.004,13,0.003,13,0.003,5,0.006
1383;1461;1384_0-400m,External,80,0.244,605,0.223,2432,0.309,2046,0.45,983,0.251,345,0.429
1383;1461;1384_400-800m,415;448_0-400m,1,0.003,0,0,3,0,4,0.001,3,0.001,2,0.002
1383;1461;1384_400-800m,415;448_400-800m,1,0.003,1,0,0,0,1,0,1,0,2,0.002
1383;1461;1384_400-800m,408;455_0-400m,1,0.003,3,0.001,1,0,5,0.001,2,0.001,2,0.002
1383;1461;1384_400-800m,408;455_400-800m,0,0,1,0,1,0,0,0,3,0.001,0,0
1383;1461;1384_400-800m,412;451_0-400m,0,0,1,0,3,0,4,0.001,3,0.001,0,0
1383;1461;1384_400-800m,412;451_400-800m,0,0,1,0,8,0.001,6,0.001,2,0.001,2,0.002
1383;1461;1384_400-800m,416;447_0-400m,0,0,1,0,6,0.001,4,0.001,6,0.002,1,0.001
1383;1461;1384_400-800m,416;447_400-800m,0,0,7,0.003,15,0.002,2,0,2,0.001,1,0.001
1383;1461;1384_400-800m,410;452_0-400m,0,0,0,0,4,0.001,1,0,2,0.001,1,0.001
1383;1461;1384_400-800m,410;452_400-800m,0,0,2,0.001,7,0.001,1,0,1,0,1,0.001
1383;1461;1384_400-800m,414;449_0-400m,0,0,0,0,3,0,3,0.001,4,0.001,3,0.004
1383;1461;1384_400-800m,414;449_400-800m,0,0,0,0,3,0,2,0,3,0.001,1,0.001
1383;1461;1384_400-800m,407;456_0-400m,2,0.006,2,0.001,3,0,3,0.001,0,0,0,0
1383;1461;1384_400-800m,407;456_400-800m,0,0,1,0,3,0,0,0,2,0.001,0,0
1383;1461;1384_400-800m,413;450_0-400m,0,0,0,0,2,0,1,0,3,0.001,3,0.004
1383;1461;1384_400-800m,413;450_400-800m,0,0,0,0,2,0,2,0,3,0.001,4,0.005
1383;1461;1384_400-800m,419;444;420_0-400m,0,0,7,0.003,20,0.003,17,0.004,8,0.002,2,0.002
1383;1461;1384_400-800m,419;444;420_400-800m,0,0,2,0.001,15,0.002,5,0.001,6,0.002,0,0
1383;1461;1384_400-800m,417;445_0-400m,2,0.006,0,0,11,0.001,4,0.001,1,0,2,0.002
1383;1461;1384_400-800m,417;445_400-800m,0,0,3,0.001,11,0.001,2,0,2,0.001,3,0.004
1383;1461;1384_400-800m,405;457_0-400m,0,0,1,0,8,0.001,5,0.001,2,0.001,2,0.002
1383;1461;1384_400-800m,405;457_400-800m,0,0,0,0,0,0,0,0,1,0,0,0
1383;1461;1384_400-800m,404;459_0-400m,1,0.003,3,0.001,3,0,3,0.001,4,0.001,0,0
1383;1461;1384_400-800m,404;459_400-800m,0,0,0,0,14,0.002,5,0.001,6,0.002,1,0.001
1383;1461;1384_400-800m,421;442_0-400m,1,0.003,8,0.003,44,0.006,24,0.005,22,0.006,7,0.009
1383;1461;1384_400-800m,421;442_400-800m,0,0,3,0.001,18,0.002,8,0.002,7,0.002,3,0.004
1383;1461;1384_400-800m,196;24;1508_0-400m,2,0.006,8,0.003,31,0.004,15,0.003,18,0.005,2,0.002
1383;1461;1384_400-800m,196;24;1508_400-800m,1,0.003,11,0.004,15,0.002,6,0.001,14,0.004,3,0.004
1383;1461;1384_400-800m,409;453_0-400m,0,0,1,0,5,0.001,6,0.001,1,0,0,0
1383;1461;1384_400-800m,409;453_400-800m,0,0,0,0,4,0.001,3,0.001,4,0.001,1,0.001
1383;1461;1384_400-800m,1503_0-400m,3,0.009,8,0.003,29,0.004,18,0.004,12,0.003,12,0.015
1383;1461;1384_400-800m,1503_400-800m,2,0.006,0,0,4,0.001,1,0,2,0.001,0,0
1383;1461;1384_400-800m,1125;1163;1162_0-400m,0,0,0,0,1,0,0,0,0,0,0,0
1383;1461;1384_400-800m,1125;1163;1162_400-800m,0,0,1,0,2,0,0,0,0,0,0,0
1383;1461;1384_400-800m,1134;1153_0-400m,0,0,0,0,0,0,0,0,0,0,0,0
1383;1461;1384_400-800m,1134;1153_400-800m,0,0,0,0,1,0,1,0,3,0.001,1,0.001
1383;1461;1384_400-800m,21;28;1612_0-400m,3,0.009,5,0.002,19,0.002,14,0.003,14,0.004,3,0.004
1383;1461;1384_400-800m,21;28;1612_400-800m,0,0,0,0,9,0.001,10,0.002,10,0.003,0,0
1383;1461;1384_400-800m,1131;1158_0-400m,0,0,1,0,2,0,1,0,0,0,0,0
1383;1461;1384_400-800m,1131;1158_400-800m,0,0,0,0,1,0,2,0,0,0,0,0
1383;1461;1384_400-800m,1135;1152_0-400m,0,0,0,0,3,0,4,0.001,2,0.001,0,0
1383;1461;1384_400-800m,1135;1152_400-800m,0,0,0,0,0,0,0,0,0,0,0,0
1383;1461;1384_400-800m,584;604_0-400m,1,0.003,1,0,2,0,2,0,5,0.001,0,0
1383;1461;1384_400-800m,584;604_400-800m,2,0.006,1,0,1,0,3,0.001,2,0.001,0,0
1383;1461;1384_400-800m,1139;1149_0-400m,0,0,0,0,4,0.001,1,0,1,0,0,0
1383;1461;1384_400-800m,1139;1149_400-800m,0,0,0,0,2,0,0,0,0,0,0,0
1383;1461;1384_400-800m,1138;1150;1137_0-400m,0,0,0,0,4,0.001,1,0,0,0,1,0.001
1383;1461;1384_400-800m,1138;1150;1137_400-800m,2,0.006,1,0,1,0,0,0,0,0,0,0
1383;1461;1384_400-800m,1124;1164_0-400m,0,0,1,0,0,0,2,0,2,0.001,0,0
1383;1461;1384_400-800m,1124;1164_400-800m,0,0,2,0.001,6,0.001,2,0,1,0,0,0
1383;1461;1384_400-800m,343;349_0-400m,1,0.003,0,0,4,0.001,5,0.001,6,0.002,3,0.004
1383;1461;1384_400-800m,343;349_400-800m,0,0,0,0,0,0,1,0,0,0,0,0
1383;1461;1384_400-800m,1136;1151_0-400m,0,0,0,0,0,0,1,0,0,0,0,0
1383;1461;1384_400-800m,1136;1151_400-800m,0,0,0,0,1,0,1,0,2,0.001,1,0.001
1383;1461;1384_400-800m,342;350_0-400m,1,0.003,0,0,8,0.001,1,0,3,0.001,3,0.004
1383;1461;1384_400-800m,342;350_400-800m,0,0,0,0,1,0,0,0,3,0.001,1,0.001
1383;1461;1384_400-800m,1141;1147_0-400m,0,0,0,0,0,0,1,0,1,0,0,0
1383;1461;1384_400-800m,1141;1147_400-800m,0,0,0,0,1,0,0,0,0,0,0,0
1383;1461;1384_400-800m,1132;1155;1156_0-400m,0,0,1,0,2,0,2,0,0,0,1,0.001
1383;1461;1384_400-800m,1132;1155;1156_400-800m,0,0,0,0,0,0,1,0,1,0,0,0
1383;1461;1384_400-800m,1133;1154_0-400m,0,0,0,0,1,0,1,0,2,0.001,0,0
1383;1461;1384_400-800m,1133;1154_400-800m,0,0,0,0,0,0,0,0,0,0,0,0
1383;1461;1384_400-800m,1130;1159;1160_0-400m,0,0,2,0.001,1,0,5,0.001,3,0.001,0,0
1383;1461;1384_400-800m,1130;1159;1160_400-800m,0,0,0,0,0,0,0,0,0,0,0,0
1383;1461;1384_400-800m,345;347_0-400m,1,0.003,3,0.001,14,0.002,2,0,5,0.001,5,0.006
1383;1461;1384_400-800m,345;347_400-800m,1,0.003,6,0.002,13,0.002,13,0.003,13,0.003,2,0.002
1383;1461;1384_400-800m,344;348_0-400m,0,0,2,0.001,4,0.001,2,0,4,0.001,0,0
1383;1461;1384_400-800m,344;348_400-800m,0,0,0,0,11,0.001,6,0.001,8,0.002,3,0.004
1383;1461;1384_400-800m,1140;1148_0-400m,0,0,0,0,0,0,0,0,2,0.001,0,0
1383;1461;1384_400-800m,1140;1148_400-800m,3,0.009,1,0,0,0,0,0,0,0,0,0
1383;1461;1384_400-800m,1127;1161_0-400m,0,0,0,0,1,0,0,0,2,0.001,0,0
1383;1461;1384_400-800m,1127;1161_400-800m,0,0,0,0,0,0,0,0,0,0,0,0
1383;1461;1384_400-800m,1855_0-400m,0,0,0,0,0,0,1,0,0,0,0,0
1383;1461;1384_400-800m,1855_400-800m,1,0.003,0,0,0,0,2,0,0,0,0,0
1383;1461;1384_400-800m,187;204_0-400m,1,0.003,4,0.001,9,0.001,5,0.001,4,0.001,3,0.004
1383;1461;1384_400-800m,187;204_400-800m,0,0,2,0.001,3,0,3,0.001,4,0.001,1,0.001
1383;1461;1384_400-800m,661;674_0-400m,0,0,6,0.002,9,0.001,0,0,3,0.001,1,0.001
1383;1461;1384_400-800m,661;674_400-800m,0,0,0,0,1,0,0,0,2,0.001,0,0
1383;1461;1384_400-800m,184;207_0-400m,0,0,2,0.001,5,0.001,1,0,2,0.001,1,0.001
1383;1461;1384_400-800m,184;207_400-800m,0,0,1,0,4,0.001,2,0,2,0.001,0,0
1383;1461;1384_400-800m,657;678_0-400m,0,0,3,0.001,7,0.001,4,0.001,8,0.002,1,0.001
1383;1461;1384_400-800m,657;678_400-800m,0,0,1,0,2,0,0,0,0,0,0,0
1383;1461;1384_400-800m,656;679_0-400m,0,0,2,0.001,6,0.001,6,0.001,6,0.002,1,0.001
1383;1461;1384_400-800m,656;679_400-800m,0,0,0,0,1,0,0,0,0,0,0,0
1383;1461;1384_400-800m,1383;1461;1384_0-400m,3,0.009,3,0.001,23,0.003,9,0.002,17,0.004,7,0.009
1383;1461;1384_400-800m,1383;1461;1384_400-800m,1,0.003,12,0.004,29,0.004,16,0.004,23,0.006,7,0.009
1383;1461;1384_400-800m,665;670_0-400m,0,0,2,0.001,9,0.001,3,0.001,6,0.002,3,0.004
1383;1461;1384_400-800m,665;670_400-800m,0,0,3,0.001,13,0.002,4,0.001,4,0.001,0,0
1383;1461;1384_400-800m,659;676;675_0-400m,0,0,2,0.001,5,0.001,7,0.002,4,0.001,0,0
1383;1461;1384_400-800m,659;676;675_400-800m,0,0,2,0.001,1,0,2,0,1,0,0,0
1383;1461;1384_400-800m,664;671_0-400m,0,0,7,0.003,14,0.002,7,0.002,11,0.003,2,0.002
1383;1461;1384_400-800m,664;671_400-800m,1,0.003,0,0,12,0.002,11,0.002,6,0.002,2,0.002
1383;1461;1384_400-800m,185;206_0-400m,0,0,1,0,3,0,3,0.001,2,0.001,0,0
1383;1461;1384_400-800m,185;206_400-800m,0,0,0,0,3,0,2,0,0,0,0,0
1383;1461;1384_400-800m,662;673_0-400m,0,0,7,0.003,26,0.003,11,0.002,8,0.002,0,0
1383;1461;1384_400-800m,662;673_400-800m,0,0,10,0.004,28,0.004,16,0.004,16,0.004,4,0.005
1383;1461;1384_400-800m,1385;1459_0-400m,1,0.003,7,0.003,23,0.003,11,0.002,10,0.003,5,0.006
1383;1461;1384_400-800m,1385;1459_400-800m,1,0.003,5,0.002,7,0.001,8,0.002,6,0.002,2,0.002
1383;1461;1384_400-800m,658;677_0-400m,0,0,2,0.001,8,0.001,6,0.001,5,0.001,0,0
1383;1461;1384_400-800m,658;677_400-800m,0,0,0,0,0,0,0,0,1,0,0,0
1383;1461;1384_400-800m,663;672_0-400m,0,0,8,0.003,16,0.002,21,0.005,11,0.003,3,0.004
1383;1461;1384_400-800m,663;672_400-800m,0,0,1,0,3,0,7,0.002,2,0.001,2,0.002
1383;1461;1384_400-800m,183;209_0-400m,0,0,7,0.003,9,0.001,3,0.001,1,0,0,0
1383;1461;1384_400-800m,183;209_400-800m,0,0,1,0,2,0,7,0.002,1,0,0,0
1383;1461;1384_400-800m,186;205_0-400m,0,0,2,0.001,3,0,0,0,0,0,1,0.001
1383;1461;1384_400-800m,186;205_400-800m,0,0,0,0,0,0,0,0,1,0,0,0
1383;1461;1384_400-800m,188;203_0-400m,1,0.003,9,0.003,16,0.002,9,0.002,2,0.001,0,0
1383;1461;1384_400-800m,188;203_400-800m,1,0.003,8,0.003,19,0.002,10,0.002,4,0.001,2,0.002
1383;1461;1384_400-800m,388;823_0-400m,2,0.006,5,0.002,32,0.004,30,0.007,24,0.006,1,0.001
1383;1461;1384_400-800m,388;823_400-800m,2,0.006,2,0.001,7,0.001,6,0.001,3,0.001,0,0
1383;1461;1384_400-800m,1386;95_0-400m,2,0.006,6,0.002,18,0.002,12,0.003,3,0.001,2,0.002
1383;1461;1384_400-800m,1386;95_400-800m,1,0.003,2,0.001,4,0.001,2,0,6,0.002,1,0.001
1383;1461;1384_400-800m,Orange_0-400m,2,0.006,15,0.006,38,0.005,33,0.007,20,0.005,3,0.004
1383;1461;1384_400-800m,Blue_0-400m,1,0.003,7,0.003,8,0.001,3,0.001,2,0.001,2,0.002
1383;1461;1384_400-800m,Green_0-400m,1,0.003,19,0.007,24,0.003,13,0.003,14,0.004,2,0.002
1383;1461;1384_400-800m,Orange_400-800m,2,0.006,5,0.002,15,0.002,9,0.002,10,0.003,1,0.001
1383;1461;1384_400-800m,Blue_400-800m,0,0,3,0.001,8,0.001,6,0.001,4,0.001,0,0
1383;1461;1384_400-800m,Green_400-800m,0,0,5,0.002,20,0.003,18,0.004,15,0.004,3,0.004
1383;1461;1384_400-800m,External,116,0.353,723,0.266,1522,0.193,954,0.21,795,0.203,152,0.189
665;670_0-400m,415;448_0-400m,2,0.006,4,0.001,9,0.001,1,0,4,0.001,1,0.001
665;670_0-400m,415;448_400-800m,1,0.003,1,0,6,0.001,3,0.001,1,0,0,0
665;670_0-400m,408;455_0-400m,0,0,1,0,2,0,1,0,1,0,1,0.001
665;670_0-400m,408;455_400-800m,0,0,0,0,1,0,0,0,0,0,0,0
665;670_0-400m,412;451_0-400m,0,0,0,0,2,0,0,0,0,0,0,0
665;670_0-400m,412;451_400-800m,0,0,0,0,3,0,2,0,0,0,0,0
665;670_0-400m,416;447_0-400m,0,0,1,0,1,0,2,0,2,0.001,0,0
665;670_0-400m,416;447_400-800m,0,0,1,0,5,0.001,1,0,2,0.001,0,0
665;670_0-400m,410;452_0-400m,0,0,0,0,1,0,1,0,3,0.001,2,0.002
665;670_0-400m,410;452_400-800m,0,0,1,0,5,0.001,0,0,3,0.001,0,0
665;670_0-400m,414;449_0-400m,0,0,1,0,3,0,3,0.001,2,0.001,1,0.001
665;670_0-400m,414;449_400-800m,0,0,2,0.001,3,0,0,0,0,0,1,0.001
665;670_0-400m,407;456_0-400m,0,0,0,0,1,0,0,0,0,0,0,0
665;670_0-400m,407;456_400-800m,0,0,2,0.001,1,0,1,0,1,0,0,0
665;670_0-400m,413;450_0-400m,1,0.003,0,0,1,0,2,0,4,0.001,1,0.001
665;670_0-400m,413;450_400-800m,0,0,0,0,1,0,2,0,2,0.001,1,0.001
665;670_0-400m,419;444;420_0-400m,0,0,1,0,16,0.002,11,0.002,6,0.002,3,0.004
665;670_0-400m,419;444;420_400-800m,0,0,0,0,8,0.001,3,0.001,3,0.001,1,0.001
665;670_0-400m,417;445_0-400m,0,0,1,0,5,0.001,3,0.001,0,0,1,0.001
665;670_0-400m,417;445_400-800m,0,0,0,0,5,0.001,4,0.001,0,0,0,0
665;670_0-400m,405;457_0-400m,0,0,1,0,11,0.001,3,0.001,2,0.001,2,0.002
665;670_0-400m,405;457_400-800m,0,0,0,0,2,0,1,0,1,0,0,0
665;670_0-400m,404;459_0-400m,0,0,1,0,7,0.001,4,0.001,3,0.001,3,0.004
665;670_0-400m,404;459_400-800m,0,0,1,0,7,0.001,5,0.001,1,0,1,0.001
665;670_0-400m,421;442_0-400m,0,0,3,0.001,30,0.004,17,0.004,10,0.003,2,0.002
665;670_0-400m,421;442_400-800m,0,0,2,0.001,4,0.001,6,0.001,1,0,1,0.001
665;670_0-400m,196;24;1508_0-400m,2,0.006,2,0.001,31,0.004,15,0.003,14,0.004,4,0.005
665;670_0-400m,196;24;1508_400-800m,0,0,3,0.001,10,0.001,4,0.001,2,0.001,2,0.002
665;670_0-400m,409;453_0-400m,0,0,0,0,0,0,0,0,1,0,1,0.001
665;670_0-400m,409;453_400-800m,0,0,2,0.001,0,0,0,0,0,0,1,0.001
665;670_0-400m,1503_0-400m,0,0,5,0.002,21,0.003,18,0.004,11,0.003,6,0.007
665;670_0-400m,1503_400-800m,0,0,0,0,4,0.001,1,0,0,0,2,0.002
665;670_0-400m,1125;1163;1162_0-400m,0,0,0,0,1,0,0,0,1,0,1,0.001
665;670_0-400m,1125;1163;1162_400-800m,0,0,0,0,0,0,0,0,0,0,0,0
665;670_0-400m,1134;1153_0-400m,0,0,0,0,0,0,0,0,0,0,0,0
665;670_0-400m,1134;1153_400-800m,0,0,0,0,1,0,0,0,1,0,1,0.001
665;670_0-400m,21;28;1612_0-400m,1,0.003,2,0.001,20,0.003,8,0.002,6,0.002,2,0.002
665;670_0-400m,21;28;1612_400-800m,0,0,2,0.001,19,0.002,9,0.002,6,0.002,2,0.002
665;670_0-400m,1131;1158_0-400m,0,0,0,0,4,0.001,1,0,0,0,0,0
665;670_0-400m,1131;1158_400-800m,0,0,0,0,0,0,0,0,1,0,0,0
665;670_0-400m,1135;1152_0-400m,0,0,0,0,1,0,0,0,1,0,0,0
665;670_0-400m,1135;1152_400-800m,0,0,0,0,0,0,0,0,0,0,0,0
665;670_0-400m,584;604_0-400m,0,0,2,0.001,1,0,0,0,1,0,0,0
665;670_0-400m,584;604_400-800m,0,0,1,0,0,0,1,0,5,0.001,0,0
665;670_0-400m,1139;1149_0-400m,1,0.003,1,0,3,0,1,0,1,0,0,0
665;670_0-400m,1139;1149_400-800m,0,0,0,0,0,0,0,0,0,0,0,0
665;670_0-400m,1138;1150;1137_0-400m,0,0,0,0,2,0,1,0,1,0,1,0.001
665;670_0-400m,1138;1150;1137_400-800m,0,0,0,0,1,0,0,0,0,0,0,0
665;670_0-400m,1124;1164_0-400m,0,0,0,0,2,0,0,0,0,0,0,0
665;670_0-400m,1124;1164_400-800m,0,0,1,0,9,0.001,2,0,0,0,0,0
665;670_0-400m,343;349_0-400m,0,0,0,0,1,0,1,0,0,0,0,0
665;670_0-400m,343;349_400-800m,0,0,0,0,1,0,0,0,2,0.001,0,0
665;670_0-400m,1136;1151_0-400m,0,0,0,0,0,0,0,0,0,0,0,0
665;670_0-400m,1136;1151_400-800m,0,0,0,0,1,0,1,0,0,0,0,0
665;670_0-400m,342;350_0-400m,1,0.003,1,0,3,0,6,0.001,2,0.001,0,0
665;670_0-400m,342;350_400-800m,1,0.003,2,0.001,0,0,1,0,1,0,0,0
665;670_0-400m,1141;1147_0-400m,0,0,1,0,1,0,2,0,1,0,0,0
665;670_0-400m,1141;1147_400-800m,0,0,0,0,1,0,0,0,0,0,0,0
665;670_0-400m,1132;1155;1156_0-400m,0,0,0,0,0,0,2,0,0,0,0,0
665;670_0-400m,1132;1155;1156_400-800m,0,0,0,0,1,0,0,0,1,0,0,0
665;670_0-400m,1133;1154_0-400m,0,0,0,0,0,0,0,0,1,0,0,0
665;670_0-400m,1133;1154_400-800m,0,0,0,0,0,0,2,0,0,0,0,0
665;670_0-400m,1130;1159;1160_0-400m,0,0,0,0,0,0,5,0.001,2,0.001,1,0.001
665;670_0-400m,1130;1159;1160_400-800m,0,0,0,0,0,0,0,0,0,0,0,0
665;670_0-400m,345;347_0-400m,0,0,1,0,10,0.001,6,0.001,1,0,2,0.002
665;670_0-400m,345;347_400-800m,1,0.003,5,0.002,16,0.002,6,0.001,5,0.001,5,0.006
665;670_0-400m,344;348_0-400m,0,0,0,0,4,0.001,2,0,3,0.001,1,0.001
665;670_0-400m,344;348_400-800m,0,0,3,0.001,4,0.001,3,0.001,4,0.001,1,0.001
665;670_0-400m,1140;1148_0-400m,0,0,0,0,0,0,1,0,1,0,0,0
665;670_0-400m,1140;1148_400-800m,0,0,1,0,1,0,0,0,1,0,0,0
665;670_0-400m,1127;1161_0-400m,0,0,0,0,3,0,2,0,1,0,0,0
665;670_0-400m,1127;1161_400-800m,0,0,0,0,1,0,0,0,0,0,0,0
665;670_0-400m,1855_0-400m,0,0,0,0,0,0,1,0,0,0,0,0
665;670_0-400m,1855_400-800m,0,0,0,0,0,0,1,0,0,0,0,0
665;670_0-400m,187;204_0-400m,0,0,5,0.002,7,0.001,3,0.001,2,0.001,0,0
665;670_0-400m,187;204_400-800m,0,0,1,0,3,0,3,0.001,2,0.001,0,0
665;670_0-400m,661;674_0-400m,0,0,0,0,2,0,1,0,1,0,2,0.002
665;670_0-400m,661;674_400-800m,0,0,0,0,0,0,0,0,0,0,0,0
665;670_0-400m,184;207_0-400m,0,0,1,0,14,0.002,9,0.002,9,0.002,2,0.002
665;670_0-400m,184;207_400-800m,0,0,1,0,6,0.001,1,0,0,0,0,0
665;670_0-400m,657;678_0-400m,0,0,2,0.001,8,0.001,6,0.001,3,0.001,1,0.001
665;670_0-400m,657;678_400-800m,0,0,1,0,0,0,0,0,0,0,0,0
665;670_0-400m,656;679_0-400m,0,0,1,0,5,0.001,8,0.002,0,0,1,0.001
665;670_0-400m,656;679_400-800m,0,0,0,0,0,0,0,0,1,0,0,0
665;670_0-400m,1383;1461;1384_0-400m,0,0,10,0.004,35,0.004,16,0.004,9,0.002,6,0.007
665;670_0-400m,1383;1461;1384_400-800m,0,0,0,0,5,0.001,0,0,6,0.002,1,0.001
665;670_0-400m,665;670_0-400m,0,0,2,0.001,21,0.003,9,0.002,9,0.002,2,0.002
665;670_0-400m,665;670_400-800m,0,0,0,0,7,0.001,2,0,4,0.001,0,0
665;670_0-400m,659;676;675_0-400m,0,0,3,0.001,7,0.001,4,0.001,4,0.001,0,0
665;670_0-400m,659;676;675_400-800m,0,0,0,0,1,0,1,0,1,0,0,0
665;670_0-400m,664;671_0-400m,0,0,7,0.003,29,0.004,12,0.003,7,0.002,4,0.005
665;670_0-400m,664;671_400-800m,0,0,1,0,18,0.002,7,0.002,7,0.002,0,0
665;670_0-400m,185;206_0-400m,0,0,0,0,9,0.001,1,0,5,0.001,2,0.002
665;670_0-400m,185;206_400-800m,0,0,0,0,2,0,2,0,0,0,2,0.002
665;670_0-400m,662;673_0-400m,0,0,5,0.002,19,0.002,14,0.003,11,0.003,3,0.004
665;670_0-400m,662;673_400-800m,0,0,3,0.001,28,0.004,15,0.003,7,0.002,4,0.005
665;670_0-400m,1385;1459_0-400m,0,0,12,0.004,34,0.004,18,0.004,9,0.002,2,0.002
665;670_0-400m,1385;1459_400-800m,0,0,1,0,1,0,3,0.001,2,0.001,0,0
665;670_0-400m,658;677_0-400m,0,0,0,0,5,0.001,3,0.001,1,0,1,0.001
665;670_0-400m,658;677_400-800m,0,0,0,0,3,0,0,0,0,0,0,0
665;670_0-400m,663;672_0-400m,0,0,3,0.001,32,0.004,19,0.004,11,0.003,2,0.002
665;670_0-400m,663;672_400-800m,0,0,1,0,3,0,7,0.002,2,0.001,0,0
665;670_0-400m,183;209_0-400m,0,0,0,0,11,0.001,4,0.001,3,0.001,2,0.002
665;670_0-400m,183;209_400-800m,0,0,0,0,5,0.001,0,0,1,0,0,0
665;670_0-400m,186;205_0-400m,0,0,2,0.001,10,0.001,2,0,3,0.001,1,0.001
665;670_0-400m,186;205_400-800m,0,0,0,0,1,0,0,0,0,0,0,0
665;670_0-400m,188;203_0-400m,0,0,3,0.001,21,0.003,7,0.002,5,0.001,2,0.002
665;670_0-400m,188;203_400-800m,0,0,7,0.003,11,0.001,8,0.002,5,0.001,4,0.005
665;670_0-400m,388;823_0-400m,0,0,4,0.001,34,0.004,17,0.004,10,0.003,3,0.004
665;670_0-400m,388;823_400-800m,0,0,2,0.001,8,0.001,4,0.001,2,0.001,0,0
665;670_0-400m,1386;95_0-400m,1,0.003,3,0.001,15,0.002,7,0.002,9,0.002,3,0.004
665;670_0-400m,1386;95_400-800m,0,0,2,0.001,4,0.001,7,0.002,0,0,1,0.001
665;670_0-400m,Orange_0-400m,0,0,2,0.001,25,0.003,28,0.006,13,0.003,5,0.006
665;670_0-400m,Blue_0-400m,1,0.003,1,0,6,0.001,5,0.001,6,0.002,5,0.006
665;670_0-400m,Green_0-400m,2,0.006,9,0.003,16,0.002,11,0.002,6,0.002,2,0.002
665;670_0-400m,Orange_400-800m,0,0,1,0,3,0,2,0,6,0.002,4,0.005
665;670_0-400m,Blue_400-800m,0,0,0,0,4,0.001,2,0,1,0,2,0.002
665;670_0-400m,Green_400-800m,0,0,4,0.001,8,0.001,11,0.002,9,0.002,1,0.001
665;670_0-400m,External,22,0.067,250,0.092,1056,0.134,880,0.193,504,0.129,172,0.214
665;670_400-800m,415;448_0-400m,0,0,0,0,2,0,1,0,0,0,0,0
665;670_400-800m,415;448_400-800m,1,0.003,1,0,4,0.001,1,0,2,0.001,0,0
665;670_400-800m,408;455_0-400m,0,0,2,0.001,6,0.001,2,0,0,0,0,0
665;670_400-800m,408;455_400-800m,0,0,0,0,2,0,0,0,2,0.001,0,0
665;670_400-800m,412;451_0-400m,0,0,2,0.001,2,0,3,0.001,3,0.001,1,0.001
665;670_400-800m,412;451_400-800m,0,0,1,0,3,0,0,0,4,0.001,0,0
665;670_400-800m,416;447_0-400m,0,0,2,0.001,1,0,2,0,0,0,0,0
665;670_400-800m,416;447_400-800m,1,0.003,2,0.001,1,0,2,0,2,0.001,0,0
665;670_400-800m,410;452_0-400m,0,0,4,0.001,4,0.001,2,0,2,0.001,1,0.001
665;670_400-800m,410;452_400-800m,0,0,2,0.001,5,0.001,3,0.001,3,0.001,0,0
665;670_400-800m,414;449_0-400m,0,0,1,0,2,0,1,0,4,0.001,0,0
665;670_400-800m,414;449_400-800m,0,0,0,0,0,0,1,0,5,0.001,1,0.001
665;670_400-800m,407;456_0-400m,0,0,0,0,0,0,2,0,1,0,1,0.001
665;670_400-800m,407;456_400-800m,0,0,1,0,3,0,1,0,1,0,0,0
665;670_400-800m,413;450_0-400m,0,0,1,0,2,0,1,0,0,0,2,0.002
665;670_400-800m,413;450_400-800m,0,0,1,0,0,0,3,0.001,6,0.002,0,0
665;670_400-800m,419;444;420_0-400m,1,0.003,4,0.001,9,0.001,9,0.002,6,0.002,2,0.002
665;670_400-800m,419;444;420_400-800m,0,0,2,0.001,4,0.001,1,0,2,0.001,1,0.001
665;670_400-800m,417;445_0-400m,0,0,1,0,4,0.001,6,0.001,0,0,2,0.002
665;670_400-800m,417;445_400-800m,0,0,3,0.001,7,0.001,2,0,0,0,0,0
665;670_400-800m,405;457_0-400m,0,0,0,0,5,0.001,4,0.001,5,0.001,2,0.002
665;670_400-800m,405;457_400-800m,0,0,0,0,0,0,0,0,0,0,0,0
665;670_400-800m,404;459_0-400m,0,0,2,0.001,6,0.001,2,0,4,0.001,2,0.002
665;670_400-800m,404;459_400-800m,0,0,2,0.001,8,0.001,9,0.002,6,0.002,0,0
665;670_400-800m,421;442_0-400m,2,0.006,3,0.001,17,0.002,14,0.003,8,0.002,3,0.004
665;670_400-800m,421;442_400-800m,1,0.003,1,0,5,0.001,4,0.001,2,0.001,3,0.004
665;670_400-800m,196;24;1508_0-400m,0,0,8,0.003,13,0.002,13,0.003,9,0.002,1,0.001
665;670_400-800m,196;24;1508_400-800m,0,0,4,0.001,12,0.002,5,0.001,5,0.001,2,0.002
665;670_400-800m,409;453_0-400m,1,0.003,0,0,0,0,0,0,0,0,0,0
665;670_400-800m,409;453_400-800m,0,0,0,0,2,0,1,0,0,0,0,0
665;670_400-800m,1503_0-400m,0,0,1,0,7,0.001,5,0.001,5,0.001,2,0.002
665;670_400-800m,1503_400-800m,0,0,0,0,3,0,1,0,2,0.001,2,0.002
665;670_400-800m,1125;1163;1162_0-400m,0,0,1,0,0,0,0,0,0,0,0,0
665;670_400-800m,1125;1163;1162_400-800m,0,0,0,0,0,0,0,0,0,0,0,0
665;670_400-800m,1134;1153_0-400m,0,0,0,0,1,0,0,0,1,0,0,0
665;670_400-800m,1134;1153_400-800m,0,0,0,0,1,0,0,0,0,0,2,0.002
665;670_400-800m,21;28;1612_0-400m,1,0.003,1,0,11,0.001,18,0.004,9,0.002,1,0.001
665;670_400-800m,21;28;1612_400-800m,1,0.003,2,0.001,7,0.001,1,0,3,0.001,0,0
665;670_400-800m,1131;1158_0-400m,0,0,0,0,2,0,0,0,0,0,0,0
665;670_400-800m,1131;1158_400-800m,0,0,0,0,0,0,0,0,0,0,0,0
665;670_400-800m,1135;1152_0-400m,0,0,0,0,3,0,0,0,3,0.001,0,0
665;670_400-800m,1135;1152_400-800m,0,0,0,0,0,0,0,0,0,0,0,0
665;670_400-800m,584;604_0-400m,0,0,1,0,2,0,1,0,1,0,1,0.001
665;670_400-800m,584;604_400-800m,0,0,1,0,1,0,0,0,3,0.001,2,0.002
665;670_400-800m,1139;1149_0-400m,0,0,0,0,2,0,3,0.001,1,0,0,0
665;670_400-800m,1139;1149_400-800m,0,0,0,0,1,0,0,0,1,0,0,0
665;670_400-800m,1138;1150;1137_0-400m,0,0,1,0,1,0,1,0,0,0,0,0
665;670_400-800m,1138;1150;1137_400-800m,1,0.003,0,0,0,0,0,0,0,0,0,0
665;670_400-800m,1124;1164_0-400m,0,0,0,0,1,0,0,0,0,0,0,0
665;670_400-800m,1124;1164_400-800m,0,0,1,0,7,0.001,1,0,1,0,0,0
665;670_400-800m,343;349_0-400m,0,0,0,0,7,0.001,1,0,2,0.001,1,0.001
665;670_400-800m,343;349_400-800m,0,0,0,0,0,0,0,0,0,0,0,0
665;670_400-800m,1136;1151_0-400m,1,0.003,1,0,1,0,0,0,1,0,0,0
665;670_400-800m,1136;1151_400-800m,0,0,0,0,0,0,0,0,0,0,0,0
665;670_400-800m,342;350_0-400m,0,0,0,0,4,0.001,6,0.001,4,0.001,0,0
665;670_400-800m,342;350_400-800m,0,0,0,0,1,0,0,0,0,0,0,0
665;670_400-800m,1141;1147_0-400m,0,0,0,0,1,0,0,0,0,0,0,0
665;670_400-800m,1141;1147_400-800m,0,0,0,0,0,0,0,0,0,0,0,0
665;670_400-800m,1132;1155;1156_0-400m,0,0,0,0,0,0,0,0,0,0,0,0
665;670_400-800m,1132;1155;1156_400-800m,0,0,0,0,0,0,0,0,3,0.001,1,0.001
665;670_400-800m,1133;1154_0-400m,0,0,0,0,0,0,1,0,1,0,0,0
665;670_400-800m,1133;1154_400-800m,0,0,0,0,0,0,1,0,0,0,0,0
665;670_400-800m,1130;1159;1160_0-400m,0,0,0,0,0,0,0,0,0,0,1,0.001
665;670_400-800m,1130;1159;1160_400-800m,0,0,0,0,1,0,0,0,0,0,0,0
665;670_400-800m,345;347_0-400m,1,0.003,5,0.002,5,0.001,4,0.001,3,0.001,1,0.001
665;670_400-800m,345;347_400-800m,0,0,0,0,9,0.001,9,0.002,8,0.002,1,0.001
665;670_400-800m,344;348_0-400m,0,0,0,0,2,0,1,0,1,0,0,0
665;670_400-800m,344;348_400-800m,0,0,2,0.001,3,0,1,0,1,0,1,0.001
665;670_400-800m,1140;1148_0-400m,0,0,1,0,1,0,0,0,3,0.001,0,0
665;670_400-800m,1140;1148_400-800m,0,0,1,0,0,0,0,0,0,0,0,0
665;670_400-800m,1127;1161_0-400m,0,0,1,0,0,0,3,0.001,2,0.001,0,0
665;670_400-800m,1127;1161_400-800m,0,0,0,0,0,0,0,0,1,0,0,0
665;670_400-800m,1855_0-400m,0,0,0,0,0,0,0,0,0,0,0,0
665;670_400-800m,1855_400-800m,0,0,0,0,1,0,0,0,0,0,0,0
665;670_400-800m,187;204_0-400m,1,0.003,0,0,2,0,0,0,2,0.001,1,0.001
665;670_400-800m,187;204_400-800m,0,0,1,0,4,0.001,0,0,1,0,0,0
665;670_400-800m,661;674_0-400m,0,0,1,0,0,0,1,0,0,0,0,0
665;670_400-800m,661;674_400-800m,0,0,0,0,0,0,0,0,1,0,0,0
665;670_400-800m,184;207_0-400m,0,0,0,0,1,0,0,0,1,0,0,0
665;670_400-800m,184;207_400-800m,0,0,1,0,1,0,0,0,0,0,0,0
665;670_400-800m,657;678_0-400m,0,0,0,0,3,0,3,0.001,3,0.001,0,0
665;670_400-800m,657;678_400-800m,0,0,0,0,0,0,0,0,0,0,0,0
665;670_400-800m,656;679_0-400m,0,0,0,0,2,0,1,0,2,0.001,1,0.001
665;670_400-800m,656;679_400-800m,0,0,0,0,0,0,0,0,0,0,0,0
665;670_400-800m,1383;1461;1384_0-400m,0,0,1,0,5,0.001,3,0.001,7,0.002,0,0
665;670_400-800m,1383;1461;1384_400-800m,0,0,0,0,16,0.002,6,0.001,10,0.003,1,0.001
665;670_400-800m,665;670_0-400m,1,0.003,1,0,3,0,2,0,4,0.001,0,0
665;670_400-800m,665;670_400-800m,1,0.003,7,0.003,16,0.002,13,0.003,15,0.004,4,0.005
665;670_400-800m,659;676;675_0-400m,0,0,1,0,1,0,1,0,0,0,0,0
665;670_400-800m,659;676;675_400-800m,0,0,0,0,0,0,0,0,0,0,0,0
665;670_400-800m,664;671_0-400m,0,0,6,0.002,11,0.001,16,0.004,9,0.002,5,0.006
665;670_400-800m,664;671_400-800m,0,0,0,0,23,0.003,12,0.003,6,0.002,3,0.004
665;670_400-800m,185;206_0-400m,0,0,1,0,2,0,2,0,3,0.001,0,0
665;670_400-800m,185;206_400-800m,0,0,0,0,0,0,0,0,0,0,0,0
665;670_400-800m,662;673_0-400m,0,0,1,0,18,0.002,10,0.002,6,0.002,2,0.002
665;670_400-800m,662;673_400-800m,0,0,6,0.002,11,0.001,6,0.001,8,0.002,2,0.002
665;670_400-800m,1385;1459_0-400m,0,0,2,0.001,9,0.001,4,0.001,4,0.001,1,0.001
665;670_400-800m,1385;1459_400-800m,0,0,1,0,0,0,0,0,0,0,0,0
665;670_400-800m,658;677_0-400m,0,0,4,0.001,4,0.001,1,0,2,0.001,0,0
665;670_400-800m,658;677_400-800m,0,0,1,0,0,0,0,0,0,0,0,0
665;670_400-800m,663;672_0-400m,0,0,3,0.001,14,0.002,3,0.001,4,0.001,0,0
665;670_400-800m,663;672_400-800m,0,0,3,0.001,11,0.001,8,0.002,9,0.002,2,0.002
665;670_400-800m,183;209_0-400m,0,0,1,0,3,0,1,0,1,0,0,0
665;670_400-800m,183;209_400-800m,0,0,0,0,1,0,0,0,0,0,0,0
665;670_400-800m,186;205_0-400m,0,0,0,0,0,0,0,0,0,0,0,0
665;670_400-800m,186;205_400-800m,0,0,0,0,2,0,0,0,0,0,0,0
665;670_400-800m,188;203_0-400m,0,0,2,0.001,5,0.001,4,0.001,3,0.001,0,0
665;670_400-800m,188;203_400-800m,0,0,2,0.001,7,0.001,3,0.001,6,0.002,1,0.001
665;670_400-800m,388;823_0-400m,0,0,2,0.001,26,0.003,14,0.003,14,0.004,0,0
665;670_400-800m,388;823_400-800m,0,0,0,0,2,0,1,0,0,0,0,0
665;670_400-800m,1386;95_0-400m,0,0,0,0,6,0.001,2,0,5,0.001,0,0
665;670_400-800m,1386;95_400-800m,0,0,2,0.001,3,0,3,0.001,1,0,1,0.001
665;670_400-800m,Orange_0-400m,1,0.003,8,0.003,38,0.005,28,0.006,21,0.005,6,0.007
665;670_400-800m,Blue_0-400m,0,0,0,0,4,0.001,3,0.001,2,0.001,0,0
665;670_400-800m,Green_0-400m,1,0.003,8,0.003,13,0.002,3,0.001,3,0.001,1,0.001
665;670_400-800m,Orange_400-800m,0,0,2,0.001,19,0.002,14,0.003,6,0.002,4,0.005
665;670_400-800m,Blue_400-800m,0,0,1,0,0,0,2,0,3,0.001,0,0
665;670_400-800m,Green_400-800m,0,0,4,0.001,2,0,1,0,1,0,0,0
665;670_400-800m,External,61,0.186,324,0.119,823,0.104,523,0.115,488,0.125,94,0.117
659;676;675_0-400m,415;448_0-400m,0,0,0,0,4,0.001,2,0,3,0.001,0,0
659;676;675_0-400m,415;448_400-800m,0,0,0,0,3,0,0,0,0,0,0,0
659;676;675_0-400m,408;455_0-400m,0,0,2,0.001,1,0,2,0,1,0,0,0
659;676;675_0-400m,408;455_400-800m,0,0,0,0,4,0.001,1,0,5,0.001,0,0
659;676;675_0-400m,412;451_0-400m,0,0,0,0,2,0,2,0,2,0.001,0,0
659;676;675_0-400m,412;451_400-800m,1,0.003,6,0.002,3,0,0,0,4,0.001,0,0
659;676;675_0-400m,416;447_0-400m,0,0,1,0,1,0,3,0.001,1,0,0,0
659;676;675_0-400m,416;447_400-800m,0,0,4,0.001,6,0.001,3,0.001,5,0.001,2,0.002
659;676;675_0-400m,410;452_0-400m,0,0,1,0,1,0,5,0.001,4,0.001,0,0
659;676;675_0-400m,410;452_400-800m,0,0,0,0,4,0.001,0,0,4,0.001,2,0.002
659;676;675_0-400m,414;449_0-400m,0,0,0,0,1,0,3,0.001,5,0.001,1,0.001
659;676;675_0-400m,414;449_400-800m,0,0,1,0,3,0,1,0,1,0,0,0
659;676;675_0-400m,407;456_0-400m,0,0,1,0,0,0,1,0,0,0,0,0
659;676;675_0-400m,407;456_400-800m,0,0,1,0,1,0,5,0.001,2,0.001,0,0
659;676;675_0-400m,413;450_0-400m,1,0.003,3,0.001,3,0,2,0,2,0.001,0,0
659;676;675_0-400m,413;450_400-800m,0,0,1,0,1,0,1,0,4,0.001,1,0.001
659;676;675_0-400m,419;444;420_0-400m,0,0,4,0.001,10,0.001,8,0.002,2,0.001,1,0.001
659;676;675_0-400m,419;444;420_400-800m,1,0.003,2,0.001,0,0,3,0.001,5,0.001,1,0.001
659;676;675_0-400m,417;445_0-400m,0,0,3,0.001,11,0.001,3,0.001,0,0,0,0
659;676;675_0-400m,417;445_400-800m,0,0,0,0,5,0.001,4,0.001,2,0.001,1,0.001
659;676;675_0-400m,405;457_0-400m,1,0.003,4,0.001,8,0.001,9,0.002,7,0.002,1,0.001
659;676;675_0-400m,405;457_400-800m,0,0,0,0,0,0,0,0,1,0,0,0
659;676;675_0-400m,404;459_0-400m,0,0,1,0,11,0.001,5,0.001,10,0.003,0,0
659;676;675_0-400m,404;459_400-800m,0,0,2,0.001,13,0.002,4,0.001,1,0,0,0
659;676;675_0-400m,421;442_0-400m,1,0.003,5,0.002,37,0.005,14,0.003,10,0.003,3,0.004
659;676;675_0-400m,421;442_400-800m,1,0.003,2,0.001,6,0.001,5,0.001,3,0.001,0,0
659;676;675_0-400m,196;24;1508_0-400m,0,0,10,0.004,20,0.003,8,0.002,9,0.002,0,0
659;676;675_0-400m,196;24;1508_400-800m,0,0,2,0.001,6,0.001,5,0.001,7,0.002,0,0
659;676;675_0-400m,409;453_0-400m,0,0,0,0,1,0,6,0.001,3,0.001,3,0.004
659;676;675_0-400m,409;453_400-800m,0,0,1,0,6,0.001,0,0,2,0.001,2,0.002
659;676;675_0-400m,1503_0-400m,1,0.003,5,0.002,22,0.003,12,0.003,17,0.004,1,0.001
659;676;675_0-400m,1503_400-800m,0,0,1,0,0,0,2,0,6,0.002,2,0.002
659;676;675_0-400m,1125;1163;1162_0-400m,0,0,0,0,3,0,2,0,2,0.001,0,0
659;676;675_0-400m,1125;1163;1162_400-800m,0,0,0,0,1,0,0,0,0,0,0,0
659;676;675_0-400m,1134;1153_0-400m,0,0,0,0,0,0,1,0,2,0.001,0,0
659;676;675_0-400m,1134;1153_400-800m,0,0,0,0,1,0,2,0,1,0,1,0.001
659;676;675_0-400m,21;28;1612_0-400m,3,0.009,21,0.008,39,0.005,16,0.004,18,0.005,5,0.006
659;676;675_0-400m,21;28;1612_400-800m,0,0,4,0.001,14,0.002,4,0.001,6,0.002,2,0.002
659;676;675_0-400m,1131;1158_0-400m,0,0,0,0,0,0,0,0,1,0,1,0.001
659;676;675_0-400m,1131;1158_400-800m,0,0,0,0,0,0,1,0,1,0,0,0
659;676;675_0-400m,1135;1152_0-400m,0,0,1,0,1,0,1,0,4,0.001,0,0
659;676;675_0-400m,1135;1152_400-800m,0,0,0,0,0,0,0,0,0,0,0,0
659;676;675_0-400m,584;604_0-400m,0,0,0,0,2,0,0,0,3,0.001,0,0
659;676;675_0-400m,584;604_400-800m,0,0,0,0,5,0.001,4,0.001,4,0.001,2,0.002
659;676;675_0-400m,1139;1149_0-400m,0,0,1,0,5,0.001,2,0,2,0.001,2,0.002
659;676;675_0-400m,1139;1149_400-800m,0,0,0,0,0,0,1,0,0,0,0,0
659;676;675_0-400m,1138;1150;1137_0-400m,0,0,0,0,4,0.001,0,0,4,0.001,2,0.002
659;676;675_0-400m,1138;1150;1137_400-800m,0,0,0,0,0,0,0,0,0,0,0,0
659;676;675_0-400m,1124;1164_0-400m,1,0.003,1,0,2,0,0,0,0,0,1,0.001
659;676;675_0-400m,1124;1164_400-800m,0,0,2,0.001,8,0.001,9,0.002,0,0,3,0.004
659;676;675_0-400m,343;349_0-400m,0,0,3,0.001,6,0.001,1,0,4,0.001,2,0.002
659;676;675_0-400m,343;349_400-800m,0,0,0,0,2,0,0,0,0,0,1,0.001
659;676;675_0-400m,1136;1151_0-400m,0,0,0,0,0,0,3,0.001,4,0.001,1,0.001
659;676;675_0-400m,1136;1151_400-800m,0,0,1,0,0,0,1,0,0,0,0,0
659;676;675_0-400m,342;350_0-400m,0,0,1,0,3,0,1,0,7,0.002,2,0.002
659;676;675_0-400m,342;350_400-800m,0,0,0,0,3,0,2,0,3,0.001,1,0.001
659;676;675_0-400m,1141;1147_0-400m,0,0,4,0.001,3,0,5,0.001,1,0,3,0.004
659;676;675_0-400m,1141;1147_400-800m,0,0,0,0,0,0,1,0,0,0,0,0
659;676;675_0-400m,1132;1155;1156_0-400m,0,0,0,0,2,0,0,0,2,0.001,0,0
659;676;675_0-400m,1132;1155;1156_400-800m,0,0,0,0,1,0,1,0,1,0,1,0.001
659;676;675_0-400m,1133;1154_0-400m,0,0,0,0,2,0,2,0,0,0,0,0
659;676;675_0-400m,1133;1154_400-800m,0,0,0,0,1,0,1,0,0,0,0,0
659;676;675_0-400m,1130;1159;1160_0-400m,0,0,0,0,4,0.001,1,0,0,0,0,0
659;676;675_0-400m,1130;1159;1160_400-800m,0,0,0,0,0,0,0,0,0,0,0,0
659;676;675_0-400m,345;347_0-400m,1,0.003,7,0.003,21,0.003,20,0.004,20,0.005,6,0.007
659;676;675_0-400m,345;347_400-800m,2,0.006,9,0.003,12,0.002,5,0.001,23,0.006,8,0.01
659;676;675_0-400m,344;348_0-400m,0,0,1,0,7,0.001,1,0,3,0.001,2,0.002
659;676;675_0-400m,344;348_400-800m,1,0.003,7,0.003,3,0,6,0.001,6,0.002,2,0.002
659;676;675_0-400m,1140;1148_0-400m,0,0,4,0.001,5,0.001,0,0,2,0.001,3,0.004
659;676;675_0-400m,1140;1148_400-800m,0,0,0,0,3,0,0,0,0,0,0,0
659;676;675_0-400m,1127;1161_0-400m,0,0,2,0.001,7,0.001,0,0,2,0.001,0,0
659;676;675_0-400m,1127;1161_400-800m,0,0,0,0,0,0,0,0,0,0,0,0
659;676;675_0-400m,1855_0-400m,0,0,0,0,0,0,1,0,0,0,0,0
659;676;675_0-400m,1855_400-800m,0,0,0,0,1,0,0,0,0,0,0,0
659;676;675_0-400m,187;204_0-400m,2,0.006,4,0.001,14,0.002,10,0.002,14,0.004,2,0.002
659;676;675_0-400m,187;204_400-800m,0,0,1,0,2,0,1,0,6,0.002,1,0.001
659;676;675_0-400m,661;674_0-400m,0,0,5,0.002,25,0.003,10,0.002,10,0.003,2,0.002
659;676;675_0-400m,661;674_400-800m,0,0,5,0.002,9,0.001,5,0.001,7,0.002,0,0
659;676;675_0-400m,184;207_0-400m,0,0,1,0,19,0.002,10,0.002,8,0.002,1,0.001
659;676;675_0-400m,184;207_400-800m,1,0.003,1,0,15,0.002,13,0.003,7,0.002,1,0.001
659;676;675_0-400m,657;678_0-400m,0,0,15,0.006,48,0.006,25,0.005,22,0.006,4,0.005
659;676;675_0-400m,657;678_400-800m,1,0.003,4,0.001,2,0,2,0,2,0.001,0,0
659;676;675_0-400m,656;679_0-400m,1,0.003,12,0.004,59,0.007,34,0.007,20,0.005,2,0.002
659;676;675_0-400m,656;679_400-800m,0,0,2,0.001,4,0.001,3,0.001,2,0.001,1,0.001
659;676;675_0-400m,1383;1461;1384_0-400m,0,0,6,0.002,15,0.002,8,0.002,7,0.002,2,0.002
659;676;675_0-400m,1383;1461;1384_400-800m,1,0.003,9,0.003,20,0.003,6,0.001,11,0.003,5,0.006
659;676;675_0-400m,665;670_0-400m,0,0,2,0.001,13,0.002,10,0.002,4,0.001,2,0.002
659;676;675_0-400m,665;670_400-800m,0,0,1,0,6,0.001,2,0,8,0.002,2,0.002
659;676;675_0-400m,659;676;675_0-400m,2,0.006,27,0.01,55,0.007,23,0.005,25,0.006,5,0.006
659;676;675_0-400m,659;676;675_400-800m,0,0,6,0.002,13,0.002,8,0.002,7,0.002,1,0.001
659;676;675_0-400m,664;671_0-400m,0,0,1,0,14,0.002,6,0.001,17,0.004,2,0.002
659;676;675_0-400m,664;671_400-800m,0,0,1,0,8,0.001,7,0.002,7,0.002,4,0.005
659;676;675_0-400m,185;206_0-400m,3,0.009,4,0.001,13,0.002,13,0.003,8,0.002,1,0.001
659;676;675_0-400m,185;206_400-800m,0,0,3,0.001,9,0.001,12,0.003,2,0.001,1,0.001
659;676;675_0-400m,662;673_0-400m,0,0,2,0.001,36,0.005,10,0.002,20,0.005,4,0.005
659;676;675_0-400m,662;673_400-800m,0,0,0,0,8,0.001,5,0.001,6,0.002,0,0
659;676;675_0-400m,1385;1459_0-400m,2,0.006,13,0.005,25,0.003,8,0.002,7,0.002,5,0.006
659;676;675_0-400m,1385;1459_400-800m,0,0,0,0,6,0.001,1,0,3,0.001,1,0.001
659;676;675_0-400m,658;677_0-400m,2,0.006,6,0.002,34,0.004,9,0.002,6,0.002,1,0.001
659;676;675_0-400m,658;677_400-800m,0,0,0,0,0,0,1,0,1,0,0,0
659;676;675_0-400m,663;672_0-400m,1,0.003,6,0.002,19,0.002,12,0.003,9,0.002,3,0.004
659;676;675_0-400m,663;672_400-800m,0,0,3,0.001,17,0.002,5,0.001,4,0.001,0,0
659;676;675_0-400m,183;209_0-400m,0,0,12,0.004,28,0.004,8,0.002,14,0.004,2,0.002
659;676;675_0-400m,183;209_400-800m,0,0,4,0.001,23,0.003,17,0.004,11,0.003,1,0.001
659;676;675_0-400m,186;205_0-400m,0,0,5,0.002,12,0.002,6,0.001,4,0.001,1,0.001
659;676;675_0-400m,186;205_400-800m,0,0,2,0.001,1,0,1,0,0,0,0,0
659;676;675_0-400m,188;203_0-400m,0,0,7,0.003,31,0.004,23,0.005,20,0.005,2,0.002
659;676;675_0-400m,188;203_400-800m,0,0,5,0.002,12,0.002,2,0,8,0.002,2,0.002
659;676;675_0-400m,388;823_0-400m,2,0.006,29,0.011,238,0.03,138,0.03,95,0.024,10,0.012
659;676;675_0-400m,388;823_400-800m,2,0.006,14,0.005,32,0.004,19,0.004,16,0.004,3,0.004
659;676;675_0-400m,1386;95_0-400m,1,0.003,15,0.006,22,0.003,13,0.003,8,0.002,2,0.002
659;676;675_0-400m,1386;95_400-800m,0,0,2,0.001,6,0.001,1,0,3,0.001,3,0.004
659;676;675_0-400m,Orange_0-400m,2,0.006,17,0.006,67,0.009,40,0.009,39,0.01,3,0.004
659;676;675_0-400m,Blue_0-400m,1,0.003,3,0.001,15,0.002,9,0.002,2,0.001,1,0.001
659;676;675_0-400m,Green_0-400m,1,0.003,23,0.008,92,0.012,42,0.009,35,0.009,12,0.015
659;676;675_0-400m,Orange_400-800m,0,0,4,0.001,27,0.003,13,0.003,9,0.002,3,0.004
659;676;675_0-400m,Blue_400-800m,0,0,5,0.002,8,0.001,11,0.002,9,0.002,2,0.002
659;676;675_0-400m,Green_400-800m,0,0,19,0.007,46,0.006,28,0.006,21,0.005,2,0.002
659;676;675_0-400m,External,145,0.442,1096,0.403,3033,0.385,1872,0.412,1419,0.362,246,0.306
659;676;675_400-800m,415;448_0-400m,0,0,0,0,2,0,1,0,0,0,0,0
659;676;675_400-800m,415;448_400-800m,0,0,0,0,0,0,0,0,0,0,0,0
659;676;675_400-800m,408;455_0-400m,0,0,0,0,1,0,0,0,1,0,0,0
659;676;675_400-800m,408;455_400-800m,0,0,1,0,2,0,1,0,3,0.001,0,0
659;676;675_400-800m,412;451_0-400m,0,0,0,0,3,0,1,0,0,0,0,0
659;676;675_400-800m,412;451_400-800m,0,0,6,0.002,4,0.001,1,0,0,0,0,0
659;676;675_400-800m,416;447_0-400m,0,0,0,0,0,0,0,0,0,0,0,0
659;676;675_400-800m,416;447_400-800m,0,0,2,0.001,2,0,1,0,0,0,0,0
659;676;675_400-800m,410;452_0-400m,0,0,1,0,1,0,1,0,0,0,0,0
659;676;675_400-800m,410;452_400-800m,0,0,1,0,3,0,0,0,3,0.001,0,0
659;676;675_400-800m,414;449_0-400m,0,0,1,0,2,0,0,0,1,0,0,0
659;676;675_400-800m,414;449_400-800m,0,0,0,0,2,0,2,0,0,0,0,0
659;676;675_400-800m,407;456_0-400m,0,0,2,0.001,0,0,1,0,0,0,1,0.001
659;676;675_400-800m,407;456_400-800m,0,0,2,0.001,0,0,0,0,1,0,1,0.001
659;676;675_400-800m,413;450_0-400m,0,0,1,0,1,0,0,0,0,0,0,0
659;676;675_400-800m,413;450_400-800m,0,0,0,0,1,0,2,0,2,0.001,0,0
659;676;675_400-800m,419;444;420_0-400m,0,0,3,0.001,4,0.001,1,0,0,0,0,0
659;676;675_400-800m,419;444;420_400-800m,0,0,0,0,0,0,0,0,2,0.001,0,0
659;676;675_400-800m,417;445_0-400m,0,0,0,0,4,0.001,0,0,0,0,1,0.001
659;676;675_400-800m,417;445_400-800m,0,0,2,0.001,0,0,0,0,0,0,0,0
659;676;675_400-800m,405;457_0-400m,0,0,6,0.002,5,0.001,1,0,4,0.001,0,0
659;676;675_400-800m,405;457_400-800m,0,0,0,0,0,0,0,0,0,0,0,0
659;676;675_400-800m,404;459_0-400m,0,0,3,0.001,2,0,1,0,2,0.001,0,0
659;676;675_400-800m,404;459_400-800m,0,0,0,0,4,0.001,1,0,1,0,1,0.001
659;676;675_400-800m,421;442_0-400m,0,0,4,0.001,14,0.002,1,0,3,0.001,0,0
659;676;675_400-800m,421;442_400-800m,0,0,3,0.001,5,0.001,2,0,2,0.001,0,0
659;676;675_400-800m,196;24;1508_0-400m,0,0,1,0,5,0.001,4,0.001,3,0.001,1,0.001
659;676;675_400-800m,196;24;1508_400-800m,0,0,2,0.001,2,0,0,0,1,0,1,0.001
659;676;675_400-800m,409;453_0-400m,0,0,0,0,0,0,0,0,2,0.001,2,0.002
659;676;675_400-800m,409;453_400-800m,0,0,0,0,1,0,3,0.001,1,0,0,0
659;676;675_400-800m,1503_0-400m,0,0,5,0.002,11,0.001,1,0,4,0.001,1,0.001
659;676;675_400-800m,1503_400-800m,0,0,1,0,0,0,0,0,0,0,0,0
659;676;675_400-800m,1125;1163;1162_0-400m,0,0,1,0,1,0,0,0,0,0,0,0
659;676;675_400-800m,1125;1163;1162_400-800m,0,0,0,0,1,0,0,0,0,0,0,0
659;676;675_400-800m,1134;1153_0-400m,0,0,0,0,0,0,0,0,0,0,0,0
659;676;675_400-800m,1134;1153_400-800m,0,0,1,0,1,0,0,0,0,0,0,0
659;676;675_400-800m,21;28;1612_0-400m,1,0.003,6,0.002,3,0,8,0.002,12,0.003,2,0.002
659;676;675_400-800m,21;28;1612_400-800m,1,0.003,7,0.003,5,0.001,2,0,1,0,2,0.002
659;676;675_400-800m,1131;1158_0-400m,0,0,1,0,0,0,0,0,0,0,0,0
659;676;675_400-800m,1131;1158_400-800m,0,0,0,0,1,0,0,0,0,0,0,0
659;676;675_400-800m,1135;1152_0-400m,0,0,0,0,1,0,2,0,0,0,0,0
659;676;675_400-800m,1135;1152_400-800m,0,0,0,0,0,0,1,0,0,0,0,0
659;676;675_400-800m,584;604_0-400m,0,0,0,0,2,0,0,0,0,0,0,0
659;676;675_400-800m,584;604_400-800m,0,0,0,0,1,0,0,0,0,0,0,0
659;676;675_400-800m,1139;1149_0-400m,0,0,1,0,1,0,3,0.001,1,0,0,0
659;676;675_400-800m,1139;1149_400-800m,0,0,0,0,0,0,0,0,0,0,0,0
659;676;675_400-800m,1138;1150;1137_0-400m,0,0,0,0,0,0,0,0,2,0.001,0,0
659;676;675_400-800m,1138;1150;1137_400-800m,0,0,0,0,0,0,0,0,0,0,0,0
659;676;675_400-800m,1124;1164_0-400m,0,0,0,0,0,0,0,0,0,0,0,0
659;676;675_400-800m,1124;1164_400-800m,0,0,0,0,7,0.001,2,0,0,0,0,0
659;676;675_400-800m,343;349_0-400m,0,0,1,0,1,0,1,0,1,0,0,0
659;676;675_400-800m,343;349_400-800m,0,0,0,0,0,0,0,0,0,0,0,0
659;676;675_400-800m,1136;1151_0-400m,0,0,0,0,0,0,1,0,0,0,0,0
659;676;675_400-800m,1136;1151_400-800m,0,0,0,0,1,0,0,0,0,0,0,0
659;676;675_400-800m,342;350_0-400m,0,0,0,0,3,0,1,0,0,0,1,0.001
659;676;675_400-800m,342;350_400-800m,0,0,0,0,0,0,0,0,0,0,0,0
659;676;675_400-800m,1141;1147_0-400m,0,0,0,0,0,0,0,0,1,0,0,0
659;676;675_400-800m,1141;1147_400-800m,0,0,0,0,0,0,0,0,0,0,0,0
659;676;675_400-800m,1132;1155;1156_0-400m,0,0,0,0,1,0,0,0,0,0,0,0
659;676;675_400-800m,1132;1155;1156_400-800m,0,0,0,0,0,0,0,0,0,0,0,0
659;676;675_400-800m,1133;1154_0-400m,0,0,0,0,0,0,0,0,0,0,0,0
659;676;675_400-800m,1133;1154_400-800m,0,0,0,0,0,0,0,0,0,0,0,0
659;676;675_400-800m,1130;1159;1160_0-400m,0,0,0,0,0,0,1,0,0,0,0,0
659;676;675_400-800m,1130;1159;1160_400-800m,0,0,0,0,0,0,0,0,0,0,0,0
659;676;675_400-800m,345;347_0-400m,0,0,0,0,2,0,2,0,4,0.001,2,0.002
659;676;675_400-800m,345;347_400-800m,0,0,2,0.001,9,0.001,2,0,2,0.001,0,0
659;676;675_400-800m,344;348_0-400m,0,0,2,0.001,0,0,2,0,0,0,0,0
659;676;675_400-800m,344;348_400-800m,0,0,2,0.001,1,0,0,0,0,0,0,0
659;676;675_400-800m,1140;1148_0-400m,0,0,0,0,0,0,0,0,1,0,0,0
659;676;675_400-800m,1140;1148_400-800m,0,0,1,0,0,0,0,0,0,0,0,0
659;676;675_400-800m,1127;1161_0-400m,0,0,1,0,3,0,0,0,1,0,0,0
659;676;675_400-800m,1127;1161_400-800m,0,0,0,0,0,0,0,0,0,0,0,0
659;676;675_400-800m,1855_0-400m,0,0,0,0,0,0,0,0,0,0,0,0
659;676;675_400-800m,1855_400-800m,0,0,0,0,0,0,0,0,0,0,0,0
659;676;675_400-800m,187;204_0-400m,0,0,3,0.001,8,0.001,6,0.001,3,0.001,0,0
659;676;675_400-800m,187;204_400-800m,0,0,0,0,2,0,2,0,3,0.001,0,0
659;676;675_400-800m,661;674_0-400m,0,0,2,0.001,14,0.002,2,0,2,0.001,0,0
659;676;675_400-800m,661;674_400-800m,0,0,2,0.001,12,0.002,4,0.001,6,0.002,0,0
659;676;675_400-800m,184;207_0-400m,0,0,1,0,2,0,5,0.001,3,0.001,0,0
659;676;675_400-800m,184;207_400-800m,1,0.003,3,0.001,1,0,2,0,1,0,0,0
659;676;675_400-800m,657;678_0-400m,0,0,3,0.001,12,0.002,8,0.002,4,0.001,2,0.002
659;676;675_400-800m,657;678_400-800m,0,0,2,0.001,1,0,3,0.001,0,0,0,0
659;676;675_400-800m,656;679_0-400m,0,0,1,0,9,0.001,5,0.001,4,0.001,1,0.001
659;676;675_400-800m,656;679_400-800m,0,0,0,0,3,0,4,0.001,1,0,1,0.001
659;676;675_400-800m,1383;1461;1384_0-400m,1,0.003,2,0.001,6,0.001,2,0,2,0.001,0,0
659;676;675_400-800m,1383;1461;1384_400-800m,0,0,4,0.001,3,0,3,0.001,0,0,1,0.001
659;676;675_400-800m,665;670_0-400m,0,0,1,0,5,0.001,2,0,1,0,1,0.001
659;676;675_400-800m,665;670_400-800m,0,0,0,0,2,0,1,0,1,0,1,0.001
659;676;675_400-800m,659;676;675_0-400m,1,0.003,6,0.002,23,0.003,12,0.003,6,0.002,0,0
659;676;675_400-800m,659;676;675_400-800m,0,0,15,0.006,36,0.005,22,0.005,13,0.003,2,0.002
659;676;675_400-800m,664;671_0-400m,1,0.003,1,0,5,0.001,4,0.001,2,0.001,0,0
659;676;675_400-800m,664;671_400-800m,0,0,2,0.001,3,0,1,0,3,0.001,0,0
659;676;675_400-800m,185;206_0-400m,0,0,3,0.001,9,0.001,5,0.001,3,0.001,1,0.001
659;676;675_400-800m,185;206_400-800m,0,0,2,0.001,2,0,4,0.001,2,0.001,0,0
659;676;675_400-800m,662;673_0-400m,0,0,3,0.001,9,0.001,8,0.002,3,0.001,2,0.002
659;676;675_400-800m,662;673_400-800m,1,0.003,1,0,6,0.001,1,0,3,0.001,0,0
659;676;675_400-800m,1385;1459_0-400m,0,0,13,0.005,8,0.001,5,0.001,6,0.002,1,0.001
659;676;675_400-800m,1385;1459_400-800m,0,0,0,0,1,0,0,0,1,0,0,0
659;676;675_400-800m,658;677_0-400m,0,0,6,0.002,10,0.001,10,0.002,3,0.001,0,0
659;676;675_400-800m,658;677_400-800m,0,0,2,0.001,1,0,3,0.001,0,0,0,0
659;676;675_400-800m,663;672_0-400m,0,0,2,0.001,4,0.001,3,0.001,2,0.001,1,0.001
659;676;675_400-800m,663;672_400-800m,0,0,1,0,2,0,0,0,0,0,0,0
659;676;675_400-800m,183;209_0-400m,0,0,3,0.001,15,0.002,5,0.001,3,0.001,1,0.001
659;676;675_400-800m,183;209_400-800m,0,0,7,0.003,11,0.001,10,0.002,8,0.002,0,0
659;676;675_400-800m,186;205_0-400m,0,0,3,0.001,3,0,2,0,1,0,1,0.001
659;676;675_400-800m,186;205_400-800m,0,0,0,0,0,0,0,0,0,0,0,0
659;676;675_400-800m,188;203_0-400m,0,0,3,0.001,12,0.002,4,0.001,4,0.001,0,0
659;676;675_400-800m,188;203_400-800m,0,0,1,0,5,0.001,2,0,2,0.001,1,0.001
659;676;675_400-800m,388;823_0-400m,1,0.003,6,0.002,41,0.005,26,0.006,19,0.005,0,0
659;676;675_400-800m,388;823_400-800m,0,0,4,0.001,12,0.002,5,0.001,1,0,1,0.001
659;676;675_400-800m,1386;95_0-400m,0,0,8,0.003,8,0.001,2,0,3,0.001,0,0
659;676;675_400-800m,1386;95_400-800m,0,0,2,0.001,5,0.001,0,0,1,0,0,0
659;676;675_400-800m,Orange_0-400m,2,0.006,12,0.004,20,0.003,8,0.002,7,0.002,1,0.001
659;676;675_400-800m,Blue_0-400m,0,0,2,0.001,8,0.001,3,0.001,0,0,0,0
659;676;675_400-800m,Green_0-400m,1,0.003,12,0.004,38,0.005,22,0.005,18,0.005,6,0.007
659;676;675_400-800m,Orange_400-800m,0,0,3,0.001,7,0.001,8,0.002,5,0.001,0,0
659;676;675_400-800m,Blue_400-800m,0,0,0,0,5,0.001,4,0.001,1,0,0,0
659;676;675_400-800m,Green_400-800m,0,0,12,0.004,37,0.005,24,0.005,17,0.004,4,0.005
659;676;675_400-800m,External,51,0.155,399,0.147,904,0.115,475,0.104,310,0.079,45,0.056
664;671_0-400m,415;448_0-400m,0,0,6,0.002,13,0.002,3,0.001,7,0.002,1,0.001
664;671_0-400m,415;448_400-800m,1,0.003,3,0.001,2,0,4,0.001,2,0.001,2,0.002
664;671_0-400m,408;455_0-400m,1,0.003,1,0,11,0.001,0,0,3,0.001,2,0.002
664;671_0-400m,408;455_400-800m,0,0,0,0,3,0,2,0,0,0,0,0
664;671_0-400m,412;451_0-400m,1,0.003,2,0.001,5,0.001,0,0,2,0.001,0,0
664;671_0-400m,412;451_400-800m,0,0,1,0,12,0.002,4,0.001,9,0.002,1,0.001
664;671_0-400m,416;447_0-400m,0,0,2,0.001,4,0.001,8,0.002,3,0.001,4,0.005
664;671_0-400m,416;447_400-800m,0,0,7,0.003,18,0.002,7,0.002,11,0.003,2,0.002
664;671_0-400m,410;452_0-400m,0,0,0,0,7,0.001,2,0,1,0,0,0
664;671_0-400m,410;452_400-800m,0,0,1,0,7,0.001,9,0.002,7,0.002,0,0
664;671_0-400m,414;449_0-400m,0,0,1,0,5,0.001,4,0.001,5,0.001,2,0.002
664;671_0-400m,414;449_400-800m,0,0,1,0,2,0,6,0.001,7,0.002,1,0.001
664;671_0-400m,407;456_0-400m,0,0,1,0,0,0,3,0.001,0,0,0,0
664;671_0-400m,407;456_400-800m,0,0,1,0,7,0.001,3,0.001,4,0.001,2,0.002
664;671_0-400m,413;450_0-400m,0,0,0,0,4,0.001,3,0.001,3,0.001,1,0.001
664;671_0-400m,413;450_400-800m,1,0.003,2,0.001,17,0.002,15,0.003,6,0.002,4,0.005
664;671_0-400m,419;444;420_0-400m,1,0.003,10,0.004,28,0.004,19,0.004,11,0.003,5,0.006
664;671_0-400m,419;444;420_400-800m,0,0,4,0.001,9,0.001,9,0.002,5,0.001,1,0.001
664;671_0-400m,417;445_0-400m,1,0.003,7,0.003,12,0.002,11,0.002,3,0.001,3,0.004
664;671_0-400m,417;445_400-800m,0,0,5,0.002,12,0.002,13,0.003,4,0.001,2,0.002
664;671_0-400m,405;457_0-400m,0,0,1,0,6,0.001,7,0.002,7,0.002,1,0.001
664;671_0-400m,405;457_400-800m,0,0,0,0,1,0,0,0,0,0,0,0
664;671_0-400m,404;459_0-400m,0,0,3,0.001,17,0.002,9,0.002,4,0.001,1,0.001
664;671_0-400m,404;459_400-800m,1,0.003,4,0.001,11,0.001,8,0.002,3,0.001,3,0.004
664;671_0-400m,421;442_0-400m,0,0,12,0.004,53,0.007,32,0.007,32,0.008,8,0.01
664;671_0-400m,421;442_400-800m,0,0,5,0.002,23,0.003,15,0.003,12,0.003,3,0.004
664;671_0-400m,196;24;1508_0-400m,0,0,12,0.004,79,0.01,29,0.006,25,0.006,5,0.006
664;671_0-400m,196;24;1508_400-800m,0,0,4,0.001,24,0.003,14,0.003,12,0.003,2,0.002
664;671_0-400m,409;453_0-400m,2,0.006,1,0,8,0.001,5,0.001,2,0.001,1,0.001
664;671_0-400m,409;453_400-800m,0,0,2,0.001,4,0.001,5,0.001,4,0.001,3,0.004
664;671_0-400m,1503_0-400m,1,0.003,10,0.004,39,0.005,31,0.007,23,0.006,9,0.011
664;671_0-400m,1503_400-800m,0,0,1,0,6,0.001,5,0.001,1,0,1,0.001
664;671_0-400m,1125;1163;1162_0-400m,0,0,0,0,2,0,0,0,1,0,0,0
664;671_0-400m,1125;1163;1162_400-800m,0,0,1,0,2,0,0,0,0,0,0,0
664;671_0-400m,1134;1153_0-400m,0,0,0,0,0,0,0,0,0,0,0,0
664;671_0-400m,1134;1153_400-800m,0,0,0,0,2,0,4,0.001,2,0.001,2,0.002
664;671_0-400m,21;28;1612_0-400m,1,0.003,15,0.006,43,0.005,31,0.007,27,0.007,6,0.007
664;671_0-400m,21;28;1612_400-800m,1,0.003,2,0.001,30,0.004,16,0.004,11,0.003,6,0.007
664;671_0-400m,1131;1158_0-400m,1,0.003,0,0,3,0,3,0.001,1,0,0,0
664;671_0-400m,1131;1158_400-800m,0,0,0,0,2,0,1,0,3,0.001,1,0.001
664;671_0-400m,1135;1152_0-400m,0,0,0,0,4,0.001,5,0.001,4,0.001,1,0.001
664;671_0-400m,1135;1152_400-800m,0,0,0,0,1,0,0,0,0,0,0,0
664;671_0-400m,584;604_0-400m,0,0,0,0,5,0.001,1,0,3,0.001,0,0
664;671_0-400m,584;604_400-800m,0,0,0,0,3,0,0,0,3,0.001,0,0
664;671_0-400m,1139;1149_0-400m,1,0.003,2,0.001,1,0,1,0,4,0.001,1,0.001
664;671_0-400m,1139;1149_400-800m,0,0,0,0,0,0,1,0,2,0.001,0,0
664;671_0-400m,1138;1150;1137_0-400m,0,0,2,0.001,5,0.001,5,0.001,2,0.001,0,0
664;671_0-400m,1138;1150;1137_400-800m,0,0,0,0,0,0,0,0,0,0,0,0
664;671_0-400m,1124;1164_0-400m,0,0,1,0,2,0,2,0,4,0.001,0,0
664;671_0-400m,1124;1164_400-800m,0,0,2,0.001,16,0.002,1,0,2,0.001,1,0.001
664;671_0-400m,343;349_0-400m,2,0.006,1,0,8,0.001,2,0,5,0.001,1,0.001
664;671_0-400m,343;349_400-800m,0,0,1,0,3,0,4,0.001,1,0,1,0.001
664;671_0-400m,1136;1151_0-400m,0,0,2,0.001,1,0,5,0.001,4,0.001,0,0
664;671_0-400m,1136;1151_400-800m,0,0,0,0,1,0,2,0,1,0,0,0
664;671_0-400m,342;350_0-400m,1,0.003,0,0,10,0.001,6,0.001,10,0.003,3,0.004
664;671_0-400m,342;350_400-800m,0,0,0,0,3,0,2,0,0,0,1,0.001
664;671_0-400m,1141;1147_0-400m,1,0.003,3,0.001,3,0,0,0,4,0.001,0,0
664;671_0-400m,1141;1147_400-800m,0,0,0,0,0,0,1,0,0,0,0,0
664;671_0-400m,1132;1155;1156_0-400m,0,0,0,0,4,0.001,0,0,4,0.001,0,0
664;671_0-400m,1132;1155;1156_400-800m,0,0,0,0,0,0,3,0.001,1,0,0,0
664;671_0-400m,1133;1154_0-400m,0,0,2,0.001,1,0,1,0,4,0.001,2,0.002
664;671_0-400m,1133;1154_400-800m,0,0,2,0.001,0,0,0,0,3,0.001,0,0
664;671_0-400m,1130;1159;1160_0-400m,1,0.003,0,0,16,0.002,5,0.001,5,0.001,0,0
664;671_0-400m,1130;1159;1160_400-800m,0,0,0,0,0,0,0,0,0,0,0,0
664;671_0-400m,345;347_0-400m,1,0.003,6,0.002,20,0.003,15,0.003,25,0.006,7,0.009
664;671_0-400m,345;347_400-800m,2,0.006,3,0.001,35,0.004,11,0.002,19,0.005,9,0.011
664;671_0-400m,344;348_0-400m,0,0,2,0.001,8,0.001,1,0,5,0.001,1,0.001
664;671_0-400m,344;348_400-800m,0,0,3,0.001,8,0.001,4,0.001,16,0.004,2,0.002
664;671_0-400m,1140;1148_0-400m,0,0,1,0,2,0,6,0.001,3,0.001,0,0
664;671_0-400m,1140;1148_400-800m,0,0,0,0,4,0.001,4,0.001,2,0.001,0,0
664;671_0-400m,1127;1161_0-400m,0,0,2,0.001,3,0,0,0,4,0.001,0,0
664;671_0-400m,1127;1161_400-800m,0,0,0,0,0,0,0,0,0,0,0,0
664;671_0-400m,1855_0-400m,0,0,0,0,0,0,0,0,0,0,0,0
664;671_0-400m,1855_400-800m,0,0,0,0,0,0,0,0,1,0,0,0
664;671_0-400m,187;204_0-400m,0,0,9,0.003,15,0.002,7,0.002,7,0.002,3,0.004
664;671_0-400m,187;204_400-800m,0,0,2,0.001,7,0.001,5,0.001,3,0.001,2,0.002
664;671_0-400m,661;674_0-400m,0,0,8,0.003,11,0.001,9,0.002,3,0.001,6,0.007
664;671_0-400m,661;674_400-800m,0,0,0,0,5,0.001,3,0.001,2,0.001,0,0
664;671_0-400m,184;207_0-400m,0,0,7,0.003,15,0.002,14,0.003,14,0.004,6,0.007
664;671_0-400m,184;207_400-800m,1,0.003,3,0.001,7,0.001,11,0.002,7,0.002,3,0.004
664;671_0-400m,657;678_0-400m,0,0,3,0.001,18,0.002,11,0.002,11,0.003,4,0.005
664;671_0-400m,657;678_400-800m,0,0,1,0,3,0,1,0,1,0,0,0
664;671_0-400m,656;679_0-400m,3,0.009,3,0.001,18,0.002,9,0.002,3,0.001,2,0.002
664;671_0-400m,656;679_400-800m,0,0,1,0,1,0,0,0,0,0,0,0
664;671_0-400m,1383;1461;1384_0-400m,0,0,9,0.003,43,0.005,28,0.006,30,0.008,5,0.006
664;671_0-400m,1383;1461;1384_400-800m,1,0.003,2,0.001,22,0.003,15,0.003,14,0.004,0,0
664;671_0-400m,665;670_0-400m,0,0,7,0.003,34,0.004,11,0.002,17,0.004,10,0.012
664;671_0-400m,665;670_400-800m,0,0,2,0.001,17,0.002,15,0.003,6,0.002,1,0.001
664;671_0-400m,659;676;675_0-400m,0,0,3,0.001,20,0.003,9,0.002,12,0.003,0,0
664;671_0-400m,659;676;675_400-800m,1,0.003,2,0.001,9,0.001,3,0.001,4,0.001,0,0
664;671_0-400m,664;671_0-400m,4,0.012,20,0.007,82,0.01,42,0.009,38,0.01,11,0.014
664;671_0-400m,664;671_400-800m,1,0.003,10,0.004,65,0.008,40,0.009,39,0.01,4,0.005
664;671_0-400m,185;206_0-400m,2,0.006,9,0.003,15,0.002,14,0.003,10,0.003,1,0.001
664;671_0-400m,185;206_400-800m,1,0.003,1,0,8,0.001,5,0.001,1,0,0,0
664;671_0-400m,662;673_0-400m,1,0.003,21,0.008,74,0.009,45,0.01,37,0.009,11,0.014
664;671_0-400m,662;673_400-800m,0,0,16,0.006,59,0.007,28,0.006,24,0.006,2,0.002
664;671_0-400m,1385;1459_0-400m,2,0.006,13,0.005,64,0.008,25,0.005,25,0.006,11,0.014
664;671_0-400m,1385;1459_400-800m,0,0,1,0,9,0.001,4,0.001,7,0.002,1,0.001
664;671_0-400m,658;677_0-400m,2,0.006,6,0.002,13,0.002,11,0.002,10,0.003,0,0
664;671_0-400m,658;677_400-800m,0,0,0,0,1,0,0,0,1,0,0,0
664;671_0-400m,663;672_0-400m,1,0.003,20,0.007,64,0.008,27,0.006,28,0.007,5,0.006
664;671_0-400m,663;672_400-800m,0,0,6,0.002,22,0.003,19,0.004,12,0.003,2,0.002
664;671_0-400m,183;209_0-400m,0,0,12,0.004,27,0.003,4,0.001,13,0.003,4,0.005
664;671_0-400m,183;209_400-800m,0,0,2,0.001,6,0.001,1,0,3,0.001,0,0
664;671_0-400m,186;205_0-400m,0,0,3,0.001,19,0.002,9,0.002,7,0.002,2,0.002
664;671_0-400m,186;205_400-800m,0,0,0,0,2,0,2,0,0,0,0,0
664;671_0-400m,188;203_0-400m,2,0.006,9,0.003,43,0.005,14,0.003,12,0.003,6,0.007
664;671_0-400m,188;203_400-800m,2,0.006,27,0.01,41,0.005,28,0.006,24,0.006,2,0.002
664;671_0-400m,388;823_0-400m,6,0.018,16,0.006,96,0.012,52,0.011,59,0.015,6,0.007
664;671_0-400m,388;823_400-800m,2,0.006,10,0.004,13,0.002,8,0.002,7,0.002,0,0
664;671_0-400m,1386;95_0-400m,0,0,18,0.007,57,0.007,23,0.005,19,0.005,3,0.004
664;671_0-400m,1386;95_400-800m,0,0,5,0.002,17,0.002,8,0.002,4,0.001,3,0.004
664;671_0-400m,Orange_0-400m,0,0,19,0.007,71,0.009,58,0.013,29,0.007,10,0.012
664;671_0-400m,Blue_0-400m,0,0,4,0.001,22,0.003,19,0.004,12,0.003,2,0.002
664;671_0-400m,Green_0-400m,1,0.003,22,0.008,52,0.007,27,0.006,36,0.009,13,0.016
664;671_0-400m,Orange_400-800m,0,0,3,0.001,44,0.006,18,0.004,7,0.002,5,0.006
664;671_0-400m,Blue_400-800m,0,0,2,0.001,15,0.002,21,0.005,16,0.004,6,0.007
664;671_0-400m,Green_400-800m,1,0.003,9,0.003,31,0.004,16,0.004,24,0.006,6,0.007
664;671_0-400m,External,138,0.42,1056,0.388,3395,0.431,2190,0.481,1825,0.466,443,0.551
664;671_400-800m,415;448_0-400m,1,0.003,1,0,5,0.001,4,0.001,5,0.001,0,0
664;671_400-800m,415;448_400-800m,0,0,0,0,4,0.001,1,0,0,0,2,0.002
664;671_400-800m,408;455_0-400m,0,0,0,0,3,0,3,0.001,1,0,0,0
664;671_400-800m,408;455_400-800m,0,0,0,0,1,0,1,0,5,0.001,0,0
664;671_400-800m,412;451_0-400m,0,0,0,0,6,0.001,2,0,2,0.001,0,0
664;671_400-800m,412;451_400-800m,0,0,2,0.001,5,0.001,11,0.002,8,0.002,2,0.002
664;671_400-800m,416;447_0-400m,0,0,0,0,1,0,4,0.001,1,0,3,0.004
664;671_400-800m,416;447_400-800m,0,0,1,0,8,0.001,3,0.001,4,0.001,4,0.005
664;671_400-800m,410;452_0-400m,0,0,1,0,1,0,1,0,2,0.001,1,0.001
664;671_400-800m,410;452_400-800m,0,0,1,0,7,0.001,5,0.001,4,0.001,2,0.002
664;671_400-800m,414;449_0-400m,0,0,1,0,4,0.001,3,0.001,5,0.001,1,0.001
664;671_400-800m,414;449_400-800m,0,0,1,0,6,0.001,7,0.002,7,0.002,1,0.001
664;671_400-800m,407;456_0-400m,0,0,0,0,1,0,2,0,4,0.001,0,0
664;671_400-800m,407;456_400-800m,0,0,1,0,5,0.001,1,0,7,0.002,2,0.002
664;671_400-800m,413;450_0-400m,1,0.003,0,0,2,0,1,0,2,0.001,1,0.001
664;671_400-800m,413;450_400-800m,0,0,0,0,12,0.002,6,0.001,10,0.003,6,0.007
664;671_400-800m,419;444;420_0-400m,0,0,5,0.002,6,0.001,6,0.001,11,0.003,2,0.002
664;671_400-800m,419;444;420_400-800m,0,0,2,0.001,8,0.001,5,0.001,8,0.002,1,0.001
664;671_400-800m,417;445_0-400m,0,0,0,0,6,0.001,1,0,2,0.001,0,0
664;671_400-800m,417;445_400-800m,0,0,1,0,6,0.001,3,0.001,2,0.001,0,0
664;671_400-800m,405;457_0-400m,0,0,2,0.001,7,0.001,5,0.001,5,0.001,2,0.002
664;671_400-800m,405;457_400-800m,0,0,0,0,0,0,0,0,0,0,0,0
664;671_400-800m,404;459_0-400m,0,0,10,0.004,15,0.002,9,0.002,3,0.001,1,0.001
664;671_400-800m,404;459_400-800m,0,0,5,0.002,8,0.001,8,0.002,4,0.001,0,0
664;671_400-800m,421;442_0-400m,1,0.003,3,0.001,24,0.003,16,0.004,28,0.007,4,0.005
664;671_400-800m,421;442_400-800m,0,0,0,0,10,0.001,7,0.002,8,0.002,2,0.002
664;671_400-800m,196;24;1508_0-400m,0,0,8,0.003,40,0.005,16,0.004,35,0.009,4,0.005
664;671_400-800m,196;24;1508_400-800m,0,0,3,0.001,27,0.003,21,0.005,17,0.004,6,0.007
664;671_400-800m,409;453_0-400m,0,0,1,0,4,0.001,3,0.001,4,0.001,0,0
664;671_400-800m,409;453_400-800m,0,0,4,0.001,7,0.001,4,0.001,10,0.003,0,0
664;671_400-800m,1503_0-400m,1,0.003,5,0.002,27,0.003,18,0.004,30,0.008,5,0.006
664;671_400-800m,1503_400-800m,0,0,0,0,5,0.001,3,0.001,4,0.001,0,0
664;671_400-800m,1125;1163;1162_0-400m,0,0,1,0,1,0,0,0,0,0,0,0
664;671_400-800m,1125;1163;1162_400-800m,0,0,0,0,0,0,0,0,0,0,0,0
664;671_400-800m,1134;1153_0-400m,0,0,0,0,0,0,0,0,0,0,0,0
664;671_400-800m,1134;1153_400-800m,0,0,0,0,1,0,2,0,4,0.001,2,0.002
664;671_400-800m,21;28;1612_0-400m,0,0,5,0.002,27,0.003,18,0.004,20,0.005,3,0.004
664;671_400-800m,21;28;1612_400-800m,0,0,3,0.001,20,0.003,12,0.003,15,0.004,4,0.005
664;671_400-800m,1131;1158_0-400m,0,0,0,0,2,0,0,0,2,0.001,0,0
664;671_400-800m,1131;1158_400-800m,0,0,0,0,1,0,1,0,4,0.001,0,0
664;671_400-800m,1135;1152_0-400m,0,0,0,0,2,0,1,0,2,0.001,5,0.006
664;671_400-800m,1135;1152_400-800m,0,0,0,0,0,0,0,0,1,0,0,0
664;671_400-800m,584;604_0-400m,0,0,0,0,2,0,1,0,5,0.001,2,0.002
664;671_400-800m,584;604_400-800m,0,0,1,0,1,0,0,0,1,0,0,0
664;671_400-800m,1139;1149_0-400m,0,0,0,0,0,0,2,0,0,0,0,0
664;671_400-800m,1139;1149_400-800m,0,0,0,0,0,0,0,0,0,0,0,0
664;671_400-800m,1138;1150;1137_0-400m,0,0,0,0,2,0,2,0,3,0.001,0,0
664;671_400-800m,1138;1150;1137_400-800m,0,0,0,0,0,0,0,0,0,0,0,0
664;671_400-800m,1124;1164_0-400m,0,0,0,0,2,0,0,0,5,0.001,0,0
664;671_400-800m,1124;1164_400-800m,0,0,2,0.001,9,0.001,4,0.001,1,0,0,0
664;671_400-800m,343;349_0-400m,0,0,1,0,1,0,4,0.001,4,0.001,1,0.001
664;671_400-800m,343;349_400-800m,0,0,0,0,1,0,3,0.001,2,0.001,0,0
664;671_400-800m,1136;1151_0-400m,0,0,0,0,1,0,1,0,2,0.001,1,0.001
664;671_400-800m,1136;1151_400-800m,0,0,0,0,0,0,0,0,4,0.001,0,0
664;671_400-800m,342;350_0-400m,0,0,0,0,3,0,5,0.001,3,0.001,3,0.004
664;671_400-800m,342;350_400-800m,1,0.003,0,0,2,0,2,0,1,0,1,0.001
664;671_400-800m,1141;1147_0-400m,0,0,0,0,2,0,2,0,3,0.001,1,0.001
664;671_400-800m,1141;1147_400-800m,0,0,0,0,0,0,1,0,2,0.001,0,0
664;671_400-800m,1132;1155;1156_0-400m,0,0,0,0,3,0,1,0,4,0.001,0,0
664;671_400-800m,1132;1155;1156_400-800m,0,0,1,0,2,0,2,0,1,0,0,0
664;671_400-800m,1133;1154_0-400m,0,0,1,0,1,0,0,0,1,0,0,0
664;671_400-800m,1133;1154_400-800m,0,0,0,0,0,0,1,0,2,0.001,0,0
664;671_400-800m,1130;1159;1160_0-400m,3,0.009,0,0,3,0,1,0,3,0.001,0,0
664;671_400-800m,1130;1159;1160_400-800m,0,0,0,0,0,0,0,0,0,0,0,0
664;671_400-800m,345;347_0-400m,0,0,0,0,13,0.002,1,0,11,0.003,3,0.004
664;671_400-800m,345;347_400-800m,0,0,3,0.001,11,0.001,13,0.003,13,0.003,6,0.007
664;671_400-800m,344;348_0-400m,0,0,0,0,3,0,5,0.001,4,0.001,4,0.005
664;671_400-800m,344;348_400-800m,0,0,0,0,6,0.001,4,0.001,2,0.001,0,0
664;671_400-800m,1140;1148_0-400m,0,0,0,0,1,0,1,0,1,0,2,0.002
664;671_400-800m,1140;1148_400-800m,0,0,0,0,1,0,1,0,3,0.001,2,0.002
664;671_400-800m,1127;1161_0-400m,0,0,1,0,1,0,2,0,2,0.001,0,0
664;671_400-800m,1127;1161_400-800m,0,0,0,0,0,0,0,0,0,0,0,0
664;671_400-800m,1855_0-400m,0,0,1,0,0,0,0,0,0,0,0,0
664;671_400-800m,1855_400-800m,0,0,0,0,0,0,0,0,2,0.001,0,0
664;671_400-800m,187;204_0-400m,0,0,0,0,6,0.001,2,0,5,0.001,3,0.004
664;671_400-800m,187;204_400-800m,0,0,0,0,2,0,4,0.001,7,0.002,1,0.001
664;671_400-800m,661;674_0-400m,0,0,0,0,3,0,3,0.001,1,0,1,0.001
664;671_400-800m,661;674_400-800m,0,0,0,0,0,0,1,0,4,0.001,0,0
664;671_400-800m,184;207_0-400m,0,0,1,0,6,0.001,3,0.001,4,0.001,1,0.001
664;671_400-800m,184;207_400-800m,0,0,1,0,5,0.001,2,0,2,0.001,0,0
664;671_400-800m,657;678_0-400m,1,0.003,1,0,11,0.001,7,0.002,8,0.002,2,0.002
664;671_400-800m,657;678_400-800m,0,0,0,0,1,0,1,0,0,0,0,0
664;671_400-800m,656;679_0-400m,0,0,1,0,9,0.001,12,0.003,6,0.002,0,0
664;671_400-800m,656;679_400-800m,0,0,0,0,0,0,0,0,0,0,3,0.004
664;671_400-800m,1383;1461;1384_0-400m,0,0,6,0.002,28,0.004,16,0.004,33,0.008,1,0.001
664;671_400-800m,1383;1461;1384_400-800m,0,0,2,0.001,27,0.003,12,0.003,18,0.005,4,0.005
664;671_400-800m,665;670_0-400m,0,0,3,0.001,12,0.002,8,0.002,13,0.003,2,0.002
664;671_400-800m,665;670_400-800m,0,0,4,0.001,22,0.003,17,0.004,20,0.005,6,0.007
664;671_400-800m,659;676;675_0-400m,0,0,1,0,8,0.001,4,0.001,4,0.001,0,0
664;671_400-800m,659;676;675_400-800m,0,0,0,0,1,0,3,0.001,1,0,1,0.001
664;671_400-800m,664;671_0-400m,4,0.012,12,0.004,63,0.008,30,0.007,39,0.01,5,0.006
664;671_400-800m,664;671_400-800m,1,0.003,7,0.003,71,0.009,48,0.011,61,0.016,4,0.005
664;671_400-800m,185;206_0-400m,0,0,3,0.001,3,0,6,0.001,3,0.001,0,0
664;671_400-800m,185;206_400-800m,0,0,1,0,3,0,0,0,2,0.001,1,0.001
664;671_400-800m,662;673_0-400m,1,0.003,8,0.003,51,0.006,21,0.005,47,0.012,7,0.009
664;671_400-800m,662;673_400-800m,3,0.009,5,0.002,21,0.003,22,0.005,17,0.004,6,0.007
664;671_400-800m,1385;1459_0-400m,0,0,4,0.001,35,0.004,14,0.003,31,0.008,8,0.01
664;671_400-800m,1385;1459_400-800m,0,0,0,0,1,0,5,0.001,1,0,1,0.001
664;671_400-800m,658;677_0-400m,0,0,9,0.003,6,0.001,8,0.002,4,0.001,0,0
664;671_400-800m,658;677_400-800m,0,0,1,0,0,0,0,0,0,0,0,0
664;671_400-800m,663;672_0-400m,3,0.009,6,0.002,41,0.005,24,0.005,32,0.008,4,0.005
664;671_400-800m,663;672_400-800m,1,0.003,8,0.003,56,0.007,21,0.005,30,0.008,6,0.007
664;671_400-800m,183;209_0-400m,0,0,3,0.001,6,0.001,3,0.001,5,0.001,1,0.001
664;671_400-800m,183;209_400-800m,1,0.003,0,0,2,0,0,0,2,0.001,0,0
664;671_400-800m,186;205_0-400m,0,0,3,0.001,3,0,4,0.001,4,0.001,0,0
664;671_400-800m,186;205_400-800m,0,0,0,0,0,0,0,0,0,0,0,0
664;671_400-800m,188;203_0-400m,0,0,10,0.004,13,0.002,10,0.002,12,0.003,3,0.004
664;671_400-800m,188;203_400-800m,0,0,10,0.004,19,0.002,14,0.003,12,0.003,7,0.009
664;671_400-800m,388;823_0-400m,1,0.003,2,0.001,67,0.009,41,0.009,29,0.007,1,0.001
664;671_400-800m,388;823_400-800m,0,0,0,0,5,0.001,1,0,4,0.001,0,0
664;671_400-800m,1386;95_0-400m,0,0,5,0.002,32,0.004,9,0.002,20,0.005,2,0.002
664;671_400-800m,1386;95_400-800m,0,0,1,0,11,0.001,5,0.001,4,0.001,2,0.002
664;671_400-800m,Orange_0-400m,2,0.006,10,0.004,49,0.006,23,0.005,36,0.009,10,0.012
664;671_400-800m,Blue_0-400m,2,0.006,1,0,17,0.002,7,0.002,7,0.002,0,0
664;671_400-800m,Green_0-400m,1,0.003,12,0.004,18,0.002,8,0.002,8,0.002,3,0.004
664;671_400-800m,Orange_400-800m,0,0,3,0.001,25,0.003,14,0.003,7,0.002,4,0.005
664;671_400-800m,Blue_400-800m,0,0,0,0,11,0.001,8,0.002,10,0.003,1,0.001
664;671_400-800m,Green_400-800m,0,0,3,0.001,9,0.001,7,0.002,12,0.003,3,0.004
664;671_400-800m,External,86,0.262,651,0.239,2033,0.258,1212,0.266,1565,0.4,260,0.324
185;206_0-400m,415;448_0-400m,0,0,2,0.001,1,0,0,0,2,0.001,3,0.004
185;206_0-400m,415;448_400-800m,0,0,2,0.001,0,0,2,0,0,0,0,0
185;206_0-400m,408;455_0-400m,1,0.003,0,0,2,0,0,0,1,0,0,0
185;206_0-400m,408;455_400-800m,0,0,0,0,1,0,0,0,2,0.001,0,0
185;206_0-400m,412;451_0-400m,0,0,1,0,2,0,2,0,1,0,0,0
185;206_0-400m,412;451_400-800m,0,0,6,0.002,6,0.001,3,0.001,3,0.001,0,0
185;206_0-400m,416;447_0-400m,0,0,7,0.003,4,0.001,3,0.001,1,0,0,0
185;206_0-400m,416;447_400-800m,0,0,0,0,6,0.001,3,0.001,1,0,1,0.001
185;206_0-400m,410;452_0-400m,1,0.003,0,0,3,0,2,0,3,0.001,1,0.001
185;206_0-400m,410;452_400-800m,0,0,2,0.001,2,0,3,0.001,3,0.001,0,0
185;206_0-400m,414;449_0-400m,0,0,2,0.001,0,0,3,0.001,1,0,3,0.004
185;206_0-400m,414;449_400-800m,0,0,0,0,3,0,0,0,0,0,0,0
185;206_0-400m,407;456_0-400m,0,0,1,0,0,0,1,0,1,0,0,0
185;206_0-400m,407;456_400-800m,0,0,0,0,1,0,0,0,3,0.001,2,0.002
185;206_0-400m,413;450_0-400m,0,0,1,0,2,0,1,0,2,0.001,1,0.001
185;206_0-400m,413;450_400-800m,1,0.003,1,0,1,0,2,0,0,0,2,0.002
185;206_0-400m,419;444;420_0-400m,0,0,3,0.001,13,0.002,5,0.001,7,0.002,2,0.002
185;206_0-400m,419;444;420_400-800m,0,0,2,0.001,2,0,2,0,2,0.001,1,0.001
185;206_0-400m,417;445_0-400m,1,0.003,5,0.002,3,0,0,0,1,0,0,0
185;206_0-400m,417;445_400-800m,0,0,2,0.001,6,0.001,1,0,1,0,1,0.001
185;206_0-400m,405;457_0-400m,0,0,0,0,5,0.001,3,0.001,8,0.002,0,0
185;206_0-400m,405;457_400-800m,1,0.003,0,0,0,0,1,0,0,0,0,0
185;206_0-400m,404;459_0-400m,0,0,1,0,2,0,3,0.001,3,0.001,0,0
185;206_0-400m,404;459_400-800m,0,0,0,0,3,0,0,0,2,0.001,2,0.002
185;206_0-400m,421;442_0-400m,2,0.006,11,0.004,18,0.002,6,0.001,7,0.002,1,0.001
185;206_0-400m,421;442_400-800m,0,0,4,0.001,4,0.001,4,0.001,2,0.001,0,0
185;206_0-400m,196;24;1508_0-400m,2,0.006,1,0,18,0.002,11,0.002,4,0.001,3,0.004
185;206_0-400m,196;24;1508_400-800m,0,0,3,0.001,5,0.001,4,0.001,4,0.001,1,0.001
185;206_0-400m,409;453_0-400m,0,0,1,0,1,0,4,0.001,1,0,0,0
185;206_0-400m,409;453_400-800m,2,0.006,0,0,1,0,2,0,0,0,0,0
185;206_0-400m,1503_0-400m,2,0.006,3,0.001,14,0.002,8,0.002,10,0.003,0,0
185;206_0-400m,1503_400-800m,0,0,0,0,1,0,1,0,0,0,0,0
185;206_0-400m,1125;1163;1162_0-400m,0,0,0,0,0,0,0,0,0,0,0,0
185;206_0-400m,1125;1163;1162_400-800m,0,0,0,0,0,0,0,0,0,0,0,0
185;206_0-400m,1134;1153_0-400m,0,0,1,0,1,0,2,0,0,0,0,0
185;206_0-400m,1134;1153_400-800m,0,0,0,0,2,0,0,0,0,0,0,0
185;206_0-400m,21;28;1612_0-400m,0,0,1,0,15,0.002,6,0.001,12,0.003,4,0.005
185;206_0-400m,21;28;1612_400-800m,0,0,0,0,10,0.001,5,0.001,4,0.001,1,0.001
185;206_0-400m,1131;1158_0-400m,0,0,0,0,1,0,1,0,1,0,0,0
185;206_0-400m,1131;1158_400-800m,0,0,0,0,0,0,0,0,0,0,1,0.001
185;206_0-400m,1135;1152_0-400m,0,0,0,0,1,0,2,0,1,0,0,0
185;206_0-400m,1135;1152_400-800m,0,0,0,0,0,0,0,0,0,0,0,0
185;206_0-400m,584;604_0-400m,0,0,0,0,0,0,4,0.001,1,0,0,0
185;206_0-400m,584;604_400-800m,1,0.003,0,0,2,0,3,0.001,2,0.001,0,0
185;206_0-400m,1139;1149_0-400m,0,0,0,0,4,0.001,0,0,0,0,0,0
185;206_0-400m,1139;1149_400-800m,0,0,0,0,0,0,0,0,0,0,0,0
185;206_0-400m,1138;1150;1137_0-400m,0,0,1,0,1,0,2,0,1,0,1,0.001
185;206_0-400m,1138;1150;1137_400-800m,1,0.003,0,0,0,0,0,0,0,0,0,0
185;206_0-400m,1124;1164_0-400m,0,0,0,0,1,0,1,0,0,0,1,0.001
185;206_0-400m,1124;1164_400-800m,1,0.003,0,0,2,0,2,0,3,0.001,0,0
185;206_0-400m,343;349_0-400m,0,0,0,0,3,0,1,0,0,0,2,0.002
185;206_0-400m,343;349_400-800m,0,0,0,0,0,0,1,0,0,0,1,0.001
185;206_0-400m,1136;1151_0-400m,0,0,1,0,1,0,2,0,0,0,0,0
185;206_0-400m,1136;1151_400-800m,1,0.003,0,0,0,0,0,0,1,0,0,0
185;206_0-400m,342;350_0-400m,0,0,0,0,4,0.001,4,0.001,0,0,0,0
185;206_0-400m,342;350_400-800m,0,0,0,0,3,0,0,0,0,0,2,0.002
185;206_0-400m,1141;1147_0-400m,0,0,0,0,2,0,1,0,1,0,1,0.001
185;206_0-400m,1141;1147_400-800m,0,0,0,0,1,0,1,0,0,0,0,0
185;206_0-400m,1132;1155;1156_0-400m,0,0,1,0,1,0,0,0,0,0,0,0
185;206_0-400m,1132;1155;1156_400-800m,0,0,0,0,2,0,0,0,0,0,0,0
185;206_0-400m,1133;1154_0-400m,0,0,1,0,3,0,1,0,0,0,1,0.001
185;206_0-400m,1133;1154_400-800m,0,0,1,0,0,0,0,0,0,0,0,0
185;206_0-400m,1130;1159;1160_0-400m,0,0,1,0,6,0.001,1,0,4,0.001,0,0
185;206_0-400m,1130;1159;1160_400-800m,0,0,0,0,0,0,0,0,0,0,0,0
185;206_0-400m,345;347_0-400m,0,0,3,0.001,3,0,4,0.001,8,0.002,2,0.002
185;206_0-400m,345;347_400-800m,0,0,2,0.001,10,0.001,4,0.001,9,0.002,2,0.002
185;206_0-400m,344;348_0-400m,0,0,1,0,5,0.001,1,0,1,0,1,0.001
185;206_0-400m,344;348_400-800m,1,0.003,1,0,2,0,1,0,1,0,3,0.004
185;206_0-400m,1140;1148_0-400m,0,0,1,0,0,0,1,0,1,0,1,0.001
185;206_0-400m,1140;1148_400-800m,0,0,3,0.001,0,0,2,0,1,0,0,0
185;206_0-400m,1127;1161_0-400m,0,0,0,0,2,0,1,0,1,0,0,0
185;206_0-400m,1127;1161_400-800m,0,0,0,0,0,0,0,0,0,0,0,0
185;206_0-400m,1855_0-400m,0,0,0,0,0,0,0,0,0,0,0,0
185;206_0-400m,1855_400-800m,0,0,0,0,0,0,0,0,0,0,0,0
185;206_0-400m,187;204_0-400m,0,0,3,0.001,14,0.002,11,0.002,3,0.001,1,0.001
185;206_0-400m,187;204_400-800m,0,0,0,0,3,0,3,0.001,6,0.002,2,0.002
185;206_0-400m,661;674_0-400m,0,0,3,0.001,15,0.002,4,0.001,4,0.001,2,0.002
185;206_0-400m,661;674_400-800m,0,0,1,0,10,0.001,0,0,1,0,2,0.002
185;206_0-400m,184;207_0-400m,1,0.003,5,0.002,20,0.003,11,0.002,9,0.002,1,0.001
185;206_0-400m,184;207_400-800m,0,0,1,0,0,0,0,0,1,0,0,0
185;206_0-400m,657;678_0-400m,4,0.012,9,0.003,34,0.004,26,0.006,18,0.005,5,0.006
185;206_0-400m,657;678_400-800m,0,0,2,0.001,0,0,2,0,2,0.001,0,0
185;206_0-400m,656;679_0-400m,2,0.006,5,0.002,22,0.003,10,0.002,10,0.003,3,0.004
185;206_0-400m,656;679_400-800m,0,0,0,0,0,0,0,0,1,0,0,0
185;206_0-400m,1383;1461;1384_0-400m,1,0.003,8,0.003,18,0.002,13,0.003,10,0.003,1,0.001
185;206_0-400m,1383;1461;1384_400-800m,1,0.003,2,0.001,4,0.001,1,0,5,0.001,6,0.007
185;206_0-400m,665;670_0-400m,0,0,5,0.002,18,0.002,3,0.001,1,0,2,0.002
185;206_0-400m,665;670_400-800m,0,0,1,0,1,0,2,0,2,0.001,0,0
185;206_0-400m,659;676;675_0-400m,0,0,7,0.003,34,0.004,17,0.004,5,0.001,1,0.001
185;206_0-400m,659;676;675_400-800m,0,0,6,0.002,3,0,3,0.001,1,0,0,0
185;206_0-400m,664;671_0-400m,1,0.003,7,0.003,12,0.002,10,0.002,9,0.002,5,0.006
185;206_0-400m,664;671_400-800m,0,0,1,0,3,0,4,0.001,2,0.001,0,0
185;206_0-400m,185;206_0-400m,1,0.003,16,0.006,32,0.004,22,0.005,18,0.005,8,0.01
185;206_0-400m,185;206_400-800m,0,0,0,0,0,0,1,0,0,0,0,0
185;206_0-400m,662;673_0-400m,0,0,3,0.001,28,0.004,22,0.005,20,0.005,5,0.006
185;206_0-400m,662;673_400-800m,0,0,5,0.002,18,0.002,12,0.003,6,0.002,0,0
185;206_0-400m,1385;1459_0-400m,4,0.012,17,0.006,28,0.004,9,0.002,15,0.004,1,0.001
185;206_0-400m,1385;1459_400-800m,0,0,2,0.001,1,0,1,0,3,0.001,0,0
185;206_0-400m,658;677_0-400m,1,0.003,16,0.006,17,0.002,21,0.005,12,0.003,2,0.002
185;206_0-400m,658;677_400-800m,0,0,0,0,0,0,0,0,1,0,0,0
185;206_0-400m,663;672_0-400m,0,0,8,0.003,13,0.002,13,0.003,7,0.002,1,0.001
185;206_0-400m,663;672_400-800m,0,0,1,0,4,0.001,3,0.001,2,0.001,1,0.001
185;206_0-400m,183;209_0-400m,0,0,4,0.001,19,0.002,11,0.002,10,0.003,3,0.004
185;206_0-400m,183;209_400-800m,0,0,4,0.001,5,0.001,2,0,3,0.001,0,0
185;206_0-400m,186;205_0-400m,0,0,6,0.002,10,0.001,11,0.002,12,0.003,1,0.001
185;206_0-400m,186;205_400-800m,0,0,0,0,2,0,1,0,0,0,0,0
185;206_0-400m,188;203_0-400m,1,0.003,7,0.003,25,0.003,14,0.003,10,0.003,3,0.004
185;206_0-400m,188;203_400-800m,1,0.003,7,0.003,25,0.003,23,0.005,9,0.002,2,0.002
185;206_0-400m,388;823_0-400m,3,0.009,15,0.006,82,0.01,54,0.012,48,0.012,5,0.006
185;206_0-400m,388;823_400-800m,0,0,4,0.001,15,0.002,11,0.002,8,0.002,5,0.006
185;206_0-400m,1386;95_0-400m,4,0.012,8,0.003,21,0.003,11,0.002,7,0.002,2,0.002
185;206_0-400m,1386;95_400-800m,1,0.003,0,0,4,0.001,4,0.001,3,0.001,0,0
185;206_0-400m,Orange_0-400m,0,0,0,0,31,0.004,19,0.004,18,0.005,5,0.006
185;206_0-400m,Blue_0-400m,2,0.006,3,0.001,8,0.001,2,0,5,0.001,0,0
185;206_0-400m,Green_0-400m,3,0.009,17,0.006,35,0.004,21,0.005,16,0.004,4,0.005
185;206_0-400m,Orange_400-800m,0,0,13,0.005,5,0.001,4,0.001,0,0,1,0.001
185;206_0-400m,Blue_400-800m,3,0.009,0,0,7,0.001,3,0.001,3,0.001,3,0.004
185;206_0-400m,Green_400-800m,0,0,2,0.001,9,0.001,12,0.003,11,0.003,3,0.004
185;206_0-400m,External,82,0.25,432,0.159,910,0.116,491,0.108,381,0.097,101,0.126
185;206_400-800m,415;448_0-400m,0,0,1,0,3,0,0,0,0,0,0,0
185;206_400-800m,415;448_400-800m,0,0,2,0.001,0,0,2,0,0,0,0,0
185;206_400-800m,408;455_0-400m,0,0,0,0,2,0,0,0,0,0,0,0
185;206_400-800m,408;455_400-800m,0,0,0,0,0,0,0,0,0,0,0,0
185;206_400-800m,412;451_0-400m,0,0,0,0,1,0,0,0,0,0,1,0.001
185;206_400-800m,412;451_400-800m,0,0,0,0,3,0,0,0,1,0,0,0
185;206_400-800m,416;447_0-400m,0,0,1,0,4,0.001,0,0,0,0,0,0
185;206_400-800m,416;447_400-800m,0,0,1,0,4,0.001,2,0,0,0,0,0
185;206_400-800m,410;452_0-400m,0,0,0,0,0,0,0,0,2,0.001,0,0
185;206_400-800m,410;452_400-800m,0,0,0,0,2,0,0,0,0,0,2,0.002
185;206_400-800m,414;449_0-400m,0,0,0,0,2,0,0,0,1,0,1,0.001
185;206_400-800m,414;449_400-800m,0,0,0,0,0,0,1,0,0,0,0,0
185;206_400-800m,407;456_0-400m,0,0,0,0,1,0,0,0,0,0,0,0
185;206_400-800m,407;456_400-800m,0,0,0,0,2,0,1,0,0,0,0,0
185;206_400-800m,413;450_0-400m,0,0,1,0,1,0,2,0,2,0.001,0,0
185;206_400-800m,413;450_400-800m,0,0,0,0,0,0,0,0,1,0,1,0.001
185;206_400-800m,419;444;420_0-400m,0,0,2,0.001,9,0.001,1,0,4,0.001,2,0.002
185;206_400-800m,419;444;420_400-800m,0,0,0,0,2,0,0,0,0,0,1,0.001
185;206_400-800m,417;445_0-400m,0,0,1,0,3,0,0,0,0,0,0,0
185;206_400-800m,417;445_400-800m,0,0,2,0.001,2,0,0,0,0,0,0,0
185;206_400-800m,405;457_0-400m,0,0,0,0,3,0,1,0,0,0,0,0
185;206_400-800m,405;457_400-800m,0,0,0,0,0,0,0,0,1,0,0,0
185;206_400-800m,404;459_0-400m,0,0,0,0,3,0,1,0,3,0.001,0,0
185;206_400-800m,404;459_400-800m,0,0,0,0,1,0,0,0,1,0,0,0
185;206_400-800m,421;442_0-400m,0,0,3,0.001,9,0.001,7,0.002,3,0.001,0,0
185;206_400-800m,421;442_400-800m,1,0.003,1,0,5,0.001,3,0.001,3,0.001,0,0
185;206_400-800m,196;24;1508_0-400m,0,0,1,0,5,0.001,3,0.001,2,0.001,0,0
185;206_400-800m,196;24;1508_400-800m,0,0,3,0.001,0,0,0,0,0,0,0,0
185;206_400-800m,409;453_0-400m,0,0,0,0,0,0,0,0,0,0,0,0
185;206_400-800m,409;453_400-800m,0,0,0,0,0,0,1,0,0,0,0,0
185;206_400-800m,1503_0-400m,0,0,3,0.001,3,0,5,0.001,5,0.001,1,0.001
185;206_400-800m,1503_400-800m,0,0,0,0,1,0,1,0,0,0,0,0
185;206_400-800m,1125;1163;1162_0-400m,0,0,0,0,0,0,1,0,0,0,0,0
185;206_400-800m,1125;1163;1162_400-800m,0,0,0,0,0,0,0,0,0,0,0,0
185;206_400-800m,1134;1153_0-400m,0,0,0,0,0,0,0,0,0,0,0,0
185;206_400-800m,1134;1153_400-800m,0,0,0,0,2,0,0,0,0,0,0,0
185;206_400-800m,21;28;1612_0-400m,0,0,2,0.001,9,0.001,5,0.001,6,0.002,0,0
185;206_400-800m,21;28;1612_400-800m,0,0,1,0,3,0,4,0.001,1,0,0,0
185;206_400-800m,1131;1158_0-400m,0,0,0,0,0,0,0,0,0,0,0,0
185;206_400-800m,1131;1158_400-800m,0,0,0,0,0,0,0,0,0,0,0,0
185;206_400-800m,1135;1152_0-400m,0,0,0,0,1,0,1,0,0,0,0,0
185;206_400-800m,1135;1152_400-800m,0,0,0,0,0,0,0,0,0,0,0,0
185;206_400-800m,584;604_0-400m,0,0,0,0,0,0,1,0,0,0,0,0
185;206_400-800m,584;604_400-800m,0,0,0,0,2,0,0,0,1,0,0,0
185;206_400-800m,1139;1149_0-400m,0,0,0,0,1,0,1,0,0,0,0,0
185;206_400-800m,1139;1149_400-800m,0,0,0,0,0,0,0,0,0,0,0,0
185;206_400-800m,1138;1150;1137_0-400m,0,0,0,0,0,0,1,0,1,0,0,0
185;206_400-800m,1138;1150;1137_400-800m,0,0,0,0,0,0,0,0,0,0,0,0
185;206_400-800m,1124;1164_0-400m,0,0,0,0,0,0,1,0,0,0,0,0
185;206_400-800m,1124;1164_400-800m,0,0,0,0,2,0,0,0,0,0,0,0
185;206_400-800m,343;349_0-400m,0,0,0,0,3,0,0,0,2,0.001,1,0.001
185;206_400-800m,343;349_400-800m,1,0.003,0,0,0,0,0,0,0,0,0,0
185;206_400-800m,1136;1151_0-400m,0,0,0,0,2,0,0,0,0,0,1,0.001
185;206_400-800m,1136;1151_400-800m,0,0,0,0,0,0,1,0,0,0,0,0
185;206_400-800m,342;350_0-400m,0,0,1,0,1,0,0,0,0,0,0,0
185;206_400-800m,342;350_400-800m,0,0,0,0,0,0,1,0,0,0,0,0
185;206_400-800m,1141;1147_0-400m,0,0,0,0,1,0,0,0,0,0,0,0
185;206_400-800m,1141;1147_400-800m,0,0,0,0,0,0,0,0,0,0,0,0
185;206_400-800m,1132;1155;1156_0-400m,0,0,0,0,1,0,0,0,0,0,0,0
185;206_400-800m,1132;1155;1156_400-800m,0,0,0,0,0,0,0,0,0,0,0,0
185;206_400-800m,1133;1154_0-400m,0,0,0,0,0,0,1,0,1,0,1,0.001
185;206_400-800m,1133;1154_400-800m,0,0,0,0,0,0,0,0,0,0,0,0
185;206_400-800m,1130;1159;1160_0-400m,0,0,1,0,2,0,0,0,3,0.001,0,0
185;206_400-800m,1130;1159;1160_400-800m,0,0,0,0,0,0,0,0,0,0,0,0
185;206_400-800m,345;347_0-400m,0,0,3,0.001,5,0.001,5,0.001,3,0.001,0,0
185;206_400-800m,345;347_400-800m,0,0,1,0,7,0.001,2,0,3,0.001,1,0.001
185;206_400-800m,344;348_0-400m,0,0,0,0,0,0,0,0,1,0,0,0
185;206_400-800m,344;348_400-800m,1,0.003,0,0,0,0,2,0,3,0.001,1,0.001
185;206_400-800m,1140;1148_0-400m,0,0,0,0,1,0,0,0,0,0,1,0.001
185;206_400-800m,1140;1148_400-800m,0,0,0,0,0,0,2,0,0,0,0,0
185;206_400-800m,1127;1161_0-400m,0,0,0,0,0,0,0,0,0,0,0,0
185;206_400-800m,1127;1161_400-800m,0,0,0,0,0,0,0,0,0,0,0,0
185;206_400-800m,1855_0-400m,0,0,0,0,0,0,0,0,0,0,0,0
185;206_400-800m,1855_400-800m,0,0,0,0,0,0,0,0,0,0,0,0
185;206_400-800m,187;204_0-400m,0,0,0,0,0,0,0,0,1,0,1,0.001
185;206_400-800m,187;204_400-800m,0,0,0,0,0,0,0,0,1,0,0,0
185;206_400-800m,661;674_0-400m,0,0,0,0,0,0,1,0,1,0,0,0
185;206_400-800m,661;674_400-800m,0,0,1,0,2,0,4,0.001,1,0,0,0
185;206_400-800m,184;207_0-400m,0,0,0,0,0,0,0,0,0,0,0,0
185;206_400-800m,184;207_400-800m,0,0,1,0,6,0.001,3,0.001,4,0.001,4,0.005
185;206_400-800m,657;678_0-400m,0,0,0,0,3,0,2,0,0,0,0,0
185;206_400-800m,657;678_400-800m,0,0,0,0,0,0,0,0,0,0,0,0
185;206_400-800m,656;679_0-400m,0,0,0,0,2,0,0,0,5,0.001,0,0
185;206_400-800m,656;679_400-800m,0,0,0,0,0,0,0,0,0,0,0,0
185;206_400-800m,1383;1461;1384_0-400m,0,0,8,0.003,5,0.001,2,0,2,0.001,0,0
185;206_400-800m,1383;1461;1384_400-800m,0,0,0,0,8,0.001,7,0.002,0,0,0,0
185;206_400-800m,665;670_0-400m,0,0,4,0.001,4,0.001,5,0.001,2,0.001,0,0
185;206_400-800m,665;670_400-800m,0,0,0,0,3,0,3,0.001,0,0,0,0
185;206_400-800m,659;676;675_0-400m,0,0,5,0.002,5,0.001,4,0.001,2,0.001,0,0
185;206_400-800m,659;676;675_400-800m,0,0,0,0,5,0.001,5,0.001,0,0,0,0
185;206_400-800m,664;671_0-400m,0,0,1,0,5,0.001,7,0.002,0,0,0,0
185;206_400-800m,664;671_400-800m,0,0,0,0,1,0,2,0,1,0,0,0
185;206_400-800m,185;206_0-400m,0,0,1,0,0,0,1,0,0,0,0,0
185;206_400-800m,185;206_400-800m,0,0,1,0,9,0.001,2,0,7,0.002,1,0.001
185;206_400-800m,662;673_0-400m,1,0.003,9,0.003,13,0.002,11,0.002,5,0.001,1,0.001
185;206_400-800m,662;673_400-800m,2,0.006,1,0,0,0,5,0.001,2,0.001,1,0.001
185;206_400-800m,1385;1459_0-400m,0,0,6,0.002,7,0.001,10,0.002,2,0.001,1,0.001
185;206_400-800m,1385;1459_400-800m,0,0,0,0,0,0,0,0,1,0,0,0
185;206_400-800m,658;677_0-400m,0,0,0,0,1,0,2,0,1,0,0,0
185;206_400-800m,658;677_400-800m,0,0,0,0,0,0,0,0,0,0,0,0
185;206_400-800m,663;672_0-400m,0,0,2,0.001,6,0.001,9,0.002,3,0.001,0,0
185;206_400-800m,663;672_400-800m,0,0,0,0,2,0,3,0.001,2,0.001,0,0
185;206_400-800m,183;209_0-400m,0,0,0,0,1,0,2,0,1,0,0,0
185;206_400-800m,183;209_400-800m,1,0.003,1,0,3,0,1,0,0,0,0,0
185;206_400-800m,186;205_0-400m,0,0,0,0,1,0,2,0,0,0,0,0
185;206_400-800m,186;205_400-800m,0,0,0,0,1,0,0,0,0,0,0,0
185;206_400-800m,188;203_0-400m,0,0,4,0.001,7,0.001,8,0.002,4,0.001,1,0.001
185;206_400-800m,188;203_400-800m,0,0,1,0,6,0.001,0,0,1,0,0,0
185;206_400-800m,388;823_0-400m,1,0.003,2,0.001,17,0.002,8,0.002,5,0.001,2,0.002
185;206_400-800m,388;823_400-800m,0,0,2,0.001,2,0,3,0.001,3,0.001,0,0
185;206_400-800m,1386;95_0-400m,0,0,1,0,8,0.001,2,0,1,0,0,0
185;206_400-800m,1386;95_400-800m,0,0,0,0,2,0,0,0,1,0,1,0.001
185;206_400-800m,Orange_0-400m,0,0,2,0.001,26,0.003,18,0.004,3,0.001,1,0.001
185;206_400-800m,Blue_0-400m,0,0,2,0.001,3,0,0,0,1,0,0,0
185;206_400-800m,Green_0-400m,0,0,5,0.002,6,0.001,0,0,5,0.001,1,0.001
185;206_400-800m,Orange_400-800m,1,0.003,2,0.001,11,0.001,7,0.002,4,0.001,1,0.001
185;206_400-800m,Blue_400-800m,0,0,0,0,3,0,0,0,2,0.001,0,0
185;206_400-800m,Green_400-800m,1,0.003,2,0.001,10,0.001,5,0.001,1,0,0,0
185;206_400-800m,External,37,0.113,202,0.074,700,0.089,491,0.108,335,0.086,64,0.08
662;673_0-400m,415;448_0-400m,1,0.003,7,0.003,12,0.002,10,0.002,5,0.001,3,0.004
662;673_0-400m,415;448_400-800m,0,0,2,0.001,8,0.001,4,0.001,5,0.001,0,0
662;673_0-400m,408;455_0-400m,0,0,1,0,4,0.001,2,0,3,0.001,1,0.001
662;673_0-400m,408;455_400-800m,1,0.003,0,0,2,0,7,0.002,1,0,0,0
662;673_0-400m,412;451_0-400m,0,0,1,0,9,0.001,3,0.001,3,0.001,0,0
662;673_0-400m,412;451_400-800m,0,0,3,0.001,16,0.002,9,0.002,4,0.001,0,0
662;673_0-400m,416;447_0-400m,0,0,1,0,9,0.001,7,0.002,6,0.002,2,0.002
662;673_0-400m,416;447_400-800m,1,0.003,7,0.003,19,0.002,11,0.002,6,0.002,0,0
662;673_0-400m,410;452_0-400m,1,0.003,9,0.003,11,0.001,7,0.002,5,0.001,1,0.001
662;673_0-400m,410;452_400-800m,1,0.003,5,0.002,19,0.002,4,0.001,8,0.002,1,0.001
662;673_0-400m,414;449_0-400m,0,0,5,0.002,9,0.001,2,0,3,0.001,2,0.002
662;673_0-400m,414;449_400-800m,0,0,1,0,8,0.001,3,0.001,2,0.001,0,0
662;673_0-400m,407;456_0-400m,1,0.003,1,0,4,0.001,6,0.001,3,0.001,0,0
662;673_0-400m,407;456_400-800m,0,0,3,0.001,4,0.001,4,0.001,5,0.001,2,0.002
662;673_0-400m,413;450_0-400m,0,0,2,0.001,15,0.002,6,0.001,2,0.001,0,0
662;673_0-400m,413;450_400-800m,0,0,3,0.001,11,0.001,8,0.002,9,0.002,2,0.002
662;673_0-400m,419;444;420_0-400m,2,0.006,10,0.004,36,0.005,30,0.007,18,0.005,3,0.004
662;673_0-400m,419;444;420_400-800m,0,0,5,0.002,17,0.002,10,0.002,11,0.003,2,0.002
662;673_0-400m,417;445_0-400m,0,0,3,0.001,11,0.001,5,0.001,10,0.003,2,0.002
662;673_0-400m,417;445_400-800m,1,0.003,15,0.006,32,0.004,26,0.006,3,0.001,1,0.001
662;673_0-400m,405;457_0-400m,0,0,3,0.001,23,0.003,15,0.003,11,0.003,0,0
662;673_0-400m,405;457_400-800m,0,0,2,0.001,2,0,0,0,0,0,0,0
662;673_0-400m,404;459_0-400m,0,0,6,0.002,28,0.004,11,0.002,16,0.004,3,0.004
662;673_0-400m,404;459_400-800m,0,0,5,0.002,21,0.003,8,0.002,5,0.001,3,0.004
662;673_0-400m,421;442_0-400m,0,0,17,0.006,80,0.01,41,0.009,30,0.008,11,0.014
662;673_0-400m,421;442_400-800m,0,0,5,0.002,38,0.005,24,0.005,13,0.003,3,0.004
662;673_0-400m,196;24;1508_0-400m,3,0.009,22,0.008,74,0.009,43,0.009,39,0.01,5,0.006
662;673_0-400m,196;24;1508_400-800m,1,0.003,10,0.004,35,0.004,33,0.007,12,0.003,7,0.009
662;673_0-400m,409;453_0-400m,0,0,4,0.001,10,0.001,8,0.002,9,0.002,3,0.004
662;673_0-400m,409;453_400-800m,1,0.003,2,0.001,9,0.001,2,0,7,0.002,4,0.005
662;673_0-400m,1503_0-400m,4,0.012,14,0.005,73,0.009,53,0.012,37,0.009,11,0.014
662;673_0-400m,1503_400-800m,0,0,3,0.001,6,0.001,6,0.001,7,0.002,0,0
662;673_0-400m,1125;1163;1162_0-400m,0,0,0,0,2,0,1,0,0,0,1,0.001
662;673_0-400m,1125;1163;1162_400-800m,0,0,0,0,1,0,1,0,0,0,0,0
662;673_0-400m,1134;1153_0-400m,0,0,0,0,0,0,2,0,0,0,0,0
662;673_0-400m,1134;1153_400-800m,0,0,1,0,5,0.001,1,0,0,0,0,0
662;673_0-400m,21;28;1612_0-400m,2,0.006,43,0.016,127,0.016,94,0.021,50,0.013,14,0.017
662;673_0-400m,21;28;1612_400-800m,1,0.003,8,0.003,51,0.006,26,0.006,35,0.009,2,0.002
662;673_0-400m,1131;1158_0-400m,0,0,0,0,1,0,1,0,2,0.001,1,0.001
662;673_0-400m,1131;1158_400-800m,0,0,1,0,5,0.001,5,0.001,0,0,1,0.001
662;673_0-400m,1135;1152_0-400m,0,0,2,0.001,6,0.001,3,0.001,2,0.001,3,0.004
662;673_0-400m,1135;1152_400-800m,0,0,0,0,0,0,0,0,0,0,0,0
662;673_0-400m,584;604_0-400m,0,0,0,0,8,0.001,7,0.002,7,0.002,5,0.006
662;673_0-400m,584;604_400-800m,0,0,2,0.001,7,0.001,13,0.003,2,0.001,3,0.004
662;673_0-400m,1139;1149_0-400m,0,0,4,0.001,6,0.001,9,0.002,5,0.001,1,0.001
662;673_0-400m,1139;1149_400-800m,0,0,1,0,1,0,0,0,2,0.001,1,0.001
662;673_0-400m,1138;1150;1137_0-400m,0,0,1,0,10,0.001,7,0.002,2,0.001,7,0.009
662;673_0-400m,1138;1150;1137_400-800m,0,0,0,0,0,0,1,0,2,0.001,0,0
662;673_0-400m,1124;1164_0-400m,0,0,1,0,10,0.001,5,0.001,5,0.001,0,0
662;673_0-400m,1124;1164_400-800m,0,0,1,0,23,0.003,12,0.003,3,0.001,0,0
662;673_0-400m,343;349_0-400m,0,0,5,0.002,14,0.002,7,0.002,6,0.002,14,0.017
662;673_0-400m,343;349_400-800m,0,0,1,0,4,0.001,7,0.002,1,0,1,0.001
662;673_0-400m,1136;1151_0-400m,1,0.003,3,0.001,5,0.001,3,0.001,4,0.001,1,0.001
662;673_0-400m,1136;1151_400-800m,2,0.006,0,0,2,0,4,0.001,0,0,0,0
662;673_0-400m,342;350_0-400m,1,0.003,2,0.001,16,0.002,16,0.004,21,0.005,1,0.001
662;673_0-400m,342;350_400-800m,0,0,0,0,6,0.001,6,0.001,4,0.001,1,0.001
662;673_0-400m,1141;1147_0-400m,0,0,2,0.001,11,0.001,3,0.001,3,0.001,3,0.004
662;673_0-400m,1141;1147_400-800m,1,0.003,0,0,1,0,0,0,0,0,0,0
662;673_0-400m,1132;1155;1156_0-400m,0,0,0,0,4,0.001,6,0.001,2,0.001,0,0
662;673_0-400m,1132;1155;1156_400-800m,0,0,0,0,1,0,1,0,1,0,0,0
662;673_0-400m,1133;1154_0-400m,0,0,0,0,3,0,0,0,3,0.001,0,0
662;673_0-400m,1133;1154_400-800m,0,0,2,0.001,2,0,1,0,2,0.001,0,0
662;673_0-400m,1130;1159;1160_0-400m,1,0.003,2,0.001,15,0.002,9,0.002,6,0.002,1,0.001
662;673_0-400m,1130;1159;1160_400-800m,0,0,0,0,0,0,0,0,0,0,0,0
662;673_0-400m,345;347_0-400m,0,0,14,0.005,48,0.006,24,0.005,30,0.008,8,0.01
662;673_0-400m,345;347_400-800m,1,0.003,17,0.006,46,0.006,27,0.006,40,0.01,12,0.015
662;673_0-400m,344;348_0-400m,1,0.003,4,0.001,20,0.003,8,0.002,6,0.002,3,0.004
662;673_0-400m,344;348_400-800m,2,0.006,10,0.004,17,0.002,20,0.004,10,0.003,2,0.002
662;673_0-400m,1140;1148_0-400m,0,0,4,0.001,6,0.001,5,0.001,4,0.001,0,0
662;673_0-400m,1140;1148_400-800m,0,0,3,0.001,5,0.001,7,0.002,3,0.001,4,0.005
662;673_0-400m,1127;1161_0-400m,0,0,4,0.001,3,0,5,0.001,3,0.001,0,0
662;673_0-400m,1127;1161_400-800m,0,0,0,0,1,0,0,0,0,0,0,0
662;673_0-400m,1855_0-400m,0,0,0,0,2,0,1,0,0,0,0,0
662;673_0-400m,1855_400-800m,0,0,0,0,1,0,1,0,0,0,0,0
662;673_0-400m,187;204_0-400m,0,0,6,0.002,24,0.003,15,0.003,7,0.002,1,0.001
662;673_0-400m,187;204_400-800m,0,0,6,0.002,10,0.001,7,0.002,8,0.002,0,0
662;673_0-400m,661;674_0-400m,0,0,3,0.001,20,0.003,14,0.003,15,0.004,2,0.002
662;673_0-400m,661;674_400-800m,0,0,1,0,6,0.001,4,0.001,3,0.001,0,0
662;673_0-400m,184;207_0-400m,0,0,13,0.005,23,0.003,24,0.005,10,0.003,7,0.009
662;673_0-400m,184;207_400-800m,2,0.006,1,0,18,0.002,8,0.002,8,0.002,1,0.001
662;673_0-400m,657;678_0-400m,2,0.006,9,0.003,35,0.004,22,0.005,14,0.004,6,0.007
662;673_0-400m,657;678_400-800m,0,0,1,0,2,0,1,0,3,0.001,0,0
662;673_0-400m,656;679_0-400m,1,0.003,7,0.003,40,0.005,24,0.005,20,0.005,3,0.004
662;673_0-400m,656;679_400-800m,0,0,1,0,4,0.001,0,0,0,0,0,0
662;673_0-400m,1383;1461;1384_0-400m,0,0,28,0.01,59,0.007,34,0.007,34,0.009,6,0.007
662;673_0-400m,1383;1461;1384_400-800m,1,0.003,7,0.003,41,0.005,33,0.007,22,0.006,8,0.01
662;673_0-400m,665;670_0-400m,0,0,15,0.006,54,0.007,20,0.004,20,0.005,9,0.011
662;673_0-400m,665;670_400-800m,0,0,8,0.003,23,0.003,16,0.004,13,0.003,2,0.002
662;673_0-400m,659;676;675_0-400m,1,0.003,10,0.004,45,0.006,21,0.005,12,0.003,3,0.004
662;673_0-400m,659;676;675_400-800m,0,0,2,0.001,9,0.001,5,0.001,3,0.001,0,0
662;673_0-400m,664;671_0-400m,1,0.003,22,0.008,65,0.008,42,0.009,27,0.007,10,0.012
662;673_0-400m,664;671_400-800m,0,0,11,0.004,60,0.008,60,0.013,62,0.016,2,0.002
662;673_0-400m,185;206_0-400m,0,0,10,0.004,26,0.003,11,0.002,16,0.004,5,0.006
662;673_0-400m,185;206_400-800m,0,0,3,0.001,11,0.001,7,0.002,3,0.001,0,0
662;673_0-400m,662;673_0-400m,4,0.012,39,0.014,161,0.02,63,0.014,61,0.016,22,0.027
662;673_0-400m,662;673_400-800m,2,0.006,16,0.006,78,0.01,34,0.007,33,0.008,4,0.005
662;673_0-400m,1385;1459_0-400m,2,0.006,39,0.014,101,0.013,47,0.01,49,0.013,4,0.005
662;673_0-400m,1385;1459_400-800m,2,0.006,1,0,4,0.001,3,0.001,3,0.001,1,0.001
662;673_0-400m,658;677_0-400m,0,0,17,0.006,34,0.004,7,0.002,10,0.003,1,0.001
662;673_0-400m,658;677_400-800m,0,0,0,0,0,0,0,0,0,0,0,0
662;673_0-400m,663;672_0-400m,1,0.003,29,0.011,117,0.015,60,0.013,48,0.012,5,0.006
662;673_0-400m,663;672_400-800m,0,0,16,0.006,82,0.01,32,0.007,12,0.003,1,0.001
662;673_0-400m,183;209_0-400m,0,0,28,0.01,42,0.005,20,0.004,9,0.002,5,0.006
662;673_0-400m,183;209_400-800m,1,0.003,4,0.001,6,0.001,5,0.001,1,0,2,0.002
662;673_0-400m,186;205_0-400m,0,0,2,0.001,20,0.003,7,0.002,14,0.004,4,0.005
662;673_0-400m,186;205_400-800m,0,0,0,0,4,0.001,1,0,1,0,0,0
662;673_0-400m,188;203_0-400m,1,0.003,23,0.008,71,0.009,45,0.01,28,0.007,4,0.005
662;673_0-400m,188;203_400-800m,1,0.003,24,0.009,63,0.008,30,0.007,30,0.008,9,0.011
662;673_0-400m,388;823_0-400m,0,0,29,0.011,155,0.02,94,0.021,64,0.016,8,0.01
662;673_0-400m,388;823_400-800m,2,0.006,6,0.002,21,0.003,13,0.003,15,0.004,5,0.006
662;673_0-400m,1386;95_0-400m,3,0.009,24,0.009,97,0.012,70,0.015,35,0.009,7,0.009
662;673_0-400m,1386;95_400-800m,1,0.003,3,0.001,24,0.003,19,0.004,16,0.004,1,0.001
662;673_0-400m,Orange_0-400m,5,0.015,32,0.012,122,0.015,85,0.019,41,0.01,21,0.026
662;673_0-400m,Blue_0-400m,0,0,5,0.002,23,0.003,11,0.002,7,0.002,1,0.001
662;673_0-400m,Green_0-400m,2,0.006,14,0.005,49,0.006,33,0.007,39,0.01,11,0.014
662;673_0-400m,Orange_400-800m,1,0.003,11,0.004,52,0.007,50,0.011,30,0.008,7,0.009
662;673_0-400m,Blue_400-800m,0,0,4,0.001,23,0.003,12,0.003,14,0.004,3,0.004
662;673_0-400m,Green_400-800m,1,0.003,13,0.005,38,0.005,32,0.007,18,0.005,12,0.015
662;673_0-400m,External,168,0.512,1640,0.603,5237,0.665,3532,0.776,2182,0.557,479,0.596
662;673_400-800m,415;448_0-400m,0,0,2,0.001,9,0.001,8,0.002,5,0.001,2,0.002
662;673_400-800m,415;448_400-800m,0,0,1,0,0,0,2,0,1,0,2,0.002
662;673_400-800m,408;455_0-400m,0,0,2,0.001,8,0.001,4,0.001,1,0,0,0
662;673_400-800m,408;455_400-800m,0,0,1,0,4,0.001,2,0,4,0.001,0,0
662;673_400-800m,412;451_0-400m,2,0.006,0,0,4,0.001,3,0.001,6,0.002,1,0.001
662;673_400-800m,412;451_400-800m,0,0,2,0.001,18,0.002,4,0.001,4,0.001,0,0
662;673_400-800m,416;447_0-400m,0,0,1,0,7,0.001,12,0.003,1,0,2,0.002
662;673_400-800m,416;447_400-800m,0,0,1,0,9,0.001,2,0,7,0.002,0,0
662;673_400-800m,410;452_0-400m,1,0.003,1,0,4,0.001,1,0,2,0.001,1,0.001
662;673_400-800m,410;452_400-800m,0,0,2,0.001,7,0.001,5,0.001,6,0.002,0,0
662;673_400-800m,414;449_0-400m,0,0,1,0,3,0,1,0,0,0,0,0
662;673_400-800m,414;449_400-800m,0,0,1,0,6,0.001,0,0,1,0,1,0.001
662;673_400-800m,407;456_0-400m,0,0,0,0,1,0,1,0,0,0,0,0
662;673_400-800m,407;456_400-800m,1,0.003,0,0,6,0.001,1,0,5,0.001,0,0
662;673_400-800m,413;450_0-400m,0,0,1,0,1,0,2,0,3,0.001,0,0
662;673_400-800m,413;450_400-800m,0,0,1,0,11,0.001,6,0.001,3,0.001,3,0.004
662;673_400-800m,419;444;420_0-400m,2,0.006,11,0.004,24,0.003,20,0.004,18,0.005,4,0.005
662;673_400-800m,419;444;420_400-800m,0,0,1,0,10,0.001,6,0.001,6,0.002,1,0.001
662;673_400-800m,417;445_0-400m,0,0,2,0.001,13,0.002,4,0.001,3,0.001,3,0.004
662;673_400-800m,417;445_400-800m,0,0,2,0.001,12,0.002,4,0.001,5,0.001,0,0
662;673_400-800m,405;457_0-400m,0,0,2,0.001,24,0.003,7,0.002,7,0.002,0,0
662;673_400-800m,405;457_400-800m,0,0,0,0,1,0,0,0,1,0,0,0
662;673_400-800m,404;459_0-400m,0,0,7,0.003,11,0.001,3,0.001,7,0.002,2,0.002
662;673_400-800m,404;459_400-800m,0,0,0,0,15,0.002,8,0.002,3,0.001,0,0
662;673_400-800m,421;442_0-400m,1,0.003,9,0.003,52,0.007,25,0.005,23,0.006,5,0.006
662;673_400-800m,421;442_400-800m,0,0,5,0.002,13,0.002,11,0.002,7,0.002,1,0.001
662;673_400-800m,196;24;1508_0-400m,0,0,12,0.004,34,0.004,19,0.004,17,0.004,0,0
662;673_400-800m,196;24;1508_400-800m,0,0,8,0.003,18,0.002,12,0.003,9,0.002,1,0.001
662;673_400-800m,409;453_0-400m,0,0,0,0,4,0.001,1,0,3,0.001,1,0.001
662;673_400-800m,409;453_400-800m,0,0,0,0,5,0.001,4,0.001,3,0.001,3,0.004
662;673_400-800m,1503_0-400m,0,0,1,0,22,0.003,22,0.005,15,0.004,2,0.002
662;673_400-800m,1503_400-800m,0,0,1,0,1,0,1,0,4,0.001,2,0.002
662;673_400-800m,1125;1163;1162_0-400m,0,0,1,0,0,0,2,0,2,0.001,1,0.001
662;673_400-800m,1125;1163;1162_400-800m,0,0,0,0,2,0,0,0,2,0.001,1,0.001
662;673_400-800m,1134;1153_0-400m,0,0,0,0,1,0,1,0,0,0,0,0
662;673_400-800m,1134;1153_400-800m,0,0,0,0,2,0,2,0,3,0.001,0,0
662;673_400-800m,21;28;1612_0-400m,1,0.003,9,0.003,36,0.005,37,0.008,26,0.007,8,0.01
662;673_400-800m,21;28;1612_400-800m,0,0,3,0.001,15,0.002,9,0.002,12,0.003,1,0.001
662;673_400-800m,1131;1158_0-400m,1,0.003,1,0,1,0,3,0.001,2,0.001,0,0
662;673_400-800m,1131;1158_400-800m,0,0,0,0,3,0,1,0,2,0.001,1,0.001
662;673_400-800m,1135;1152_0-400m,0,0,0,0,3,0,2,0,3,0.001,2,0.002
662;673_400-800m,1135;1152_400-800m,0,0,0,0,0,0,0,0,0,0,0,0
662;673_400-800m,584;604_0-400m,0,0,1,0,5,0.001,8,0.002,0,0,1,0.001
662;673_400-800m,584;604_400-800m,1,0.003,2,0.001,5,0.001,3,0.001,3,0.001,2,0.002
662;673_400-800m,1139;1149_0-400m,0,0,1,0,1,0,3,0.001,3,0.001,1,0.001
662;673_400-800m,1139;1149_400-800m,0,0,0,0,0,0,0,0,0,0,0,0
662;673_400-800m,1138;1150;1137_0-400m,0,0,2,0.001,4,0.001,1,0,3,0.001,1,0.001
662;673_400-800m,1138;1150;1137_400-800m,0,0,0,0,2,0,0,0,0,0,0,0
662;673_400-800m,1124;1164_0-400m,0,0,1,0,2,0,2,0,1,0,0,0
662;673_400-800m,1124;1164_400-800m,0,0,3,0.001,29,0.004,6,0.001,3,0.001,1,0.001
662;673_400-800m,343;349_0-400m,2,0.006,5,0.002,13,0.002,9,0.002,7,0.002,2,0.002
662;673_400-800m,343;349_400-800m,0,0,0,0,4,0.001,0,0,0,0,1,0.001
662;673_400-800m,1136;1151_0-400m,0,0,0,0,0,0,3,0.001,2,0.001,0,0
662;673_400-800m,1136;1151_400-800m,1,0.003,0,0,3,0,2,0,5,0.001,0,0
662;673_400-800m,342;350_0-400m,1,0.003,1,0,16,0.002,6,0.001,7,0.002,2,0.002
662;673_400-800m,342;350_400-800m,1,0.003,1,0,5,0.001,3,0.001,4,0.001,1,0.001
662;673_400-800m,1141;1147_0-400m,0,0,1,0,5,0.001,1,0,5,0.001,1,0.001
662;673_400-800m,1141;1147_400-800m,0,0,1,0,1,0,0,0,1,0,0,0
662;673_400-800m,1132;1155;1156_0-400m,0,0,0,0,4,0.001,0,0,3,0.001,0,0
662;673_400-800m,1132;1155;1156_400-800m,0,0,0,0,2,0,0,0,2,0.001,0,0
662;673_400-800m,1133;1154_0-400m,0,0,0,0,1,0,3,0.001,0,0,0,0
662;673_400-800m,1133;1154_400-800m,0,0,0,0,2,0,1,0,2,0.001,0,0
662;673_400-800m,1130;1159;1160_0-400m,1,0.003,1,0,4,0.001,2,0,1,0,0,0
662;673_400-800m,1130;1159;1160_400-800m,0,0,0,0,0,0,0,0,0,0,0,0
662;673_400-800m,345;347_0-400m,1,0.003,3,0.001,19,0.002,15,0.003,6,0.002,2,0.002
662;673_400-800m,345;347_400-800m,0,0,11,0.004,30,0.004,13,0.003,23,0.006,8,0.01
662;673_400-800m,344;348_0-400m,0,0,2,0.001,4,0.001,4,0.001,5,0.001,4,0.005
662;673_400-800m,344;348_400-800m,0,0,3,0.001,11,0.001,12,0.003,8,0.002,2,0.002
662;673_400-800m,1140;1148_0-400m,0,0,3,0.001,6,0.001,8,0.002,6,0.002,1,0.001
662;673_400-800m,1140;1148_400-800m,1,0.003,0,0,2,0,1,0,5,0.001,0,0
662;673_400-800m,1127;1161_0-400m,0,0,0,0,0,0,2,0,1,0,1,0.001
662;673_400-800m,1127;1161_400-800m,0,0,0,0,0,0,0,0,0,0,0,0
662;673_400-800m,1855_0-400m,0,0,0,0,0,0,2,0,0,0,0,0
662;673_400-800m,1855_400-800m,0,0,0,0,1,0,1,0,1,0,0,0
662;673_400-800m,187;204_0-400m,0,0,3,0.001,7,0.001,6,0.001,4,0.001,2,0.002
662;673_400-800m,187;204_400-800m,0,0,2,0.001,8,0.001,3,0.001,1,0,2,0.002
662;673_400-800m,661;674_0-400m,0,0,0,0,2,0,2,0,2,0.001,1,0.001
662;673_400-800m,661;674_400-800m,0,0,0,0,2,0,1,0,2,0.001,0,0
662;673_400-800m,184;207_0-400m,0,0,9,0.003,10,0.001,7,0.002,9,0.002,0,0
662;673_400-800m,184;207_400-800m,0,0,2,0.001,4,0.001,0,0,4,0.001,0,0
662;673_400-800m,657;678_0-400m,0,0,3,0.001,11,0.001,7,0.002,7,0.002,0,0
662;673_400-800m,657;678_400-800m,0,0,0,0,1,0,0,0,0,0,0,0
662;673_400-800m,656;679_0-400m,1,0.003,2,0.001,5,0.001,9,0.002,11,0.003,1,0.001
662;673_400-800m,656;679_400-800m,0,0,0,0,2,0,0,0,0,0,0,0
662;673_400-800m,1383;1461;1384_0-400m,4,0.012,9,0.003,24,0.003,15,0.003,13,0.003,7,0.009
662;673_400-800m,1383;1461;1384_400-800m,1,0.003,6,0.002,29,0.004,26,0.006,20,0.005,3,0.004
662;673_400-800m,665;670_0-400m,0,0,7,0.003,24,0.003,11,0.002,9,0.002,1,0.001
662;673_400-800m,665;670_400-800m,0,0,4,0.001,18,0.002,10,0.002,16,0.004,2,0.002
662;673_400-800m,659;676;675_0-400m,0,0,2,0.001,8,0.001,6,0.001,5,0.001,2,0.002
662;673_400-800m,659;676;675_400-800m,0,0,1,0,6,0.001,1,0,1,0,1,0.001
662;673_400-800m,664;671_0-400m,1,0.003,4,0.001,26,0.003,18,0.004,10,0.003,0,0
662;673_400-800m,664;671_400-800m,4,0.012,8,0.003,32,0.004,25,0.005,16,0.004,4,0.005
662;673_400-800m,185;206_0-400m,0,0,4,0.001,18,0.002,9,0.002,0,0,0,0
662;673_400-800m,185;206_400-800m,0,0,4,0.001,6,0.001,1,0,1,0,1,0.001
662;673_400-800m,662;673_0-400m,1,0.003,10,0.004,67,0.009,33,0.007,27,0.007,7,0.009
662;673_400-800m,662;673_400-800m,2,0.006,12,0.004,84,0.011,41,0.009,22,0.006,13,0.016
662;673_400-800m,1385;1459_0-400m,1,0.003,10,0.004,44,0.006,18,0.004,18,0.005,3,0.004
662;673_400-800m,1385;1459_400-800m,1,0.003,0,0,13,0.002,2,0,7,0.002,0,0
662;673_400-800m,658;677_0-400m,0,0,1,0,6,0.001,3,0.001,3,0.001,0,0
662;673_400-800m,658;677_400-800m,0,0,0,0,1,0,0,0,0,0,0,0
662;673_400-800m,663;672_0-400m,1,0.003,12,0.004,46,0.006,29,0.006,16,0.004,3,0.004
662;673_400-800m,663;672_400-800m,0,0,4,0.001,20,0.003,13,0.003,12,0.003,3,0.004
662;673_400-800m,183;209_0-400m,0,0,7,0.003,13,0.002,7,0.002,2,0.001,1,0.001
662;673_400-800m,183;209_400-800m,0,0,0,0,5,0.001,4,0.001,0,0,1,0.001
662;673_400-800m,186;205_0-400m,0,0,4,0.001,9,0.001,4,0.001,2,0.001,3,0.004
662;673_400-800m,186;205_400-800m,0,0,0,0,2,0,1,0,0,0,0,0
662;673_400-800m,188;203_0-400m,1,0.003,1,0,36,0.005,12,0.003,12,0.003,4,0.005
662;673_400-800m,188;203_400-800m,1,0.003,14,0.005,59,0.007,24,0.005,30,0.008,3,0.004
662;673_400-800m,388;823_0-400m,4,0.012,10,0.004,47,0.006,26,0.006,19,0.005,0,0
662;673_400-800m,388;823_400-800m,3,0.009,8,0.003,7,0.001,3,0.001,5,0.001,0,0
662;673_400-800m,1386;95_0-400m,0,0,13,0.005,31,0.004,25,0.005,14,0.004,3,0.004
662;673_400-800m,1386;95_400-800m,0,0,2,0.001,7,0.001,3,0.001,5,0.001,0,0
662;673_400-800m,Orange_0-400m,3,0.009,11,0.004,88,0.011,50,0.011,31,0.008,12,0.015
662;673_400-800m,Blue_0-400m,0,0,4,0.001,15,0.002,10,0.002,4,0.001,0,0
662;673_400-800m,Green_0-400m,0,0,2,0.001,20,0.003,16,0.004,11,0.003,4,0.005
662;673_400-800m,Orange_400-800m,1,0.003,2,0.001,19,0.002,23,0.005,10,0.003,2,0.002
662;673_400-800m,Blue_400-800m,0,0,6,0.002,16,0.002,10,0.002,7,0.002,2,0.002
662;673_400-800m,Green_400-800m,0,0,8,0.003,28,0.004,9,0.002,7,0.002,2,0.002
662;673_400-800m,External,67,0.204,677,0.249,2388,0.303,1489,0.327,1278,0.326,264,0.329
1385;1459_0-400m,415;448_0-400m,0,0,5,0.002,21,0.003,8,0.002,10,0.003,4,0.005
1385;1459_0-400m,415;448_400-800m,0,0,2,0.001,8,0.001,5,0.001,2,0.001,2,0.002
1385;1459_0-400m,408;455_0-400m,2,0.006,9,0.003,8,0.001,7,0.002,9,0.002,1,0.001
1385;1459_0-400m,408;455_400-800m,0,0,0,0,5,0.001,5,0.001,2,0.001,0,0
1385;1459_0-400m,412;451_0-400m,1,0.003,3,0.001,13,0.002,10,0.002,7,0.002,1,0.001
1385;1459_0-400m,412;451_400-800m,1,0.003,1,0,10,0.001,10,0.002,9,0.002,3,0.004
1385;1459_0-400m,416;447_0-400m,1,0.003,3,0.001,25,0.003,15,0.003,8,0.002,3,0.004
1385;1459_0-400m,416;447_400-800m,0,0,13,0.005,37,0.005,13,0.003,4,0.001,2,0.002
1385;1459_0-400m,410;452_0-400m,0,0,5,0.002,26,0.003,4,0.001,3,0.001,1,0.001
1385;1459_0-400m,410;452_400-800m,0,0,1,0,16,0.002,5,0.001,5,0.001,0,0
1385;1459_0-400m,414;449_0-400m,1,0.003,3,0.001,10,0.001,12,0.003,10,0.003,4,0.005
1385;1459_0-400m,414;449_400-800m,0,0,5,0.002,12,0.002,4,0.001,9,0.002,2,0.002
1385;1459_0-400m,407;456_0-400m,1,0.003,0,0,5,0.001,1,0,3,0.001,2,0.002
1385;1459_0-400m,407;456_400-800m,0,0,1,0,14,0.002,3,0.001,1,0,2,0.002
1385;1459_0-400m,413;450_0-400m,1,0.003,8,0.003,19,0.002,10,0.002,11,0.003,4,0.005
1385;1459_0-400m,413;450_400-800m,0,0,2,0.001,14,0.002,11,0.002,10,0.003,7,0.009
1385;1459_0-400m,419;444;420_0-400m,5,0.015,10,0.004,64,0.008,39,0.009,34,0.009,5,0.006
1385;1459_0-400m,419;444;420_400-800m,0,0,2,0.001,22,0.003,14,0.003,9,0.002,2,0.002
1385;1459_0-400m,417;445_0-400m,5,0.015,6,0.002,24,0.003,9,0.002,7,0.002,5,0.006
1385;1459_0-400m,417;445_400-800m,0,0,4,0.001,31,0.004,12,0.003,8,0.002,2,0.002
1385;1459_0-400m,405;457_0-400m,0,0,5,0.002,26,0.003,16,0.004,12,0.003,2,0.002
1385;1459_0-400m,405;457_400-800m,0,0,1,0,3,0,0,0,0,0,0,0
1385;1459_0-400m,404;459_0-400m,0,0,6,0.002,24,0.003,15,0.003,13,0.003,3,0.004
1385;1459_0-400m,404;459_400-800m,1,0.003,4,0.001,34,0.004,25,0.005,12,0.003,2,0.002
1385;1459_0-400m,421;442_0-400m,2,0.006,20,0.007,104,0.013,48,0.011,34,0.009,5,0.006
1385;1459_0-400m,421;442_400-800m,2,0.006,15,0.006,48,0.006,21,0.005,12,0.003,6,0.007
1385;1459_0-400m,196;24;1508_0-400m,0,0,39,0.014,161,0.02,71,0.016,52,0.013,11,0.014
1385;1459_0-400m,196;24;1508_400-800m,1,0.003,10,0.004,29,0.004,13,0.003,13,0.003,4,0.005
1385;1459_0-400m,409;453_0-400m,1,0.003,3,0.001,6,0.001,4,0.001,6,0.002,0,0
1385;1459_0-400m,409;453_400-800m,0,0,3,0.001,7,0.001,4,0.001,3,0.001,3,0.004
1385;1459_0-400m,1503_0-400m,5,0.015,21,0.008,142,0.018,66,0.015,55,0.014,20,0.025
1385;1459_0-400m,1503_400-800m,1,0.003,0,0,19,0.002,5,0.001,3,0.001,4,0.005
1385;1459_0-400m,1125;1163;1162_0-400m,0,0,1,0,6,0.001,2,0,1,0,1,0.001
1385;1459_0-400m,1125;1163;1162_400-800m,0,0,0,0,2,0,0,0,0,0,0,0
1385;1459_0-400m,1134;1153_0-400m,0,0,0,0,2,0,0,0,0,0,0,0
1385;1459_0-400m,1134;1153_400-800m,0,0,2,0.001,3,0,2,0,0,0,0,0
1385;1459_0-400m,21;28;1612_0-400m,1,0.003,27,0.01,92,0.012,66,0.015,40,0.01,12,0.015
1385;1459_0-400m,21;28;1612_400-800m,0,0,8,0.003,95,0.012,53,0.012,36,0.009,11,0.014
1385;1459_0-400m,1131;1158_0-400m,0,0,2,0.001,10,0.001,3,0.001,4,0.001,3,0.004
1385;1459_0-400m,1131;1158_400-800m,0,0,0,0,2,0,4,0.001,0,0,1,0.001
1385;1459_0-400m,1135;1152_0-400m,0,0,0,0,7,0.001,5,0.001,6,0.002,2,0.002
1385;1459_0-400m,1135;1152_400-800m,0,0,0,0,1,0,2,0,2,0.001,0,0
1385;1459_0-400m,584;604_0-400m,1,0.003,0,0,13,0.002,14,0.003,5,0.001,1,0.001
1385;1459_0-400m,584;604_400-800m,0,0,2,0.001,9,0.001,8,0.002,3,0.001,4,0.005
1385;1459_0-400m,1139;1149_0-400m,0,0,3,0.001,12,0.002,7,0.002,8,0.002,1,0.001
1385;1459_0-400m,1139;1149_400-800m,0,0,0,0,2,0,2,0,0,0,1,0.001
1385;1459_0-400m,1138;1150;1137_0-400m,1,0.003,6,0.002,20,0.003,10,0.002,8,0.002,1,0.001
1385;1459_0-400m,1138;1150;1137_400-800m,0,0,0,0,1,0,1,0,1,0,0,0
1385;1459_0-400m,1124;1164_0-400m,0,0,0,0,9,0.001,4,0.001,4,0.001,2,0.002
1385;1459_0-400m,1124;1164_400-800m,0,0,1,0,31,0.004,10,0.002,5,0.001,0,0
1385;1459_0-400m,343;349_0-400m,0,0,6,0.002,26,0.003,8,0.002,14,0.004,0,0
1385;1459_0-400m,343;349_400-800m,2,0.006,2,0.001,8,0.001,3,0.001,1,0,0,0
1385;1459_0-400m,1136;1151_0-400m,0,0,1,0,4,0.001,3,0.001,3,0.001,1,0.001
1385;1459_0-400m,1136;1151_400-800m,0,0,0,0,3,0,4,0.001,1,0,0,0
1385;1459_0-400m,342;350_0-400m,1,0.003,2,0.001,25,0.003,14,0.003,16,0.004,3,0.004
1385;1459_0-400m,342;350_400-800m,0,0,0,0,4,0.001,2,0,1,0,0,0
1385;1459_0-400m,1141;1147_0-400m,0,0,3,0.001,10,0.001,5,0.001,4,0.001,4,0.005
1385;1459_0-400m,1141;1147_400-800m,0,0,0,0,1,0,0,0,0,0,0,0
1385;1459_0-400m,1132;1155;1156_0-400m,0,0,1,0,5,0.001,4,0.001,2,0.001,1,0.001
1385;1459_0-400m,1132;1155;1156_400-800m,0,0,0,0,6,0.001,2,0,1,0,1,0.001
1385;1459_0-400m,1133;1154_0-400m,0,0,1,0,8,0.001,1,0,2,0.001,1,0.001
1385;1459_0-400m,1133;1154_400-800m,0,0,1,0,1,0,1,0,4,0.001,0,0
1385;1459_0-400m,1130;1159;1160_0-400m,2,0.006,2,0.001,13,0.002,3,0.001,6,0.002,0,0
1385;1459_0-400m,1130;1159;1160_400-800m,0,0,0,0,0,0,1,0,1,0,0,0
1385;1459_0-400m,345;347_0-400m,0,0,6,0.002,49,0.006,25,0.005,26,0.007,5,0.006
1385;1459_0-400m,345;347_400-800m,0,0,30,0.011,69,0.009,34,0.007,45,0.011,21,0.026
1385;1459_0-400m,344;348_0-400m,1,0.003,14,0.005,23,0.003,10,0.002,5,0.001,2,0.002
1385;1459_0-400m,344;348_400-800m,0,0,13,0.005,35,0.004,24,0.005,10,0.003,2,0.002
1385;1459_0-400m,1140;1148_0-400m,0,0,5,0.002,7,0.001,14,0.003,8,0.002,3,0.004
1385;1459_0-400m,1140;1148_400-800m,0,0,3,0.001,7,0.001,4,0.001,3,0.001,2,0.002
1385;1459_0-400m,1127;1161_0-400m,1,0.003,1,0,12,0.002,1,0,8,0.002,0,0
1385;1459_0-400m,1127;1161_400-800m,0,0,0,0,1,0,1,0,0,0,0,0
1385;1459_0-400m,1855_0-400m,0,0,0,0,1,0,1,0,3,0.001,0,0
1385;1459_0-400m,1855_400-800m,0,0,1,0,2,0,1,0,1,0,0,0
1385;1459_0-400m,187;204_0-400m,0,0,3,0.001,19,0.002,16,0.004,8,0.002,3,0.004
1385;1459_0-400m,187;204_400-800m,0,0,1,0,7,0.001,3,0.001,5,0.001,1,0.001
1385;1459_0-400m,661;674_0-400m,0,0,3,0.001,9,0.001,8,0.002,7,0.002,0,0
1385;1459_0-400m,661;674_400-800m,0,0,0,0,5,0.001,4,0.001,1,0,1,0.001
1385;1459_0-400m,184;207_0-400m,0,0,3,0.001,8,0.001,12,0.003,8,0.002,2,0.002
1385;1459_0-400m,184;207_400-800m,1,0.003,2,0.001,20,0.003,15,0.003,16,0.004,0,0
1385;1459_0-400m,657;678_0-400m,1,0.003,4,0.001,20,0.003,17,0.004,4,0.001,1,0.001
1385;1459_0-400m,657;678_400-800m,0,0,0,0,1,0,0,0,0,0,0,0
1385;1459_0-400m,656;679_0-400m,0,0,4,0.001,23,0.003,13,0.003,4,0.001,0,0
1385;1459_0-400m,656;679_400-800m,0,0,0,0,2,0,2,0,1,0,0,0
1385;1459_0-400m,1383;1461;1384_0-400m,4,0.012,31,0.011,119,0.015,42,0.009,32,0.008,7,0.009
1385;1459_0-400m,1383;1461;1384_400-800m,1,0.003,7,0.003,27,0.003,10,0.002,6,0.002,4,0.005
1385;1459_0-400m,665;670_0-400m,0,0,18,0.007,36,0.005,24,0.005,13,0.003,8,0.01
1385;1459_0-400m,665;670_400-800m,0,0,2,0.001,10,0.001,6,0.001,5,0.001,0,0
1385;1459_0-400m,659;676;675_0-400m,1,0.003,2,0.001,16,0.002,12,0.003,6,0.002,1,0.001
1385;1459_0-400m,659;676;675_400-800m,0,0,2,0.001,11,0.001,5,0.001,5,0.001,0,0
1385;1459_0-400m,664;671_0-400m,0,0,10,0.004,42,0.005,28,0.006,24,0.006,11,0.014
1385;1459_0-400m,664;671_400-800m,0,0,5,0.002,35,0.004,27,0.006,23,0.006,3,0.004
1385;1459_0-400m,185;206_0-400m,3,0.009,7,0.003,19,0.002,13,0.003,6,0.002,3,0.004
1385;1459_0-400m,185;206_400-800m,0,0,2,0.001,11,0.001,3,0.001,0,0,0,0
1385;1459_0-400m,662;673_0-400m,2,0.006,26,0.01,71,0.009,41,0.009,33,0.008,9,0.011
1385;1459_0-400m,662;673_400-800m,0,0,12,0.004,55,0.007,21,0.005,13,0.003,3,0.004
1385;1459_0-400m,1385;1459_0-400m,5,0.015,55,0.02,201,0.026,83,0.018,46,0.012,20,0.025
1385;1459_0-400m,1385;1459_400-800m,1,0.003,5,0.002,14,0.002,7,0.002,6,0.002,1,0.001
1385;1459_0-400m,658;677_0-400m,0,0,3,0.001,13,0.002,6,0.001,6,0.002,0,0
1385;1459_0-400m,658;677_400-800m,0,0,0,0,2,0,0,0,0,0,0,0
1385;1459_0-400m,663;672_0-400m,0,0,10,0.004,61,0.008,34,0.007,22,0.006,3,0.004
1385;1459_0-400m,663;672_400-800m,0,0,5,0.002,20,0.003,8,0.002,9,0.002,1,0.001
1385;1459_0-400m,183;209_0-400m,1,0.003,8,0.003,34,0.004,14,0.003,4,0.001,3,0.004
1385;1459_0-400m,183;209_400-800m,0,0,5,0.002,11,0.001,6,0.001,2,0.001,1,0.001
1385;1459_0-400m,186;205_0-400m,0,0,5,0.002,20,0.003,13,0.003,10,0.003,1,0.001
1385;1459_0-400m,186;205_400-800m,0,0,0,0,3,0,1,0,0,0,0,0
1385;1459_0-400m,188;203_0-400m,1,0.003,8,0.003,50,0.006,30,0.007,21,0.005,1,0.001
1385;1459_0-400m,188;203_400-800m,5,0.015,14,0.005,35,0.004,22,0.005,14,0.004,3,0.004
1385;1459_0-400m,388;823_0-400m,3,0.009,12,0.004,97,0.012,57,0.013,26,0.007,5,0.006
1385;1459_0-400m,388;823_400-800m,1,0.003,3,0.001,14,0.002,6,0.001,8,0.002,4,0.005
1385;1459_0-400m,1386;95_0-400m,5,0.015,63,0.023,183,0.023,81,0.018,58,0.015,17,0.021
1385;1459_0-400m,1386;95_400-800m,0,0,12,0.004,45,0.006,20,0.004,13,0.003,2,0.002
1385;1459_0-400m,Orange_0-400m,6,0.018,48,0.018,205,0.026,144,0.032,76,0.019,22,0.027
1385;1459_0-400m,Blue_0-400m,0,0,8,0.003,37,0.005,21,0.005,7,0.002,1,0.001
1385;1459_0-400m,Green_0-400m,1,0.003,18,0.007,59,0.007,33,0.007,27,0.007,9,0.011
1385;1459_0-400m,Orange_400-800m,1,0.003,10,0.004,66,0.008,52,0.011,26,0.007,6,0.007
1385;1459_0-400m,Blue_400-800m,2,0.006,12,0.004,47,0.006,27,0.006,26,0.007,3,0.004
1385;1459_0-400m,Green_400-800m,2,0.006,13,0.005,45,0.006,46,0.01,15,0.004,4,0.005
1385;1459_0-400m,External,97,0.295,1037,0.381,5613,0.713,3648,0.802,2369,0.605,668,0.831
1385;1459_400-800m,415;448_0-400m,0,0,1,0,3,0,0,0,4,0.001,0,0
1385;1459_400-800m,415;448_400-800m,0,0,0,0,4,0.001,1,0,2,0.001,0,0
1385;1459_400-800m,408;455_0-400m,0,0,2,0.001,3,0,0,0,3,0.001,2,0.002
1385;1459_400-800m,408;455_400-800m,0,0,1,0,0,0,0,0,0,0,1,0.001
1385;1459_400-800m,412;451_0-400m,0,0,2,0.001,2,0,3,0.001,0,0,0,0
1385;1459_400-800m,412;451_400-800m,0,0,0,0,4,0.001,1,0,1,0,0,0
1385;1459_400-800m,416;447_0-400m,0,0,0,0,3,0,2,0,3,0.001,1,0.001
1385;1459_400-800m,416;447_400-800m,1,0.003,3,0.001,7,0.001,2,0,1,0,0,0
1385;1459_400-800m,410;452_0-400m,1,0.003,1,0,1,0,0,0,1,0,0,0
1385;1459_400-800m,410;452_400-800m,0,0,0,0,2,0,0,0,3,0.001,1,0.001
1385;1459_400-800m,414;449_0-400m,0,0,0,0,3,0,0,0,1,0,1,0.001
1385;1459_400-800m,414;449_400-800m,0,0,0,0,2,0,0,0,1,0,1,0.001
1385;1459_400-800m,407;456_0-400m,0,0,1,0,3,0,0,0,0,0,0,0
1385;1459_400-800m,407;456_400-800m,0,0,1,0,3,0,2,0,2,0.001,0,0
1385;1459_400-800m,413;450_0-400m,1,0.003,0,0,2,0,1,0,0,0,1,0.001
1385;1459_400-800m,413;450_400-800m,0,0,0,0,2,0,0,0,0,0,1,0.001
1385;1459_400-800m,419;444;420_0-400m,0,0,1,0,12,0.002,8,0.002,1,0,1,0.001
1385;1459_400-800m,419;444;420_400-800m,0,0,0,0,1,0,17,0.004,0,0,1,0.001
1385;1459_400-800m,417;445_0-400m,7,0.021,3,0.001,5,0.001,1,0,2,0.001,0,0
1385;1459_400-800m,417;445_400-800m,1,0.003,1,0,7,0.001,4,0.001,2,0.001,0,0
1385;1459_400-800m,405;457_0-400m,0,0,1,0,5,0.001,0,0,2,0.001,0,0
1385;1459_400-800m,405;457_400-800m,0,0,0,0,0,0,0,0,0,0,0,0
1385;1459_400-800m,404;459_0-400m,0,0,0,0,4,0.001,3,0.001,4,0.001,2,0.002
1385;1459_400-800m,404;459_400-800m,0,0,4,0.001,6,0.001,3,0.001,4,0.001,1,0.001
1385;1459_400-800m,421;442_0-400m,0,0,4,0.001,15,0.002,7,0.002,4,0.001,2,0.002
1385;1459_400-800m,421;442_400-800m,0,0,0,0,9,0.001,1,0,5,0.001,1,0.001
1385;1459_400-800m,196;24;1508_0-400m,3,0.009,12,0.004,15,0.002,4,0.001,7,0.002,1,0.001
1385;1459_400-800m,196;24;1508_400-800m,0,0,1,0,6,0.001,3,0.001,4,0.001,0,0
1385;1459_400-800m,409;453_0-400m,0,0,0,0,5,0.001,1,0,1,0,0,0
1385;1459_400-800m,409;453_400-800m,0,0,1,0,3,0,0,0,1,0,0,0
1385;1459_400-800m,1503_0-400m,1,0.003,6,0.002,14,0.002,13,0.003,9,0.002,2,0.002
1385;1459_400-800m,1503_400-800m,0,0,1,0,2,0,0,0,2,0.001,0,0
1385;1459_400-800m,1125;1163;1162_0-400m,0,0,2,0.001,2,0,1,0,0,0,1,0.001
1385;1459_400-800m,1125;1163;1162_400-800m,0,0,0,0,0,0,0,0,0,0,0,0
1385;1459_400-800m,1134;1153_0-400m,0,0,0,0,0,0,0,0,1,0,0,0
1385;1459_400-800m,1134;1153_400-800m,0,0,0,0,0,0,0,0,0,0,0,0
1385;1459_400-800m,21;28;1612_0-400m,1,0.003,6,0.002,15,0.002,8,0.002,14,0.004,3,0.004
1385;1459_400-800m,21;28;1612_400-800m,0,0,1,0,15,0.002,7,0.002,7,0.002,2,0.002
1385;1459_400-800m,1131;1158_0-400m,1,0.003,2,0.001,3,0,2,0,4,0.001,0,0
1385;1459_400-800m,1131;1158_400-800m,0,0,0,0,0,0,0,0,0,0,0,0
1385;1459_400-800m,1135;1152_0-400m,0,0,0,0,0,0,0,0,0,0,0,0
1385;1459_400-800m,1135;1152_400-800m,0,0,0,0,0,0,0,0,0,0,0,0
1385;1459_400-800m,584;604_0-400m,0,0,0,0,1,0,2,0,3,0.001,0,0
1385;1459_400-800m,584;604_400-800m,0,0,1,0,2,0,0,0,0,0,0,0
1385;1459_400-800m,1139;1149_0-400m,0,0,1,0,1,0,1,0,2,0.001,0,0
1385;1459_400-800m,1139;1149_400-800m,0,0,0,0,0,0,0,0,0,0,0,0
1385;1459_400-800m,1138;1150;1137_0-400m,0,0,0,0,1,0,1,0,1,0,0,0
1385;1459_400-800m,1138;1150;1137_400-800m,0,0,0,0,0,0,0,0,0,0,0,0
1385;1459_400-800m,1124;1164_0-400m,0,0,0,0,0,0,1,0,0,0,0,0
1385;1459_400-800m,1124;1164_400-800m,0,0,1,0,3,0,1,0,2,0.001,0,0
1385;1459_400-800m,343;349_0-400m,0,0,3,0.001,3,0,2,0,2,0.001,1,0.001
1385;1459_400-800m,343;349_400-800m,0,0,1,0,1,0,2,0,0,0,0,0
1385;1459_400-800m,1136;1151_0-400m,0,0,0,0,0,0,0,0,3,0.001,0,0
1385;1459_400-800m,1136;1151_400-800m,0,0,0,0,1,0,0,0,1,0,0,0
1385;1459_400-800m,342;350_0-400m,0,0,1,0,2,0,1,0,4,0.001,1,0.001
1385;1459_400-800m,342;350_400-800m,0,0,1,0,2,0,0,0,0,0,1,0.001
1385;1459_400-800m,1141;1147_0-400m,0,0,0,0,1,0,1,0,1,0,1,0.001
1385;1459_400-800m,1141;1147_400-800m,0,0,0,0,0,0,0,0,0,0,0,0
1385;1459_400-800m,1132;1155;1156_0-400m,0,0,1,0,3,0,0,0,0,0,0,0
1385;1459_400-800m,1132;1155;1156_400-800m,0,0,0,0,0,0,0,0,0,0,0,0
1385;1459_400-800m,1133;1154_0-400m,0,0,0,0,3,0,2,0,0,0,0,0
1385;1459_400-800m,1133;1154_400-800m,0,0,0,0,1,0,0,0,0,0,1,0.001
1385;1459_400-800m,1130;1159;1160_0-400m,7,0.021,2,0.001,4,0.001,3,0.001,8,0.002,0,0
1385;1459_400-800m,1130;1159;1160_400-800m,0,0,0,0,0,0,0,0,0,0,0,0
1385;1459_400-800m,345;347_0-400m,0,0,4,0.001,7,0.001,2,0,4,0.001,1,0.001
1385;1459_400-800m,345;347_400-800m,0,0,8,0.003,15,0.002,6,0.001,4,0.001,3,0.004
1385;1459_400-800m,344;348_0-400m,0,0,3,0.001,3,0,2,0,1,0,0,0
1385;1459_400-800m,344;348_400-800m,0,0,0,0,6,0.001,1,0,5,0.001,4,0.005
1385;1459_400-800m,1140;1148_0-400m,0,0,1,0,0,0,1,0,2,0.001,0,0
1385;1459_400-800m,1140;1148_400-800m,2,0.006,0,0,2,0,1,0,2,0.001,4,0.005
1385;1459_400-800m,1127;1161_0-400m,0,0,0,0,0,0,1,0,0,0,0,0
1385;1459_400-800m,1127;1161_400-800m,0,0,0,0,0,0,0,0,0,0,0,0
1385;1459_400-800m,1855_0-400m,0,0,0,0,0,0,0,0,1,0,0,0
1385;1459_400-800m,1855_400-800m,0,0,0,0,0,0,0,0,1,0,0,0
1385;1459_400-800m,187;204_0-400m,0,0,0,0,1,0,1,0,1,0,0,0
1385;1459_400-800m,187;204_400-800m,0,0,0,0,1,0,0,0,1,0,0,0
1385;1459_400-800m,661;674_0-400m,0,0,0,0,5,0.001,2,0,3,0.001,1,0.001
1385;1459_400-800m,661;674_400-800m,0,0,0,0,1,0,1,0,3,0.001,0,0
1385;1459_400-800m,184;207_0-400m,0,0,2,0.001,0,0,0,0,1,0,0,0
1385;1459_400-800m,184;207_400-800m,0,0,3,0.001,1,0,5,0.001,0,0,0,0
1385;1459_400-800m,657;678_0-400m,1,0.003,2,0.001,8,0.001,3,0.001,1,0,0,0
1385;1459_400-800m,657;678_400-800m,0,0,0,0,0,0,0,0,0,0,0,0
1385;1459_400-800m,656;679_0-400m,1,0.003,2,0.001,9,0.001,1,0,1,0,0,0
1385;1459_400-800m,656;679_400-800m,0,0,0,0,1,0,0,0,0,0,0,0
1385;1459_400-800m,1383;1461;1384_0-400m,0,0,11,0.004,12,0.002,10,0.002,9,0.002,3,0.004
1385;1459_400-800m,1383;1461;1384_400-800m,0,0,2,0.001,12,0.002,8,0.002,13,0.003,4,0.005
1385;1459_400-800m,665;670_0-400m,0,0,7,0.003,2,0,1,0,3,0.001,1,0.001
1385;1459_400-800m,665;670_400-800m,0,0,1,0,1,0,2,0,0,0,1,0.001
1385;1459_400-800m,659;676;675_0-400m,1,0.003,4,0.001,7,0.001,2,0,4,0.001,0,0
1385;1459_400-800m,659;676;675_400-800m,0,0,1,0,2,0,0,0,1,0,0,0
1385;1459_400-800m,664;671_0-400m,0,0,5,0.002,3,0,5,0.001,2,0.001,3,0.004
1385;1459_400-800m,664;671_400-800m,0,0,2,0.001,4,0.001,3,0.001,6,0.002,0,0
1385;1459_400-800m,185;206_0-400m,0,0,1,0,5,0.001,2,0,1,0,2,0.002
1385;1459_400-800m,185;206_400-800m,0,0,1,0,1,0,1,0,0,0,1,0.001
1385;1459_400-800m,662;673_0-400m,1,0.003,7,0.003,4,0.001,5,0.001,6,0.002,0,0
1385;1459_400-800m,662;673_400-800m,0,0,1,0,14,0.002,4,0.001,9,0.002,1,0.001
1385;1459_400-800m,1385;1459_0-400m,1,0.003,5,0.002,19,0.002,7,0.002,8,0.002,1,0.001
1385;1459_400-800m,1385;1459_400-800m,0,0,4,0.001,17,0.002,10,0.002,11,0.003,3,0.004
1385;1459_400-800m,658;677_0-400m,0,0,2,0.001,2,0,2,0,2,0.001,0,0
1385;1459_400-800m,658;677_400-800m,0,0,0,0,0,0,0,0,0,0,1,0.001
1385;1459_400-800m,663;672_0-400m,0,0,3,0.001,9,0.001,6,0.001,3,0.001,0,0
1385;1459_400-800m,663;672_400-800m,0,0,0,0,2,0,0,0,0,0,0,0
1385;1459_400-800m,183;209_0-400m,0,0,3,0.001,5,0.001,2,0,1,0,1,0.001
1385;1459_400-800m,183;209_400-800m,0,0,3,0.001,0,0,1,0,2,0.001,0,0
1385;1459_400-800m,186;205_0-400m,0,0,0,0,3,0,2,0,0,0,0,0
1385;1459_400-800m,186;205_400-800m,0,0,0,0,1,0,1,0,0,0,0,0
1385;1459_400-800m,188;203_0-400m,0,0,3,0.001,6,0.001,1,0,2,0.001,2,0.002
1385;1459_400-800m,188;203_400-800m,1,0.003,4,0.001,11,0.001,7,0.002,7,0.002,0,0
1385;1459_400-800m,388;823_0-400m,0,0,1,0,26,0.003,15,0.003,13,0.003,2,0.002
1385;1459_400-800m,388;823_400-800m,0,0,3,0.001,1,0,3,0.001,1,0,0,0
1385;1459_400-800m,1386;95_0-400m,0,0,6,0.002,12,0.002,7,0.002,5,0.001,0,0
1385;1459_400-800m,1386;95_400-800m,1,0.003,5,0.002,17,0.002,11,0.002,9,0.002,1,0.001
1385;1459_400-800m,Orange_0-400m,0,0,5,0.002,23,0.003,15,0.003,12,0.003,0,0
1385;1459_400-800m,Blue_0-400m,1,0.003,5,0.002,11,0.001,1,0,3,0.001,0,0
1385;1459_400-800m,Green_0-400m,1,0.003,9,0.003,14,0.002,7,0.002,6,0.002,1,0.001
1385;1459_400-800m,Orange_400-800m,0,0,2,0.001,9,0.001,7,0.002,7,0.002,0,0
1385;1459_400-800m,Blue_400-800m,0,0,5,0.002,6,0.001,0,0,5,0.001,1,0.001
1385;1459_400-800m,Green_400-800m,2,0.006,4,0.001,11,0.001,4,0.001,2,0.001,1,0.001
1385;1459_400-800m,External,60,0.183,446,0.164,731,0.093,496,0.109,408,0.104,104,0.129
658;677_0-400m,415;448_0-400m,0,0,1,0,1,0,2,0,3,0.001,0,0
658;677_0-400m,415;448_400-800m,0,0,2,0.001,1,0,1,0,4,0.001,0,0
658;677_0-400m,408;455_0-400m,0,0,0,0,0,0,1,0,1,0,0,0
658;677_0-400m,408;455_400-800m,0,0,0,0,0,0,2,0,0,0,0,0
658;677_0-400m,412;451_0-400m,0,0,0,0,4,0.001,2,0,2,0.001,0,0
658;677_0-400m,412;451_400-800m,0,0,0,0,2,0,4,0.001,2,0.001,1,0.001
658;677_0-400m,416;447_0-400m,1,0.003,0,0,0,0,3,0.001,3,0.001,0,0
658;677_0-400m,416;447_400-800m,0,0,2,0.001,2,0,5,0.001,1,0,0,0
658;677_0-400m,410;452_0-400m,1,0.003,1,0,2,0,2,0,4,0.001,0,0
658;677_0-400m,410;452_400-800m,1,0.003,0,0,1,0,2,0,2,0.001,0,0
658;677_0-400m,414;449_0-400m,0,0,0,0,1,0,2,0,0,0,0,0
658;677_0-400m,414;449_400-800m,0,0,1,0,1,0,1,0,3,0.001,0,0
658;677_0-400m,407;456_0-400m,0,0,0,0,3,0,0,0,0,0,0,0
658;677_0-400m,407;456_400-800m,0,0,1,0,1,0,1,0,0,0,1,0.001
658;677_0-400m,413;450_0-400m,1,0.003,0,0,0,0,0,0,0,0,1,0.001
658;677_0-400m,413;450_400-800m,1,0.003,2,0.001,1,0,1,0,3,0.001,0,0
658;677_0-400m,419;444;420_0-400m,1,0.003,1,0,8,0.001,2,0,7,0.002,1,0.001
658;677_0-400m,419;444;420_400-800m,0,0,2,0.001,3,0,2,0,3,0.001,3,0.004
658;677_0-400m,417;445_0-400m,0,0,4,0.001,6,0.001,1,0,2,0.001,0,0
658;677_0-400m,417;445_400-800m,0,0,2,0.001,5,0.001,2,0,3,0.001,2,0.002
658;677_0-400m,405;457_0-400m,0,0,1,0,2,0,2,0,1,0,1,0.001
658;677_0-400m,405;457_400-800m,0,0,0,0,0,0,0,0,0,0,0,0
658;677_0-400m,404;459_0-400m,0,0,0,0,4,0.001,3,0.001,4,0.001,1,0.001
658;677_0-400m,404;459_400-800m,0,0,0,0,4,0.001,2,0,6,0.002,1,0.001
658;677_0-400m,421;442_0-400m,0,0,2,0.001,13,0.002,14,0.003,7,0.002,0,0
658;677_0-400m,421;442_400-800m,0,0,0,0,10,0.001,6,0.001,4,0.001,2,0.002
658;677_0-400m,196;24;1508_0-400m,1,0.003,1,0,13,0.002,9,0.002,2,0.001,1,0.001
658;677_0-400m,196;24;1508_400-800m,0,0,0,0,9,0.001,1,0,1,0,2,0.002
658;677_0-400m,409;453_0-400m,0,0,0,0,1,0,0,0,5,0.001,0,0
658;677_0-400m,409;453_400-800m,0,0,0,0,2,0,3,0.001,1,0,1,0.001
658;677_0-400m,1503_0-400m,0,0,1,0,9,0.001,23,0.005,9,0.002,0,0
658;677_0-400m,1503_400-800m,0,0,1,0,0,0,1,0,0,0,0,0
658;677_0-400m,1125;1163;1162_0-400m,0,0,0,0,0,0,0,0,0,0,0,0
658;677_0-400m,1125;1163;1162_400-800m,0,0,0,0,0,0,0,0,0,0,0,0
658;677_0-400m,1134;1153_0-400m,0,0,0,0,0,0,0,0,0,0,0,0
658;677_0-400m,1134;1153_400-800m,0,0,0,0,0,0,0,0,1,0,0,0
658;677_0-400m,21;28;1612_0-400m,0,0,2,0.001,23,0.003,17,0.004,6,0.002,6,0.007
658;677_0-400m,21;28;1612_400-800m,0,0,1,0,6,0.001,4,0.001,3,0.001,1,0.001
658;677_0-400m,1131;1158_0-400m,0,0,0,0,1,0,1,0,0,0,1,0.001
658;677_0-400m,1131;1158_400-800m,0,0,0,0,2,0,0,0,0,0,0,0
658;677_0-400m,1135;1152_0-400m,0,0,0,0,0,0,0,0,2,0.001,0,0
658;677_0-400m,1135;1152_400-800m,0,0,0,0,0,0,0,0,0,0,0,0
658;677_0-400m,584;604_0-400m,0,0,1,0,3,0,1,0,3,0.001,2,0.002
658;677_0-400m,584;604_400-800m,0,0,0,0,1,0,0,0,0,0,1,0.001
658;677_0-400m,1139;1149_0-400m,0,0,0,0,1,0,0,0,1,0,1,0.001
658;677_0-400m,1139;1149_400-800m,0,0,0,0,0,0,1,0,0,0,0,0
658;677_0-400m,1138;1150;1137_0-400m,0,0,1,0,1,0,1,0,0,0,0,0
658;677_0-400m,1138;1150;1137_400-800m,0,0,0,0,3,0,0,0,0,0,0,0
658;677_0-400m,1124;1164_0-400m,0,0,0,0,0,0,2,0,1,0,0,0
658;677_0-400m,1124;1164_400-800m,0,0,0,0,5,0.001,0,0,1,0,2,0.002
658;677_0-400m,343;349_0-400m,0,0,1,0,3,0,4,0.001,1,0,1,0.001
658;677_0-400m,343;349_400-800m,2,0.006,0,0,0,0,0,0,1,0,1,0.001
658;677_0-400m,1136;1151_0-400m,0,0,0,0,0,0,0,0,0,0,0,0
658;677_0-400m,1136;1151_400-800m,0,0,0,0,0,0,0,0,0,0,0,0
658;677_0-400m,342;350_0-400m,0,0,0,0,3,0,2,0,1,0,0,0
658;677_0-400m,342;350_400-800m,0,0,0,0,2,0,1,0,1,0,0,0
658;677_0-400m,1141;1147_0-400m,0,0,0,0,1,0,0,0,1,0,0,0
658;677_0-400m,1141;1147_400-800m,0,0,0,0,0,0,1,0,1,0,0,0
658;677_0-400m,1132;1155;1156_0-400m,0,0,0,0,2,0,0,0,0,0,0,0
658;677_0-400m,1132;1155;1156_400-800m,0,0,0,0,0,0,0,0,1,0,0,0
658;677_0-400m,1133;1154_0-400m,0,0,0,0,1,0,0,0,0,0,0,0
658;677_0-400m,1133;1154_400-800m,0,0,1,0,0,0,0,0,0,0,0,0
658;677_0-400m,1130;1159;1160_0-400m,0,0,0,0,1,0,1,0,0,0,0,0
658;677_0-400m,1130;1159;1160_400-800m,0,0,0,0,0,0,0,0,0,0,0,0
658;677_0-400m,345;347_0-400m,1,0.003,2,0.001,10,0.001,6,0.001,13,0.003,5,0.006
658;677_0-400m,345;347_400-800m,2,0.006,0,0,7,0.001,5,0.001,8,0.002,4,0.005
658;677_0-400m,344;348_0-400m,0,0,0,0,0,0,2,0,3,0.001,1,0.001
658;677_0-400m,344;348_400-800m,0,0,1,0,3,0,5,0.001,5,0.001,1,0.001
658;677_0-400m,1140;1148_0-400m,1,0.003,0,0,3,0,0,0,1,0,1,0.001
658;677_0-400m,1140;1148_400-800m,0,0,0,0,0,0,0,0,1,0,0,0
658;677_0-400m,1127;1161_0-400m,0,0,0,0,1,0,1,0,0,0,0,0
658;677_0-400m,1127;1161_400-800m,0,0,0,0,0,0,0,0,0,0,0,0
658;677_0-400m,1855_0-400m,0,0,0,0,0,0,0,0,0,0,0,0
658;677_0-400m,1855_400-800m,0,0,0,0,0,0,0,0,1,0,0,0
658;677_0-400m,187;204_0-400m,2,0.006,3,0.001,10,0.001,15,0.003,4,0.001,2,0.002
658;677_0-400m,187;204_400-800m,0,0,1,0,3,0,3,0.001,2,0.001,2,0.002
658;677_0-400m,661;674_0-400m,0,0,2,0.001,13,0.002,14,0.003,6,0.002,1,0.001
658;677_0-400m,661;674_400-800m,0,0,6,0.002,16,0.002,11,0.002,8,0.002,1,0.001
658;677_0-400m,184;207_0-400m,0,0,2,0.001,10,0.001,11,0.002,7,0.002,2,0.002
658;677_0-400m,184;207_400-800m,0,0,5,0.002,8,0.001,8,0.002,4,0.001,0,0
658;677_0-400m,657;678_0-400m,0,0,10,0.004,22,0.003,20,0.004,5,0.001,0,0
658;677_0-400m,657;678_400-800m,0,0,2,0.001,5,0.001,0,0,1,0,0,0
658;677_0-400m,656;679_0-400m,0,0,3,0.001,16,0.002,10,0.002,14,0.004,2,0.002
658;677_0-400m,656;679_400-800m,0,0,3,0.001,1,0,0,0,1,0,0,0
658;677_0-400m,1383;1461;1384_0-400m,0,0,1,0,5,0.001,5,0.001,5,0.001,1,0.001
658;677_0-400m,1383;1461;1384_400-800m,1,0.003,2,0.001,4,0.001,7,0.002,3,0.001,2,0.002
658;677_0-400m,665;670_0-400m,1,0.003,2,0.001,5,0.001,7,0.002,2,0.001,2,0.002
658;677_0-400m,665;670_400-800m,0,0,0,0,4,0.001,3,0.001,6,0.002,4,0.005
658;677_0-400m,659;676;675_0-400m,0,0,5,0.002,23,0.003,37,0.008,10,0.003,1,0.001
658;677_0-400m,659;676;675_400-800m,0,0,2,0.001,8,0.001,7,0.002,4,0.001,0,0
658;677_0-400m,664;671_0-400m,1,0.003,2,0.001,10,0.001,6,0.001,8,0.002,1,0.001
658;677_0-400m,664;671_400-800m,0,0,0,0,11,0.001,8,0.002,4,0.001,1,0.001
658;677_0-400m,185;206_0-400m,1,0.003,4,0.001,18,0.002,10,0.002,18,0.005,4,0.005
658;677_0-400m,185;206_400-800m,0,0,0,0,5,0.001,4,0.001,2,0.001,0,0
658;677_0-400m,662;673_0-400m,0,0,7,0.003,16,0.002,18,0.004,12,0.003,1,0.001
658;677_0-400m,662;673_400-800m,1,0.003,2,0.001,5,0.001,4,0.001,2,0.001,1,0.001
658;677_0-400m,1385;1459_0-400m,1,0.003,1,0,14,0.002,11,0.002,4,0.001,1,0.001
658;677_0-400m,1385;1459_400-800m,0,0,2,0.001,0,0,2,0,1,0,0,0
658;677_0-400m,658;677_0-400m,0,0,5,0.002,22,0.003,15,0.003,7,0.002,2,0.002
658;677_0-400m,658;677_400-800m,0,0,0,0,5,0.001,3,0.001,2,0.001,0,0
658;677_0-400m,663;672_0-400m,0,0,1,0,15,0.002,15,0.003,5,0.001,2,0.002
658;677_0-400m,663;672_400-800m,0,0,0,0,8,0.001,10,0.002,4,0.001,0,0
658;677_0-400m,183;209_0-400m,0,0,12,0.004,42,0.005,11,0.002,7,0.002,2,0.002
658;677_0-400m,183;209_400-800m,0,0,5,0.002,19,0.002,17,0.004,7,0.002,3,0.004
658;677_0-400m,186;205_0-400m,0,0,1,0,7,0.001,13,0.003,7,0.002,1,0.001
658;677_0-400m,186;205_400-800m,0,0,0,0,0,0,0,0,0,0,0,0
658;677_0-400m,188;203_0-400m,1,0.003,3,0.001,24,0.003,22,0.005,6,0.002,3,0.004
658;677_0-400m,188;203_400-800m,0,0,5,0.002,7,0.001,6,0.001,7,0.002,2,0.002
658;677_0-400m,388;823_0-400m,1,0.003,14,0.005,86,0.011,59,0.013,38,0.01,6,0.007
658;677_0-400m,388;823_400-800m,1,0.003,7,0.003,18,0.002,8,0.002,4,0.001,3,0.004
658;677_0-400m,1386;95_0-400m,0,0,4,0.001,13,0.002,15,0.003,6,0.002,2,0.002
658;677_0-400m,1386;95_400-800m,0,0,0,0,5,0.001,2,0,4,0.001,1,0.001
658;677_0-400m,Orange_0-400m,1,0.003,4,0.001,27,0.003,29,0.006,15,0.004,5,0.006
658;677_0-400m,Blue_0-400m,0,0,0,0,2,0,5,0.001,2,0.001,2,0.002
658;677_0-400m,Green_0-400m,0,0,11,0.004,25,0.003,14,0.003,15,0.004,7,0.009
658;677_0-400m,Orange_400-800m,0,0,3,0.001,16,0.002,16,0.004,6,0.002,0,0
658;677_0-400m,Blue_400-800m,0,0,3,0.001,4,0.001,0,0,2,0.001,1,0.001
658;677_0-400m,Green_400-800m,2,0.006,6,0.002,20,0.003,27,0.006,11,0.003,0,0
658;677_0-400m,External,59,0.18,556,0.205,1706,0.217,1433,0.315,843,0.215,112,0.139
658;677_400-800m,415;448_0-400m,0,0,0,0,0,0,0,0,0,0,0,0
658;677_400-800m,415;448_400-800m,0,0,0,0,0,0,0,0,0,0,0,0
658;677_400-800m,408;455_0-400m,0,0,0,0,0,0,0,0,0,0,0,0
658;677_400-800m,408;455_400-800m,0,0,0,0,0,0,0,0,0,0,0,0
658;677_400-800m,412;451_0-400m,0,0,0,0,0,0,0,0,0,0,0,0
658;677_400-800m,412;451_400-800m,0,0,0,0,0,0,2,0,0,0,0,0
658;677_400-800m,416;447_0-400m,0,0,0,0,0,0,0,0,0,0,0,0
658;677_400-800m,416;447_400-800m,0,0,0,0,0,0,0,0,0,0,0,0
658;677_400-800m,410;452_0-400m,0,0,0,0,0,0,1,0,0,0,0,0
658;677_400-800m,410;452_400-800m,0,0,0,0,0,0,0,0,1,0,0,0
658;677_400-800m,414;449_0-400m,0,0,0,0,0,0,0,0,0,0,0,0
658;677_400-800m,414;449_400-800m,0,0,0,0,0,0,0,0,0,0,0,0
658;677_400-800m,407;456_0-400m,0,0,0,0,0,0,0,0,0,0,0,0
658;677_400-800m,407;456_400-800m,0,0,0,0,0,0,1,0,0,0,0,0
658;677_400-800m,413;450_0-400m,0,0,0,0,0,0,0,0,1,0,0,0
658;677_400-800m,413;450_400-800m,0,0,0,0,0,0,0,0,0,0,0,0
658;677_400-800m,419;444;420_0-400m,0,0,0,0,0,0,0,0,0,0,0,0
658;677_400-800m,419;444;420_400-800m,0,0,0,0,1,0,0,0,0,0,0,0
658;677_400-800m,417;445_0-400m,0,0,0,0,0,0,0,0,0,0,0,0
658;677_400-800m,417;445_400-800m,0,0,0,0,1,0,0,0,1,0,0,0
658;677_400-800m,405;457_0-400m,0,0,0,0,2,0,0,0,0,0,0,0
658;677_400-800m,405;457_400-800m,0,0,0,0,0,0,0,0,0,0,0,0
658;677_400-800m,404;459_0-400m,0,0,0,0,1,0,1,0,0,0,0,0
658;677_400-800m,404;459_400-800m,0,0,0,0,0,0,0,0,0,0,0,0
658;677_400-800m,421;442_0-400m,0,0,0,0,1,0,0,0,1,0,0,0
658;677_400-800m,421;442_400-800m,0,0,0,0,1,0,0,0,0,0,0,0
658;677_400-800m,196;24;1508_0-400m,0,0,0,0,0,0,0,0,0,0,0,0
658;677_400-800m,196;24;1508_400-800m,0,0,0,0,1,0,0,0,0,0,0,0
658;677_400-800m,409;453_0-400m,0,0,0,0,1,0,0,0,0,0,0,0
658;677_400-800m,409;453_400-800m,0,0,0,0,0,0,0,0,0,0,0,0
658;677_400-800m,1503_0-400m,0,0,0,0,0,0,0,0,0,0,0,0
658;677_400-800m,1503_400-800m,0,0,0,0,0,0,0,0,0,0,0,0
658;677_400-800m,1125;1163;1162_0-400m,0,0,0,0,0,0,0,0,0,0,0,0
658;677_400-800m,1125;1163;1162_400-800m,0,0,0,0,0,0,0,0,0,0,0,0
658;677_400-800m,1134;1153_0-400m,0,0,0,0,0,0,0,0,0,0,0,0
658;677_400-800m,1134;1153_400-800m,0,0,0,0,0,0,0,0,0,0,0,0
658;677_400-800m,21;28;1612_0-400m,0,0,0,0,0,0,0,0,1,0,0,0
658;677_400-800m,21;28;1612_400-800m,0,0,0,0,1,0,0,0,0,0,0,0
658;677_400-800m,1131;1158_0-400m,0,0,0,0,0,0,0,0,0,0,0,0
658;677_400-800m,1131;1158_400-800m,0,0,0,0,0,0,0,0,0,0,0,0
658;677_400-800m,1135;1152_0-400m,0,0,0,0,0,0,0,0,0,0,0,0
658;677_400-800m,1135;1152_400-800m,0,0,0,0,0,0,0,0,0,0,0,0
658;677_400-800m,584;604_0-400m,0,0,0,0,0,0,0,0,0,0,0,0
658;677_400-800m,584;604_400-800m,0,0,0,0,0,0,0,0,0,0,0,0
658;677_400-800m,1139;1149_0-400m,0,0,0,0,0,0,0,0,0,0,0,0
658;677_400-800m,1139;1149_400-800m,0,0,0,0,0,0,0,0,0,0,0,0
658;677_400-800m,1138;1150;1137_0-400m,0,0,0,0,0,0,0,0,0,0,0,0
658;677_400-800m,1138;1150;1137_400-800m,0,0,0,0,0,0,0,0,0,0,0,0
658;677_400-800m,1124;1164_0-400m,0,0,0,0,0,0,0,0,0,0,0,0
658;677_400-800m,1124;1164_400-800m,0,0,0,0,0,0,0,0,0,0,0,0
658;677_400-800m,343;349_0-400m,0,0,0,0,0,0,0,0,0,0,0,0
658;677_400-800m,343;349_400-800m,0,0,0,0,0,0,0,0,0,0,0,0
658;677_400-800m,1136;1151_0-400m,0,0,0,0,0,0,0,0,0,0,0,0
658;677_400-800m,1136;1151_400-800m,0,0,0,0,0,0,0,0,0,0,0,0
658;677_400-800m,342;350_0-400m,0,0,0,0,0,0,0,0,0,0,0,0
658;677_400-800m,342;350_400-800m,0,0,0,0,0,0,0,0,0,0,0,0
658;677_400-800m,1141;1147_0-400m,0,0,0,0,0,0,0,0,0,0,0,0
658;677_400-800m,1141;1147_400-800m,0,0,0,0,0,0,0,0,0,0,0,0
658;677_400-800m,1132;1155;1156_0-400m,0,0,0,0,0,0,0,0,0,0,0,0
658;677_400-800m,1132;1155;1156_400-800m,0,0,0,0,0,0,0,0,0,0,0,0
658;677_400-800m,1133;1154_0-400m,0,0,0,0,0,0,0,0,0,0,0,0
658;677_400-800m,1133;1154_400-800m,0,0,0,0,0,0,0,0,0,0,0,0
658;677_400-800m,1130;1159;1160_0-400m,0,0,0,0,0,0,0,0,1,0,0,0
658;677_400-800m,1130;1159;1160_400-800m,0,0,0,0,0,0,0,0,0,0,0,0
658;677_400-800m,345;347_0-400m,0,0,0,0,0,0,0,0,0,0,0,0
658;677_400-800m,345;347_400-800m,0,0,0,0,1,0,1,0,0,0,0,0
658;677_400-800m,344;348_0-400m,0,0,0,0,0,0,0,0,0,0,0,0
658;677_400-800m,344;348_400-800m,0,0,0,0,0,0,0,0,0,0,0,0
658;677_400-800m,1140;1148_0-400m,0,0,0,0,1,0,0,0,0,0,0,0
658;677_400-800m,1140;1148_400-800m,0,0,0,0,0,0,0,0,0,0,0,0
658;677_400-800m,1127;1161_0-400m,0,0,0,0,0,0,0,0,0,0,0,0
658;677_400-800m,1127;1161_400-800m,0,0,0,0,0,0,0,0,0,0,0,0
658;677_400-800m,1855_0-400m,0,0,0,0,0,0,0,0,0,0,0,0
658;677_400-800m,1855_400-800m,0,0,0,0,0,0,0,0,0,0,0,0
658;677_400-800m,187;204_0-400m,0,0,0,0,0,0,0,0,0,0,0,0
658;677_400-800m,187;204_400-800m,0,0,0,0,0,0,0,0,0,0,0,0
658;677_400-800m,661;674_0-400m,0,0,0,0,1,0,1,0,0,0,0,0
658;677_400-800m,661;674_400-800m,0,0,0,0,1,0,0,0,0,0,0,0
658;677_400-800m,184;207_0-400m,0,0,0,0,0,0,0,0,0,0,0,0
658;677_400-800m,184;207_400-800m,0,0,0,0,0,0,0,0,0,0,0,0
658;677_400-800m,657;678_0-400m,0,0,0,0,5,0.001,2,0,1,0,0,0
658;677_400-800m,657;678_400-800m,0,0,1,0,0,0,0,0,0,0,0,0
658;677_400-800m,656;679_0-400m,0,0,0,0,0,0,2,0,0,0,0,0
658;677_400-800m,656;679_400-800m,0,0,0,0,1,0,0,0,0,0,0,0
658;677_400-800m,1383;1461;1384_0-400m,0,0,0,0,0,0,0,0,0,0,0,0
658;677_400-800m,1383;1461;1384_400-800m,0,0,0,0,1,0,0,0,0,0,0,0
658;677_400-800m,665;670_0-400m,0,0,0,0,0,0,0,0,0,0,0,0
658;677_400-800m,665;670_400-800m,0,0,0,0,2,0,0,0,0,0,0,0
658;677_400-800m,659;676;675_0-400m,0,0,2,0.001,2,0,0,0,1,0,0,0
658;677_400-800m,659;676;675_400-800m,0,0,2,0.001,2,0,0,0,5,0.001,0,0
658;677_400-800m,664;671_0-400m,0,0,0,0,0,0,0,0,0,0,0,0
658;677_400-800m,664;671_400-800m,0,0,0,0,0,0,0,0,0,0,0,0
658;677_400-800m,185;206_0-400m,0,0,0,0,0,0,0,0,0,0,0,0
658;677_400-800m,185;206_400-800m,0,0,0,0,0,0,0,0,0,0,0,0
658;677_400-800m,662;673_0-400m,0,0,0,0,1,0,1,0,0,0,0,0
658;677_400-800m,662;673_400-800m,0,0,0,0,0,0,1,0,0,0,0,0
658;677_400-800m,1385;1459_0-400m,0,0,0,0,0,0,1,0,0,0,0,0
658;677_400-800m,1385;1459_400-800m,0,0,0,0,0,0,0,0,0,0,0,0
658;677_400-800m,658;677_0-400m,0,0,1,0,9,0.001,2,0,1,0,0,0
658;677_400-800m,658;677_400-800m,0,0,0,0,3,0,1,0,1,0,1,0.001
658;677_400-800m,663;672_0-400m,0,0,0,0,1,0,1,0,0,0,0,0
658;677_400-800m,663;672_400-800m,0,0,0,0,0,0,0,0,0,0,0,0
658;677_400-800m,183;209_0-400m,0,0,0,0,1,0,2,0,0,0,0,0
658;677_400-800m,183;209_400-800m,0,0,1,0,3,0,1,0,1,0,0,0
658;677_400-800m,186;205_0-400m,1,0.003,0,0,0,0,0,0,0,0,0,0
658;677_400-800m,186;205_400-800m,0,0,0,0,0,0,0,0,0,0,0,0
658;677_400-800m,188;203_0-400m,0,0,0,0,1,0,0,0,0,0,1,0.001
658;677_400-800m,188;203_400-800m,0,0,1,0,1,0,0,0,0,0,0,0
658;677_400-800m,388;823_0-400m,0,0,1,0,10,0.001,8,0.002,6,0.002,0,0
658;677_400-800m,388;823_400-800m,0,0,0,0,2,0,0,0,1,0,0,0
658;677_400-800m,1386;95_0-400m,0,0,0,0,1,0,1,0,0,0,1,0.001
658;677_400-800m,1386;95_400-800m,0,0,0,0,0,0,0,0,0,0,0,0
658;677_400-800m,Orange_0-400m,0,0,3,0.001,8,0.001,5,0.001,1,0,0,0
658;677_400-800m,Blue_0-400m,0,0,0,0,0,0,1,0,0,0,0,0
658;677_400-800m,Green_0-400m,1,0.003,2,0.001,6,0.001,8,0.002,3,0.001,0,0
658;677_400-800m,Orange_400-800m,0,0,0,0,1,0,2,0,0,0,0,0
658;677_400-800m,Blue_400-800m,0,0,0,0,1,0,1,0,0,0,0,0
658;677_400-800m,Green_400-800m,0,0,1,0,8,0.001,5,0.001,2,0.001,2,0.002
658;677_400-800m,External,6,0.018,58,0.021,129,0.016,121,0.027,42,0.011,7,0.009
663;672_0-400m,415;448_0-400m,0,0,4,0.001,12,0.002,5,0.001,3,0.001,5,0.006
663;672_0-400m,415;448_400-800m,0,0,0,0,3,0,1,0,3,0.001,1,0.001
663;672_0-400m,408;455_0-400m,1,0.003,1,0,6,0.001,3,0.001,1,0,1,0.001
663;672_0-400m,408;455_400-800m,0,0,1,0,2,0,1,0,2,0.001,0,0
663;672_0-400m,412;451_0-400m,0,0,0,0,4,0.001,2,0,6,0.002,1,0.001
663;672_0-400m,412;451_400-800m,0,0,1,0,11,0.001,4,0.001,4,0.001,0,0
663;672_0-400m,416;447_0-400m,0,0,1,0,6,0.001,12,0.003,5,0.001,2,0.002
663;672_0-400m,416;447_400-800m,0,0,3,0.001,10,0.001,5,0.001,6,0.002,0,0
663;672_0-400m,410;452_0-400m,0,0,0,0,5,0.001,2,0,1,0,1,0.001
663;672_0-400m,410;452_400-800m,1,0.003,1,0,9,0.001,4,0.001,9,0.002,0,0
663;672_0-400m,414;449_0-400m,0,0,0,0,5,0.001,3,0.001,2,0.001,4,0.005
663;672_0-400m,414;449_400-800m,0,0,4,0.001,10,0.001,7,0.002,5,0.001,2,0.002
663;672_0-400m,407;456_0-400m,0,0,0,0,5,0.001,2,0,1,0,1,0.001
663;672_0-400m,407;456_400-800m,0,0,0,0,6,0.001,5,0.001,5,0.001,0,0
663;672_0-400m,413;450_0-400m,0,0,3,0.001,6,0.001,4,0.001,5,0.001,2,0.002
663;672_0-400m,413;450_400-800m,0,0,4,0.001,9,0.001,5,0.001,6,0.002,2,0.002
663;672_0-400m,419;444;420_0-400m,0,0,10,0.004,28,0.004,19,0.004,12,0.003,3,0.004
663;672_0-400m,419;444;420_400-800m,0,0,0,0,15,0.002,8,0.002,7,0.002,0,0
663;672_0-400m,417;445_0-400m,0,0,5,0.002,5,0.001,7,0.002,2,0.001,0,0
663;672_0-400m,417;445_400-800m,0,0,3,0.001,9,0.001,8,0.002,5,0.001,0,0
663;672_0-400m,405;457_0-400m,0,0,3,0.001,13,0.002,11,0.002,5,0.001,1,0.001
663;672_0-400m,405;457_400-800m,0,0,0,0,0,0,1,0,0,0,1,0.001
663;672_0-400m,404;459_0-400m,0,0,4,0.001,12,0.002,7,0.002,6,0.002,3,0.004
663;672_0-400m,404;459_400-800m,0,0,2,0.001,15,0.002,8,0.002,4,0.001,0,0
663;672_0-400m,421;442_0-400m,3,0.009,26,0.01,79,0.01,47,0.01,45,0.011,7,0.009
663;672_0-400m,421;442_400-800m,1,0.003,3,0.001,27,0.003,20,0.004,18,0.005,4,0.005
663;672_0-400m,196;24;1508_0-400m,1,0.003,23,0.008,77,0.01,47,0.01,45,0.011,6,0.007
663;672_0-400m,196;24;1508_400-800m,0,0,4,0.001,28,0.004,20,0.004,12,0.003,4,0.005
663;672_0-400m,409;453_0-400m,0,0,2,0.001,10,0.001,3,0.001,2,0.001,2,0.002
663;672_0-400m,409;453_400-800m,0,0,1,0,5,0.001,3,0.001,3,0.001,1,0.001
663;672_0-400m,1503_0-400m,0,0,9,0.003,39,0.005,39,0.009,14,0.004,4,0.005
663;672_0-400m,1503_400-800m,1,0.003,0,0,4,0.001,5,0.001,2,0.001,0,0
663;672_0-400m,1125;1163;1162_0-400m,0,0,1,0,0,0,2,0,1,0,0,0
663;672_0-400m,1125;1163;1162_400-800m,0,0,0,0,0,0,0,0,0,0,0,0
663;672_0-400m,1134;1153_0-400m,0,0,1,0,0,0,0,0,1,0,0,0
663;672_0-400m,1134;1153_400-800m,0,0,0,0,3,0,1,0,3,0.001,1,0.001
663;672_0-400m,21;28;1612_0-400m,1,0.003,20,0.007,45,0.006,25,0.005,23,0.006,11,0.014
663;672_0-400m,21;28;1612_400-800m,0,0,6,0.002,31,0.004,11,0.002,23,0.006,1,0.001
663;672_0-400m,1131;1158_0-400m,0,0,1,0,2,0,0,0,2,0.001,1,0.001
663;672_0-400m,1131;1158_400-800m,0,0,0,0,2,0,0,0,1,0,0,0
663;672_0-400m,1135;1152_0-400m,0,0,1,0,6,0.001,1,0,4,0.001,1,0.001
663;672_0-400m,1135;1152_400-800m,0,0,0,0,0,0,0,0,1,0,0,0
663;672_0-400m,584;604_0-400m,0,0,1,0,7,0.001,5,0.001,1,0,1,0.001
663;672_0-400m,584;604_400-800m,0,0,2,0.001,2,0,4,0.001,3,0.001,1,0.001
663;672_0-400m,1139;1149_0-400m,0,0,1,0,6,0.001,5,0.001,7,0.002,2,0.002
663;672_0-400m,1139;1149_400-800m,0,0,0,0,0,0,0,0,0,0,0,0
663;672_0-400m,1138;1150;1137_0-400m,0,0,0,0,5,0.001,3,0.001,4,0.001,4,0.005
663;672_0-400m,1138;1150;1137_400-800m,0,0,0,0,1,0,1,0,0,0,0,0
663;672_0-400m,1124;1164_0-400m,0,0,0,0,3,0,2,0,7,0.002,1,0.001
663;672_0-400m,1124;1164_400-800m,0,0,0,0,10,0.001,2,0,3,0.001,0,0
663;672_0-400m,343;349_0-400m,0,0,3,0.001,9,0.001,2,0,6,0.002,4,0.005
663;672_0-400m,343;349_400-800m,0,0,0,0,3,0,2,0,0,0,0,0
663;672_0-400m,1136;1151_0-400m,0,0,0,0,1,0,1,0,0,0,0,0
663;672_0-400m,1136;1151_400-800m,0,0,0,0,1,0,3,0.001,2,0.001,0,0
663;672_0-400m,342;350_0-400m,0,0,3,0.001,6,0.001,8,0.002,10,0.003,1,0.001
663;672_0-400m,342;350_400-800m,0,0,7,0.003,1,0,1,0,1,0,0,0
663;672_0-400m,1141;1147_0-400m,0,0,0,0,2,0,1,0,2,0.001,2,0.002
663;672_0-400m,1141;1147_400-800m,0,0,1,0,0,0,2,0,1,0,0,0
663;672_0-400m,1132;1155;1156_0-400m,0,0,1,0,4,0.001,4,0.001,0,0,0,0
663;672_0-400m,1132;1155;1156_400-800m,0,0,0,0,4,0.001,1,0,1,0,0,0
663;672_0-400m,1133;1154_0-400m,0,0,0,0,2,0,1,0,1,0,1,0.001
663;672_0-400m,1133;1154_400-800m,0,0,1,0,2,0,2,0,0,0,2,0.002
663;672_0-400m,1130;1159;1160_0-400m,0,0,1,0,7,0.001,4,0.001,6,0.002,0,0
663;672_0-400m,1130;1159;1160_400-800m,0,0,0,0,1,0,0,0,0,0,0,0
663;672_0-400m,345;347_0-400m,0,0,5,0.002,21,0.003,11,0.002,4,0.001,5,0.006
663;672_0-400m,345;347_400-800m,2,0.006,4,0.001,40,0.005,30,0.007,13,0.003,8,0.01
663;672_0-400m,344;348_0-400m,1,0.003,4,0.001,6,0.001,4,0.001,7,0.002,0,0
663;672_0-400m,344;348_400-800m,1,0.003,4,0.001,9,0.001,3,0.001,9,0.002,0,0
663;672_0-400m,1140;1148_0-400m,0,0,2,0.001,4,0.001,2,0,0,0,0,0
663;672_0-400m,1140;1148_400-800m,0,0,0,0,4,0.001,3,0.001,4,0.001,1,0.001
663;672_0-400m,1127;1161_0-400m,0,0,2,0.001,4,0.001,4,0.001,1,0,1,0.001
663;672_0-400m,1127;1161_400-800m,0,0,0,0,0,0,0,0,0,0,0,0
663;672_0-400m,1855_0-400m,0,0,0,0,0,0,1,0,1,0,0,0
663;672_0-400m,1855_400-800m,0,0,0,0,0,0,0,0,0,0,0,0
663;672_0-400m,187;204_0-400m,0,0,4,0.001,20,0.003,4,0.001,3,0.001,3,0.004
663;672_0-400m,187;204_400-800m,0,0,1,0,3,0,2,0,5,0.001,0,0
663;672_0-400m,661;674_0-400m,0,0,1,0,7,0.001,5,0.001,7,0.002,3,0.004
663;672_0-400m,661;674_400-800m,0,0,1,0,4,0.001,3,0.001,0,0,0,0
663;672_0-400m,184;207_0-400m,0,0,7,0.003,11,0.001,13,0.003,4,0.001,3,0.004
663;672_0-400m,184;207_400-800m,0,0,2,0.001,9,0.001,7,0.002,5,0.001,5,0.006
663;672_0-400m,657;678_0-400m,0,0,2,0.001,12,0.002,8,0.002,6,0.002,1,0.001
663;672_0-400m,657;678_400-800m,0,0,5,0.002,2,0,2,0,0,0,0,0
663;672_0-400m,656;679_0-400m,0,0,2,0.001,16,0.002,8,0.002,6,0.002,2,0.002
663;672_0-400m,656;679_400-800m,0,0,0,0,2,0,0,0,0,0,0,0
663;672_0-400m,1383;1461;1384_0-400m,1,0.003,10,0.004,37,0.005,19,0.004,21,0.005,7,0.009
663;672_0-400m,1383;1461;1384_400-800m,0,0,2,0.001,18,0.002,19,0.004,20,0.005,2,0.002
663;672_0-400m,665;670_0-400m,0,0,6,0.002,26,0.003,14,0.003,4,0.001,6,0.007
663;672_0-400m,665;670_400-800m,0,0,8,0.003,11,0.001,16,0.004,15,0.004,0,0
663;672_0-400m,659;676;675_0-400m,0,0,4,0.001,20,0.003,8,0.002,6,0.002,1,0.001
663;672_0-400m,659;676;675_400-800m,0,0,2,0.001,1,0,1,0,1,0,0,0
663;672_0-400m,664;671_0-400m,1,0.003,12,0.004,44,0.006,34,0.007,15,0.004,6,0.007
663;672_0-400m,664;671_400-800m,1,0.003,9,0.003,49,0.006,46,0.01,37,0.009,2,0.002
663;672_0-400m,185;206_0-400m,0,0,5,0.002,8,0.001,11,0.002,4,0.001,2,0.002
663;672_0-400m,185;206_400-800m,1,0.003,7,0.003,8,0.001,2,0,1,0,1,0.001
663;672_0-400m,662;673_0-400m,1,0.003,22,0.008,87,0.011,56,0.012,33,0.008,7,0.009
663;672_0-400m,662;673_400-800m,1,0.003,20,0.007,71,0.009,30,0.007,18,0.005,4,0.005
663;672_0-400m,1385;1459_0-400m,1,0.003,28,0.01,63,0.008,36,0.008,32,0.008,13,0.016
663;672_0-400m,1385;1459_400-800m,0,0,1,0,5,0.001,2,0,1,0,0,0
663;672_0-400m,658;677_0-400m,0,0,3,0.001,19,0.002,6,0.001,4,0.001,1,0.001
663;672_0-400m,658;677_400-800m,0,0,0,0,0,0,0,0,0,0,0,0
663;672_0-400m,663;672_0-400m,0,0,24,0.009,81,0.01,53,0.012,35,0.009,4,0.005
663;672_0-400m,663;672_400-800m,1,0.003,13,0.005,42,0.005,27,0.006,9,0.002,3,0.004
663;672_0-400m,183;209_0-400m,0,0,3,0.001,15,0.002,4,0.001,4,0.001,1,0.001
663;672_0-400m,183;209_400-800m,0,0,1,0,5,0.001,1,0,0,0,0,0
663;672_0-400m,186;205_0-400m,0,0,1,0,6,0.001,4,0.001,5,0.001,4,0.005
663;672_0-400m,186;205_400-800m,0,0,0,0,2,0,1,0,0,0,0,0
663;672_0-400m,188;203_0-400m,0,0,13,0.005,33,0.004,23,0.005,14,0.004,3,0.004
663;672_0-400m,188;203_400-800m,2,0.006,12,0.004,34,0.004,17,0.004,14,0.004,5,0.006
663;672_0-400m,388;823_0-400m,0,0,9,0.003,66,0.008,32,0.007,23,0.006,1,0.001
663;672_0-400m,388;823_400-800m,1,0.003,1,0,10,0.001,8,0.002,2,0.001,0,0
663;672_0-400m,1386;95_0-400m,1,0.003,22,0.008,55,0.007,43,0.009,21,0.005,5,0.006
663;672_0-400m,1386;95_400-800m,0,0,0,0,11,0.001,9,0.002,2,0.001,1,0.001
663;672_0-400m,Orange_0-400m,2,0.006,16,0.006,75,0.01,71,0.016,29,0.007,16,0.02
663;672_0-400m,Blue_0-400m,2,0.006,1,0,18,0.002,16,0.004,2,0.001,0,0
663;672_0-400m,Green_0-400m,1,0.003,2,0.001,23,0.003,26,0.006,9,0.002,7,0.009
663;672_0-400m,Orange_400-800m,0,0,3,0.001,33,0.004,22,0.005,9,0.002,4,0.005
663;672_0-400m,Blue_400-800m,1,0.003,4,0.001,8,0.001,14,0.003,7,0.002,1,0.001
663;672_0-400m,Green_400-800m,1,0.003,4,0.001,24,0.003,7,0.002,7,0.002,1,0.001
663;672_0-400m,External,84,0.256,801,0.295,3173,0.403,2150,0.473,1437,0.367,269,0.335
663;672_400-800m,415;448_0-400m,0,0,0,0,2,0,1,0,1,0,0,0
663;672_400-800m,415;448_400-800m,0,0,0,0,2,0,0,0,1,0,0,0
663;672_400-800m,408;455_0-400m,0,0,0,0,1,0,0,0,0,0,0,0
663;672_400-800m,408;455_400-800m,0,0,0,0,1,0,0,0,0,0,0,0
663;672_400-800m,412;451_0-400m,0,0,0,0,0,0,1,0,0,0,0,0
663;672_400-800m,412;451_400-800m,0,0,1,0,2,0,3,0.001,4,0.001,0,0
663;672_400-800m,416;447_0-400m,0,0,0,0,2,0,0,0,1,0,1,0.001
663;672_400-800m,416;447_400-800m,0,0,0,0,0,0,1,0,0,0,0,0
663;672_400-800m,410;452_0-400m,0,0,0,0,2,0,1,0,1,0,1,0.001
663;672_400-800m,410;452_400-800m,0,0,0,0,7,0.001,2,0,4,0.001,1,0.001
663;672_400-800m,414;449_0-400m,0,0,0,0,2,0,1,0,3,0.001,0,0
663;672_400-800m,414;449_400-800m,0,0,0,0,6,0.001,2,0,2,0.001,1,0.001
663;672_400-800m,407;456_0-400m,0,0,0,0,3,0,0,0,3,0.001,0,0
663;672_400-800m,407;456_400-800m,0,0,0,0,3,0,2,0,2,0.001,1,0.001
663;672_400-800m,413;450_0-400m,0,0,0,0,0,0,0,0,0,0,0,0
663;672_400-800m,413;450_400-800m,0,0,0,0,5,0.001,5,0.001,3,0.001,2,0.002
663;672_400-800m,419;444;420_0-400m,0,0,2,0.001,8,0.001,1,0,5,0.001,0,0
663;672_400-800m,419;444;420_400-800m,0,0,1,0,5,0.001,3,0.001,7,0.002,0,0
663;672_400-800m,417;445_0-400m,0,0,0,0,3,0,0,0,0,0,1,0.001
663;672_400-800m,417;445_400-800m,0,0,2,0.001,6,0.001,1,0,0,0,1,0.001
663;672_400-800m,405;457_0-400m,0,0,2,0.001,6,0.001,2,0,1,0,1,0.001
663;672_400-800m,405;457_400-800m,0,0,0,0,0,0,0,0,1,0,0,0
663;672_400-800m,404;459_0-400m,0,0,0,0,6,0.001,4,0.001,3,0.001,1,0.001
663;672_400-800m,404;459_400-800m,0,0,0,0,6,0.001,2,0,2,0.001,0,0
663;672_400-800m,421;442_0-400m,2,0.006,3,0.001,21,0.003,8,0.002,8,0.002,3,0.004
663;672_400-800m,421;442_400-800m,1,0.003,2,0.001,6,0.001,7,0.002,15,0.004,0,0
663;672_400-800m,196;24;1508_0-400m,1,0.003,3,0.001,20,0.003,13,0.003,13,0.003,1,0.001
663;672_400-800m,196;24;1508_400-800m,0,0,4,0.001,13,0.002,23,0.005,14,0.004,4,0.005
663;672_400-800m,409;453_0-400m,0,0,0,0,0,0,2,0,2,0.001,0,0
663;672_400-800m,409;453_400-800m,0,0,1,0,3,0,0,0,4,0.001,0,0
663;672_400-800m,1503_0-400m,0,0,6,0.002,15,0.002,6,0.001,14,0.004,1,0.001
663;672_400-800m,1503_400-800m,0,0,0,0,3,0,1,0,0,0,0,0
663;672_400-800m,1125;1163;1162_0-400m,0,0,0,0,0,0,1,0,2,0.001,0,0
663;672_400-800m,1125;1163;1162_400-800m,0,0,0,0,1,0,0,0,0,0,0,0
663;672_400-800m,1134;1153_0-400m,0,0,0,0,0,0,0,0,0,0,0,0
663;672_400-800m,1134;1153_400-800m,0,0,0,0,1,0,0,0,0,0,0,0
663;672_400-800m,21;28;1612_0-400m,1,0.003,0,0,15,0.002,8,0.002,8,0.002,5,0.006
663;672_400-800m,21;28;1612_400-800m,1,0.003,3,0.001,9,0.001,4,0.001,13,0.003,2,0.002
663;672_400-800m,1131;1158_0-400m,0,0,0,0,0,0,1,0,0,0,0,0
663;672_400-800m,1131;1158_400-800m,0,0,0,0,1,0,0,0,1,0,0,0
663;672_400-800m,1135;1152_0-400m,0,0,0,0,0,0,1,0,0,0,0,0
663;672_400-800m,1135;1152_400-800m,0,0,0,0,0,0,0,0,0,0,0,0
663;672_400-800m,584;604_0-400m,0,0,4,0.001,1,0,0,0,0,0,0,0
663;672_400-800m,584;604_400-800m,0,0,0,0,0,0,2,0,1,0,0,0
663;672_400-800m,1139;1149_0-400m,0,0,0,0,2,0,2,0,0,0,0,0
663;672_400-800m,1139;1149_400-800m,0,0,0,0,0,0,0,0,0,0,0,0
663;672_400-800m,1138;1150;1137_0-400m,0,0,1,0,3,0,1,0,2,0.001,0,0
663;672_400-800m,1138;1150;1137_400-800m,0,0,0,0,0,0,0,0,0,0,0,0
663;672_400-800m,1124;1164_0-400m,0,0,0,0,2,0,2,0,1,0,0,0
663;672_400-800m,1124;1164_400-800m,0,0,1,0,4,0.001,2,0,2,0.001,0,0
663;672_400-800m,343;349_0-400m,0,0,0,0,0,0,0,0,3,0.001,1,0.001
663;672_400-800m,343;349_400-800m,0,0,0,0,0,0,0,0,0,0,0,0
663;672_400-800m,1136;1151_0-400m,0,0,0,0,0,0,0,0,0,0,2,0.002
663;672_400-800m,1136;1151_400-800m,0,0,0,0,0,0,1,0,0,0,0,0
663;672_400-800m,342;350_0-400m,0,0,0,0,0,0,0,0,3,0.001,0,0
663;672_400-800m,342;350_400-800m,0,0,0,0,0,0,0,0,1,0,0,0
663;672_400-800m,1141;1147_0-400m,0,0,0,0,1,0,1,0,0,0,1,0.001
663;672_400-800m,1141;1147_400-800m,0,0,0,0,0,0,0,0,0,0,0,0
663;672_400-800m,1132;1155;1156_0-400m,0,0,1,0,0,0,1,0,0,0,0,0
663;672_400-800m,1132;1155;1156_400-800m,0,0,0,0,0,0,1,0,0,0,0,0
663;672_400-800m,1133;1154_0-400m,0,0,0,0,0,0,0,0,0,0,0,0
663;672_400-800m,1133;1154_400-800m,0,0,0,0,0,0,0,0,0,0,0,0
663;672_400-800m,1130;1159;1160_0-400m,0,0,0,0,1,0,0,0,1,0,0,0
663;672_400-800m,1130;1159;1160_400-800m,0,0,0,0,0,0,0,0,0,0,0,0
663;672_400-800m,345;347_0-400m,0,0,0,0,4,0.001,1,0,0,0,0,0
663;672_400-800m,345;347_400-800m,0,0,0,0,10,0.001,8,0.002,11,0.003,1,0.001
663;672_400-800m,344;348_0-400m,0,0,0,0,2,0,0,0,1,0,0,0
663;672_400-800m,344;348_400-800m,1,0.003,0,0,1,0,5,0.001,0,0,0,0
663;672_400-800m,1140;1148_0-400m,0,0,0,0,0,0,1,0,0,0,0,0
663;672_400-800m,1140;1148_400-800m,0,0,0,0,2,0,3,0.001,2,0.001,0,0
663;672_400-800m,1127;1161_0-400m,0,0,0,0,1,0,0,0,1,0,1,0.001
663;672_400-800m,1127;1161_400-800m,0,0,0,0,0,0,0,0,0,0,0,0
663;672_400-800m,1855_0-400m,0,0,0,0,0,0,0,0,0,0,0,0
663;672_400-800m,1855_400-800m,0,0,0,0,1,0,0,0,0,0,0,0
663;672_400-800m,187;204_0-400m,0,0,2,0.001,5,0.001,2,0,0,0,0,0
663;672_400-800m,187;204_400-800m,0,0,0,0,0,0,0,0,1,0,0,0
663;672_400-800m,661;674_0-400m,0,0,1,0,3,0,2,0,0,0,0,0
663;672_400-800m,661;674_400-800m,0,0,0,0,1,0,3,0.001,1,0,0,0
663;672_400-800m,184;207_0-400m,0,0,0,0,6,0.001,8,0.002,1,0,1,0.001
663;672_400-800m,184;207_400-800m,0,0,2,0.001,7,0.001,4,0.001,5,0.001,0,0
663;672_400-800m,657;678_0-400m,0,0,0,0,5,0.001,12,0.003,3,0.001,0,0
663;672_400-800m,657;678_400-800m,0,0,0,0,2,0,2,0,0,0,0,0
663;672_400-800m,656;679_0-400m,0,0,1,0,25,0.003,10,0.002,8,0.002,0,0
663;672_400-800m,656;679_400-800m,0,0,0,0,1,0,0,0,0,0,2,0.002
663;672_400-800m,1383;1461;1384_0-400m,0,0,5,0.002,20,0.003,11,0.002,9,0.002,4,0.005
663;672_400-800m,1383;1461;1384_400-800m,0,0,3,0.001,13,0.002,10,0.002,8,0.002,2,0.002
663;672_400-800m,665;670_0-400m,0,0,1,0,14,0.002,8,0.002,16,0.004,1,0.001
663;672_400-800m,665;670_400-800m,0,0,5,0.002,13,0.002,8,0.002,17,0.004,4,0.005
663;672_400-800m,659;676;675_0-400m,0,0,1,0,12,0.002,7,0.002,7,0.002,0,0
663;672_400-800m,659;676;675_400-800m,0,0,0,0,1,0,0,0,1,0,0,0
663;672_400-800m,664;671_0-400m,0,0,2,0.001,10,0.001,8,0.002,8,0.002,0,0
663;672_400-800m,664;671_400-800m,0,0,3,0.001,70,0.009,33,0.007,40,0.01,6,0.007
663;672_400-800m,185;206_0-400m,0,0,0,0,7,0.001,2,0,1,0,2,0.002
663;672_400-800m,185;206_400-800m,0,0,0,0,4,0.001,0,0,1,0,3,0.004
663;672_400-800m,662;673_0-400m,0,0,23,0.008,77,0.01,43,0.009,27,0.007,6,0.007
663;672_400-800m,662;673_400-800m,0,0,5,0.002,44,0.006,22,0.005,12,0.003,2,0.002
663;672_400-800m,1385;1459_0-400m,0,0,8,0.003,20,0.003,7,0.002,8,0.002,2,0.002
663;672_400-800m,1385;1459_400-800m,0,0,0,0,2,0,1,0,1,0,0,0
663;672_400-800m,658;677_0-400m,0,0,0,0,12,0.002,6,0.001,8,0.002,0,0
663;672_400-800m,658;677_400-800m,0,0,0,0,0,0,0,0,0,0,0,0
663;672_400-800m,663;672_0-400m,0,0,9,0.003,38,0.005,26,0.006,19,0.005,4,0.005
663;672_400-800m,663;672_400-800m,1,0.003,22,0.008,110,0.014,36,0.008,61,0.016,14,0.017
663;672_400-800m,183;209_0-400m,0,0,4,0.001,15,0.002,7,0.002,3,0.001,0,0
663;672_400-800m,183;209_400-800m,0,0,1,0,1,0,2,0,0,0,0,0
663;672_400-800m,186;205_0-400m,1,0.003,1,0,9,0.001,3,0.001,1,0,1,0.001
663;672_400-800m,186;205_400-800m,0,0,0,0,0,0,0,0,0,0,0,0
663;672_400-800m,188;203_0-400m,0,0,7,0.003,14,0.002,13,0.003,7,0.002,2,0.002
663;672_400-800m,188;203_400-800m,1,0.003,1,0,4,0.001,2,0,3,0.001,3,0.004
663;672_400-800m,388;823_0-400m,0,0,3,0.001,90,0.011,41,0.009,31,0.008,1,0.001
663;672_400-800m,388;823_400-800m,0,0,0,0,2,0,3,0.001,2,0.001,3,0.004
663;672_400-800m,1386;95_0-400m,0,0,7,0.003,21,0.003,14,0.003,12,0.003,2,0.002
663;672_400-800m,1386;95_400-800m,0,0,1,0,5,0.001,3,0.001,3,0.001,0,0
663;672_400-800m,Orange_0-400m,0,0,2,0.001,26,0.003,20,0.004,14,0.004,2,0.002
663;672_400-800m,Blue_0-400m,0,0,0,0,7,0.001,10,0.002,1,0,1,0.001
663;672_400-800m,Green_0-400m,0,0,4,0.001,6,0.001,7,0.002,3,0.001,1,0.001
663;672_400-800m,Orange_400-800m,0,0,1,0,8,0.001,12,0.003,7,0.002,0,0
663;672_400-800m,Blue_400-800m,0,0,0,0,9,0.001,6,0.001,2,0.001,1,0.001
663;672_400-800m,Green_400-800m,0,0,4,0.001,19,0.002,14,0.003,11,0.003,2,0.002
663;672_400-800m,External,26,0.079,415,0.153,1854,0.235,1347,0.296,948,0.242,166,0.207
183;209_0-400m,415;448_0-400m,0,0,0,0,3,0,1,0,1,0,1,0.001
183;209_0-400m,415;448_400-800m,0,0,0,0,1,0,3,0.001,0,0,0,0
183;209_0-400m,408;455_0-400m,0,0,0,0,2,0,0,0,0,0,0,0
183;209_0-400m,408;455_400-800m,0,0,0,0,3,0,2,0,0,0,0,0
183;209_0-400m,412;451_0-400m,0,0,0,0,0,0,3,0.001,4,0.001,0,0
183;209_0-400m,412;451_400-800m,0,0,1,0,2,0,1,0,0,0,0,0
183;209_0-400m,416;447_0-400m,0,0,0,0,2,0,1,0,1,0,0,0
183;209_0-400m,416;447_400-800m,0,0,4,0.001,8,0.001,7,0.002,4,0.001,0,0
183;209_0-400m,410;452_0-400m,0,0,0,0,2,0,1,0,1,0,0,0
183;209_0-400m,410;452_400-800m,0,0,0,0,3,0,0,0,0,0,0,0
183;209_0-400m,414;449_0-400m,0,0,0,0,1,0,1,0,1,0,2,0.002
183;209_0-400m,414;449_400-800m,0,0,0,0,5,0.001,3,0.001,0,0,0,0
183;209_0-400m,407;456_0-400m,0,0,0,0,2,0,2,0,1,0,0,0
183;209_0-400m,407;456_400-800m,0,0,0,0,1,0,2,0,0,0,0,0
183;209_0-400m,413;450_0-400m,0,0,0,0,0,0,2,0,2,0.001,2,0.002
183;209_0-400m,413;450_400-800m,0,0,0,0,4,0.001,2,0,0,0,1,0.001
183;209_0-400m,419;444;420_0-400m,0,0,1,0,15,0.002,3,0.001,1,0,1,0.001
183;209_0-400m,419;444;420_400-800m,0,0,3,0.001,2,0,2,0,1,0,0,0
183;209_0-400m,417;445_0-400m,0,0,1,0,4,0.001,3,0.001,3,0.001,0,0
183;209_0-400m,417;445_400-800m,0,0,2,0.001,0,0,2,0,1,0,0,0
183;209_0-400m,405;457_0-400m,0,0,0,0,2,0,0,0,2,0.001,0,0
183;209_0-400m,405;457_400-800m,0,0,0,0,0,0,0,0,0,0,0,0
183;209_0-400m,404;459_0-400m,0,0,1,0,6,0.001,2,0,1,0,2,0.002
183;209_0-400m,404;459_400-800m,0,0,2,0.001,9,0.001,6,0.001,1,0,1,0.001
183;209_0-400m,421;442_0-400m,1,0.003,2,0.001,16,0.002,6,0.001,3,0.001,1,0.001
183;209_0-400m,421;442_400-800m,6,0.018,2,0.001,9,0.001,4,0.001,2,0.001,2,0.002
183;209_0-400m,196;24;1508_0-400m,0,0,5,0.002,18,0.002,11,0.002,5,0.001,9,0.011
183;209_0-400m,196;24;1508_400-800m,0,0,0,0,6,0.001,1,0,5,0.001,0,0
183;209_0-400m,409;453_0-400m,0,0,2,0.001,1,0,4,0.001,0,0,2,0.002
183;209_0-400m,409;453_400-800m,1,0.003,0,0,4,0.001,3,0.001,2,0.001,0,0
183;209_0-400m,1503_0-400m,0,0,3,0.001,16,0.002,16,0.004,6,0.002,1,0.001
183;209_0-400m,1503_400-800m,2,0.006,0,0,0,0,2,0,0,0,2,0.002
183;209_0-400m,1125;1163;1162_0-400m,0,0,0,0,1,0,0,0,0,0,0,0
183;209_0-400m,1125;1163;1162_400-800m,0,0,0,0,0,0,0,0,0,0,0,0
183;209_0-400m,1134;1153_0-400m,0,0,0,0,0,0,0,0,1,0,0,0
183;209_0-400m,1134;1153_400-800m,0,0,1,0,1,0,0,0,1,0,0,0
183;209_0-400m,21;28;1612_0-400m,0,0,2,0.001,13,0.002,15,0.003,4,0.001,3,0.004
183;209_0-400m,21;28;1612_400-800m,0,0,5,0.002,10,0.001,5,0.001,3,0.001,2,0.002
183;209_0-400m,1131;1158_0-400m,0,0,0,0,0,0,1,0,0,0,0,0
183;209_0-400m,1131;1158_400-800m,0,0,0,0,0,0,4,0.001,2,0.001,0,0
183;209_0-400m,1135;1152_0-400m,0,0,0,0,0,0,2,0,0,0,0,0
183;209_0-400m,1135;1152_400-800m,0,0,0,0,0,0,0,0,0,0,0,0
183;209_0-400m,584;604_0-400m,0,0,0,0,3,0,2,0,0,0,0,0
183;209_0-400m,584;604_400-800m,0,0,0,0,2,0,0,0,1,0,0,0
183;209_0-400m,1139;1149_0-400m,0,0,0,0,2,0,4,0.001,0,0,0,0
183;209_0-400m,1139;1149_400-800m,0,0,0,0,0,0,0,0,0,0,0,0
183;209_0-400m,1138;1150;1137_0-400m,0,0,0,0,1,0,5,0.001,1,0,1,0.001
183;209_0-400m,1138;1150;1137_400-800m,0,0,0,0,0,0,0,0,0,0,0,0
183;209_0-400m,1124;1164_0-400m,0,0,2,0.001,2,0,0,0,1,0,0,0
183;209_0-400m,1124;1164_400-800m,0,0,3,0.001,8,0.001,3,0.001,1,0,0,0
183;209_0-400m,343;349_0-400m,0,0,1,0,2,0,1,0,2,0.001,1,0.001
183;209_0-400m,343;349_400-800m,0,0,0,0,1,0,1,0,0,0,0,0
183;209_0-400m,1136;1151_0-400m,0,0,1,0,0,0,1,0,0,0,0,0
183;209_0-400m,1136;1151_400-800m,0,0,0,0,1,0,12,0.003,1,0,0,0
183;209_0-400m,342;350_0-400m,0,0,2,0.001,4,0.001,1,0,0,0,2,0.002
183;209_0-400m,342;350_400-800m,0,0,2,0.001,3,0,1,0,2,0.001,0,0
183;209_0-400m,1141;1147_0-400m,0,0,0,0,2,0,0,0,0,0,2,0.002
183;209_0-400m,1141;1147_400-800m,0,0,0,0,1,0,1,0,0,0,0,0
183;209_0-400m,1132;1155;1156_0-400m,0,0,0,0,1,0,2,0,0,0,0,0
183;209_0-400m,1132;1155;1156_400-800m,0,0,0,0,2,0,1,0,0,0,0,0
183;209_0-400m,1133;1154_0-400m,0,0,0,0,1,0,2,0,1,0,0,0
183;209_0-400m,1133;1154_400-800m,0,0,0,0,0,0,1,0,0,0,0,0
183;209_0-400m,1130;1159;1160_0-400m,0,0,0,0,4,0.001,3,0.001,1,0,0,0
183;209_0-400m,1130;1159;1160_400-800m,0,0,0,0,0,0,0,0,0,0,0,0
183;209_0-400m,345;347_0-400m,0,0,0,0,8,0.001,6,0.001,6,0.002,1,0.001
183;209_0-400m,345;347_400-800m,2,0.006,8,0.003,17,0.002,11,0.002,7,0.002,2,0.002
183;209_0-400m,344;348_0-400m,0,0,0,0,1,0,1,0,1,0,1,0.001
183;209_0-400m,344;348_400-800m,0,0,0,0,2,0,1,0,2,0.001,0,0
183;209_0-400m,1140;1148_0-400m,0,0,0,0,4,0.001,4,0.001,2,0.001,1,0.001
183;209_0-400m,1140;1148_400-800m,0,0,0,0,1,0,0,0,0,0,0,0
183;209_0-400m,1127;1161_0-400m,0,0,3,0.001,2,0,4,0.001,1,0,0,0
183;209_0-400m,1127;1161_400-800m,0,0,0,0,0,0,0,0,0,0,0,0
183;209_0-400m,1855_0-400m,0,0,0,0,0,0,2,0,0,0,0,0
183;209_0-400m,1855_400-800m,0,0,0,0,0,0,0,0,0,0,0,0
183;209_0-400m,187;204_0-400m,0,0,2,0.001,17,0.002,19,0.004,8,0.002,0,0
183;209_0-400m,187;204_400-800m,0,0,4,0.001,2,0,0,0,4,0.001,0,0
183;209_0-400m,661;674_0-400m,1,0.003,6,0.002,27,0.003,13,0.003,6,0.002,3,0.004
183;209_0-400m,661;674_400-800m,0,0,1,0,13,0.002,6,0.001,3,0.001,0,0
183;209_0-400m,184;207_0-400m,0,0,5,0.002,19,0.002,11,0.002,5,0.001,1,0.001
183;209_0-400m,184;207_400-800m,0,0,1,0,11,0.001,3,0.001,0,0,1,0.001
183;209_0-400m,657;678_0-400m,1,0.003,9,0.003,30,0.004,22,0.005,8,0.002,3,0.004
183;209_0-400m,657;678_400-800m,0,0,3,0.001,1,0,2,0,2,0.001,0,0
183;209_0-400m,656;679_0-400m,0,0,7,0.003,35,0.004,26,0.006,5,0.001,0,0
183;209_0-400m,656;679_400-800m,0,0,1,0,2,0,3,0.001,1,0,0,0
183;209_0-400m,1383;1461;1384_0-400m,1,0.003,9,0.003,11,0.001,11,0.002,4,0.001,3,0.004
183;209_0-400m,1383;1461;1384_400-800m,1,0.003,0,0,10,0.001,6,0.001,3,0.001,0,0
183;209_0-400m,665;670_0-400m,0,0,3,0.001,11,0.001,4,0.001,2,0.001,2,0.002
183;209_0-400m,665;670_400-800m,0,0,1,0,7,0.001,3,0.001,2,0.001,1,0.001
183;209_0-400m,659;676;675_0-400m,0,0,8,0.003,32,0.004,18,0.004,5,0.001,1,0.001
183;209_0-400m,659;676;675_400-800m,0,0,7,0.003,11,0.001,5,0.001,0,0,0,0
183;209_0-400m,664;671_0-400m,0,0,0,0,26,0.003,8,0.002,2,0.001,2,0.002
183;209_0-400m,664;671_400-800m,0,0,1,0,13,0.002,4,0.001,3,0.001,0,0
183;209_0-400m,185;206_0-400m,0,0,6,0.002,26,0.003,15,0.003,7,0.002,4,0.005
183;209_0-400m,185;206_400-800m,0,0,1,0,2,0,3,0.001,1,0,1,0.001
183;209_0-400m,662;673_0-400m,0,0,12,0.004,40,0.005,18,0.004,15,0.004,2,0.002
183;209_0-400m,662;673_400-800m,0,0,8,0.003,17,0.002,3,0.001,4,0.001,0,0
183;209_0-400m,1385;1459_0-400m,2,0.006,9,0.003,26,0.003,7,0.002,6,0.002,3,0.004
183;209_0-400m,1385;1459_400-800m,0,0,0,0,0,0,0,0,1,0,0,0
183;209_0-400m,658;677_0-400m,0,0,3,0.001,16,0.002,8,0.002,7,0.002,2,0.002
183;209_0-400m,658;677_400-800m,0,0,0,0,0,0,1,0,0,0,0,0
183;209_0-400m,663;672_0-400m,0,0,5,0.002,17,0.002,10,0.002,4,0.001,3,0.004
183;209_0-400m,663;672_400-800m,0,0,0,0,6,0.001,6,0.001,0,0,1,0.001
183;209_0-400m,183;209_0-400m,3,0.009,25,0.009,77,0.01,22,0.005,27,0.007,3,0.004
183;209_0-400m,183;209_400-800m,0,0,6,0.002,36,0.005,7,0.002,0,0,1,0.001
183;209_0-400m,186;205_0-400m,0,0,1,0,5,0.001,10,0.002,2,0.001,2,0.002
183;209_0-400m,186;205_400-800m,0,0,0,0,1,0,0,0,0,0,0,0
183;209_0-400m,188;203_0-400m,0,0,15,0.006,51,0.006,19,0.004,11,0.003,4,0.005
183;209_0-400m,188;203_400-800m,0,0,9,0.003,25,0.003,9,0.002,3,0.001,0,0
183;209_0-400m,388;823_0-400m,1,0.003,21,0.008,132,0.017,67,0.015,55,0.014,6,0.007
183;209_0-400m,388;823_400-800m,0,0,7,0.003,25,0.003,9,0.002,10,0.003,2,0.002
183;209_0-400m,1386;95_0-400m,1,0.003,7,0.003,19,0.002,10,0.002,4,0.001,3,0.004
183;209_0-400m,1386;95_400-800m,0,0,2,0.001,9,0.001,3,0.001,0,0,1,0.001
183;209_0-400m,Orange_0-400m,4,0.012,10,0.004,34,0.004,26,0.006,10,0.003,3,0.004
183;209_0-400m,Blue_0-400m,0,0,2,0.001,11,0.001,9,0.002,3,0.001,0,0
183;209_0-400m,Green_0-400m,2,0.006,18,0.007,43,0.005,25,0.005,23,0.006,6,0.007
183;209_0-400m,Orange_400-800m,0,0,4,0.001,20,0.003,15,0.003,3,0.001,0,0
183;209_0-400m,Blue_400-800m,3,0.009,2,0.001,8,0.001,7,0.002,4,0.001,0,0
183;209_0-400m,Green_400-800m,0,0,14,0.005,36,0.005,14,0.003,9,0.002,4,0.005
183;209_0-400m,External,53,0.161,521,0.192,1818,0.231,1250,0.275,436,0.111,72,0.09
183;209_400-800m,415;448_0-400m,1,0.003,0,0,1,0,0,0,1,0,0,0
183;209_400-800m,415;448_400-800m,0,0,0,0,1,0,0,0,0,0,0,0
183;209_400-800m,408;455_0-400m,0,0,0,0,1,0,2,0,1,0,0,0
183;209_400-800m,408;455_400-800m,0,0,0,0,2,0,0,0,0,0,1,0.001
183;209_400-800m,412;451_0-400m,0,0,0,0,1,0,0,0,4,0.001,1,0.001
183;209_400-800m,412;451_400-800m,0,0,0,0,2,0,2,0,2,0.001,0,0
183;209_400-800m,416;447_0-400m,0,0,0,0,4,0.001,0,0,0,0,1,0.001
183;209_400-800m,416;447_400-800m,0,0,1,0,3,0,1,0,0,0,0,0
183;209_400-800m,410;452_0-400m,0,0,0,0,2,0,0,0,0,0,0,0
183;209_400-800m,410;452_400-800m,0,0,0,0,2,0,2,0,2,0.001,0,0
183;209_400-800m,414;449_0-400m,0,0,1,0,2,0,0,0,0,0,0,0
183;209_400-800m,414;449_400-800m,0,0,0,0,2,0,0,0,0,0,0,0
183;209_400-800m,407;456_0-400m,0,0,1,0,2,0,0,0,1,0,0,0
183;209_400-800m,407;456_400-800m,0,0,0,0,0,0,4,0.001,0,0,0,0
183;209_400-800m,413;450_0-400m,0,0,3,0.001,2,0,1,0,0,0,0,0
183;209_400-800m,413;450_400-800m,0,0,0,0,1,0,1,0,3,0.001,0,0
183;209_400-800m,419;444;420_0-400m,1,0.003,2,0.001,9,0.001,3,0.001,2,0.001,2,0.002
183;209_400-800m,419;444;420_400-800m,0,0,0,0,6,0.001,1,0,0,0,1,0.001
183;209_400-800m,417;445_0-400m,0,0,0,0,3,0,2,0,1,0,0,0
183;209_400-800m,417;445_400-800m,0,0,2,0.001,2,0,2,0,2,0.001,0,0
183;209_400-800m,405;457_0-400m,0,0,1,0,4,0.001,3,0.001,3,0.001,0,0
183;209_400-800m,405;457_400-800m,0,0,0,0,0,0,1,0,0,0,0,0
183;209_400-800m,404;459_0-400m,0,0,0,0,3,0,3,0.001,2,0.001,0,0
183;209_400-800m,404;459_400-800m,0,0,0,0,5,0.001,0,0,3,0.001,0,0
183;209_400-800m,421;442_0-400m,1,0.003,8,0.003,12,0.002,8,0.002,4,0.001,0,0
183;209_400-800m,421;442_400-800m,1,0.003,1,0,1,0,4,0.001,1,0,0,0
183;209_400-800m,196;24;1508_0-400m,0,0,1,0,8,0.001,2,0,1,0,0,0
183;209_400-800m,196;24;1508_400-800m,0,0,1,0,6,0.001,3,0.001,0,0,0,0
183;209_400-800m,409;453_0-400m,0,0,0,0,0,0,1,0,0,0,0,0
183;209_400-800m,409;453_400-800m,0,0,1,0,3,0,0,0,4,0.001,0,0
183;209_400-800m,1503_0-400m,1,0.003,2,0.001,10,0.001,7,0.002,3,0.001,1,0.001
183;209_400-800m,1503_400-800m,0,0,1,0,2,0,0,0,0,0,0,0
183;209_400-800m,1125;1163;1162_0-400m,0,0,0,0,1,0,0,0,0,0,0,0
183;209_400-800m,1125;1163;1162_400-800m,0,0,0,0,0,0,0,0,0,0,0,0
183;209_400-800m,1134;1153_0-400m,0,0,0,0,1,0,0,0,0,0,0,0
183;209_400-800m,1134;1153_400-800m,0,0,0,0,1,0,0,0,0,0,0,0
183;209_400-800m,21;28;1612_0-400m,1,0.003,3,0.001,30,0.004,20,0.004,7,0.002,2,0.002
183;209_400-800m,21;28;1612_400-800m,0,0,2,0.001,7,0.001,5,0.001,3,0.001,0,0
183;209_400-800m,1131;1158_0-400m,0,0,0,0,2,0,0,0,0,0,0,0
183;209_400-800m,1131;1158_400-800m,0,0,0,0,0,0,0,0,0,0,0,0
183;209_400-800m,1135;1152_0-400m,0,0,0,0,1,0,1,0,1,0,1,0.001
183;209_400-800m,1135;1152_400-800m,0,0,0,0,0,0,0,0,0,0,0,0
183;209_400-800m,584;604_0-400m,0,0,1,0,2,0,0,0,1,0,0,0
183;209_400-800m,584;604_400-800m,0,0,0,0,3,0,3,0.001,0,0,0,0
183;209_400-800m,1139;1149_0-400m,0,0,0,0,4,0.001,0,0,1,0,1,0.001
183;209_400-800m,1139;1149_400-800m,0,0,0,0,1,0,0,0,0,0,0,0
183;209_400-800m,1138;1150;1137_0-400m,0,0,0,0,0,0,0,0,0,0,0,0
183;209_400-800m,1138;1150;1137_400-800m,0,0,0,0,0,0,0,0,0,0,0,0
183;209_400-800m,1124;1164_0-400m,0,0,1,0,2,0,1,0,1,0,1,0.001
183;209_400-800m,1124;1164_400-800m,0,0,0,0,9,0.001,3,0.001,1,0,2,0.002
183;209_400-800m,343;349_0-400m,0,0,1,0,1,0,1,0,2,0.001,1,0.001
183;209_400-800m,343;349_400-800m,0,0,0,0,1,0,0,0,0,0,0,0
183;209_400-800m,1136;1151_0-400m,0,0,1,0,1,0,1,0,1,0,0,0
183;209_400-800m,1136;1151_400-800m,0,0,0,0,1,0,1,0,1,0,0,0
183;209_400-800m,342;350_0-400m,0,0,1,0,1,0,5,0.001,1,0,0,0
183;209_400-800m,342;350_400-800m,0,0,0,0,0,0,1,0,1,0,0,0
183;209_400-800m,1141;1147_0-400m,0,0,1,0,0,0,1,0,1,0,0,0
183;209_400-800m,1141;1147_400-800m,0,0,0,0,0,0,0,0,0,0,0,0
183;209_400-800m,1132;1155;1156_0-400m,0,0,1,0,0,0,1,0,2,0.001,1,0.001
183;209_400-800m,1132;1155;1156_400-800m,0,0,0,0,0,0,0,0,0,0,0,0
183;209_400-800m,1133;1154_0-400m,0,0,0,0,0,0,0,0,0,0,1,0.001
183;209_400-800m,1133;1154_400-800m,0,0,0,0,0,0,0,0,0,0,1,0.001
183;209_400-800m,1130;1159;1160_0-400m,0,0,0,0,3,0,2,0,0,0,0,0
183;209_400-800m,1130;1159;1160_400-800m,0,0,0,0,0,0,0,0,0,0,0,0
183;209_400-800m,345;347_0-400m,0,0,0,0,11,0.001,10,0.002,3,0.001,0,0
183;209_400-800m,345;347_400-800m,1,0.003,2,0.001,7,0.001,6,0.001,5,0.001,3,0.004
183;209_400-800m,344;348_0-400m,0,0,1,0,2,0,5,0.001,1,0,2,0.002
183;209_400-800m,344;348_400-800m,0,0,3,0.001,2,0,2,0,0,0,2,0.002
183;209_400-800m,1140;1148_0-400m,0,0,2,0.001,1,0,3,0.001,0,0,0,0
183;209_400-800m,1140;1148_400-800m,0,0,0,0,1,0,0,0,3,0.001,0,0
183;209_400-800m,1127;1161_0-400m,0,0,0,0,0,0,0,0,0,0,0,0
183;209_400-800m,1127;1161_400-800m,0,0,0,0,0,0,0,0,0,0,0,0
183;209_400-800m,1855_0-400m,0,0,0,0,1,0,0,0,0,0,0,0
183;209_400-800m,1855_400-800m,0,0,0,0,0,0,1,0,0,0,0,0
183;209_400-800m,187;204_0-400m,0,0,1,0,7,0.001,10,0.002,1,0,0,0
183;209_400-800m,187;204_400-800m,0,0,1,0,0,0,1,0,1,0,0,0
183;209_400-800m,661;674_0-400m,0,0,6,0.002,14,0.002,3,0.001,4,0.001,0,0
183;209_400-800m,661;674_400-800m,0,0,0,0,8,0.001,6,0.001,8,0.002,0,0
183;209_400-800m,184;207_0-400m,1,0.003,1,0,11,0.001,4,0.001,7,0.002,0,0
183;209_400-800m,184;207_400-800m,0,0,1,0,3,0,7,0.002,3,0.001,0,0
183;209_400-800m,657;678_0-400m,0,0,3,0.001,16,0.002,9,0.002,10,0.003,2,0.002
183;209_400-800m,657;678_400-800m,0,0,0,0,2,0,0,0,0,0,0,0
183;209_400-800m,656;679_0-400m,2,0.006,1,0,13,0.002,10,0.002,7,0.002,2,0.002
183;209_400-800m,656;679_400-800m,0,0,0,0,4,0.001,2,0,0,0,0,0
183;209_400-800m,1383;1461;1384_0-400m,0,0,4,0.001,8,0.001,5,0.001,4,0.001,1,0.001
183;209_400-800m,1383;1461;1384_400-800m,0,0,2,0.001,8,0.001,5,0.001,3,0.001,0,0
183;209_400-800m,665;670_0-400m,0,0,0,0,4,0.001,3,0.001,3,0.001,0,0
183;209_400-800m,665;670_400-800m,0,0,1,0,3,0,3,0.001,0,0,0,0
183;209_400-800m,659;676;675_0-400m,2,0.006,5,0.002,31,0.004,17,0.004,15,0.004,2,0.002
183;209_400-800m,659;676;675_400-800m,0,0,3,0.001,6,0.001,12,0.003,8,0.002,1,0.001
183;209_400-800m,664;671_0-400m,0,0,1,0,5,0.001,1,0,1,0,0,0
183;209_400-800m,664;671_400-800m,0,0,1,0,5,0.001,3,0.001,3,0.001,0,0
183;209_400-800m,185;206_0-400m,0,0,5,0.002,3,0,4,0.001,5,0.001,1,0.001
183;209_400-800m,185;206_400-800m,0,0,1,0,4,0.001,4,0.001,1,0,0,0
183;209_400-800m,662;673_0-400m,0,0,4,0.001,14,0.002,19,0.004,3,0.001,0,0
183;209_400-800m,662;673_400-800m,0,0,1,0,15,0.002,4,0.001,3,0.001,0,0
183;209_400-800m,1385;1459_0-400m,0,0,5,0.002,13,0.002,10,0.002,3,0.001,1,0.001
183;209_400-800m,1385;1459_400-800m,0,0,0,0,1,0,0,0,0,0,0,0
183;209_400-800m,658;677_0-400m,1,0.003,5,0.002,12,0.002,7,0.002,6,0.002,0,0
183;209_400-800m,658;677_400-800m,0,0,0,0,0,0,0,0,0,0,0,0
183;209_400-800m,663;672_0-400m,0,0,2,0.001,8,0.001,22,0.005,3,0.001,1,0.001
183;209_400-800m,663;672_400-800m,0,0,0,0,4,0.001,1,0,1,0,0,0
183;209_400-800m,183;209_0-400m,0,0,5,0.002,17,0.002,6,0.001,3,0.001,1,0.001
183;209_400-800m,183;209_400-800m,0,0,3,0.001,10,0.001,7,0.002,6,0.002,1,0.001
183;209_400-800m,186;205_0-400m,0,0,0,0,6,0.001,11,0.002,3,0.001,2,0.002
183;209_400-800m,186;205_400-800m,0,0,0,0,0,0,0,0,0,0,0,0
183;209_400-800m,188;203_0-400m,0,0,4,0.001,19,0.002,24,0.005,5,0.001,0,0
183;209_400-800m,188;203_400-800m,0,0,2,0.001,2,0,2,0,4,0.001,0,0
183;209_400-800m,388;823_0-400m,1,0.003,8,0.003,58,0.007,34,0.007,36,0.009,4,0.005
183;209_400-800m,388;823_400-800m,0,0,4,0.001,13,0.002,7,0.002,4,0.001,0,0
183;209_400-800m,1386;95_0-400m,0,0,5,0.002,9,0.001,11,0.002,3,0.001,1,0.001
183;209_400-800m,1386;95_400-800m,1,0.003,1,0,1,0,6,0.001,2,0.001,0,0
183;209_400-800m,Orange_0-400m,1,0.003,5,0.002,40,0.005,30,0.007,12,0.003,0,0
183;209_400-800m,Blue_0-400m,0,0,0,0,4,0.001,3,0.001,2,0.001,0,0
183;209_400-800m,Green_0-400m,2,0.006,21,0.008,36,0.005,30,0.007,23,0.006,5,0.006
183;209_400-800m,Orange_400-800m,1,0.003,2,0.001,18,0.002,17,0.004,2,0.001,2,0.002
183;209_400-800m,Blue_400-800m,0,0,0,0,7,0.001,3,0.001,2,0.001,0,0
183;209_400-800m,Green_400-800m,2,0.006,4,0.001,24,0.003,19,0.004,14,0.004,4,0.005
183;209_400-800m,External,73,0.222,501,0.184,1833,0.233,1242,0.273,817,0.209,131,0.163
186;205_0-400m,415;448_0-400m,0,0,2,0.001,6,0.001,1,0,0,0,0,0
186;205_0-400m,415;448_400-800m,0,0,0,0,2,0,1,0,1,0,0,0
186;205_0-400m,408;455_0-400m,1,0.003,0,0,2,0,0,0,0,0,0,0
186;205_0-400m,408;455_400-800m,0,0,0,0,3,0,2,0,0,0,0,0
186;205_0-400m,412;451_0-400m,0,0,0,0,2,0,0,0,0,0,1,0.001
186;205_0-400m,412;451_400-800m,0,0,1,0,2,0,0,0,3,0.001,0,0
186;205_0-400m,416;447_0-400m,0,0,6,0.002,6,0.001,1,0,0,0,0,0
186;205_0-400m,416;447_400-800m,0,0,4,0.001,3,0,3,0.001,1,0,0,0
186;205_0-400m,410;452_0-400m,1,0.003,0,0,1,0,1,0,0,0,0,0
186;205_0-400m,410;452_400-800m,0,0,1,0,0,0,2,0,3,0.001,0,0
186;205_0-400m,414;449_0-400m,0,0,0,0,2,0,0,0,0,0,1,0.001
186;205_0-400m,414;449_400-800m,0,0,0,0,1,0,1,0,1,0,0,0
186;205_0-400m,407;456_0-400m,0,0,0,0,0,0,0,0,2,0.001,0,0
186;205_0-400m,407;456_400-800m,0,0,0,0,1,0,2,0,1,0,0,0
186;205_0-400m,413;450_0-400m,0,0,2,0.001,3,0,1,0,3,0.001,0,0
186;205_0-400m,413;450_400-800m,0,0,0,0,3,0,3,0.001,2,0.001,1,0.001
186;205_0-400m,419;444;420_0-400m,0,0,0,0,9,0.001,11,0.002,2,0.001,2,0.002
186;205_0-400m,419;444;420_400-800m,0,0,2,0.001,7,0.001,1,0,2,0.001,1,0.001
186;205_0-400m,417;445_0-400m,1,0.003,2,0.001,4,0.001,2,0,4,0.001,0,0
186;205_0-400m,417;445_400-800m,0,0,2,0.001,6,0.001,2,0,1,0,0,0
186;205_0-400m,405;457_0-400m,0,0,0,0,3,0,3,0.001,6,0.002,0,0
186;205_0-400m,405;457_400-800m,0,0,0,0,0,0,0,0,0,0,0,0
186;205_0-400m,404;459_0-400m,0,0,0,0,10,0.001,7,0.002,2,0.001,1,0.001
186;205_0-400m,404;459_400-800m,0,0,3,0.001,6,0.001,5,0.001,3,0.001,1,0.001
186;205_0-400m,421;442_0-400m,2,0.006,12,0.004,17,0.002,8,0.002,8,0.002,0,0
186;205_0-400m,421;442_400-800m,0,0,3,0.001,7,0.001,5,0.001,2,0.001,1,0.001
186;205_0-400m,196;24;1508_0-400m,0,0,3,0.001,8,0.001,7,0.002,4,0.001,2,0.002
186;205_0-400m,196;24;1508_400-800m,0,0,3,0.001,7,0.001,3,0.001,2,0.001,3,0.004
186;205_0-400m,409;453_0-400m,1,0.003,0,0,0,0,1,0,1,0,0,0
186;205_0-400m,409;453_400-800m,0,0,4,0.001,2,0,1,0,1,0,1,0.001
186;205_0-400m,1503_0-400m,2,0.006,2,0.001,15,0.002,8,0.002,11,0.003,1,0.001
186;205_0-400m,1503_400-800m,0,0,1,0,1,0,2,0,1,0,1,0.001
186;205_0-400m,1125;1163;1162_0-400m,0,0,0,0,2,0,0,0,1,0,1,0.001
186;205_0-400m,1125;1163;1162_400-800m,0,0,0,0,0,0,0,0,0,0,0,0
186;205_0-400m,1134;1153_0-400m,0,0,0,0,0,0,1,0,0,0,0,0
186;205_0-400m,1134;1153_400-800m,0,0,0,0,0,0,0,0,0,0,0,0
186;205_0-400m,21;28;1612_0-400m,0,0,3,0.001,14,0.002,12,0.003,7,0.002,3,0.004
186;205_0-400m,21;28;1612_400-800m,1,0.003,2,0.001,8,0.001,8,0.002,5,0.001,0,0
186;205_0-400m,1131;1158_0-400m,1,0.003,0,0,2,0,0,0,0,0,0,0
186;205_0-400m,1131;1158_400-800m,0,0,0,0,0,0,0,0,1,0,0,0
186;205_0-400m,1135;1152_0-400m,0,0,0,0,0,0,0,0,0,0,0,0
186;205_0-400m,1135;1152_400-800m,0,0,0,0,0,0,0,0,0,0,0,0
186;205_0-400m,584;604_0-400m,0,0,0,0,3,0,1,0,1,0,0,0
186;205_0-400m,584;604_400-800m,0,0,0,0,4,0.001,3,0.001,0,0,0,0
186;205_0-400m,1139;1149_0-400m,0,0,0,0,2,0,2,0,1,0,0,0
186;205_0-400m,1139;1149_400-800m,0,0,0,0,0,0,0,0,0,0,0,0
186;205_0-400m,1138;1150;1137_0-400m,2,0.006,0,0,1,0,1,0,0,0,0,0
186;205_0-400m,1138;1150;1137_400-800m,0,0,0,0,0,0,0,0,0,0,0,0
186;205_0-400m,1124;1164_0-400m,0,0,0,0,2,0,0,0,0,0,0,0
186;205_0-400m,1124;1164_400-800m,0,0,1,0,5,0.001,0,0,0,0,1,0.001
186;205_0-400m,343;349_0-400m,0,0,1,0,2,0,1,0,0,0,2,0.002
186;205_0-400m,343;349_400-800m,0,0,0,0,2,0,0,0,1,0,0,0
186;205_0-400m,1136;1151_0-400m,0,0,0,0,0,0,0,0,2,0.001,0,0
186;205_0-400m,1136;1151_400-800m,0,0,0,0,0,0,0,0,0,0,0,0
186;205_0-400m,342;350_0-400m,0,0,1,0,5,0.001,3,0.001,2,0.001,1,0.001
186;205_0-400m,342;350_400-800m,0,0,0,0,1,0,2,0,0,0,1,0.001
186;205_0-400m,1141;1147_0-400m,0,0,0,0,0,0,2,0,1,0,3,0.004
186;205_0-400m,1141;1147_400-800m,0,0,0,0,0,0,1,0,0,0,0,0
186;205_0-400m,1132;1155;1156_0-400m,0,0,1,0,1,0,0,0,0,0,0,0
186;205_0-400m,1132;1155;1156_400-800m,0,0,0,0,0,0,0,0,1,0,0,0
186;205_0-400m,1133;1154_0-400m,0,0,1,0,2,0,0,0,1,0,0,0
186;205_0-400m,1133;1154_400-800m,0,0,0,0,0,0,0,0,0,0,0,0
186;205_0-400m,1130;1159;1160_0-400m,1,0.003,0,0,3,0,2,0,3,0.001,0,0
186;205_0-400m,1130;1159;1160_400-800m,0,0,0,0,0,0,0,0,0,0,0,0
186;205_0-400m,345;347_0-400m,0,0,3,0.001,3,0,7,0.002,6,0.002,3,0.004
186;205_0-400m,345;347_400-800m,0,0,3,0.001,8,0.001,2,0,10,0.003,3,0.004
186;205_0-400m,344;348_0-400m,0,0,0,0,2,0,0,0,4,0.001,2,0.002
186;205_0-400m,344;348_400-800m,0,0,1,0,2,0,2,0,4,0.001,2,0.002
186;205_0-400m,1140;1148_0-400m,0,0,0,0,2,0,0,0,0,0,2,0.002
186;205_0-400m,1140;1148_400-800m,0,0,0,0,0,0,1,0,0,0,1,0.001
186;205_0-400m,1127;1161_0-400m,0,0,0,0,0,0,1,0,0,0,0,0
186;205_0-400m,1127;1161_400-800m,0,0,0,0,0,0,0,0,0,0,0,0
186;205_0-400m,1855_0-400m,0,0,0,0,2,0,0,0,1,0,0,0
186;205_0-400m,1855_400-800m,0,0,0,0,0,0,0,0,0,0,0,0
186;205_0-400m,187;204_0-400m,1,0.003,3,0.001,13,0.002,11,0.002,8,0.002,2,0.002
186;205_0-400m,187;204_400-800m,0,0,1,0,3,0,3,0.001,0,0,1,0.001
186;205_0-400m,661;674_0-400m,0,0,3,0.001,7,0.001,4,0.001,3,0.001,1,0.001
186;205_0-400m,661;674_400-800m,0,0,0,0,0,0,1,0,0,0,0,0
186;205_0-400m,184;207_0-400m,0,0,4,0.001,11,0.001,5,0.001,8,0.002,0,0
186;205_0-400m,184;207_400-800m,1,0.003,0,0,3,0,5,0.001,1,0,1,0.001
186;205_0-400m,657;678_0-400m,2,0.006,1,0,10,0.001,10,0.002,7,0.002,2,0.002
186;205_0-400m,657;678_400-800m,0,0,0,0,2,0,2,0,3,0.001,0,0
186;205_0-400m,656;679_0-400m,0,0,3,0.001,11,0.001,8,0.002,11,0.003,2,0.002
186;205_0-400m,656;679_400-800m,0,0,0,0,0,0,2,0,0,0,1,0.001
186;205_0-400m,1383;1461;1384_0-400m,0,0,7,0.003,11,0.001,9,0.002,9,0.002,1,0.001
186;205_0-400m,1383;1461;1384_400-800m,0,0,3,0.001,6,0.001,6,0.001,3,0.001,1,0.001
186;205_0-400m,665;670_0-400m,0,0,4,0.001,9,0.001,8,0.002,1,0,3,0.004
186;205_0-400m,665;670_400-800m,0,0,0,0,2,0,0,0,1,0,0,0
186;205_0-400m,659;676;675_0-400m,0,0,5,0.002,14,0.002,11,0.002,3,0.001,0,0
186;205_0-400m,659;676;675_400-800m,0,0,1,0,6,0.001,3,0.001,0,0,0,0
186;205_0-400m,664;671_0-400m,0,0,3,0.001,8,0.001,11,0.002,4,0.001,1,0.001
186;205_0-400m,664;671_400-800m,0,0,1,0,4,0.001,2,0,4,0.001,1,0.001
186;205_0-400m,185;206_0-400m,0,0,6,0.002,17,0.002,10,0.002,10,0.003,2,0.002
186;205_0-400m,185;206_400-800m,0,0,0,0,2,0,0,0,0,0,0,0
186;205_0-400m,662;673_0-400m,0,0,7,0.003,17,0.002,17,0.004,12,0.003,1,0.001
186;205_0-400m,662;673_400-800m,0,0,3,0.001,12,0.002,7,0.002,8,0.002,2,0.002
186;205_0-400m,1385;1459_0-400m,3,0.009,7,0.003,12,0.002,5,0.001,5,0.001,1,0.001
186;205_0-400m,1385;1459_400-800m,0,0,1,0,5,0.001,1,0,3,0.001,0,0
186;205_0-400m,658;677_0-400m,0,0,5,0.002,10,0.001,7,0.002,7,0.002,0,0
186;205_0-400m,658;677_400-800m,0,0,0,0,0,0,0,0,0,0,0,0
186;205_0-400m,663;672_0-400m,0,0,2,0.001,17,0.002,11,0.002,4,0.001,0,0
186;205_0-400m,663;672_400-800m,0,0,1,0,1,0,3,0.001,3,0.001,0,0
186;205_0-400m,183;209_0-400m,0,0,3,0.001,19,0.002,5,0.001,7,0.002,2,0.002
186;205_0-400m,183;209_400-800m,0,0,1,0,0,0,3,0.001,1,0,1,0.001
186;205_0-400m,186;205_0-400m,0,0,5,0.002,18,0.002,9,0.002,8,0.002,4,0.005
186;205_0-400m,186;205_400-800m,0,0,0,0,1,0,0,0,0,0,0,0
186;205_0-400m,188;203_0-400m,0,0,4,0.001,27,0.003,9,0.002,7,0.002,3,0.004
186;205_0-400m,188;203_400-800m,0,0,0,0,14,0.002,14,0.003,5,0.001,3,0.004
186;205_0-400m,388;823_0-400m,0,0,14,0.005,36,0.005,29,0.006,31,0.008,3,0.004
186;205_0-400m,388;823_400-800m,1,0.003,5,0.002,8,0.001,3,0.001,0,0,0,0
186;205_0-400m,1386;95_0-400m,0,0,8,0.003,17,0.002,5,0.001,7,0.002,1,0.001
186;205_0-400m,1386;95_400-800m,0,0,0,0,7,0.001,0,0,1,0,0,0
186;205_0-400m,Orange_0-400m,3,0.009,17,0.006,29,0.004,21,0.005,12,0.003,3,0.004
186;205_0-400m,Blue_0-400m,0,0,2,0.001,8,0.001,1,0,2,0.001,1,0.001
186;205_0-400m,Green_0-400m,0,0,8,0.003,22,0.003,9,0.002,7,0.002,3,0.004
186;205_0-400m,Orange_400-800m,0,0,4,0.001,10,0.001,6,0.001,8,0.002,1,0.001
186;205_0-400m,Blue_400-800m,1,0.003,0,0,6,0.001,4,0.001,0,0,4,0.005
186;205_0-400m,Green_400-800m,0,0,7,0.003,10,0.001,10,0.002,3,0.001,0,0
186;205_0-400m,External,43,0.131,411,0.151,950,0.121,592,0.13,436,0.111,96,0.119
186;205_400-800m,415;448_0-400m,0,0,0,0,1,0,0,0,1,0,0,0
186;205_400-800m,415;448_400-800m,0,0,0,0,0,0,0,0,0,0,0,0
186;205_400-800m,408;455_0-400m,0,0,0,0,1,0,0,0,0,0,0,0
186;205_400-800m,408;455_400-800m,0,0,0,0,0,0,0,0,0,0,0,0
186;205_400-800m,412;451_0-400m,0,0,0,0,0,0,0,0,0,0,0,0
186;205_400-800m,412;451_400-800m,0,0,0,0,0,0,0,0,0,0,0,0
186;205_400-800m,416;447_0-400m,0,0,0,0,1,0,0,0,0,0,0,0
186;205_400-800m,416;447_400-800m,0,0,0,0,1,0,0,0,0,0,0,0
186;205_400-800m,410;452_0-400m,0,0,0,0,0,0,0,0,0,0,0,0
186;205_400-800m,410;452_400-800m,0,0,0,0,0,0,0,0,0,0,0,0
186;205_400-800m,414;449_0-400m,0,0,0,0,0,0,0,0,0,0,0,0
186;205_400-800m,414;449_400-800m,0,0,0,0,0,0,0,0,0,0,0,0
186;205_400-800m,407;456_0-400m,0,0,0,0,0,0,0,0,0,0,0,0
186;205_400-800m,407;456_400-800m,0,0,0,0,0,0,0,0,0,0,0,0
186;205_400-800m,413;450_0-400m,0,0,0,0,1,0,0,0,0,0,0,0
186;205_400-800m,413;450_400-800m,0,0,0,0,0,0,0,0,1,0,0,0
186;205_400-800m,419;444;420_0-400m,0,0,0,0,2,0,0,0,0,0,1,0.001
186;205_400-800m,419;444;420_400-800m,0,0,0,0,0,0,1,0,0,0,0,0
186;205_400-800m,417;445_0-400m,0,0,0,0,0,0,0,0,0,0,0,0
186;205_400-800m,417;445_400-800m,0,0,0,0,0,0,1,0,0,0,0,0
186;205_400-800m,405;457_0-400m,0,0,0,0,1,0,0,0,0,0,0,0
186;205_400-800m,405;457_400-800m,0,0,0,0,0,0,0,0,0,0,0,0
186;205_400-800m,404;459_0-400m,0,0,0,0,1,0,0,0,0,0,0,0
186;205_400-800m,404;459_400-800m,0,0,0,0,1,0,0,0,0,0,0,0
186;205_400-800m,421;442_0-400m,0,0,2,0.001,2,0,1,0,1,0,0,0
186;205_400-800m,421;442_400-800m,0,0,0,0,0,0,0,0,0,0,0,0
186;205_400-800m,196;24;1508_0-400m,0,0,0,0,1,0,0,0,0,0,0,0
186;205_400-800m,196;24;1508_400-800m,0,0,0,0,0,0,2,0,0,0,0,0
186;205_400-800m,409;453_0-400m,0,0,0,0,0,0,0,0,0,0,0,0
186;205_400-800m,409;453_400-800m,0,0,0,0,0,0,0,0,0,0,0,0
186;205_400-800m,1503_0-400m,0,0,2,0.001,2,0,2,0,1,0,0,0
186;205_400-800m,1503_400-800m,0,0,0,0,0,0,0,0,0,0,0,0
186;205_400-800m,1125;1163;1162_0-400m,0,0,0,0,0,0,0,0,0,0,0,0
186;205_400-800m,1125;1163;1162_400-800m,0,0,0,0,0,0,0,0,0,0,0,0
186;205_400-800m,1134;1153_0-400m,0,0,0,0,0,0,0,0,0,0,0,0
186;205_400-800m,1134;1153_400-800m,0,0,0,0,0,0,0,0,0,0,0,0
186;205_400-800m,21;28;1612_0-400m,0,0,0,0,2,0,1,0,0,0,1,0.001
186;205_400-800m,21;28;1612_400-800m,0,0,0,0,2,0,0,0,0,0,0,0
186;205_400-800m,1131;1158_0-400m,0,0,0,0,0,0,0,0,0,0,0,0
186;205_400-800m,1131;1158_400-800m,0,0,0,0,0,0,0,0,0,0,0,0
186;205_400-800m,1135;1152_0-400m,0,0,0,0,0,0,0,0,0,0,0,0
186;205_400-800m,1135;1152_400-800m,0,0,0,0,0,0,0,0,0,0,0,0
186;205_400-800m,584;604_0-400m,0,0,0,0,0,0,0,0,0,0,0,0
186;205_400-800m,584;604_400-800m,0,0,0,0,0,0,0,0,0,0,0,0
186;205_400-800m,1139;1149_0-400m,0,0,0,0,1,0,0,0,0,0,0,0
186;205_400-800m,1139;1149_400-800m,0,0,0,0,0,0,0,0,0,0,0,0
186;205_400-800m,1138;1150;1137_0-400m,0,0,0,0,0,0,0,0,0,0,0,0
186;205_400-800m,1138;1150;1137_400-800m,0,0,0,0,0,0,0,0,0,0,0,0
186;205_400-800m,1124;1164_0-400m,0,0,0,0,0,0,0,0,0,0,0,0
186;205_400-800m,1124;1164_400-800m,0,0,0,0,1,0,0,0,0,0,0,0
186;205_400-800m,343;349_0-400m,0,0,0,0,0,0,0,0,0,0,0,0
186;205_400-800m,343;349_400-800m,0,0,0,0,0,0,0,0,0,0,0,0
186;205_400-800m,1136;1151_0-400m,0,0,0,0,0,0,0,0,0,0,0,0
186;205_400-800m,1136;1151_400-800m,0,0,0,0,0,0,0,0,0,0,0,0
186;205_400-800m,342;350_0-400m,0,0,0,0,0,0,0,0,1,0,0,0
186;205_400-800m,342;350_400-800m,0,0,0,0,0,0,0,0,0,0,0,0
186;205_400-800m,1141;1147_0-400m,0,0,0,0,0,0,0,0,0,0,0,0
186;205_400-800m,1141;1147_400-800m,0,0,0,0,0,0,0,0,0,0,0,0
186;205_400-800m,1132;1155;1156_0-400m,0,0,0,0,0,0,0,0,0,0,0,0
186;205_400-800m,1132;1155;1156_400-800m,0,0,0,0,0,0,0,0,0,0,0,0
186;205_400-800m,1133;1154_0-400m,0,0,0,0,0,0,0,0,0,0,0,0
186;205_400-800m,1133;1154_400-800m,0,0,0,0,0,0,0,0,0,0,0,0
186;205_400-800m,1130;1159;1160_0-400m,0,0,0,0,0,0,0,0,0,0,0,0
186;205_400-800m,1130;1159;1160_400-800m,0,0,0,0,0,0,0,0,0,0,0,0
186;205_400-800m,345;347_0-400m,0,0,0,0,1,0,1,0,0,0,0,0
186;205_400-800m,345;347_400-800m,0,0,0,0,1,0,0,0,3,0.001,0,0
186;205_400-800m,344;348_0-400m,0,0,0,0,0,0,0,0,0,0,0,0
186;205_400-800m,344;348_400-800m,0,0,1,0,0,0,0,0,0,0,0,0
186;205_400-800m,1140;1148_0-400m,0,0,0,0,0,0,0,0,0,0,0,0
186;205_400-800m,1140;1148_400-800m,0,0,0,0,0,0,0,0,0,0,0,0
186;205_400-800m,1127;1161_0-400m,0,0,0,0,0,0,0,0,0,0,0,0
186;205_400-800m,1127;1161_400-800m,0,0,0,0,0,0,0,0,0,0,0,0
186;205_400-800m,1855_0-400m,0,0,0,0,0,0,0,0,0,0,0,0
186;205_400-800m,1855_400-800m,0,0,0,0,0,0,0,0,0,0,0,0
186;205_400-800m,187;204_0-400m,0,0,0,0,0,0,0,0,0,0,0,0
186;205_400-800m,187;204_400-800m,0,0,0,0,2,0,2,0,2,0.001,1,0.001
186;205_400-800m,661;674_0-400m,0,0,0,0,1,0,0,0,0,0,0,0
186;205_400-800m,661;674_400-800m,0,0,0,0,0,0,1,0,0,0,1,0.001
186;205_400-800m,184;207_0-400m,0,0,0,0,1,0,0,0,0,0,0,0
186;205_400-800m,184;207_400-800m,0,0,0,0,0,0,1,0,0,0,0,0
186;205_400-800m,657;678_0-400m,0,0,0,0,0,0,0,0,1,0,0,0
186;205_400-800m,657;678_400-800m,0,0,0,0,0,0,0,0,0,0,0,0
186;205_400-800m,656;679_0-400m,0,0,0,0,1,0,0,0,0,0,0,0
186;205_400-800m,656;679_400-800m,0,0,0,0,0,0,0,0,0,0,0,0
186;205_400-800m,1383;1461;1384_0-400m,0,0,2,0.001,2,0,0,0,1,0,1,0.001
186;205_400-800m,1383;1461;1384_400-800m,0,0,0,0,1,0,0,0,0,0,0,0
186;205_400-800m,665;670_0-400m,0,0,2,0.001,0,0,0,0,0,0,0,0
186;205_400-800m,665;670_400-800m,0,0,0,0,1,0,1,0,0,0,0,0
186;205_400-800m,659;676;675_0-400m,0,0,0,0,1,0,1,0,0,0,1,0.001
186;205_400-800m,659;676;675_400-800m,0,0,0,0,0,0,0,0,0,0,0,0
186;205_400-800m,664;671_0-400m,0,0,0,0,1,0,1,0,1,0,0,0
186;205_400-800m,664;671_400-800m,0,0,0,0,2,0,1,0,0,0,0,0
186;205_400-800m,185;206_0-400m,0,0,0,0,2,0,0,0,1,0,0,0
186;205_400-800m,185;206_400-800m,0,0,0,0,2,0,1,0,1,0,0,0
186;205_400-800m,662;673_0-400m,0,0,1,0,3,0,5,0.001,2,0.001,0,0
186;205_400-800m,662;673_400-800m,0,0,0,0,0,0,0,0,1,0,0,0
186;205_400-800m,1385;1459_0-400m,0,0,2,0.001,7,0.001,1,0,2,0.001,0,0
186;205_400-800m,1385;1459_400-800m,0,0,0,0,1,0,0,0,0,0,0,0
186;205_400-800m,658;677_0-400m,0,0,0,0,1,0,0,0,0,0,0,0
186;205_400-800m,658;677_400-800m,0,0,0,0,0,0,0,0,0,0,0,0
186;205_400-800m,663;672_0-400m,0,0,2,0.001,2,0,1,0,2,0.001,0,0
186;205_400-800m,663;672_400-800m,0,0,0,0,0,0,0,0,0,0,0,0
186;205_400-800m,183;209_0-400m,0,0,0,0,2,0,0,0,0,0,0,0
186;205_400-800m,183;209_400-800m,0,0,0,0,0,0,1,0,0,0,0,0
186;205_400-800m,186;205_0-400m,0,0,1,0,0,0,1,0,1,0,0,0
186;205_400-800m,186;205_400-800m,0,0,0,0,0,0,0,0,0,0,0,0
186;205_400-800m,188;203_0-400m,0,0,0,0,2,0,2,0,2,0.001,0,0
186;205_400-800m,188;203_400-800m,0,0,0,0,2,0,4,0.001,1,0,1,0.001
186;205_400-800m,388;823_0-400m,0,0,1,0,1,0,1,0,1,0,0,0
186;205_400-800m,388;823_400-800m,0,0,0,0,0,0,1,0,0,0,1,0.001
186;205_400-800m,1386;95_0-400m,0,0,0,0,1,0,1,0,0,0,0,0
186;205_400-800m,1386;95_400-800m,0,0,0,0,0,0,0,0,1,0,0,0
186;205_400-800m,Orange_0-400m,0,0,1,0,3,0,3,0.001,1,0,1,0.001
186;205_400-800m,Blue_0-400m,0,0,0,0,0,0,5,0.001,0,0,0,0
186;205_400-800m,Green_0-400m,0,0,1,0,1,0,0,0,1,0,1,0.001
186;205_400-800m,Orange_400-800m,0,0,0,0,2,0,0,0,0,0,0,0
186;205_400-800m,Blue_400-800m,0,0,0,0,0,0,0,0,0,0,0,0
186;205_400-800m,Green_400-800m,0,0,0,0,0,0,0,0,0,0,0,0
186;205_400-800m,External,2,0.006,20,0.007,161,0.02,108,0.024,49,0.013,7,0.009
188;203_0-400m,415;448_0-400m,0,0,2,0.001,8,0.001,2,0,3,0.001,1,0.001
188;203_0-400m,415;448_400-800m,0,0,1,0,1,0,3,0.001,3,0.001,0,0
188;203_0-400m,408;455_0-400m,0,0,0,0,2,0,2,0,1,0,0,0
188;203_0-400m,408;455_400-800m,0,0,2,0.001,5,0.001,2,0,3,0.001,0,0
188;203_0-400m,412;451_0-400m,0,0,4,0.001,3,0,3,0.001,2,0.001,1,0.001
188;203_0-400m,412;451_400-800m,2,0.006,4,0.001,4,0.001,6,0.001,10,0.003,2,0.002
188;203_0-400m,416;447_0-400m,0,0,2,0.001,10,0.001,7,0.002,1,0,3,0.004
188;203_0-400m,416;447_400-800m,0,0,4,0.001,10,0.001,5,0.001,3,0.001,0,0
188;203_0-400m,410;452_0-400m,0,0,0,0,3,0,1,0,1,0,0,0
188;203_0-400m,410;452_400-800m,0,0,5,0.002,7,0.001,7,0.002,7,0.002,0,0
188;203_0-400m,414;449_0-400m,0,0,2,0.001,1,0,4,0.001,8,0.002,3,0.004
188;203_0-400m,414;449_400-800m,1,0.003,1,0,2,0,3,0.001,1,0,2,0.002
188;203_0-400m,407;456_0-400m,0,0,1,0,2,0,1,0,0,0,1,0.001
188;203_0-400m,407;456_400-800m,0,0,0,0,2,0,2,0,5,0.001,1,0.001
188;203_0-400m,413;450_0-400m,0,0,1,0,5,0.001,4,0.001,1,0,1,0.001
188;203_0-400m,413;450_400-800m,0,0,0,0,2,0,2,0,2,0.001,0,0
188;203_0-400m,419;444;420_0-400m,0,0,10,0.004,20,0.003,19,0.004,13,0.003,3,0.004
188;203_0-400m,419;444;420_400-800m,0,0,3,0.001,4,0.001,3,0.001,4,0.001,0,0
188;203_0-400m,417;445_0-400m,0,0,3,0.001,5,0.001,4,0.001,2,0.001,2,0.002
188;203_0-400m,417;445_400-800m,0,0,4,0.001,6,0.001,9,0.002,5,0.001,0,0
188;203_0-400m,405;457_0-400m,0,0,3,0.001,21,0.003,7,0.002,4,0.001,1,0.001
188;203_0-400m,405;457_400-800m,0,0,0,0,1,0,1,0,0,0,0,0
188;203_0-400m,404;459_0-400m,0,0,1,0,16,0.002,15,0.003,5,0.001,1,0.001
188;203_0-400m,404;459_400-800m,0,0,6,0.002,11,0.001,10,0.002,8,0.002,1,0.001
188;203_0-400m,421;442_0-400m,0,0,17,0.006,43,0.005,20,0.004,17,0.004,5,0.006
188;203_0-400m,421;442_400-800m,1,0.003,2,0.001,12,0.002,13,0.003,4,0.001,1,0.001
188;203_0-400m,196;24;1508_0-400m,3,0.009,9,0.003,33,0.004,27,0.006,9,0.002,3,0.004
188;203_0-400m,196;24;1508_400-800m,0,0,3,0.001,9,0.001,13,0.003,3,0.001,4,0.005
188;203_0-400m,409;453_0-400m,0,0,0,0,1,0,1,0,1,0,1,0.001
188;203_0-400m,409;453_400-800m,1,0.003,1,0,3,0,0,0,3,0.001,1,0.001
188;203_0-400m,1503_0-400m,2,0.006,12,0.004,33,0.004,28,0.006,23,0.006,3,0.004
188;203_0-400m,1503_400-800m,0,0,1,0,6,0.001,1,0,1,0,0,0
188;203_0-400m,1125;1163;1162_0-400m,0,0,1,0,1,0,1,0,3,0.001,1,0.001
188;203_0-400m,1125;1163;1162_400-800m,0,0,0,0,1,0,0,0,0,0,0,0
188;203_0-400m,1134;1153_0-400m,0,0,0,0,1,0,0,0,0,0,0,0
188;203_0-400m,1134;1153_400-800m,0,0,0,0,1,0,4,0.001,0,0,0,0
188;203_0-400m,21;28;1612_0-400m,1,0.003,11,0.004,50,0.006,32,0.007,21,0.005,14,0.017
188;203_0-400m,21;28;1612_400-800m,1,0.003,2,0.001,18,0.002,11,0.002,16,0.004,3,0.004
188;203_0-400m,1131;1158_0-400m,0,0,0,0,5,0.001,1,0,1,0,2,0.002
188;203_0-400m,1131;1158_400-800m,0,0,0,0,2,0,0,0,1,0,1,0.001
188;203_0-400m,1135;1152_0-400m,0,0,0,0,2,0,2,0,1,0,1,0.001
188;203_0-400m,1135;1152_400-800m,0,0,0,0,0,0,0,0,0,0,0,0
188;203_0-400m,584;604_0-400m,0,0,1,0,6,0.001,4,0.001,2,0.001,3,0.004
188;203_0-400m,584;604_400-800m,2,0.006,0,0,3,0,5,0.001,1,0,0,0
188;203_0-400m,1139;1149_0-400m,0,0,0,0,2,0,6,0.001,5,0.001,1,0.001
188;203_0-400m,1139;1149_400-800m,0,0,0,0,1,0,0,0,0,0,1,0.001
188;203_0-400m,1138;1150;1137_0-400m,0,0,1,0,3,0,3,0.001,4,0.001,0,0
188;203_0-400m,1138;1150;1137_400-800m,0,0,0,0,0,0,0,0,0,0,0,0
188;203_0-400m,1124;1164_0-400m,0,0,1,0,1,0,3,0.001,2,0.001,0,0
188;203_0-400m,1124;1164_400-800m,2,0.006,3,0.001,10,0.001,5,0.001,1,0,0,0
188;203_0-400m,343;349_0-400m,0,0,5,0.002,7,0.001,3,0.001,6,0.002,0,0
188;203_0-400m,343;349_400-800m,0,0,2,0.001,2,0,1,0,0,0,0,0
188;203_0-400m,1136;1151_0-400m,0,0,0,0,3,0,0,0,0,0,2,0.002
188;203_0-400m,1136;1151_400-800m,0,0,1,0,1,0,2,0,1,0,0,0
188;203_0-400m,342;350_0-400m,0,0,1,0,4,0.001,6,0.001,5,0.001,0,0
188;203_0-400m,342;350_400-800m,1,0.003,2,0.001,4,0.001,0,0,1,0,1,0.001
188;203_0-400m,1141;1147_0-400m,0,0,4,0.001,5,0.001,4,0.001,3,0.001,1,0.001
188;203_0-400m,1141;1147_400-800m,0,0,0,0,0,0,1,0,0,0,0,0
188;203_0-400m,1132;1155;1156_0-400m,0,0,0,0,6,0.001,3,0.001,1,0,0,0
188;203_0-400m,1132;1155;1156_400-800m,0,0,0,0,0,0,2,0,0,0,0,0
188;203_0-400m,1133;1154_0-400m,0,0,1,0,2,0,2,0,0,0,0,0
188;203_0-400m,1133;1154_400-800m,0,0,0,0,1,0,0,0,3,0.001,1,0.001
188;203_0-400m,1130;1159;1160_0-400m,0,0,1,0,6,0.001,8,0.002,2,0.001,1,0.001
188;203_0-400m,1130;1159;1160_400-800m,0,0,0,0,0,0,0,0,0,0,0,0
188;203_0-400m,345;347_0-400m,0,0,2,0.001,23,0.003,8,0.002,9,0.002,4,0.005
188;203_0-400m,345;347_400-800m,1,0.003,4,0.001,19,0.002,21,0.005,16,0.004,10,0.012
188;203_0-400m,344;348_0-400m,0,0,3,0.001,6,0.001,3,0.001,6,0.002,0,0
188;203_0-400m,344;348_400-800m,2,0.006,5,0.002,8,0.001,6,0.001,4,0.001,3,0.004
188;203_0-400m,1140;1148_0-400m,1,0.003,0,0,5,0.001,11,0.002,2,0.001,1,0.001
188;203_0-400m,1140;1148_400-800m,0,0,1,0,2,0,0,0,1,0,1,0.001
188;203_0-400m,1127;1161_0-400m,0,0,3,0.001,4,0.001,10,0.002,3,0.001,0,0
188;203_0-400m,1127;1161_400-800m,0,0,0,0,0,0,0,0,0,0,0,0
188;203_0-400m,1855_0-400m,0,0,1,0,2,0,0,0,1,0,0,0
188;203_0-400m,1855_400-800m,0,0,0,0,0,0,0,0,0,0,0,0
188;203_0-400m,187;204_0-400m,1,0.003,8,0.003,29,0.004,12,0.003,5,0.001,3,0.004
188;203_0-400m,187;204_400-800m,0,0,3,0.001,15,0.002,7,0.002,7,0.002,1,0.001
188;203_0-400m,661;674_0-400m,1,0.003,5,0.002,21,0.003,17,0.004,3,0.001,1,0.001
188;203_0-400m,661;674_400-800m,0,0,2,0.001,7,0.001,7,0.002,2,0.001,0,0
188;203_0-400m,184;207_0-400m,1,0.003,7,0.003,17,0.002,14,0.003,6,0.002,5,0.006
188;203_0-400m,184;207_400-800m,1,0.003,5,0.002,11,0.001,6,0.001,6,0.002,1,0.001
188;203_0-400m,657;678_0-400m,1,0.003,8,0.003,28,0.004,17,0.004,21,0.005,2,0.002
188;203_0-400m,657;678_400-800m,0,0,1,0,5,0.001,13,0.003,13,0.003,0,0
188;203_0-400m,656;679_0-400m,0,0,5,0.002,34,0.004,17,0.004,11,0.003,3,0.004
188;203_0-400m,656;679_400-800m,0,0,1,0,0,0,3,0.001,1,0,0,0
188;203_0-400m,1383;1461;1384_0-400m,0,0,11,0.004,32,0.004,21,0.005,11,0.003,1,0.001
188;203_0-400m,1383;1461;1384_400-800m,1,0.003,1,0,22,0.003,22,0.005,13,0.003,3,0.004
188;203_0-400m,665;670_0-400m,2,0.006,7,0.003,17,0.002,10,0.002,11,0.003,1,0.001
188;203_0-400m,665;670_400-800m,0,0,0,0,15,0.002,8,0.002,2,0.001,1,0.001
188;203_0-400m,659;676;675_0-400m,0,0,9,0.003,39,0.005,15,0.003,14,0.004,3,0.004
188;203_0-400m,659;676;675_400-800m,0,0,3,0.001,9,0.001,5,0.001,2,0.001,2,0.002
188;203_0-400m,664;671_0-400m,0,0,7,0.003,19,0.002,20,0.004,12,0.003,10,0.012
188;203_0-400m,664;671_400-800m,1,0.003,3,0.001,18,0.002,14,0.003,13,0.003,7,0.009
188;203_0-400m,185;206_0-400m,1,0.003,5,0.002,20,0.003,7,0.002,8,0.002,2,0.002
188;203_0-400m,185;206_400-800m,0,0,1,0,9,0.001,6,0.001,3,0.001,0,0
188;203_0-400m,662;673_0-400m,3,0.009,17,0.006,80,0.01,58,0.013,23,0.006,5,0.006
188;203_0-400m,662;673_400-800m,0,0,7,0.003,24,0.003,15,0.003,10,0.003,2,0.002
188;203_0-400m,1385;1459_0-400m,3,0.009,13,0.005,56,0.007,38,0.008,10,0.003,3,0.004
188;203_0-400m,1385;1459_400-800m,0,0,0,0,6,0.001,5,0.001,4,0.001,1,0.001
188;203_0-400m,658;677_0-400m,1,0.003,4,0.001,26,0.003,17,0.004,2,0.001,1,0.001
188;203_0-400m,658;677_400-800m,0,0,1,0,0,0,1,0,0,0,0,0
188;203_0-400m,663;672_0-400m,0,0,11,0.004,48,0.006,34,0.007,15,0.004,1,0.001
188;203_0-400m,663;672_400-800m,0,0,9,0.003,33,0.004,11,0.002,4,0.001,2,0.002
188;203_0-400m,183;209_0-400m,1,0.003,13,0.005,54,0.007,21,0.005,8,0.002,4,0.005
188;203_0-400m,183;209_400-800m,1,0.003,4,0.001,10,0.001,7,0.002,3,0.001,0,0
188;203_0-400m,186;205_0-400m,1,0.003,6,0.002,10,0.001,10,0.002,14,0.004,2,0.002
188;203_0-400m,186;205_400-800m,0,0,0,0,2,0,2,0,0,0,0,0
188;203_0-400m,188;203_0-400m,5,0.015,28,0.01,62,0.008,28,0.006,27,0.007,8,0.01
188;203_0-400m,188;203_400-800m,2,0.006,13,0.005,35,0.004,28,0.006,19,0.005,10,0.012
188;203_0-400m,388;823_0-400m,1,0.003,19,0.007,120,0.015,79,0.017,67,0.017,7,0.009
188;203_0-400m,388;823_400-800m,1,0.003,12,0.004,21,0.003,9,0.002,8,0.002,0,0
188;203_0-400m,1386;95_0-400m,2,0.006,17,0.006,38,0.005,29,0.006,11,0.003,4,0.005
188;203_0-400m,1386;95_400-800m,0,0,2,0.001,10,0.001,12,0.003,7,0.002,0,0
188;203_0-400m,Orange_0-400m,3,0.009,12,0.004,79,0.01,54,0.012,24,0.006,8,0.01
188;203_0-400m,Blue_0-400m,1,0.003,13,0.005,26,0.003,7,0.002,1,0,2,0.002
188;203_0-400m,Green_0-400m,3,0.009,32,0.012,57,0.007,40,0.009,39,0.01,27,0.034
188;203_0-400m,Orange_400-800m,5,0.015,8,0.003,19,0.002,22,0.005,11,0.003,2,0.002
188;203_0-400m,Blue_400-800m,1,0.003,7,0.003,12,0.002,13,0.003,6,0.002,5,0.006
188;203_0-400m,Green_400-800m,2,0.006,16,0.006,38,0.005,30,0.007,26,0.007,4,0.005
188;203_0-400m,External,135,0.411,1060,0.39,3199,0.406,2469,0.543,1362,0.348,338,0.421
188;203_400-800m,415;448_0-400m,1,0.003,1,0,5,0.001,5,0.001,4,0.001,2,0.002
188;203_400-800m,415;448_400-800m,0,0,1,0,2,0,1,0,3,0.001,1,0.001
188;203_400-800m,408;455_0-400m,0,0,0,0,8,0.001,0,0,1,0,1,0.001
188;203_400-800m,408;455_400-800m,0,0,2,0.001,1,0,0,0,3,0.001,0,0
188;203_400-800m,412;451_0-400m,0,0,5,0.002,1,0,0,0,6,0.002,0,0
188;203_400-800m,412;451_400-800m,0,0,1,0,4,0.001,3,0.001,0,0,0,0
188;203_400-800m,416;447_0-400m,0,0,1,0,5,0.001,4,0.001,4,0.001,2,0.002
188;203_400-800m,416;447_400-800m,0,0,4,0.001,12,0.002,2,0,2,0.001,1,0.001
188;203_400-800m,410;452_0-400m,0,0,1,0,0,0,4,0.001,1,0,0,0
188;203_400-800m,410;452_400-800m,1,0.003,0,0,11,0.001,5,0.001,1,0,0,0
188;203_400-800m,414;449_0-400m,1,0.003,1,0,3,0,3,0.001,3,0.001,0,0
188;203_400-800m,414;449_400-800m,0,0,2,0.001,5,0.001,4,0.001,1,0,0,0
188;203_400-800m,407;456_0-400m,0,0,1,0,0,0,0,0,1,0,1,0.001
188;203_400-800m,407;456_400-800m,0,0,7,0.003,2,0,4,0.001,7,0.002,3,0.004
188;203_400-800m,413;450_0-400m,0,0,5,0.002,3,0,1,0,3,0.001,3,0.004
188;203_400-800m,413;450_400-800m,1,0.003,4,0.001,5,0.001,2,0,2,0.001,1,0.001
188;203_400-800m,419;444;420_0-400m,0,0,9,0.003,27,0.003,16,0.004,9,0.002,2,0.002
188;203_400-800m,419;444;420_400-800m,2,0.006,1,0,9,0.001,3,0.001,3,0.001,1,0.001
188;203_400-800m,417;445_0-400m,0,0,1,0,7,0.001,3,0.001,5,0.001,1,0.001
188;203_400-800m,417;445_400-800m,0,0,12,0.004,11,0.001,6,0.001,5,0.001,1,0.001
188;203_400-800m,405;457_0-400m,0,0,2,0.001,13,0.002,5,0.001,10,0.003,3,0.004
188;203_400-800m,405;457_400-800m,0,0,0,0,2,0,0,0,1,0,0,0
188;203_400-800m,404;459_0-400m,1,0.003,4,0.001,14,0.002,6,0.001,12,0.003,0,0
188;203_400-800m,404;459_400-800m,1,0.003,2,0.001,8,0.001,7,0.002,5,0.001,4,0.005
188;203_400-800m,421;442_0-400m,1,0.003,4,0.001,29,0.004,17,0.004,18,0.005,4,0.005
188;203_400-800m,421;442_400-800m,0,0,4,0.001,11,0.001,16,0.004,6,0.002,1,0.001
188;203_400-800m,196;24;1508_0-400m,0,0,5,0.002,39,0.005,11,0.002,13,0.003,4,0.005
188;203_400-800m,196;24;1508_400-800m,0,0,5,0.002,8,0.001,5,0.001,15,0.004,1,0.001
188;203_400-800m,409;453_0-400m,0,0,1,0,2,0,0,0,2,0.001,1,0.001
188;203_400-800m,409;453_400-800m,0,0,1,0,2,0,2,0,7,0.002,1,0.001
188;203_400-800m,1503_0-400m,0,0,6,0.002,29,0.004,27,0.006,25,0.006,7,0.009
188;203_400-800m,1503_400-800m,0,0,0,0,3,0,2,0,2,0.001,3,0.004
188;203_400-800m,1125;1163;1162_0-400m,0,0,0,0,2,0,0,0,0,0,0,0
188;203_400-800m,1125;1163;1162_400-800m,0,0,0,0,0,0,2,0,0,0,0,0
188;203_400-800m,1134;1153_0-400m,0,0,0,0,2,0,0,0,0,0,0,0
188;203_400-800m,1134;1153_400-800m,0,0,0,0,0,0,0,0,0,0,0,0
188;203_400-800m,21;28;1612_0-400m,2,0.006,11,0.004,36,0.005,24,0.005,25,0.006,7,0.009
188;203_400-800m,21;28;1612_400-800m,2,0.006,6,0.002,26,0.003,13,0.003,10,0.003,2,0.002
188;203_400-800m,1131;1158_0-400m,0,0,6,0.002,1,0,1,0,1,0,0,0
188;203_400-800m,1131;1158_400-800m,0,0,0,0,1,0,0,0,3,0.001,7,0.009
188;203_400-800m,1135;1152_0-400m,0,0,1,0,5,0.001,2,0,4,0.001,0,0
188;203_400-800m,1135;1152_400-800m,0,0,0,0,0,0,0,0,0,0,0,0
188;203_400-800m,584;604_0-400m,1,0.003,1,0,2,0,6,0.001,5,0.001,6,0.007
188;203_400-800m,584;604_400-800m,0,0,1,0,3,0,0,0,2,0.001,1,0.001
188;203_400-800m,1139;1149_0-400m,0,0,4,0.001,6,0.001,6,0.001,3,0.001,2,0.002
188;203_400-800m,1139;1149_400-800m,0,0,2,0.001,0,0,1,0,3,0.001,0,0
188;203_400-800m,1138;1150;1137_0-400m,0,0,3,0.001,4,0.001,3,0.001,2,0.001,4,0.005
188;203_400-800m,1138;1150;1137_400-800m,0,0,0,0,1,0,0,0,1,0,0,0
188;203_400-800m,1124;1164_0-400m,2,0.006,1,0,4,0.001,6,0.001,6,0.002,4,0.005
188;203_400-800m,1124;1164_400-800m,1,0.003,4,0.001,21,0.003,10,0.002,5,0.001,2,0.002
188;203_400-800m,343;349_0-400m,1,0.003,2,0.001,9,0.001,4,0.001,3,0.001,2,0.002
188;203_400-800m,343;349_400-800m,0,0,0,0,2,0,2,0,1,0,0,0
188;203_400-800m,1136;1151_0-400m,0,0,2,0.001,2,0,4,0.001,4,0.001,0,0
188;203_400-800m,1136;1151_400-800m,0,0,0,0,1,0,1,0,0,0,0,0
188;203_400-800m,342;350_0-400m,0,0,2,0.001,7,0.001,5,0.001,5,0.001,3,0.004
188;203_400-800m,342;350_400-800m,1,0.003,1,0,4,0.001,3,0.001,3,0.001,1,0.001
188;203_400-800m,1141;1147_0-400m,0,0,4,0.001,2,0,2,0,3,0.001,4,0.005
188;203_400-800m,1141;1147_400-800m,0,0,0,0,4,0.001,0,0,2,0.001,0,0
188;203_400-800m,1132;1155;1156_0-400m,0,0,2,0.001,4,0.001,0,0,0,0,0,0
188;203_400-800m,1132;1155;1156_400-800m,0,0,0,0,0,0,0,0,0,0,2,0.002
188;203_400-800m,1133;1154_0-400m,0,0,0,0,2,0,1,0,2,0.001,0,0
188;203_400-800m,1133;1154_400-800m,0,0,1,0,1,0,2,0,0,0,0,0
188;203_400-800m,1130;1159;1160_0-400m,0,0,2,0.001,10,0.001,6,0.001,5,0.001,1,0.001
188;203_400-800m,1130;1159;1160_400-800m,0,0,0,0,0,0,0,0,0,0,0,0
188;203_400-800m,345;347_0-400m,2,0.006,9,0.003,12,0.002,6,0.001,14,0.004,7,0.009
188;203_400-800m,345;347_400-800m,0,0,13,0.005,21,0.003,17,0.004,18,0.005,9,0.011
188;203_400-800m,344;348_0-400m,0,0,0,0,11,0.001,2,0,7,0.002,4,0.005
188;203_400-800m,344;348_400-800m,0,0,7,0.003,10,0.001,5,0.001,10,0.003,1,0.001
188;203_400-800m,1140;1148_0-400m,0,0,2,0.001,4,0.001,4,0.001,3,0.001,1,0.001
188;203_400-800m,1140;1148_400-800m,0,0,3,0.001,2,0,2,0,4,0.001,4,0.005
188;203_400-800m,1127;1161_0-400m,1,0.003,8,0.003,3,0,2,0,2,0.001,0,0
188;203_400-800m,1127;1161_400-800m,0,0,0,0,0,0,0,0,0,0,0,0
188;203_400-800m,1855_0-400m,0,0,3,0.001,1,0,0,0,1,0,0,0
188;203_400-800m,1855_400-800m,0,0,1,0,0,0,1,0,0,0,0,0
188;203_400-800m,187;204_0-400m,0,0,3,0.001,12,0.002,9,0.002,7,0.002,0,0
188;203_400-800m,187;204_400-800m,0,0,8,0.003,14,0.002,13,0.003,13,0.003,1,0.001
188;203_400-800m,661;674_0-400m,0,0,2,0.001,7,0.001,4,0.001,7,0.002,2,0.002
188;203_400-800m,661;674_400-800m,0,0,1,0,2,0,3,0.001,1,0,0,0
188;203_400-800m,184;207_0-400m,0,0,2,0.001,15,0.002,9,0.002,9,0.002,1,0.001
188;203_400-800m,184;207_400-800m,0,0,3,0.001,5,0.001,1,0,2,0.001,1,0.001
188;203_400-800m,657;678_0-400m,2,0.006,5,0.002,14,0.002,10,0.002,5,0.001,4,0.005
188;203_400-800m,657;678_400-800m,0,0,1,0,3,0,0,0,1,0,0,0
188;203_400-800m,656;679_0-400m,0,0,6,0.002,18,0.002,18,0.004,11,0.003,0,0
188;203_400-800m,656;679_400-800m,0,0,0,0,2,0,1,0,1,0,0,0
188;203_400-800m,1383;1461;1384_0-400m,0,0,8,0.003,18,0.002,12,0.003,5,0.001,5,0.006
188;203_400-800m,1383;1461;1384_400-800m,3,0.009,6,0.002,13,0.002,14,0.003,16,0.004,3,0.004
188;203_400-800m,665;670_0-400m,0,0,10,0.004,14,0.002,9,0.002,14,0.004,1,0.001
188;203_400-800m,665;670_400-800m,0,0,3,0.001,7,0.001,6,0.001,11,0.003,1,0.001
188;203_400-800m,659;676;675_0-400m,0,0,7,0.003,12,0.002,11,0.002,8,0.002,4,0.005
188;203_400-800m,659;676;675_400-800m,1,0.003,2,0.001,2,0,2,0,3,0.001,0,0
188;203_400-800m,664;671_0-400m,1,0.003,8,0.003,33,0.004,14,0.003,18,0.005,5,0.006
188;203_400-800m,664;671_400-800m,1,0.003,5,0.002,17,0.002,21,0.005,15,0.004,2,0.002
188;203_400-800m,185;206_0-400m,2,0.006,3,0.001,13,0.002,11,0.002,10,0.003,3,0.004
188;203_400-800m,185;206_400-800m,0,0,2,0.001,6,0.001,1,0,0,0,0,0
188;203_400-800m,662;673_0-400m,0,0,19,0.007,66,0.008,47,0.01,26,0.007,2,0.002
188;203_400-800m,662;673_400-800m,1,0.003,18,0.007,43,0.005,39,0.009,29,0.007,6,0.007
188;203_400-800m,1385;1459_0-400m,1,0.003,16,0.006,41,0.005,27,0.006,12,0.003,2,0.002
188;203_400-800m,1385;1459_400-800m,0,0,1,0,11,0.001,2,0,2,0.001,0,0
188;203_400-800m,658;677_0-400m,0,0,6,0.002,11,0.001,2,0,7,0.002,0,0
188;203_400-800m,658;677_400-800m,0,0,0,0,0,0,1,0,1,0,0,0
188;203_400-800m,663;672_0-400m,1,0.003,12,0.004,42,0.005,33,0.007,18,0.005,5,0.006
188;203_400-800m,663;672_400-800m,0,0,0,0,8,0.001,8,0.002,2,0.001,1,0.001
188;203_400-800m,183;209_0-400m,1,0.003,7,0.003,30,0.004,8,0.002,8,0.002,1,0.001
188;203_400-800m,183;209_400-800m,0,0,0,0,6,0.001,1,0,2,0.001,0,0
188;203_400-800m,186;205_0-400m,0,0,4,0.001,9,0.001,6,0.001,7,0.002,0,0
188;203_400-800m,186;205_400-800m,0,0,0,0,0,0,0,0,1,0,0,0
188;203_400-800m,188;203_0-400m,1,0.003,19,0.007,34,0.004,15,0.003,22,0.006,3,0.004
188;203_400-800m,188;203_400-800m,2,0.006,22,0.008,84,0.011,57,0.013,48,0.012,11,0.014
188;203_400-800m,388;823_0-400m,0,0,11,0.004,66,0.008,43,0.009,32,0.008,2,0.002
188;203_400-800m,388;823_400-800m,1,0.003,6,0.002,13,0.002,5,0.001,2,0.001,4,0.005
188;203_400-800m,1386;95_0-400m,0,0,8,0.003,35,0.004,20,0.004,18,0.005,1,0.001
188;203_400-800m,1386;95_400-800m,0,0,3,0.001,9,0.001,8,0.002,6,0.002,1,0.001
188;203_400-800m,Orange_0-400m,6,0.018,17,0.006,65,0.008,51,0.011,38,0.01,17,0.021
188;203_400-800m,Blue_0-400m,0,0,17,0.006,24,0.003,12,0.003,15,0.004,1,0.001
188;203_400-800m,Green_0-400m,1,0.003,16,0.006,29,0.004,24,0.005,15,0.004,9,0.011
188;203_400-800m,Orange_400-800m,3,0.009,27,0.01,25,0.003,17,0.004,17,0.004,6,0.007
188;203_400-800m,Blue_400-800m,1,0.003,14,0.005,27,0.003,21,0.005,11,0.003,4,0.005
188;203_400-800m,Green_400-800m,0,0,15,0.006,22,0.003,18,0.004,13,0.003,2,0.002
188;203_400-800m,External,98,0.299,1336,0.491,2444,0.31,1965,0.432,1580,0.403,403,0.501
388;823_0-400m,415;448_0-400m,0,0,4,0.001,20,0.003,7,0.002,12,0.003,4,0.005
388;823_0-400m,415;448_400-800m,0,0,1,0,7,0.001,5,0.001,5,0.001,0,0
388;823_0-400m,408;455_0-400m,5,0.015,4,0.001,13,0.002,11,0.002,10,0.003,0,0
388;823_0-400m,408;455_400-800m,0,0,0,0,6,0.001,6,0.001,4,0.001,1,0.001
388;823_0-400m,412;451_0-400m,1,0.003,1,0,16,0.002,9,0.002,23,0.006,2,0.002
388;823_0-400m,412;451_400-800m,0,0,1,0,12,0.002,11,0.002,20,0.005,5,0.006
388;823_0-400m,416;447_0-400m,1,0.003,1,0,23,0.003,10,0.002,13,0.003,2,0.002
388;823_0-400m,416;447_400-800m,1,0.003,1,0,11,0.001,15,0.003,11,0.003,1,0.001
388;823_0-400m,410;452_0-400m,0,0,1,0,24,0.003,15,0.003,26,0.007,0,0
388;823_0-400m,410;452_400-800m,0,0,1,0,16,0.002,9,0.002,12,0.003,4,0.005
388;823_0-400m,414;449_0-400m,2,0.006,4,0.001,10,0.001,6,0.001,9,0.002,7,0.009
388;823_0-400m,414;449_400-800m,0,0,1,0,8,0.001,7,0.002,8,0.002,1,0.001
388;823_0-400m,407;456_0-400m,0,0,1,0,13,0.002,4,0.001,6,0.002,0,0
388;823_0-400m,407;456_400-800m,0,0,1,0,9,0.001,6,0.001,8,0.002,1,0.001
388;823_0-400m,413;450_0-400m,0,0,2,0.001,20,0.003,15,0.003,9,0.002,2,0.002
388;823_0-400m,413;450_400-800m,0,0,1,0,12,0.002,9,0.002,14,0.004,7,0.009
388;823_0-400m,419;444;420_0-400m,0,0,5,0.002,54,0.007,39,0.009,37,0.009,5,0.006
388;823_0-400m,419;444;420_400-800m,0,0,0,0,22,0.003,12,0.003,15,0.004,0,0
388;823_0-400m,417;445_0-400m,0,0,3,0.001,18,0.002,7,0.002,13,0.003,4,0.005
388;823_0-400m,417;445_400-800m,1,0.003,3,0.001,8,0.001,12,0.003,11,0.003,0,0
388;823_0-400m,405;457_0-400m,0,0,4,0.001,31,0.004,14,0.003,21,0.005,1,0.001
388;823_0-400m,405;457_400-800m,0,0,3,0.001,1,0,1,0,0,0,0,0
388;823_0-400m,404;459_0-400m,0,0,7,0.003,21,0.003,14,0.003,8,0.002,1,0.001
388;823_0-400m,404;459_400-800m,0,0,10,0.004,16,0.002,23,0.005,20,0.005,1,0.001
388;823_0-400m,421;442_0-400m,0,0,10,0.004,90,0.011,48,0.011,52,0.013,11,0.014
388;823_0-400m,421;442_400-800m,0,0,1,0,48,0.006,28,0.006,28,0.007,4,0.005
388;823_0-400m,196;24;1508_0-400m,0,0,4,0.001,56,0.007,34,0.007,38,0.01,5,0.006
388;823_0-400m,196;24;1508_400-800m,0,0,7,0.003,32,0.004,25,0.005,34,0.009,3,0.004
388;823_0-400m,409;453_0-400m,1,0.003,0,0,21,0.003,12,0.003,27,0.007,1,0.001
388;823_0-400m,409;453_400-800m,1,0.003,2,0.001,15,0.002,9,0.002,8,0.002,2,0.002
388;823_0-400m,1503_0-400m,0,0,8,0.003,52,0.007,23,0.005,29,0.007,3,0.004
388;823_0-400m,1503_400-800m,0,0,0,0,8,0.001,3,0.001,5,0.001,0,0
388;823_0-400m,1125;1163;1162_0-400m,0,0,0,0,6,0.001,1,0,4,0.001,0,0
388;823_0-400m,1125;1163;1162_400-800m,0,0,0,0,4,0.001,2,0,2,0.001,1,0.001
388;823_0-400m,1134;1153_0-400m,0,0,0,0,0,0,1,0,2,0.001,1,0.001
388;823_0-400m,1134;1153_400-800m,0,0,1,0,5,0.001,4,0.001,7,0.002,1,0.001
388;823_0-400m,21;28;1612_0-400m,0,0,17,0.006,80,0.01,46,0.01,52,0.013,7,0.009
388;823_0-400m,21;28;1612_400-800m,0,0,2,0.001,43,0.005,16,0.004,21,0.005,0,0
388;823_0-400m,1131;1158_0-400m,0,0,1,0,12,0.002,10,0.002,5,0.001,1,0.001
388;823_0-400m,1131;1158_400-800m,0,0,0,0,16,0.002,4,0.001,15,0.004,1,0.001
388;823_0-400m,1135;1152_0-400m,0,0,1,0,2,0,6,0.001,8,0.002,1,0.001
388;823_0-400m,1135;1152_400-800m,0,0,0,0,0,0,0,0,1,0,0,0
388;823_0-400m,584;604_0-400m,0,0,2,0.001,10,0.001,15,0.003,14,0.004,3,0.004
388;823_0-400m,584;604_400-800m,0,0,5,0.002,7,0.001,8,0.002,15,0.004,1,0.001
388;823_0-400m,1139;1149_0-400m,0,0,2,0.001,12,0.002,4,0.001,14,0.004,4,0.005
388;823_0-400m,1139;1149_400-800m,0,0,0,0,5,0.001,2,0,1,0,0,0
388;823_0-400m,1138;1150;1137_0-400m,0,0,0,0,12,0.002,4,0.001,12,0.003,0,0
388;823_0-400m,1138;1150;1137_400-800m,0,0,0,0,1,0,2,0,0,0,0,0
388;823_0-400m,1124;1164_0-400m,0,0,1,0,18,0.002,10,0.002,19,0.005,0,0
388;823_0-400m,1124;1164_400-800m,0,0,1,0,40,0.005,16,0.004,20,0.005,4,0.005
388;823_0-400m,343;349_0-400m,0,0,2,0.001,14,0.002,9,0.002,11,0.003,6,0.007
388;823_0-400m,343;349_400-800m,0,0,1,0,5,0.001,1,0,4,0.001,2,0.002
388;823_0-400m,1136;1151_0-400m,1,0.003,0,0,9,0.001,4,0.001,5,0.001,0,0
388;823_0-400m,1136;1151_400-800m,0,0,1,0,8,0.001,7,0.002,4,0.001,1,0.001
388;823_0-400m,342;350_0-400m,0,0,0,0,18,0.002,25,0.005,22,0.006,9,0.011
388;823_0-400m,342;350_400-800m,2,0.006,2,0.001,12,0.002,14,0.003,18,0.005,1,0.001
388;823_0-400m,1141;1147_0-400m,0,0,2,0.001,8,0.001,8,0.002,9,0.002,2,0.002
388;823_0-400m,1141;1147_400-800m,1,0.003,0,0,3,0,4,0.001,3,0.001,0,0
388;823_0-400m,1132;1155;1156_0-400m,0,0,0,0,7,0.001,3,0.001,8,0.002,0,0
388;823_0-400m,1132;1155;1156_400-800m,0,0,0,0,6,0.001,4,0.001,6,0.002,0,0
388;823_0-400m,1133;1154_0-400m,0,0,0,0,5,0.001,3,0.001,6,0.002,0,0
388;823_0-400m,1133;1154_400-800m,0,0,0,0,7,0.001,6,0.001,6,0.002,0,0
388;823_0-400m,1130;1159;1160_0-400m,0,0,1,0,20,0.003,8,0.002,15,0.004,0,0
388;823_0-400m,1130;1159;1160_400-800m,0,0,1,0,1,0,0,0,0,0,0,0
388;823_0-400m,345;347_0-400m,0,0,2,0.001,33,0.004,41,0.009,35,0.009,9,0.011
388;823_0-400m,345;347_400-800m,0,0,4,0.001,42,0.005,43,0.009,46,0.012,10,0.012
388;823_0-400m,344;348_0-400m,0,0,2,0.001,12,0.002,9,0.002,10,0.003,2,0.002
388;823_0-400m,344;348_400-800m,0,0,6,0.002,22,0.003,15,0.003,20,0.005,4,0.005
388;823_0-400m,1140;1148_0-400m,0,0,5,0.002,16,0.002,17,0.004,8,0.002,4,0.005
388;823_0-400m,1140;1148_400-800m,0,0,5,0.002,10,0.001,4,0.001,15,0.004,0,0
388;823_0-400m,1127;1161_0-400m,0,0,0,0,20,0.003,12,0.003,12,0.003,2,0.002
388;823_0-400m,1127;1161_400-800m,0,0,0,0,0,0,0,0,0,0,0,0
388;823_0-400m,1855_0-400m,0,0,0,0,3,0,3,0.001,4,0.001,0,0
388;823_0-400m,1855_400-800m,0,0,0,0,4,0.001,2,0,1,0,0,0
388;823_0-400m,187;204_0-400m,2,0.006,7,0.003,67,0.009,39,0.009,40,0.01,9,0.011
388;823_0-400m,187;204_400-800m,0,0,3,0.001,23,0.003,15,0.003,19,0.005,2,0.002
388;823_0-400m,661;674_0-400m,2,0.006,21,0.008,112,0.014,74,0.016,70,0.018,6,0.007
388;823_0-400m,661;674_400-800m,0,0,4,0.001,31,0.004,22,0.005,27,0.007,3,0.004
388;823_0-400m,184;207_0-400m,1,0.003,16,0.006,80,0.01,39,0.009,48,0.012,9,0.011
388;823_0-400m,184;207_400-800m,0,0,6,0.002,26,0.003,27,0.006,27,0.007,4,0.005
388;823_0-400m,657;678_0-400m,1,0.003,15,0.006,96,0.012,59,0.013,49,0.013,3,0.004
388;823_0-400m,657;678_400-800m,0,0,4,0.001,12,0.002,3,0.001,4,0.001,0,0
388;823_0-400m,656;679_0-400m,2,0.006,26,0.01,169,0.021,124,0.027,95,0.024,16,0.02
388;823_0-400m,656;679_400-800m,0,0,3,0.001,37,0.005,16,0.004,12,0.003,4,0.005
388;823_0-400m,1383;1461;1384_0-400m,1,0.003,11,0.004,44,0.006,26,0.006,25,0.006,2,0.002
388;823_0-400m,1383;1461;1384_400-800m,2,0.006,12,0.004,53,0.007,30,0.007,52,0.013,12,0.015
388;823_0-400m,665;670_0-400m,0,0,4,0.001,36,0.005,13,0.003,23,0.006,2,0.002
388;823_0-400m,665;670_400-800m,1,0.003,0,0,34,0.004,17,0.004,25,0.006,5,0.006
388;823_0-400m,659;676;675_0-400m,2,0.006,27,0.01,163,0.021,107,0.024,108,0.028,11,0.014
388;823_0-400m,659;676;675_400-800m,0,0,11,0.004,34,0.004,17,0.004,33,0.008,4,0.005
388;823_0-400m,664;671_0-400m,2,0.006,10,0.004,36,0.005,21,0.005,43,0.011,4,0.005
388;823_0-400m,664;671_400-800m,0,0,3,0.001,37,0.005,42,0.009,42,0.011,5,0.006
388;823_0-400m,185;206_0-400m,3,0.009,8,0.003,87,0.011,66,0.015,61,0.016,7,0.009
388;823_0-400m,185;206_400-800m,1,0.003,4,0.001,17,0.002,9,0.002,8,0.002,0,0
388;823_0-400m,662;673_0-400m,3,0.009,14,0.005,99,0.013,57,0.013,79,0.02,4,0.005
388;823_0-400m,662;673_400-800m,0,0,3,0.001,35,0.004,28,0.006,23,0.006,1,0.001
388;823_0-400m,1385;1459_0-400m,4,0.012,30,0.011,65,0.008,29,0.006,16,0.004,2,0.002
388;823_0-400m,1385;1459_400-800m,1,0.003,1,0,9,0.001,4,0.001,14,0.004,2,0.002
388;823_0-400m,658;677_0-400m,0,0,16,0.006,98,0.012,67,0.015,44,0.011,5,0.006
388;823_0-400m,658;677_400-800m,0,0,1,0,12,0.002,6,0.001,6,0.002,1,0.001
388;823_0-400m,663;672_0-400m,1,0.003,8,0.003,98,0.012,52,0.011,45,0.011,4,0.005
388;823_0-400m,663;672_400-800m,0,0,2,0.001,74,0.009,44,0.01,48,0.012,0,0
388;823_0-400m,183;209_0-400m,1,0.003,20,0.007,107,0.014,71,0.016,64,0.016,6,0.007
388;823_0-400m,183;209_400-800m,4,0.012,15,0.006,76,0.01,44,0.01,47,0.012,6,0.007
388;823_0-400m,186;205_0-400m,1,0.003,8,0.003,37,0.005,26,0.006,42,0.011,8,0.01
388;823_0-400m,186;205_400-800m,0,0,0,0,1,0,0,0,0,0,0,0
388;823_0-400m,188;203_0-400m,3,0.009,18,0.007,128,0.016,69,0.015,81,0.021,17,0.021
388;823_0-400m,188;203_400-800m,0,0,5,0.002,45,0.006,28,0.006,39,0.01,7,0.009
388;823_0-400m,388;823_0-400m,9,0.027,103,0.038,1114,0.141,634,0.139,490,0.125,53,0.066
388;823_0-400m,388;823_400-800m,1,0.003,48,0.018,205,0.026,118,0.026,114,0.029,23,0.029
388;823_0-400m,1386;95_0-400m,0,0,9,0.003,40,0.005,34,0.007,35,0.009,3,0.004
388;823_0-400m,1386;95_400-800m,0,0,3,0.001,19,0.002,13,0.003,24,0.006,1,0.001
388;823_0-400m,Orange_0-400m,16,0.049,23,0.008,172,0.022,112,0.025,120,0.031,19,0.024
388;823_0-400m,Blue_0-400m,0,0,9,0.003,75,0.01,62,0.014,41,0.01,1,0.001
388;823_0-400m,Green_0-400m,9,0.027,112,0.041,796,0.101,478,0.105,488,0.125,81,0.101
388;823_0-400m,Orange_400-800m,0,0,10,0.004,69,0.009,42,0.009,47,0.012,4,0.005
388;823_0-400m,Blue_400-800m,0,0,8,0.003,79,0.01,40,0.009,53,0.014,3,0.004
388;823_0-400m,Green_400-800m,2,0.006,26,0.01,307,0.039,164,0.036,155,0.04,16,0.02
388;823_0-400m,External,144,0.439,927,0.341,8211,1.042,4932,1.084,5078,1.297,479,0.596
388;823_400-800m,415;448_0-400m,0,0,1,0,4,0.001,2,0,3,0.001,0,0
388;823_400-800m,415;448_400-800m,0,0,0,0,5,0.001,1,0,2,0.001,0,0
388;823_400-800m,408;455_0-400m,0,0,1,0,3,0,1,0,2,0.001,0,0
388;823_400-800m,408;455_400-800m,0,0,0,0,1,0,1,0,1,0,1,0.001
388;823_400-800m,412;451_0-400m,0,0,1,0,1,0,2,0,2,0.001,2,0.002
388;823_400-800m,412;451_400-800m,0,0,2,0.001,4,0.001,5,0.001,2,0.001,0,0
388;823_400-800m,416;447_0-400m,1,0.003,1,0,3,0,2,0,2,0.001,1,0.001
388;823_400-800m,416;447_400-800m,1,0.003,1,0,5,0.001,3,0.001,2,0.001,0,0
388;823_400-800m,410;452_0-400m,0,0,0,0,0,0,0,0,0,0,1,0.001
388;823_400-800m,410;452_400-800m,0,0,1,0,4,0.001,4,0.001,0,0,0,0
388;823_400-800m,414;449_0-400m,0,0,1,0,2,0,3,0.001,1,0,1,0.001
388;823_400-800m,414;449_400-800m,1,0.003,0,0,7,0.001,0,0,2,0.001,0,0
388;823_400-800m,407;456_0-400m,0,0,0,0,2,0,2,0,0,0,2,0.002
388;823_400-800m,407;456_400-800m,0,0,2,0.001,2,0,1,0,4,0.001,0,0
388;823_400-800m,413;450_0-400m,0,0,5,0.002,2,0,5,0.001,2,0.001,0,0
388;823_400-800m,413;450_400-800m,1,0.003,1,0,4,0.001,3,0.001,1,0,0,0
388;823_400-800m,419;444;420_0-400m,0,0,7,0.003,16,0.002,9,0.002,12,0.003,2,0.002
388;823_400-800m,419;444;420_400-800m,0,0,1,0,4,0.001,2,0,5,0.001,0,0
388;823_400-800m,417;445_0-400m,0,0,2,0.001,7,0.001,3,0.001,4,0.001,1,0.001
388;823_400-800m,417;445_400-800m,0,0,1,0,4,0.001,2,0,3,0.001,1,0.001
388;823_400-800m,405;457_0-400m,0,0,7,0.003,8,0.001,2,0,2,0.001,0,0
388;823_400-800m,405;457_400-800m,0,0,1,0,1,0,1,0,0,0,0,0
388;823_400-800m,404;459_0-400m,0,0,1,0,12,0.002,7,0.002,4,0.001,0,0
388;823_400-800m,404;459_400-800m,0,0,4,0.001,8,0.001,3,0.001,6,0.002,0,0
388;823_400-800m,421;442_0-400m,0,0,4,0.001,21,0.003,13,0.003,8,0.002,3,0.004
388;823_400-800m,421;442_400-800m,0,0,1,0,5,0.001,7,0.002,6,0.002,0,0
388;823_400-800m,196;24;1508_0-400m,0,0,11,0.004,17,0.002,5,0.001,1,0,0,0
388;823_400-800m,196;24;1508_400-800m,1,0.003,1,0,4,0.001,2,0,2,0.001,1,0.001
388;823_400-800m,409;453_0-400m,0,0,0,0,1,0,0,0,3,0.001,1,0.001
388;823_400-800m,409;453_400-800m,0,0,1,0,3,0,4,0.001,3,0.001,0,0
388;823_400-800m,1503_0-400m,0,0,11,0.004,13,0.002,11,0.002,7,0.002,0,0
388;823_400-800m,1503_400-800m,0,0,1,0,2,0,1,0,1,0,2,0.002
388;823_400-800m,1125;1163;1162_0-400m,0,0,0,0,1,0,0,0,0,0,0,0
388;823_400-800m,1125;1163;1162_400-800m,0,0,0,0,0,0,0,0,0,0,0,0
388;823_400-800m,1134;1153_0-400m,0,0,0,0,0,0,0,0,1,0,0,0
388;823_400-800m,1134;1153_400-800m,0,0,0,0,2,0,0,0,1,0,0,0
388;823_400-800m,21;28;1612_0-400m,2,0.006,6,0.002,25,0.003,17,0.004,7,0.002,3,0.004
388;823_400-800m,21;28;1612_400-800m,0,0,1,0,8,0.001,3,0.001,7,0.002,0,0
388;823_400-800m,1131;1158_0-400m,0,0,0,0,5,0.001,3,0.001,0,0,0,0
388;823_400-800m,1131;1158_400-800m,0,0,0,0,2,0,1,0,1,0,0,0
388;823_400-800m,1135;1152_0-400m,0,0,0,0,3,0,2,0,1,0,0,0
388;823_400-800m,1135;1152_400-800m,0,0,0,0,0,0,0,0,0,0,0,0
388;823_400-800m,584;604_0-400m,0,0,2,0.001,1,0,4,0.001,2,0.001,0,0
388;823_400-800m,584;604_400-800m,0,0,3,0.001,0,0,2,0,9,0.002,1,0.001
388;823_400-800m,1139;1149_0-400m,0,0,1,0,3,0,0,0,4,0.001,1,0.001
388;823_400-800m,1139;1149_400-800m,0,0,0,0,0,0,0,0,0,0,0,0
388;823_400-800m,1138;1150;1137_0-400m,0,0,2,0.001,3,0,2,0,5,0.001,0,0
388;823_400-800m,1138;1150;1137_400-800m,0,0,0,0,0,0,0,0,0,0,0,0
388;823_400-800m,1124;1164_0-400m,0,0,2,0.001,7,0.001,3,0.001,5,0.001,0,0
388;823_400-800m,1124;1164_400-800m,1,0.003,4,0.001,20,0.003,13,0.003,5,0.001,7,0.009
388;823_400-800m,343;349_0-400m,0,0,0,0,6,0.001,5,0.001,2,0.001,1,0.001
388;823_400-800m,343;349_400-800m,0,0,0,0,2,0,0,0,1,0,0,0
388;823_400-800m,1136;1151_0-400m,0,0,0,0,2,0,2,0,0,0,0,0
388;823_400-800m,1136;1151_400-800m,0,0,0,0,2,0,2,0,1,0,0,0
388;823_400-800m,342;350_0-400m,0,0,1,0,10,0.001,6,0.001,6,0.002,1,0.001
388;823_400-800m,342;350_400-800m,0,0,0,0,8,0.001,3,0.001,8,0.002,1,0.001
388;823_400-800m,1141;1147_0-400m,0,0,0,0,0,0,1,0,2,0.001,0,0
388;823_400-800m,1141;1147_400-800m,0,0,0,0,1,0,1,0,1,0,0,0
388;823_400-800m,1132;1155;1156_0-400m,0,0,0,0,2,0,2,0,0,0,0,0
388;823_400-800m,1132;1155;1156_400-800m,0,0,0,0,1,0,3,0.001,0,0,0,0
388;823_400-800m,1133;1154_0-400m,0,0,0,0,3,0,0,0,1,0,0,0
388;823_400-800m,1133;1154_400-800m,0,0,0,0,2,0,1,0,1,0,0,0
388;823_400-800m,1130;1159;1160_0-400m,0,0,3,0.001,6,0.001,5,0.001,1,0,0,0
388;823_400-800m,1130;1159;1160_400-800m,0,0,0,0,0,0,0,0,0,0,0,0
388;823_400-800m,345;347_0-400m,1,0.003,2,0.001,14,0.002,3,0.001,4,0.001,5,0.006
388;823_400-800m,345;347_400-800m,0,0,1,0,14,0.002,6,0.001,7,0.002,3,0.004
388;823_400-800m,344;348_0-400m,0,0,0,0,4,0.001,1,0,2,0.001,1,0.001
388;823_400-800m,344;348_400-800m,0,0,2,0.001,7,0.001,4,0.001,6,0.002,0,0
388;823_400-800m,1140;1148_0-400m,0,0,1,0,4,0.001,0,0,3,0.001,0,0
388;823_400-800m,1140;1148_400-800m,0,0,6,0.002,4,0.001,0,0,2,0.001,0,0
388;823_400-800m,1127;1161_0-400m,1,0.003,0,0,6,0.001,2,0,2,0.001,0,0
388;823_400-800m,1127;1161_400-800m,0,0,0,0,0,0,0,0,1,0,0,0
388;823_400-800m,1855_0-400m,0,0,0,0,2,0,0,0,1,0,0,0
388;823_400-800m,1855_400-800m,0,0,0,0,1,0,2,0,0,0,1,0.001
388;823_400-800m,187;204_0-400m,1,0.003,7,0.003,10,0.001,8,0.002,4,0.001,0,0
388;823_400-800m,187;204_400-800m,0,0,0,0,2,0,2,0,2,0.001,1,0.001
388;823_400-800m,661;674_0-400m,0,0,8,0.003,16,0.002,14,0.003,3,0.001,1,0.001
388;823_400-800m,661;674_400-800m,0,0,4,0.001,6,0.001,5,0.001,7,0.002,0,0
388;823_400-800m,184;207_0-400m,3,0.009,5,0.002,13,0.002,14,0.003,7,0.002,0,0
388;823_400-800m,184;207_400-800m,0,0,1,0,7,0.001,10,0.002,6,0.002,1,0.001
388;823_400-800m,657;678_0-400m,1,0.003,9,0.003,27,0.003,10,0.002,9,0.002,2,0.002
388;823_400-800m,657;678_400-800m,0,0,0,0,2,0,0,0,1,0,0,0
388;823_400-800m,656;679_0-400m,1,0.003,23,0.008,60,0.008,31,0.007,29,0.007,5,0.006
388;823_400-800m,656;679_400-800m,0,0,1,0,9,0.001,1,0,2,0.001,0,0
388;823_400-800m,1383;1461;1384_0-400m,0,0,2,0.001,6,0.001,4,0.001,8,0.002,0,0
388;823_400-800m,1383;1461;1384_400-800m,1,0.003,2,0.001,9,0.001,8,0.002,8,0.002,2,0.002
388;823_400-800m,665;670_0-400m,0,0,1,0,7,0.001,1,0,2,0.001,1,0.001
388;823_400-800m,665;670_400-800m,0,0,0,0,3,0,1,0,0,0,1,0.001
388;823_400-800m,659;676;675_0-400m,0,0,12,0.004,27,0.003,21,0.005,10,0.003,4,0.005
388;823_400-800m,659;676;675_400-800m,0,0,3,0.001,8,0.001,4,0.001,3,0.001,1,0.001
388;823_400-800m,664;671_0-400m,0,0,7,0.003,11,0.001,4,0.001,9,0.002,5,0.006
388;823_400-800m,664;671_400-800m,0,0,6,0.002,6,0.001,4,0.001,10,0.003,2,0.002
388;823_400-800m,185;206_0-400m,0,0,1,0,9,0.001,13,0.003,8,0.002,2,0.002
388;823_400-800m,185;206_400-800m,0,0,2,0.001,6,0.001,3,0.001,1,0,1,0.001
388;823_400-800m,662;673_0-400m,1,0.003,7,0.003,23,0.003,14,0.003,14,0.004,2,0.002
388;823_400-800m,662;673_400-800m,0,0,3,0.001,4,0.001,4,0.001,3,0.001,0,0
388;823_400-800m,1385;1459_0-400m,1,0.003,9,0.003,20,0.003,6,0.001,9,0.002,4,0.005
388;823_400-800m,1385;1459_400-800m,0,0,0,0,5,0.001,2,0,2,0.001,0,0
388;823_400-800m,658;677_0-400m,2,0.006,7,0.003,21,0.003,23,0.005,7,0.002,3,0.004
388;823_400-800m,658;677_400-800m,0,0,3,0.001,2,0,3,0.001,0,0,0,0
388;823_400-800m,663;672_0-400m,0,0,4,0.001,17,0.002,11,0.002,3,0.001,2,0.002
388;823_400-800m,663;672_400-800m,0,0,1,0,4,0.001,2,0,0,0,1,0.001
388;823_400-800m,183;209_0-400m,0,0,6,0.002,33,0.004,9,0.002,12,0.003,6,0.007
388;823_400-800m,183;209_400-800m,1,0.003,5,0.002,21,0.003,8,0.002,8,0.002,2,0.002
388;823_400-800m,186;205_0-400m,0,0,0,0,7,0.001,6,0.001,5,0.001,0,0
388;823_400-800m,186;205_400-800m,0,0,0,0,0,0,0,0,0,0,0,0
388;823_400-800m,188;203_0-400m,1,0.003,29,0.011,29,0.004,20,0.004,9,0.002,4,0.005
388;823_400-800m,188;203_400-800m,1,0.003,1,0,11,0.001,5,0.001,3,0.001,3,0.004
388;823_400-800m,388;823_0-400m,8,0.024,55,0.02,320,0.041,178,0.039,141,0.036,19,0.024
388;823_400-800m,388;823_400-800m,3,0.009,43,0.016,131,0.017,68,0.015,52,0.013,18,0.022
388;823_400-800m,1386;95_0-400m,2,0.006,9,0.003,16,0.002,3,0.001,7,0.002,1,0.001
388;823_400-800m,1386;95_400-800m,0,0,1,0,2,0,2,0,2,0.001,1,0.001
388;823_400-800m,Orange_0-400m,11,0.034,19,0.007,42,0.005,22,0.005,23,0.006,7,0.009
388;823_400-800m,Blue_0-400m,1,0.003,4,0.001,21,0.003,16,0.004,11,0.003,0,0
388;823_400-800m,Green_0-400m,8,0.024,87,0.032,238,0.03,142,0.031,126,0.032,22,0.027
388;823_400-800m,Orange_400-800m,2,0.006,2,0.001,16,0.002,10,0.002,8,0.002,1,0.001
388;823_400-800m,Blue_400-800m,1,0.003,6,0.002,16,0.002,16,0.004,14,0.004,2,0.002
388;823_400-800m,Green_400-800m,2,0.006,19,0.007,84,0.011,48,0.011,30,0.008,11,0.014
388;823_400-800m,External,107,0.326,865,0.318,2655,0.337,1523,0.335,1204,0.307,221,0.275
1386;95_0-400m,415;448_0-400m,0,0,1,0,12,0.002,10,0.002,3,0.001,3,0.004
1386;95_0-400m,415;448_400-800m,0,0,2,0.001,4,0.001,2,0,2,0.001,1,0.001
1386;95_0-400m,408;455_0-400m,0,0,1,0,5,0.001,5,0.001,3,0.001,3,0.004
1386;95_0-400m,408;455_400-800m,0,0,0,0,4,0.001,2,0,3,0.001,0,0
1386;95_0-400m,412;451_0-400m,0,0,2,0.001,7,0.001,2,0,2,0.001,1,0.001
1386;95_0-400m,412;451_400-800m,1,0.003,1,0,9,0.001,5,0.001,8,0.002,3,0.004
1386;95_0-400m,416;447_0-400m,0,0,2,0.001,12,0.002,6,0.001,3,0.001,2,0.002
1386;95_0-400m,416;447_400-800m,0,0,4,0.001,16,0.002,11,0.002,8,0.002,3,0.004
1386;95_0-400m,410;452_0-400m,1,0.003,4,0.001,14,0.002,7,0.002,3,0.001,4,0.005
1386;95_0-400m,410;452_400-800m,0,0,2,0.001,5,0.001,5,0.001,5,0.001,1,0.001
1386;95_0-400m,414;449_0-400m,0,0,0,0,7,0.001,4,0.001,9,0.002,3,0.004
1386;95_0-400m,414;449_400-800m,0,0,1,0,8,0.001,7,0.002,1,0,2,0.002
1386;95_0-400m,407;456_0-400m,0,0,1,0,3,0,5,0.001,2,0.001,0,0
1386;95_0-400m,407;456_400-800m,0,0,2,0.001,8,0.001,2,0,6,0.002,2,0.002
1386;95_0-400m,413;450_0-400m,0,0,2,0.001,3,0,6,0.001,5,0.001,1,0.001
1386;95_0-400m,413;450_400-800m,0,0,2,0.001,5,0.001,3,0.001,2,0.001,2,0.002
1386;95_0-400m,419;444;420_0-400m,1,0.003,11,0.004,43,0.005,29,0.006,22,0.006,4,0.005
1386;95_0-400m,419;444;420_400-800m,1,0.003,2,0.001,17,0.002,13,0.003,9,0.002,1,0.001
1386;95_0-400m,417;445_0-400m,1,0.003,3,0.001,8,0.001,7,0.002,3,0.001,0,0
1386;95_0-400m,417;445_400-800m,0,0,5,0.002,22,0.003,8,0.002,6,0.002,4,0.005
1386;95_0-400m,405;457_0-400m,0,0,1,0,17,0.002,17,0.004,8,0.002,2,0.002
1386;95_0-400m,405;457_400-800m,0,0,2,0.001,2,0,0,0,0,0,0,0
1386;95_0-400m,404;459_0-400m,0,0,5,0.002,17,0.002,24,0.005,13,0.003,2,0.002
1386;95_0-400m,404;459_400-800m,0,0,1,0,13,0.002,24,0.005,5,0.001,1,0.001
1386;95_0-400m,421;442_0-400m,1,0.003,16,0.006,65,0.008,38,0.008,21,0.005,7,0.009
1386;95_0-400m,421;442_400-800m,0,0,8,0.003,25,0.003,18,0.004,14,0.004,5,0.006
1386;95_0-400m,196;24;1508_0-400m,2,0.006,16,0.006,102,0.013,44,0.01,38,0.01,9,0.011
1386;95_0-400m,196;24;1508_400-800m,0,0,12,0.004,28,0.004,22,0.005,14,0.004,5,0.006
1386;95_0-400m,409;453_0-400m,0,0,2,0.001,7,0.001,5,0.001,2,0.001,1,0.001
1386;95_0-400m,409;453_400-800m,0,0,2,0.001,16,0.002,9,0.002,8,0.002,0,0
1386;95_0-400m,1503_0-400m,1,0.003,19,0.007,102,0.013,75,0.016,59,0.015,25,0.031
1386;95_0-400m,1503_400-800m,1,0.003,4,0.001,15,0.002,6,0.001,12,0.003,16,0.02
1386;95_0-400m,1125;1163;1162_0-400m,0,0,1,0,1,0,0,0,1,0,0,0
1386;95_0-400m,1125;1163;1162_400-800m,0,0,0,0,1,0,0,0,0,0,0,0
1386;95_0-400m,1134;1153_0-400m,0,0,0,0,2,0,1,0,1,0,0,0
1386;95_0-400m,1134;1153_400-800m,0,0,1,0,4,0.001,3,0.001,2,0.001,1,0.001
1386;95_0-400m,21;28;1612_0-400m,4,0.012,23,0.008,87,0.011,63,0.014,43,0.011,14,0.017
1386;95_0-400m,21;28;1612_400-800m,1,0.003,8,0.003,51,0.006,26,0.006,26,0.007,12,0.015
1386;95_0-400m,1131;1158_0-400m,0,0,0,0,4,0.001,6,0.001,1,0,2,0.002
1386;95_0-400m,1131;1158_400-800m,0,0,1,0,2,0,0,0,4,0.001,2,0.002
1386;95_0-400m,1135;1152_0-400m,0,0,0,0,9,0.001,6,0.001,3,0.001,0,0
1386;95_0-400m,1135;1152_400-800m,0,0,0,0,1,0,0,0,0,0,0,0
1386;95_0-400m,584;604_0-400m,1,0.003,4,0.001,3,0,10,0.002,3,0.001,2,0.002
1386;95_0-400m,584;604_400-800m,0,0,2,0.001,10,0.001,7,0.002,1,0,2,0.002
1386;95_0-400m,1139;1149_0-400m,0,0,5,0.002,1,0,7,0.002,7,0.002,3,0.004
1386;95_0-400m,1139;1149_400-800m,0,0,0,0,1,0,0,0,3,0.001,0,0
1386;95_0-400m,1138;1150;1137_0-400m,0,0,1,0,13,0.002,11,0.002,10,0.003,1,0.001
1386;95_0-400m,1138;1150;1137_400-800m,0,0,0,0,1,0,3,0.001,0,0,0,0
1386;95_0-400m,1124;1164_0-400m,0,0,0,0,4,0.001,6,0.001,3,0.001,1,0.001
1386;95_0-400m,1124;1164_400-800m,0,0,4,0.001,20,0.003,14,0.003,8,0.002,4,0.005
1386;95_0-400m,343;349_0-400m,0,0,5,0.002,15,0.002,12,0.003,7,0.002,5,0.006
1386;95_0-400m,343;349_400-800m,0,0,0,0,8,0.001,2,0,2,0.001,0,0
1386;95_0-400m,1136;1151_0-400m,0,0,2,0.001,4,0.001,5,0.001,2,0.001,3,0.004
1386;95_0-400m,1136;1151_400-800m,1,0.003,2,0.001,5,0.001,3,0.001,1,0,0,0
1386;95_0-400m,342;350_0-400m,1,0.003,3,0.001,23,0.003,18,0.004,9,0.002,4,0.005
1386;95_0-400m,342;350_400-800m,0,0,0,0,5,0.001,0,0,5,0.001,0,0
1386;95_0-400m,1141;1147_0-400m,0,0,3,0.001,9,0.001,8,0.002,3,0.001,1,0.001
1386;95_0-400m,1141;1147_400-800m,0,0,0,0,0,0,2,0,1,0,0,0
1386;95_0-400m,1132;1155;1156_0-400m,0,0,0,0,6,0.001,2,0,5,0.001,0,0
1386;95_0-400m,1132;1155;1156_400-800m,0,0,0,0,0,0,1,0,3,0.001,0,0
1386;95_0-400m,1133;1154_0-400m,1,0.003,1,0,2,0,4,0.001,2,0.001,0,0
1386;95_0-400m,1133;1154_400-800m,0,0,1,0,1,0,1,0,3,0.001,2,0.002
1386;95_0-400m,1130;1159;1160_0-400m,3,0.009,4,0.001,8,0.001,10,0.002,4,0.001,1,0.001
1386;95_0-400m,1130;1159;1160_400-800m,0,0,0,0,1,0,1,0,1,0,0,0
1386;95_0-400m,345;347_0-400m,1,0.003,5,0.002,20,0.003,18,0.004,21,0.005,5,0.006
1386;95_0-400m,345;347_400-800m,2,0.006,16,0.006,42,0.005,30,0.007,32,0.008,14,0.017
1386;95_0-400m,344;348_0-400m,0,0,4,0.001,17,0.002,13,0.003,4,0.001,2,0.002
1386;95_0-400m,344;348_400-800m,1,0.003,10,0.004,15,0.002,17,0.004,10,0.003,1,0.001
1386;95_0-400m,1140;1148_0-400m,0,0,3,0.001,4,0.001,9,0.002,7,0.002,3,0.004
1386;95_0-400m,1140;1148_400-800m,1,0.003,1,0,3,0,2,0,5,0.001,1,0.001
1386;95_0-400m,1127;1161_0-400m,0,0,2,0.001,11,0.001,11,0.002,4,0.001,1,0.001
1386;95_0-400m,1127;1161_400-800m,0,0,1,0,0,0,0,0,0,0,0,0
1386;95_0-400m,1855_0-400m,0,0,0,0,1,0,0,0,2,0.001,0,0
1386;95_0-400m,1855_400-800m,0,0,0,0,1,0,0,0,0,0,0,0
1386;95_0-400m,187;204_0-400m,2,0.006,4,0.001,16,0.002,5,0.001,9,0.002,3,0.004
1386;95_0-400m,187;204_400-800m,0,0,3,0.001,8,0.001,7,0.002,3,0.001,0,0
1386;95_0-400m,661;674_0-400m,1,0.003,5,0.002,14,0.002,4,0.001,10,0.003,1,0.001
1386;95_0-400m,661;674_400-800m,0,0,0,0,4,0.001,2,0,3,0.001,1,0.001
1386;95_0-400m,184;207_0-400m,0,0,3,0.001,15,0.002,6,0.001,6,0.002,2,0.002
1386;95_0-400m,184;207_400-800m,0,0,6,0.002,12,0.002,10,0.002,7,0.002,2,0.002
1386;95_0-400m,657;678_0-400m,0,0,3,0.001,27,0.003,15,0.003,10,0.003,1,0.001
1386;95_0-400m,657;678_400-800m,0,0,1,0,1,0,2,0,0,0,0,0
1386;95_0-400m,656;679_0-400m,1,0.003,8,0.003,19,0.002,12,0.003,5,0.001,1,0.001
1386;95_0-400m,656;679_400-800m,0,0,1,0,2,0,0,0,1,0,1,0.001
1386;95_0-400m,1383;1461;1384_0-400m,1,0.003,20,0.007,60,0.008,34,0.007,33,0.008,14,0.017
1386;95_0-400m,1383;1461;1384_400-800m,0,0,6,0.002,23,0.003,14,0.003,9,0.002,3,0.004
1386;95_0-400m,665;670_0-400m,1,0.003,5,0.002,21,0.003,15,0.003,8,0.002,5,0.006
1386;95_0-400m,665;670_400-800m,0,0,2,0.001,11,0.001,2,0,4,0.001,1,0.001
1386;95_0-400m,659;676;675_0-400m,0,0,10,0.004,13,0.002,7,0.002,7,0.002,5,0.006
1386;95_0-400m,659;676;675_400-800m,0,0,1,0,5,0.001,4,0.001,5,0.001,1,0.001
1386;95_0-400m,664;671_0-400m,3,0.009,9,0.003,27,0.003,13,0.003,13,0.003,6,0.007
1386;95_0-400m,664;671_400-800m,0,0,1,0,37,0.005,14,0.003,24,0.006,6,0.007
1386;95_0-400m,185;206_0-400m,1,0.003,5,0.002,10,0.001,12,0.003,6,0.002,8,0.01
1386;95_0-400m,185;206_400-800m,0,0,2,0.001,3,0,2,0,4,0.001,0,0
1386;95_0-400m,662;673_0-400m,1,0.003,20,0.007,55,0.007,23,0.005,40,0.01,10,0.012
1386;95_0-400m,662;673_400-800m,1,0.003,14,0.005,41,0.005,17,0.004,11,0.003,8,0.01
1386;95_0-400m,1385;1459_0-400m,2,0.006,21,0.008,88,0.011,42,0.009,29,0.007,12,0.015
1386;95_0-400m,1385;1459_400-800m,2,0.006,3,0.001,3,0,6,0.001,5,0.001,2,0.002
1386;95_0-400m,658;677_0-400m,2,0.006,13,0.005,7,0.001,7,0.002,6,0.002,1,0.001
1386;95_0-400m,658;677_400-800m,0,0,0,0,0,0,0,0,0,0,0,0
1386;95_0-400m,663;672_0-400m,1,0.003,7,0.003,52,0.007,19,0.004,28,0.007,8,0.01
1386;95_0-400m,663;672_400-800m,0,0,4,0.001,14,0.002,7,0.002,6,0.002,2,0.002
1386;95_0-400m,183;209_0-400m,1,0.003,3,0.001,21,0.003,4,0.001,11,0.003,3,0.004
1386;95_0-400m,183;209_400-800m,1,0.003,1,0,10,0.001,5,0.001,3,0.001,2,0.002
1386;95_0-400m,186;205_0-400m,1,0.003,5,0.002,9,0.001,10,0.002,4,0.001,2,0.002
1386;95_0-400m,186;205_400-800m,0,0,0,0,1,0,3,0.001,0,0,0,0
1386;95_0-400m,188;203_0-400m,3,0.009,7,0.003,26,0.003,28,0.006,13,0.003,4,0.005
1386;95_0-400m,188;203_400-800m,1,0.003,19,0.007,22,0.003,17,0.004,11,0.003,3,0.004
1386;95_0-400m,388;823_0-400m,5,0.015,11,0.004,61,0.008,57,0.013,32,0.008,6,0.007
1386;95_0-400m,388;823_400-800m,0,0,4,0.001,9,0.001,7,0.002,11,0.003,4,0.005
1386;95_0-400m,1386;95_0-400m,1,0.003,22,0.008,119,0.015,50,0.011,48,0.012,9,0.011
1386;95_0-400m,1386;95_400-800m,0,0,6,0.002,27,0.003,10,0.002,14,0.004,1,0.001
1386;95_0-400m,Orange_0-400m,4,0.012,26,0.01,208,0.026,178,0.039,99,0.025,21,0.026
1386;95_0-400m,Blue_0-400m,0,0,9,0.003,23,0.003,26,0.006,12,0.003,8,0.01
1386;95_0-400m,Green_0-400m,3,0.009,25,0.009,56,0.007,26,0.006,15,0.004,3,0.004
1386;95_0-400m,Orange_400-800m,3,0.009,18,0.007,71,0.009,78,0.017,45,0.011,13,0.016
1386;95_0-400m,Blue_400-800m,0,0,6,0.002,25,0.003,29,0.006,20,0.005,9,0.011
1386;95_0-400m,Green_400-800m,3,0.009,7,0.003,24,0.003,33,0.007,12,0.003,5,0.006
1386;95_0-400m,External,97,0.295,1285,0.473,4786,0.608,4473,0.983,2741,0.7,647,0.805
1386;95_400-800m,415;448_0-400m,0,0,2,0.001,2,0,1,0,1,0,0,0
1386;95_400-800m,415;448_400-800m,0,0,0,0,1,0,1,0,0,0,1,0.001
1386;95_400-800m,408;455_0-400m,0,0,0,0,1,0,0,0,0,0,1,0.001
1386;95_400-800m,408;455_400-800m,0,0,0,0,0,0,1,0,0,0,1,0.001
1386;95_400-800m,412;451_0-400m,0,0,1,0,3,0,0,0,0,0,0,0
1386;95_400-800m,412;451_400-800m,0,0,0,0,1,0,2,0,1,0,0,0
1386;95_400-800m,416;447_0-400m,0,0,1,0,3,0,0,0,1,0,0,0
1386;95_400-800m,416;447_400-800m,0,0,1,0,4,0.001,2,0,0,0,1,0.001
1386;95_400-800m,410;452_0-400m,0,0,0,0,1,0,1,0,1,0,1,0.001
1386;95_400-800m,410;452_400-800m,0,0,0,0,1,0,1,0,2,0.001,0,0
1386;95_400-800m,414;449_0-400m,0,0,0,0,1,0,0,0,2,0.001,0,0
1386;95_400-800m,414;449_400-800m,0,0,0,0,0,0,1,0,0,0,0,0
1386;95_400-800m,407;456_0-400m,0,0,0,0,1,0,0,0,0,0,0,0
1386;95_400-800m,407;456_400-800m,0,0,0,0,2,0,1,0,1,0,0,0
1386;95_400-800m,413;450_0-400m,0,0,0,0,1,0,1,0,0,0,0,0
1386;95_400-800m,413;450_400-800m,0,0,0,0,3,0,1,0,2,0.001,0,0
1386;95_400-800m,419;444;420_0-400m,1,0.003,0,0,10,0.001,5,0.001,4,0.001,1,0.001
1386;95_400-800m,419;444;420_400-800m,0,0,0,0,2,0,2,0,1,0,0,0
1386;95_400-800m,417;445_0-400m,2,0.006,1,0,4,0.001,2,0,1,0,0,0
1386;95_400-800m,417;445_400-800m,0,0,2,0.001,2,0,1,0,1,0,0,0
1386;95_400-800m,405;457_0-400m,0,0,0,0,3,0,1,0,2,0.001,0,0
1386;95_400-800m,405;457_400-800m,0,0,0,0,0,0,0,0,0,0,0,0
1386;95_400-800m,404;459_0-400m,0,0,0,0,7,0.001,1,0,1,0,0,0
1386;95_400-800m,404;459_400-800m,0,0,0,0,10,0.001,1,0,1,0,0,0
1386;95_400-800m,421;442_0-400m,0,0,2,0.001,13,0.002,1,0,4,0.001,1,0.001
1386;95_400-800m,421;442_400-800m,1,0.003,1,0,8,0.001,1,0,2,0.001,0,0
1386;95_400-800m,196;24;1508_0-400m,1,0.003,3,0.001,10,0.001,11,0.002,13,0.003,2,0.002
1386;95_400-800m,196;24;1508_400-800m,0,0,1,0,3,0,4,0.001,4,0.001,1,0.001
1386;95_400-800m,409;453_0-400m,0,0,0,0,1,0,0,0,0,0,1,0.001
1386;95_400-800m,409;453_400-800m,0,0,0,0,2,0,0,0,0,0,0,0
1386;95_400-800m,1503_0-400m,0,0,1,0,19,0.002,9,0.002,14,0.004,1,0.001
1386;95_400-800m,1503_400-800m,0,0,0,0,1,0,0,0,4,0.001,1,0.001
1386;95_400-800m,1125;1163;1162_0-400m,0,0,0,0,1,0,0,0,3,0.001,0,0
1386;95_400-800m,1125;1163;1162_400-800m,0,0,0,0,0,0,1,0,0,0,0,0
1386;95_400-800m,1134;1153_0-400m,0,0,0,0,0,0,0,0,0,0,0,0
1386;95_400-800m,1134;1153_400-800m,0,0,0,0,1,0,1,0,0,0,0,0
1386;95_400-800m,21;28;1612_0-400m,2,0.006,7,0.003,14,0.002,16,0.004,18,0.005,5,0.006
1386;95_400-800m,21;28;1612_400-800m,1,0.003,6,0.002,27,0.003,11,0.002,14,0.004,3,0.004
1386;95_400-800m,1131;1158_0-400m,0,0,0,0,0,0,0,0,0,0,0,0
1386;95_400-800m,1131;1158_400-800m,0,0,0,0,2,0,0,0,2,0.001,2,0.002
1386;95_400-800m,1135;1152_0-400m,0,0,0,0,0,0,2,0,0,0,0,0
1386;95_400-800m,1135;1152_400-800m,0,0,0,0,0,0,0,0,0,0,0,0
1386;95_400-800m,584;604_0-400m,0,0,0,0,3,0,1,0,0,0,0,0
1386;95_400-800m,584;604_400-800m,0,0,0,0,1,0,0,0,0,0,0,0
1386;95_400-800m,1139;1149_0-400m,0,0,0,0,2,0,0,0,1,0,0,0
1386;95_400-800m,1139;1149_400-800m,0,0,0,0,1,0,0,0,1,0,0,0
1386;95_400-800m,1138;1150;1137_0-400m,0,0,0,0,2,0,0,0,1,0,0,0
1386;95_400-800m,1138;1150;1137_400-800m,0,0,0,0,0,0,0,0,0,0,0,0
1386;95_400-800m,1124;1164_0-400m,0,0,0,0,2,0,0,0,1,0,0,0
1386;95_400-800m,1124;1164_400-800m,0,0,0,0,8,0.001,3,0.001,3,0.001,0,0
1386;95_400-800m,343;349_0-400m,1,0.003,1,0,3,0,0,0,1,0,1,0.001
1386;95_400-800m,343;349_400-800m,0,0,0,0,1,0,0,0,0,0,0,0
1386;95_400-800m,1136;1151_0-400m,0,0,0,0,1,0,3,0.001,0,0,0,0
1386;95_400-800m,1136;1151_400-800m,0,0,0,0,0,0,0,0,0,0,0,0
1386;95_400-800m,342;350_0-400m,0,0,0,0,7,0.001,4,0.001,7,0.002,3,0.004
1386;95_400-800m,342;350_400-800m,0,0,0,0,0,0,0,0,2,0.001,0,0
1386;95_400-800m,1141;1147_0-400m,0,0,0,0,2,0,2,0,2,0.001,0,0
1386;95_400-800m,1141;1147_400-800m,0,0,0,0,0,0,0,0,0,0,1,0.001
1386;95_400-800m,1132;1155;1156_0-400m,0,0,0,0,2,0,1,0,0,0,0,0
1386;95_400-800m,1132;1155;1156_400-800m,0,0,0,0,1,0,1,0,0,0,0,0
1386;95_400-800m,1133;1154_0-400m,0,0,0,0,0,0,0,0,0,0,1,0.001
1386;95_400-800m,1133;1154_400-800m,0,0,0,0,0,0,0,0,0,0,0,0
1386;95_400-800m,1130;1159;1160_0-400m,0,0,0,0,2,0,3,0.001,2,0.001,0,0
1386;95_400-800m,1130;1159;1160_400-800m,0,0,0,0,0,0,0,0,0,0,0,0
1386;95_400-800m,345;347_0-400m,0,0,2,0.001,5,0.001,4,0.001,4,0.001,0,0
1386;95_400-800m,345;347_400-800m,0,0,4,0.001,7,0.001,3,0.001,7,0.002,3,0.004
1386;95_400-800m,344;348_0-400m,0,0,0,0,1,0,3,0.001,2,0.001,0,0
1386;95_400-800m,344;348_400-800m,0,0,0,0,2,0,1,0,2,0.001,2,0.002
1386;95_400-800m,1140;1148_0-400m,0,0,0,0,3,0,0,0,2,0.001,1,0.001
1386;95_400-800m,1140;1148_400-800m,5,0.015,0,0,2,0,0,0,1,0,1,0.001
1386;95_400-800m,1127;1161_0-400m,0,0,1,0,2,0,0,0,0,0,0,0
1386;95_400-800m,1127;1161_400-800m,0,0,0,0,0,0,0,0,0,0,0,0
1386;95_400-800m,1855_0-400m,0,0,0,0,2,0,2,0,0,0,0,0
1386;95_400-800m,1855_400-800m,0,0,0,0,4,0.001,0,0,0,0,0,0
1386;95_400-800m,187;204_0-400m,0,0,0,0,0,0,0,0,1,0,1,0.001
1386;95_400-800m,187;204_400-800m,0,0,1,0,4,0.001,1,0,1,0,1,0.001
1386;95_400-800m,661;674_0-400m,0,0,2,0.001,5,0.001,5,0.001,5,0.001,1,0.001
1386;95_400-800m,661;674_400-800m,0,0,0,0,3,0,2,0,1,0,0,0
1386;95_400-800m,184;207_0-400m,0,0,1,0,5,0.001,4,0.001,0,0,0,0
1386;95_400-800m,184;207_400-800m,1,0.003,2,0.001,10,0.001,5,0.001,4,0.001,1,0.001
1386;95_400-800m,657;678_0-400m,1,0.003,1,0,11,0.001,8,0.002,2,0.001,0,0
1386;95_400-800m,657;678_400-800m,0,0,0,0,1,0,0,0,0,0,0,0
1386;95_400-800m,656;679_0-400m,0,0,0,0,11,0.001,6,0.001,6,0.002,0,0
1386;95_400-800m,656;679_400-800m,0,0,0,0,0,0,0,0,0,0,0,0
1386;95_400-800m,1383;1461;1384_0-400m,1,0.003,3,0.001,18,0.002,5,0.001,6,0.002,1,0.001
1386;95_400-800m,1383;1461;1384_400-800m,0,0,2,0.001,11,0.001,5,0.001,4,0.001,1,0.001
1386;95_400-800m,665;670_0-400m,0,0,4,0.001,4,0.001,7,0.002,3,0.001,0,0
1386;95_400-800m,665;670_400-800m,1,0.003,1,0,5,0.001,2,0,0,0,0,0
1386;95_400-800m,659;676;675_0-400m,1,0.003,1,0,9,0.001,3,0.001,3,0.001,1,0.001
1386;95_400-800m,659;676;675_400-800m,0,0,0,0,4,0.001,1,0,1,0,1,0.001
1386;95_400-800m,664;671_0-400m,0,0,2,0.001,9,0.001,8,0.002,4,0.001,0,0
1386;95_400-800m,664;671_400-800m,0,0,0,0,10,0.001,3,0.001,9,0.002,3,0.004
1386;95_400-800m,185;206_0-400m,1,0.003,1,0,3,0,4,0.001,2,0.001,1,0.001
1386;95_400-800m,185;206_400-800m,0,0,0,0,4,0.001,2,0,3,0.001,0,0
1386;95_400-800m,662;673_0-400m,0,0,3,0.001,12,0.002,6,0.001,10,0.003,1,0.001
1386;95_400-800m,662;673_400-800m,0,0,3,0.001,11,0.001,11,0.002,5,0.001,0,0
1386;95_400-800m,1385;1459_0-400m,0,0,9,0.003,22,0.003,10,0.002,9,0.002,3,0.004
1386;95_400-800m,1385;1459_400-800m,0,0,6,0.002,4,0.001,4,0.001,2,0.001,0,0
1386;95_400-800m,658;677_0-400m,0,0,1,0,9,0.001,2,0,3,0.001,0,0
1386;95_400-800m,658;677_400-800m,0,0,0,0,0,0,0,0,0,0,0,0
1386;95_400-800m,663;672_0-400m,0,0,4,0.001,14,0.002,6,0.001,12,0.003,2,0.002
1386;95_400-800m,663;672_400-800m,0,0,1,0,5,0.001,0,0,4,0.001,0,0
1386;95_400-800m,183;209_0-400m,0,0,1,0,8,0.001,2,0,5,0.001,0,0
1386;95_400-800m,183;209_400-800m,0,0,1,0,3,0,1,0,3,0.001,0,0
1386;95_400-800m,186;205_0-400m,0,0,1,0,3,0,5,0.001,2,0.001,0,0
1386;95_400-800m,186;205_400-800m,0,0,0,0,0,0,0,0,0,0,0,0
1386;95_400-800m,188;203_0-400m,0,0,1,0,10,0.001,5,0.001,6,0.002,1,0.001
1386;95_400-800m,188;203_400-800m,3,0.009,4,0.001,12,0.002,4,0.001,3,0.001,2,0.002
1386;95_400-800m,388;823_0-400m,1,0.003,6,0.002,34,0.004,23,0.005,17,0.004,0,0
1386;95_400-800m,388;823_400-800m,4,0.012,0,0,6,0.001,4,0.001,3,0.001,0,0
1386;95_400-800m,1386;95_0-400m,0,0,5,0.002,16,0.002,8,0.002,14,0.004,0,0
1386;95_400-800m,1386;95_400-800m,0,0,16,0.006,43,0.005,11,0.002,19,0.005,6,0.007
1386;95_400-800m,Orange_0-400m,0,0,7,0.003,21,0.003,10,0.002,9,0.002,0,0
1386;95_400-800m,Blue_0-400m,0,0,3,0.001,2,0,4,0.001,2,0.001,0,0
1386;95_400-800m,Green_0-400m,1,0.003,6,0.002,23,0.003,5,0.001,10,0.003,0,0
1386;95_400-800m,Orange_400-800m,0,0,3,0.001,6,0.001,7,0.002,4,0.001,0,0
1386;95_400-800m,Blue_400-800m,0,0,0,0,5,0.001,6,0.001,3,0.001,1,0.001
1386;95_400-800m,Green_400-800m,1,0.003,4,0.001,19,0.002,18,0.004,10,0.003,2,0.002
1386;95_400-800m,External,42,0.128,408,0.15,1101,0.14,742,0.163,766,0.196,134,0.167
Orange_0-400m,415;448_0-400m,5,0.015,24,0.009,83,0.011,47,0.01,50,0.013,15,0.019
Orange_0-400m,415;448_400-800m,1,0.003,10,0.004,35,0.004,21,0.005,10,0.003,8,0.01
Orange_0-400m,408;455_0-400m,5,0.015,33,0.012,108,0.014,68,0.015,68,0.017,25,0.031
Orange_0-400m,408;455_400-800m,5,0.015,30,0.011,102,0.013,53,0.012,56,0.014,14,0.017
Orange_0-400m,412;451_0-400m,1,0.003,22,0.008,88,0.011,57,0.013,44,0.011,8,0.01
Orange_0-400m,412;451_400-800m,4,0.012,24,0.009,96,0.012,63,0.014,74,0.019,18,0.022
Orange_0-400m,416;447_0-400m,1,0.003,21,0.008,56,0.007,30,0.007,39,0.01,12,0.015
Orange_0-400m,416;447_400-800m,3,0.009,35,0.013,104,0.013,44,0.01,36,0.009,8,0.01
Orange_0-400m,410;452_0-400m,3,0.009,30,0.011,85,0.011,48,0.011,49,0.013,14,0.017
Orange_0-400m,410;452_400-800m,1,0.003,17,0.006,95,0.012,62,0.014,82,0.021,15,0.019
Orange_0-400m,414;449_0-400m,5,0.015,29,0.011,72,0.009,27,0.006,41,0.01,14,0.017
Orange_0-400m,414;449_400-800m,2,0.006,19,0.007,42,0.005,18,0.004,41,0.01,8,0.01
Orange_0-400m,407;456_0-400m,7,0.021,29,0.011,103,0.013,52,0.011,75,0.019,17,0.021
Orange_0-400m,407;456_400-800m,2,0.006,29,0.011,134,0.017,64,0.014,90,0.023,14,0.017
Orange_0-400m,413;450_0-400m,0,0,21,0.008,94,0.012,53,0.012,35,0.009,13,0.016
Orange_0-400m,413;450_400-800m,4,0.012,47,0.017,128,0.016,91,0.02,94,0.024,18,0.022
Orange_0-400m,419;444;420_0-400m,3,0.009,50,0.018,169,0.021,67,0.015,68,0.017,15,0.019
Orange_0-400m,419;444;420_400-800m,3,0.009,17,0.006,67,0.009,46,0.01,41,0.01,11,0.014
Orange_0-400m,417;445_0-400m,3,0.009,22,0.008,70,0.009,38,0.008,34,0.009,3,0.004
Orange_0-400m,417;445_400-800m,6,0.018,27,0.01,86,0.011,41,0.009,45,0.011,14,0.017
Orange_0-400m,405;457_0-400m,8,0.024,74,0.027,372,0.047,194,0.043,196,0.05,41,0.051
Orange_0-400m,405;457_400-800m,1,0.003,4,0.001,16,0.002,6,0.001,6,0.002,0,0
Orange_0-400m,404;459_0-400m,23,0.07,199,0.073,991,0.126,506,0.111,514,0.131,96,0.119
Orange_0-400m,404;459_400-800m,43,0.131,202,0.074,873,0.111,476,0.105,387,0.099,38,0.047
Orange_0-400m,421;442_0-400m,4,0.012,141,0.052,236,0.03,141,0.031,80,0.02,24,0.03
Orange_0-400m,421;442_400-800m,5,0.015,37,0.014,74,0.009,53,0.012,40,0.01,15,0.019
Orange_0-400m,196;24;1508_0-400m,2,0.006,88,0.032,170,0.022,64,0.014,55,0.014,9,0.011
Orange_0-400m,196;24;1508_400-800m,3,0.009,20,0.007,49,0.006,27,0.006,26,0.007,0,0
Orange_0-400m,409;453_0-400m,6,0.018,20,0.007,88,0.011,59,0.013,53,0.014,21,0.026
Orange_0-400m,409;453_400-800m,13,0.04,46,0.017,159,0.02,95,0.021,91,0.023,31,0.039
Orange_0-400m,1503_0-400m,7,0.021,95,0.035,171,0.022,109,0.024,79,0.02,36,0.045
Orange_0-400m,1503_400-800m,0,0,13,0.005,21,0.003,6,0.001,10,0.003,4,0.005
Orange_0-400m,1125;1163;1162_0-400m,0,0,7,0.003,13,0.002,23,0.005,12,0.003,8,0.01
Orange_0-400m,1125;1163;1162_400-800m,0,0,0,0,1,0,0,0,1,0,0,0
Orange_0-400m,1134;1153_0-400m,0,0,1,0,5,0.001,3,0.001,5,0.001,0,0
Orange_0-400m,1134;1153_400-800m,0,0,4,0.001,13,0.002,19,0.004,8,0.002,0,0
Orange_0-400m,21;28;1612_0-400m,2,0.006,59,0.022,105,0.013,62,0.014,96,0.025,24,0.03
Orange_0-400m,21;28;1612_400-800m,3,0.009,53,0.019,131,0.017,88,0.019,72,0.018,10,0.012
Orange_0-400m,1131;1158_0-400m,0,0,7,0.003,16,0.002,3,0.001,11,0.003,2,0.002
Orange_0-400m,1131;1158_400-800m,0,0,0,0,13,0.002,8,0.002,8,0.002,1,0.001
Orange_0-400m,1135;1152_0-400m,0,0,6,0.002,24,0.003,20,0.004,13,0.003,4,0.005
Orange_0-400m,1135;1152_400-800m,0,0,0,0,1,0,2,0,2,0.001,0,0
Orange_0-400m,584;604_0-400m,1,0.003,7,0.003,19,0.002,14,0.003,18,0.005,2,0.002
Orange_0-400m,584;604_400-800m,1,0.003,7,0.003,38,0.005,18,0.004,30,0.008,8,0.01
Orange_0-400m,1139;1149_0-400m,1,0.003,6,0.002,26,0.003,25,0.005,19,0.005,3,0.004
Orange_0-400m,1139;1149_400-800m,0,0,0,0,3,0,3,0.001,6,0.002,1,0.001
Orange_0-400m,1138;1150;1137_0-400m,1,0.003,15,0.006,45,0.006,17,0.004,23,0.006,5,0.006
Orange_0-400m,1138;1150;1137_400-800m,0,0,1,0,5,0.001,3,0.001,4,0.001,0,0
Orange_0-400m,1124;1164_0-400m,0,0,5,0.002,35,0.004,21,0.005,27,0.007,2,0.002
Orange_0-400m,1124;1164_400-800m,4,0.012,31,0.011,82,0.01,44,0.01,35,0.009,0,0
Orange_0-400m,343;349_0-400m,3,0.009,4,0.001,40,0.005,31,0.007,30,0.008,4,0.005
Orange_0-400m,343;349_400-800m,6,0.018,6,0.002,15,0.002,7,0.002,4,0.001,2,0.002
Orange_0-400m,1136;1151_0-400m,0,0,11,0.004,13,0.002,9,0.002,11,0.003,6,0.007
Orange_0-400m,1136;1151_400-800m,2,0.006,1,0,11,0.001,8,0.002,11,0.003,3,0.004
Orange_0-400m,342;350_0-400m,4,0.012,13,0.005,43,0.005,49,0.011,30,0.008,6,0.007
Orange_0-400m,342;350_400-800m,0,0,7,0.003,14,0.002,9,0.002,9,0.002,5,0.006
Orange_0-400m,1141;1147_0-400m,0,0,2,0.001,20,0.003,10,0.002,19,0.005,1,0.001
Orange_0-400m,1141;1147_400-800m,1,0.003,1,0,1,0,0,0,4,0.001,0,0
Orange_0-400m,1132;1155;1156_0-400m,0,0,2,0.001,23,0.003,12,0.003,9,0.002,0,0
Orange_0-400m,1132;1155;1156_400-800m,0,0,3,0.001,14,0.002,12,0.003,11,0.003,0,0
Orange_0-400m,1133;1154_0-400m,1,0.003,1,0,19,0.002,7,0.002,11,0.003,2,0.002
Orange_0-400m,1133;1154_400-800m,1,0.003,4,0.001,13,0.002,10,0.002,7,0.002,3,0.004
Orange_0-400m,1130;1159;1160_0-400m,4,0.012,22,0.008,50,0.006,27,0.006,18,0.005,4,0.005
Orange_0-400m,1130;1159;1160_400-800m,0,0,0,0,0,0,0,0,0,0,0,0
Orange_0-400m,345;347_0-400m,3,0.009,27,0.01,69,0.009,57,0.013,63,0.016,8,0.01
Orange_0-400m,345;347_400-800m,7,0.021,57,0.021,151,0.019,100,0.022,84,0.021,33,0.041
Orange_0-400m,344;348_0-400m,1,0.003,8,0.003,38,0.005,29,0.006,35,0.009,5,0.006
Orange_0-400m,344;348_400-800m,8,0.024,16,0.006,61,0.008,44,0.01,32,0.008,7,0.009
Orange_0-400m,1140;1148_0-400m,1,0.003,8,0.003,29,0.004,19,0.004,19,0.005,1,0.001
Orange_0-400m,1140;1148_400-800m,1,0.003,5,0.002,32,0.004,10,0.002,19,0.005,5,0.006
Orange_0-400m,1127;1161_0-400m,0,0,8,0.003,26,0.003,20,0.004,14,0.004,1,0.001
Orange_0-400m,1127;1161_400-800m,0,0,0,0,4,0.001,0,0,2,0.001,0,0
Orange_0-400m,1855_0-400m,0,0,0,0,9,0.001,3,0.001,3,0.001,0,0
Orange_0-400m,1855_400-800m,0,0,0,0,0,0,2,0,1,0,0,0
Orange_0-400m,187;204_0-400m,1,0.003,5,0.002,19,0.002,9,0.002,13,0.003,0,0
Orange_0-400m,187;204_400-800m,0,0,2,0.001,9,0.001,2,0,8,0.002,1,0.001
Orange_0-400m,661;674_0-400m,1,0.003,19,0.007,40,0.005,16,0.004,9,0.002,8,0.01
Orange_0-400m,661;674_400-800m,0,0,2,0.001,12,0.002,5,0.001,5,0.001,2,0.002
Orange_0-400m,184;207_0-400m,0,0,9,0.003,21,0.003,11,0.002,14,0.004,2,0.002
Orange_0-400m,184;207_400-800m,1,0.003,14,0.005,58,0.007,23,0.005,22,0.006,7,0.009
Orange_0-400m,657;678_0-400m,0,0,10,0.004,40,0.005,22,0.005,16,0.004,6,0.007
Orange_0-400m,657;678_400-800m,1,0.003,8,0.003,7,0.001,2,0,0,0,0,0
Orange_0-400m,656;679_0-400m,2,0.006,8,0.003,33,0.004,21,0.005,20,0.005,1,0.001
Orange_0-400m,656;679_400-800m,0,0,1,0,1,0,5,0.001,3,0.001,1,0.001
Orange_0-400m,1383;1461;1384_0-400m,2,0.006,53,0.019,56,0.007,41,0.009,37,0.009,13,0.016
Orange_0-400m,1383;1461;1384_400-800m,2,0.006,36,0.013,72,0.009,23,0.005,28,0.007,10,0.012
Orange_0-400m,665;670_0-400m,0,0,12,0.004,33,0.004,14,0.003,16,0.004,1,0.001
Orange_0-400m,665;670_400-800m,0,0,6,0.002,19,0.002,9,0.002,15,0.004,2,0.002
Orange_0-400m,659;676;675_0-400m,0,0,16,0.006,31,0.004,18,0.004,13,0.003,1,0.001
Orange_0-400m,659;676;675_400-800m,0,0,15,0.006,18,0.002,2,0,7,0.002,5,0.006
Orange_0-400m,664;671_0-400m,1,0.003,17,0.006,45,0.006,17,0.004,17,0.004,12,0.015
Orange_0-400m,664;671_400-800m,1,0.003,7,0.003,36,0.005,25,0.005,31,0.008,1,0.001
Orange_0-400m,185;206_0-400m,1,0.003,6,0.002,9,0.001,14,0.003,18,0.005,1,0.001
Orange_0-400m,185;206_400-800m,0,0,2,0.001,11,0.001,5,0.001,8,0.002,2,0.002
Orange_0-400m,662;673_0-400m,1,0.003,69,0.025,79,0.01,36,0.008,39,0.01,8,0.01
Orange_0-400m,662;673_400-800m,1,0.003,44,0.016,74,0.009,48,0.011,32,0.008,9,0.011
Orange_0-400m,1385;1459_0-400m,3,0.009,129,0.047,166,0.021,59,0.013,36,0.009,8,0.01
Orange_0-400m,1385;1459_400-800m,0,0,2,0.001,13,0.002,12,0.003,10,0.003,1,0.001
Orange_0-400m,658;677_0-400m,3,0.009,13,0.005,27,0.003,9,0.002,4,0.001,1,0.001
Orange_0-400m,658;677_400-800m,0,0,2,0.001,5,0.001,2,0,2,0.001,0,0
Orange_0-400m,663;672_0-400m,1,0.003,41,0.015,76,0.01,26,0.006,24,0.006,9,0.011
Orange_0-400m,663;672_400-800m,5,0.015,18,0.007,36,0.005,16,0.004,9,0.002,0,0
Orange_0-400m,183;209_0-400m,1,0.003,49,0.018,53,0.007,15,0.003,13,0.003,2,0.002
Orange_0-400m,183;209_400-800m,4,0.012,27,0.01,27,0.003,8,0.002,9,0.002,3,0.004
Orange_0-400m,186;205_0-400m,3,0.009,13,0.005,18,0.002,10,0.002,11,0.003,3,0.004
Orange_0-400m,186;205_400-800m,0,0,1,0,4,0.001,1,0,2,0.001,0,0
Orange_0-400m,188;203_0-400m,6,0.018,49,0.018,71,0.009,24,0.005,17,0.004,1,0.001
Orange_0-400m,188;203_400-800m,6,0.018,37,0.014,78,0.01,25,0.005,38,0.01,13,0.016
Orange_0-400m,388;823_0-400m,1,0.003,25,0.009,227,0.029,110,0.024,93,0.024,5,0.006
Orange_0-400m,388;823_400-800m,5,0.015,16,0.006,55,0.007,21,0.005,15,0.004,5,0.006
Orange_0-400m,1386;95_0-400m,7,0.021,112,0.041,135,0.017,30,0.007,37,0.009,8,0.01
Orange_0-400m,1386;95_400-800m,0,0,4,0.001,28,0.004,13,0.003,18,0.005,4,0.005
Orange_0-400m,Orange_0-400m,426,1.298,3552,1.307,15145,1.923,7888,1.734,6405,1.636,807,1.004
Orange_0-400m,Blue_0-400m,4,0.012,48,0.018,171,0.022,74,0.016,45,0.011,10,0.012
Orange_0-400m,Green_0-400m,4,0.012,80,0.029,142,0.018,76,0.017,70,0.018,17,0.021
Orange_0-400m,Orange_400-800m,91,0.277,979,0.36,4428,0.562,2567,0.564,2114,0.54,299,0.372
Orange_0-400m,Blue_400-800m,3,0.009,53,0.019,166,0.021,85,0.019,86,0.022,17,0.021
Orange_0-400m,Green_400-800m,14,0.043,61,0.022,113,0.014,68,0.015,52,0.013,12,0.015
Orange_0-400m,External,1799,5.48,12781,4.702,44952,5.706,25073,5.512,20443,5.221,2906,3.616
Blue_0-400m,415;448_0-400m,0,0,1,0,5,0.001,6,0.001,7,0.002,2,0.002
Blue_0-400m,415;448_400-800m,0,0,1,0,2,0,2,0,3,0.001,0,0
Blue_0-400m,408;455_0-400m,1,0.003,1,0,6,0.001,3,0.001,4,0.001,1,0.001
Blue_0-400m,408;455_400-800m,0,0,3,0.001,7,0.001,5,0.001,5,0.001,0,0
Blue_0-400m,412;451_0-400m,0,0,0,0,6,0.001,8,0.002,4,0.001,0,0
Blue_0-400m,412;451_400-800m,0,0,1,0,8,0.001,9,0.002,8,0.002,0,0
Blue_0-400m,416;447_0-400m,0,0,0,0,8,0.001,6,0.001,6,0.002,1,0.001
Blue_0-400m,416;447_400-800m,0,0,2,0.001,5,0.001,7,0.002,6,0.002,1,0.001
Blue_0-400m,410;452_0-400m,0,0,2,0.001,7,0.001,3,0.001,9,0.002,0,0
Blue_0-400m,410;452_400-800m,0,0,1,0,8,0.001,6,0.001,0,0,1,0.001
Blue_0-400m,414;449_0-400m,0,0,1,0,6,0.001,2,0,7,0.002,0,0
Blue_0-400m,414;449_400-800m,0,0,2,0.001,5,0.001,3,0.001,4,0.001,0,0
Blue_0-400m,407;456_0-400m,0,0,0,0,3,0,3,0.001,4,0.001,1,0.001
Blue_0-400m,407;456_400-800m,0,0,1,0,8,0.001,3,0.001,6,0.002,0,0
Blue_0-400m,413;450_0-400m,0,0,2,0.001,9,0.001,7,0.002,5,0.001,0,0
Blue_0-400m,413;450_400-800m,0,0,1,0,7,0.001,3,0.001,5,0.001,1,0.001
Blue_0-400m,419;444;420_0-400m,1,0.003,10,0.004,40,0.005,15,0.003,11,0.003,3,0.004
Blue_0-400m,419;444;420_400-800m,0,0,4,0.001,12,0.002,10,0.002,5,0.001,1,0.001
Blue_0-400m,417;445_0-400m,0,0,2,0.001,11,0.001,5,0.001,7,0.002,1,0.001
Blue_0-400m,417;445_400-800m,0,0,3,0.001,13,0.002,17,0.004,7,0.002,0,0
Blue_0-400m,405;457_0-400m,0,0,2,0.001,8,0.001,12,0.003,13,0.003,0,0
Blue_0-400m,405;457_400-800m,0,0,0,0,0,0,1,0,2,0.001,1,0.001
Blue_0-400m,404;459_0-400m,0,0,0,0,24,0.003,9,0.002,4,0.001,0,0
Blue_0-400m,404;459_400-800m,1,0.003,7,0.003,13,0.002,9,0.002,8,0.002,0,0
Blue_0-400m,421;442_0-400m,0,0,18,0.007,50,0.006,22,0.005,23,0.006,3,0.004
Blue_0-400m,421;442_400-800m,0,0,3,0.001,14,0.002,10,0.002,11,0.003,4,0.005
Blue_0-400m,196;24;1508_0-400m,0,0,25,0.009,28,0.004,13,0.003,18,0.005,4,0.005
Blue_0-400m,196;24;1508_400-800m,0,0,6,0.002,18,0.002,7,0.002,5,0.001,0,0
Blue_0-400m,409;453_0-400m,0,0,2,0.001,4,0.001,8,0.002,11,0.003,0,0
Blue_0-400m,409;453_400-800m,0,0,0,0,4,0.001,2,0,7,0.002,1,0.001
Blue_0-400m,1503_0-400m,0,0,24,0.009,57,0.007,22,0.005,33,0.008,2,0.002
Blue_0-400m,1503_400-800m,1,0.003,2,0.001,4,0.001,5,0.001,2,0.001,0,0
Blue_0-400m,1125;1163;1162_0-400m,2,0.006,15,0.006,54,0.007,28,0.006,28,0.007,5,0.006
Blue_0-400m,1125;1163;1162_400-800m,0,0,1,0,7,0.001,5,0.001,6,0.002,1,0.001
Blue_0-400m,1134;1153_0-400m,0,0,2,0.001,15,0.002,11,0.002,10,0.003,2,0.002
Blue_0-400m,1134;1153_400-800m,0,0,4,0.001,33,0.004,27,0.006,18,0.005,1,0.001
Blue_0-400m,21;28;1612_0-400m,1,0.003,19,0.007,57,0.007,32,0.007,26,0.007,5,0.006
Blue_0-400m,21;28;1612_400-800m,0,0,5,0.002,52,0.007,25,0.005,9,0.002,1,0.001
Blue_0-400m,1131;1158_0-400m,1,0.003,10,0.004,32,0.004,16,0.004,21,0.005,13,0.016
Blue_0-400m,1131;1158_400-800m,0,0,8,0.003,44,0.006,22,0.005,17,0.004,3,0.004
Blue_0-400m,1135;1152_0-400m,1,0.003,14,0.005,56,0.007,38,0.008,36,0.009,8,0.01
Blue_0-400m,1135;1152_400-800m,0,0,2,0.001,5,0.001,4,0.001,4,0.001,0,0
Blue_0-400m,584;604_0-400m,1,0.003,10,0.004,30,0.004,10,0.002,19,0.005,0,0
Blue_0-400m,584;604_400-800m,0,0,13,0.005,57,0.007,35,0.008,39,0.01,1,0.001
Blue_0-400m,1139;1149_0-400m,0,0,10,0.004,34,0.004,24,0.005,21,0.005,3,0.004
Blue_0-400m,1139;1149_400-800m,0,0,0,0,4,0.001,1,0,1,0,0,0
Blue_0-400m,1138;1150;1137_0-400m,1,0.003,17,0.006,66,0.008,40,0.009,42,0.011,7,0.009
Blue_0-400m,1138;1150;1137_400-800m,0,0,2,0.001,7,0.001,5,0.001,4,0.001,0,0
Blue_0-400m,1124;1164_0-400m,1,0.003,14,0.005,118,0.015,92,0.02,62,0.016,9,0.011
Blue_0-400m,1124;1164_400-800m,4,0.012,50,0.018,294,0.037,149,0.033,106,0.027,7,0.009
Blue_0-400m,343;349_0-400m,0,0,11,0.004,34,0.004,15,0.003,11,0.003,3,0.004
Blue_0-400m,343;349_400-800m,0,0,1,0,9,0.001,5,0.001,4,0.001,0,0
Blue_0-400m,1136;1151_0-400m,0,0,6,0.002,35,0.004,21,0.005,29,0.007,2,0.002
Blue_0-400m,1136;1151_400-800m,0,0,4,0.001,15,0.002,13,0.003,6,0.002,0,0
Blue_0-400m,342;350_0-400m,1,0.003,10,0.004,33,0.004,20,0.004,29,0.007,3,0.004
Blue_0-400m,342;350_400-800m,0,0,3,0.001,19,0.002,9,0.002,13,0.003,2,0.002
Blue_0-400m,1141;1147_0-400m,0,0,16,0.006,35,0.004,19,0.004,19,0.005,1,0.001
Blue_0-400m,1141;1147_400-800m,0,0,0,0,0,0,0,0,2,0.001,0,0
Blue_0-400m,1132;1155;1156_0-400m,0,0,3,0.001,26,0.003,16,0.004,20,0.005,6,0.007
Blue_0-400m,1132;1155;1156_400-800m,0,0,13,0.005,21,0.003,21,0.005,17,0.004,1,0.001
Blue_0-400m,1133;1154_0-400m,0,0,4,0.001,25,0.003,15,0.003,15,0.004,7,0.009
Blue_0-400m,1133;1154_400-800m,0,0,9,0.003,18,0.002,21,0.005,16,0.004,1,0.001
Blue_0-400m,1130;1159;1160_0-400m,8,0.024,25,0.009,115,0.015,62,0.014,59,0.015,9,0.011
Blue_0-400m,1130;1159;1160_400-800m,0,0,0,0,3,0,0,0,0,0,0,0
Blue_0-400m,345;347_0-400m,0,0,15,0.006,27,0.003,17,0.004,22,0.006,2,0.002
Blue_0-400m,345;347_400-800m,0,0,10,0.004,42,0.005,25,0.005,26,0.007,3,0.004
Blue_0-400m,344;348_0-400m,0,0,5,0.002,25,0.003,9,0.002,5,0.001,0,0
Blue_0-400m,344;348_400-800m,0,0,7,0.003,25,0.003,16,0.004,12,0.003,1,0.001
Blue_0-400m,1140;1148_0-400m,0,0,13,0.005,34,0.004,20,0.004,22,0.006,2,0.002
Blue_0-400m,1140;1148_400-800m,0,0,3,0.001,25,0.003,12,0.003,16,0.004,4,0.005
Blue_0-400m,1127;1161_0-400m,4,0.012,26,0.01,136,0.017,69,0.015,60,0.015,8,0.01
Blue_0-400m,1127;1161_400-800m,0,0,1,0,3,0,5,0.001,3,0.001,0,0
Blue_0-400m,1855_0-400m,0,0,4,0.001,34,0.004,17,0.004,20,0.005,0,0
Blue_0-400m,1855_400-800m,1,0.003,3,0.001,15,0.002,16,0.004,9,0.002,1,0.001
Blue_0-400m,187;204_0-400m,0,0,2,0.001,6,0.001,3,0.001,4,0.001,0,0
Blue_0-400m,187;204_400-800m,0,0,0,0,5,0.001,2,0,3,0.001,0,0
Blue_0-400m,661;674_0-400m,0,0,0,0,3,0,5,0.001,5,0.001,0,0
Blue_0-400m,661;674_400-800m,0,0,0,0,3,0,1,0,0,0,0,0
Blue_0-400m,184;207_0-400m,1,0.003,4,0.001,6,0.001,5,0.001,3,0.001,0,0
Blue_0-400m,184;207_400-800m,0,0,1,0,8,0.001,6,0.001,4,0.001,2,0.002
Blue_0-400m,657;678_0-400m,0,0,1,0,9,0.001,6,0.001,3,0.001,0,0
Blue_0-400m,657;678_400-800m,0,0,1,0,3,0,1,0,0,0,0,0
Blue_0-400m,656;679_0-400m,0,0,2,0.001,10,0.001,8,0.002,7,0.002,1,0.001
Blue_0-400m,656;679_400-800m,0,0,0,0,1,0,1,0,0,0,0,0
Blue_0-400m,1383;1461;1384_0-400m,1,0.003,3,0.001,14,0.002,7,0.002,3,0.001,2,0.002
Blue_0-400m,1383;1461;1384_400-800m,0,0,4,0.001,8,0.001,9,0.002,11,0.003,3,0.004
Blue_0-400m,665;670_0-400m,0,0,5,0.002,26,0.003,7,0.002,5,0.001,0,0
Blue_0-400m,665;670_400-800m,0,0,1,0,7,0.001,2,0,0,0,0,0
Blue_0-400m,659;676;675_0-400m,0,0,1,0,5,0.001,0,0,1,0,0,0
Blue_0-400m,659;676;675_400-800m,0,0,1,0,4,0.001,4,0.001,1,0,0,0
Blue_0-400m,664;671_0-400m,0,0,1,0,10,0.001,5,0.001,11,0.003,0,0
Blue_0-400m,664;671_400-800m,0,0,2,0.001,23,0.003,14,0.003,14,0.004,0,0
Blue_0-400m,185;206_0-400m,0,0,0,0,6,0.001,1,0,3,0.001,1,0.001
Blue_0-400m,185;206_400-800m,0,0,1,0,2,0,2,0,0,0,0,0
Blue_0-400m,662;673_0-400m,0,0,6,0.002,13,0.002,5,0.001,7,0.002,1,0.001
Blue_0-400m,662;673_400-800m,0,0,5,0.002,22,0.003,14,0.003,4,0.001,2,0.002
Blue_0-400m,1385;1459_0-400m,0,0,23,0.008,27,0.003,9,0.002,10,0.003,1,0.001
Blue_0-400m,1385;1459_400-800m,0,0,1,0,10,0.001,0,0,12,0.003,1,0.001
Blue_0-400m,658;677_0-400m,0,0,4,0.001,11,0.001,8,0.002,3,0.001,0,0
Blue_0-400m,658;677_400-800m,0,0,3,0.001,1,0,0,0,1,0,0,0
Blue_0-400m,663;672_0-400m,0,0,6,0.002,19,0.002,9,0.002,13,0.003,1,0.001
Blue_0-400m,663;672_400-800m,0,0,4,0.001,4,0.001,2,0,2,0.001,1,0.001
Blue_0-400m,183;209_0-400m,3,0.009,6,0.002,15,0.002,4,0.001,4,0.001,0,0
Blue_0-400m,183;209_400-800m,0,0,5,0.002,1,0,4,0.001,1,0,0,0
Blue_0-400m,186;205_0-400m,0,0,1,0,0,0,0,0,7,0.002,0,0
Blue_0-400m,186;205_400-800m,0,0,1,0,1,0,0,0,0,0,0,0
Blue_0-400m,188;203_0-400m,0,0,4,0.001,11,0.001,6,0.001,5,0.001,3,0.004
Blue_0-400m,188;203_400-800m,1,0.003,27,0.01,21,0.003,12,0.003,6,0.002,3,0.004
Blue_0-400m,388;823_0-400m,0,0,10,0.004,71,0.009,38,0.008,23,0.006,0,0
Blue_0-400m,388;823_400-800m,0,0,16,0.006,28,0.004,7,0.002,6,0.002,1,0.001
Blue_0-400m,1386;95_0-400m,0,0,28,0.01,33,0.004,14,0.003,15,0.004,0,0
Blue_0-400m,1386;95_400-800m,0,0,2,0.001,14,0.002,7,0.002,3,0.001,0,0
Blue_0-400m,Orange_0-400m,7,0.021,43,0.016,138,0.018,76,0.017,61,0.016,3,0.004
Blue_0-400m,Blue_0-400m,11,0.034,120,0.044,639,0.081,355,0.078,278,0.071,26,0.032
Blue_0-400m,Green_0-400m,2,0.006,37,0.014,87,0.011,40,0.009,49,0.013,7,0.009
Blue_0-400m,Orange_400-800m,1,0.003,5,0.002,52,0.007,36,0.008,23,0.006,3,0.004
Blue_0-400m,Blue_400-800m,5,0.015,126,0.046,468,0.059,311,0.068,212,0.054,21,0.026
Blue_0-400m,Green_400-800m,0,0,25,0.009,67,0.009,34,0.007,22,0.006,2,0.002
Blue_0-400m,External,337,1.027,2693,0.991,9584,1.217,5542,1.218,4085,1.043,350,0.436
Green_0-400m,415;448_0-400m,0,0,5,0.002,17,0.002,6,0.001,11,0.003,4,0.005
Green_0-400m,415;448_400-800m,0,0,2,0.001,13,0.002,6,0.001,3,0.001,0,0
Green_0-400m,408;455_0-400m,0,0,8,0.003,7,0.001,7,0.002,4,0.001,1,0.001
Green_0-400m,408;455_400-800m,1,0.003,3,0.001,12,0.002,2,0,4,0.001,1,0.001
Green_0-400m,412;451_0-400m,0,0,0,0,8,0.001,9,0.002,4,0.001,1,0.001
Green_0-400m,412;451_400-800m,1,0.003,7,0.003,13,0.002,12,0.003,11,0.003,4,0.005
Green_0-400m,416;447_0-400m,0,0,10,0.004,23,0.003,11,0.002,6,0.002,3,0.004
Green_0-400m,416;447_400-800m,2,0.006,10,0.004,32,0.004,12,0.003,5,0.001,1,0.001
Green_0-400m,410;452_0-400m,1,0.003,13,0.005,5,0.001,8,0.002,3,0.001,0,0
Green_0-400m,410;452_400-800m,0,0,3,0.001,9,0.001,14,0.003,5,0.001,4,0.005
Green_0-400m,414;449_0-400m,0,0,3,0.001,10,0.001,7,0.002,6,0.002,9,0.011
Green_0-400m,414;449_400-800m,3,0.009,7,0.003,12,0.002,6,0.001,1,0,3,0.004
Green_0-400m,407;456_0-400m,1,0.003,3,0.001,6,0.001,12,0.003,2,0.001,0,0
Green_0-400m,407;456_400-800m,0,0,7,0.003,10,0.001,13,0.003,3,0.001,1,0.001
Green_0-400m,413;450_0-400m,7,0.021,6,0.002,21,0.003,12,0.003,11,0.003,8,0.01
Green_0-400m,413;450_400-800m,1,0.003,8,0.003,14,0.002,15,0.003,9,0.002,4,0.005
Green_0-400m,419;444;420_0-400m,4,0.012,23,0.008,85,0.011,25,0.005,31,0.008,8,0.01
Green_0-400m,419;444;420_400-800m,0,0,8,0.003,21,0.003,12,0.003,28,0.007,1,0.001
Green_0-400m,417;445_0-400m,1,0.003,11,0.004,11,0.001,15,0.003,7,0.002,6,0.007
Green_0-400m,417;445_400-800m,5,0.015,12,0.004,26,0.003,7,0.002,8,0.002,2,0.002
Green_0-400m,405;457_0-400m,1,0.003,15,0.006,33,0.004,16,0.004,16,0.004,3,0.004
Green_0-400m,405;457_400-800m,0,0,2,0.001,1,0,2,0,1,0,1,0.001
Green_0-400m,404;459_0-400m,0,0,9,0.003,39,0.005,16,0.004,26,0.007,3,0.004
Green_0-400m,404;459_400-800m,3,0.009,5,0.002,32,0.004,15,0.003,17,0.004,2,0.002
Green_0-400m,421;442_0-400m,3,0.009,32,0.012,87,0.011,46,0.01,42,0.011,8,0.01
Green_0-400m,421;442_400-800m,4,0.012,14,0.005,36,0.005,25,0.005,17,0.004,5,0.006
Green_0-400m,196;24;1508_0-400m,4,0.012,22,0.008,67,0.009,31,0.007,23,0.006,7,0.009
Green_0-400m,196;24;1508_400-800m,0,0,10,0.004,21,0.003,13,0.003,11,0.003,3,0.004
Green_0-400m,409;453_0-400m,1,0.003,0,0,11,0.001,8,0.002,12,0.003,1,0.001
Green_0-400m,409;453_400-800m,1,0.003,2,0.001,15,0.002,11,0.002,6,0.002,1,0.001
Green_0-400m,1503_0-400m,4,0.012,14,0.005,50,0.006,51,0.011,34,0.009,15,0.019
Green_0-400m,1503_400-800m,1,0.003,2,0.001,10,0.001,6,0.001,9,0.002,2,0.002
Green_0-400m,1125;1163;1162_0-400m,0,0,2,0.001,10,0.001,3,0.001,3,0.001,2,0.002
Green_0-400m,1125;1163;1162_400-800m,0,0,4,0.001,7,0.001,3,0.001,2,0.001,0,0
Green_0-400m,1134;1153_0-400m,0,0,0,0,3,0,1,0,3,0.001,1,0.001
Green_0-400m,1134;1153_400-800m,0,0,3,0.001,10,0.001,3,0.001,5,0.001,1,0.001
Green_0-400m,21;28;1612_0-400m,14,0.043,19,0.007,62,0.008,48,0.011,33,0.008,13,0.016
Green_0-400m,21;28;1612_400-800m,4,0.012,21,0.008,42,0.005,25,0.005,26,0.007,4,0.005
Green_0-400m,1131;1158_0-400m,0,0,2,0.001,8,0.001,15,0.003,6,0.002,1,0.001
Green_0-400m,1131;1158_400-800m,0,0,2,0.001,15,0.002,18,0.004,10,0.003,4,0.005
Green_0-400m,1135;1152_0-400m,0,0,4,0.001,14,0.002,9,0.002,3,0.001,0,0
Green_0-400m,1135;1152_400-800m,0,0,0,0,0,0,0,0,2,0.001,0,0
Green_0-400m,584;604_0-400m,0,0,3,0.001,12,0.002,9,0.002,5,0.001,1,0.001
Green_0-400m,584;604_400-800m,0,0,3,0.001,16,0.002,10,0.002,7,0.002,6,0.007
Green_0-400m,1139;1149_0-400m,0,0,8,0.003,13,0.002,7,0.002,8,0.002,2,0.002
Green_0-400m,1139;1149_400-800m,2,0.006,0,0,3,0,2,0,2,0.001,0,0
Green_0-400m,1138;1150;1137_0-400m,2,0.006,3,0.001,12,0.002,8,0.002,9,0.002,1,0.001
Green_0-400m,1138;1150;1137_400-800m,0,0,0,0,0,0,0,0,0,0,0,0
Green_0-400m,1124;1164_0-400m,0,0,8,0.003,14,0.002,27,0.006,13,0.003,4,0.005
Green_0-400m,1124;1164_400-800m,0,0,16,0.006,90,0.011,44,0.01,24,0.006,8,0.01
Green_0-400m,343;349_0-400m,1,0.003,1,0,12,0.002,12,0.003,7,0.002,0,0
Green_0-400m,343;349_400-800m,1,0.003,3,0.001,6,0.001,4,0.001,2,0.001,0,0
Green_0-400m,1136;1151_0-400m,1,0.003,2,0.001,14,0.002,11,0.002,6,0.002,0,0
Green_0-400m,1136;1151_400-800m,0,0,3,0.001,10,0.001,9,0.002,13,0.003,5,0.006
Green_0-400m,342;350_0-400m,1,0.003,11,0.004,23,0.003,20,0.004,13,0.003,5,0.006
Green_0-400m,342;350_400-800m,0,0,3,0.001,20,0.003,32,0.007,14,0.004,2,0.002
Green_0-400m,1141;1147_0-400m,0,0,7,0.003,12,0.002,10,0.002,6,0.002,5,0.006
Green_0-400m,1141;1147_400-800m,0,0,1,0,5,0.001,4,0.001,3,0.001,1,0.001
Green_0-400m,1132;1155;1156_0-400m,0,0,3,0.001,3,0,2,0,5,0.001,1,0.001
Green_0-400m,1132;1155;1156_400-800m,0,0,1,0,6,0.001,5,0.001,3,0.001,2,0.002
Green_0-400m,1133;1154_0-400m,0,0,0,0,5,0.001,6,0.001,3,0.001,3,0.004
Green_0-400m,1133;1154_400-800m,1,0.003,1,0,12,0.002,4,0.001,9,0.002,3,0.004
Green_0-400m,1130;1159;1160_0-400m,3,0.009,10,0.004,36,0.005,26,0.006,19,0.005,1,0.001
Green_0-400m,1130;1159;1160_400-800m,0,0,0,0,0,0,0,0,0,0,1,0.001
Green_0-400m,345;347_0-400m,0,0,5,0.002,40,0.005,22,0.005,20,0.005,6,0.007
Green_0-400m,345;347_400-800m,3,0.009,27,0.01,48,0.006,36,0.008,48,0.012,20,0.025
Green_0-400m,344;348_0-400m,1,0.003,7,0.003,17,0.002,5,0.001,6,0.002,2,0.002
Green_0-400m,344;348_400-800m,1,0.003,8,0.003,19,0.002,16,0.004,23,0.006,8,0.01
Green_0-400m,1140;1148_0-400m,1,0.003,4,0.001,10,0.001,19,0.004,10,0.003,8,0.01
Green_0-400m,1140;1148_400-800m,3,0.009,4,0.001,13,0.002,8,0.002,10,0.003,3,0.004
Green_0-400m,1127;1161_0-400m,0,0,11,0.004,22,0.003,14,0.003,6,0.002,2,0.002
Green_0-400m,1127;1161_400-800m,0,0,1,0,2,0,0,0,1,0,0,0
Green_0-400m,1855_0-400m,0,0,1,0,5,0.001,1,0,0,0,0,0
Green_0-400m,1855_400-800m,0,0,3,0.001,5,0.001,7,0.002,2,0.001,0,0
Green_0-400m,187;204_0-400m,0,0,7,0.003,25,0.003,30,0.007,12,0.003,3,0.004
Green_0-400m,187;204_400-800m,0,0,1,0,14,0.002,9,0.002,3,0.001,4,0.005
Green_0-400m,661;674_0-400m,1,0.003,12,0.004,37,0.005,27,0.006,26,0.007,6,0.007
Green_0-400m,661;674_400-800m,1,0.003,18,0.007,20,0.003,8,0.002,9,0.002,5,0.006
Green_0-400m,184;207_0-400m,2,0.006,12,0.004,29,0.004,21,0.005,16,0.004,4,0.005
Green_0-400m,184;207_400-800m,1,0.003,6,0.002,22,0.003,18,0.004,9,0.002,4,0.005
Green_0-400m,657;678_0-400m,2,0.006,17,0.006,69,0.009,34,0.007,48,0.012,3,0.004
Green_0-400m,657;678_400-800m,4,0.012,11,0.004,8,0.001,3,0.001,1,0,1,0.001
Green_0-400m,656;679_0-400m,6,0.018,26,0.01,114,0.014,62,0.014,51,0.013,10,0.012
Green_0-400m,656;679_400-800m,0,0,3,0.001,12,0.002,4,0.001,5,0.001,1,0.001
Green_0-400m,1383;1461;1384_0-400m,1,0.003,24,0.009,30,0.004,18,0.004,10,0.003,8,0.01
Green_0-400m,1383;1461;1384_400-800m,1,0.003,17,0.006,41,0.005,33,0.007,31,0.008,3,0.004
Green_0-400m,665;670_0-400m,0,0,15,0.006,24,0.003,23,0.005,15,0.004,4,0.005
Green_0-400m,665;670_400-800m,1,0.003,12,0.004,19,0.002,14,0.003,4,0.001,5,0.006
Green_0-400m,659;676;675_0-400m,2,0.006,20,0.007,74,0.009,47,0.01,42,0.011,9,0.011
Green_0-400m,659;676;675_400-800m,1,0.003,15,0.006,44,0.006,21,0.005,19,0.005,7,0.009
Green_0-400m,664;671_0-400m,3,0.009,10,0.004,33,0.004,21,0.005,18,0.005,8,0.01
Green_0-400m,664;671_400-800m,0,0,2,0.001,20,0.003,18,0.004,11,0.003,2,0.002
Green_0-400m,185;206_0-400m,2,0.006,9,0.003,29,0.004,17,0.004,22,0.006,3,0.004
Green_0-400m,185;206_400-800m,0,0,5,0.002,9,0.001,11,0.002,7,0.002,1,0.001
Green_0-400m,662;673_0-400m,3,0.009,17,0.006,62,0.008,32,0.007,29,0.007,7,0.009
Green_0-400m,662;673_400-800m,1,0.003,12,0.004,44,0.006,25,0.005,11,0.003,1,0.001
Green_0-400m,1385;1459_0-400m,3,0.009,47,0.017,79,0.01,32,0.007,30,0.008,4,0.005
Green_0-400m,1385;1459_400-800m,0,0,4,0.001,10,0.001,7,0.002,6,0.002,0,0
Green_0-400m,658;677_0-400m,2,0.006,13,0.005,68,0.009,34,0.007,17,0.004,6,0.007
Green_0-400m,658;677_400-800m,0,0,2,0.001,2,0,3,0.001,3,0.001,0,0
Green_0-400m,663;672_0-400m,2,0.006,22,0.008,58,0.007,29,0.006,19,0.005,3,0.004
Green_0-400m,663;672_400-800m,1,0.003,1,0,8,0.001,5,0.001,1,0,2,0.002
Green_0-400m,183;209_0-400m,5,0.015,21,0.008,64,0.008,20,0.004,16,0.004,7,0.009
Green_0-400m,183;209_400-800m,1,0.003,25,0.009,45,0.006,44,0.01,7,0.002,3,0.004
Green_0-400m,186;205_0-400m,1,0.003,10,0.004,27,0.003,18,0.004,5,0.001,3,0.004
Green_0-400m,186;205_400-800m,0,0,0,0,2,0,0,0,0,0,0,0
Green_0-400m,188;203_0-400m,1,0.003,32,0.012,99,0.013,50,0.011,22,0.006,10,0.012
Green_0-400m,188;203_400-800m,0,0,25,0.009,44,0.006,24,0.005,18,0.005,9,0.011
Green_0-400m,388;823_0-400m,21,0.064,142,0.052,1135,0.144,639,0.14,514,0.131,51,0.063
Green_0-400m,388;823_400-800m,12,0.037,112,0.041,299,0.038,157,0.035,149,0.038,27,0.034
Green_0-400m,1386;95_0-400m,9,0.027,32,0.012,49,0.006,32,0.007,24,0.006,2,0.002
Green_0-400m,1386;95_400-800m,0,0,4,0.001,16,0.002,6,0.001,8,0.002,1,0.001
Green_0-400m,Orange_0-400m,17,0.052,76,0.028,186,0.024,112,0.025,75,0.019,12,0.015
Green_0-400m,Blue_0-400m,0,0,36,0.013,127,0.016,74,0.016,43,0.011,10,0.012
Green_0-400m,Green_0-400m,66,0.201,611,0.225,1999,0.254,1020,0.224,886,0.226,180,0.224
Green_0-400m,Orange_400-800m,5,0.015,25,0.009,53,0.007,63,0.014,20,0.005,9,0.011
Green_0-400m,Blue_400-800m,11,0.034,33,0.012,87,0.011,96,0.021,53,0.014,18,0.022
Green_0-400m,Green_400-800m,20,0.061,160,0.059,523,0.066,271,0.06,189,0.048,47,0.058
Green_0-400m,External,652,1.986,4437,1.632,11515,1.462,7197,1.582,4414,1.127,894,1.112
Orange_400-800m,415;448_0-400m,1,0.003,6,0.002,41,0.005,13,0.003,14,0.004,10,0.012
Orange_400-800m,415;448_400-800m,2,0.006,4,0.001,11,0.001,6,0.001,6,0.002,1,0.001
Orange_400-800m,408;455_0-400m,1,0.003,8,0.003,20,0.003,6,0.001,17,0.004,3,0.004
Orange_400-800m,408;455_400-800m,1,0.003,6,0.002,17,0.002,12,0.003,19,0.005,1,0.001
Orange_400-800m,412;451_0-400m,0,0,8,0.003,12,0.002,12,0.003,10,0.003,2,0.002
Orange_400-800m,412;451_400-800m,1,0.003,8,0.003,26,0.003,14,0.003,19,0.005,5,0.006
Orange_400-800m,416;447_0-400m,2,0.006,6,0.002,20,0.003,16,0.004,10,0.003,4,0.005
Orange_400-800m,416;447_400-800m,1,0.003,26,0.01,36,0.005,13,0.003,14,0.004,4,0.005
Orange_400-800m,410;452_0-400m,2,0.006,8,0.003,15,0.002,13,0.003,7,0.002,3,0.004
Orange_400-800m,410;452_400-800m,0,0,8,0.003,28,0.004,12,0.003,17,0.004,3,0.004
Orange_400-800m,414;449_0-400m,2,0.006,5,0.002,22,0.003,7,0.002,8,0.002,6,0.007
Orange_400-800m,414;449_400-800m,2,0.006,13,0.005,16,0.002,21,0.005,14,0.004,5,0.006
Orange_400-800m,407;456_0-400m,0,0,2,0.001,18,0.002,10,0.002,16,0.004,5,0.006
Orange_400-800m,407;456_400-800m,3,0.009,9,0.003,25,0.003,11,0.002,20,0.005,7,0.009
Orange_400-800m,413;450_0-400m,0,0,11,0.004,20,0.003,16,0.004,9,0.002,2,0.002
Orange_400-800m,413;450_400-800m,2,0.006,21,0.008,32,0.004,20,0.004,30,0.008,5,0.006
Orange_400-800m,419;444;420_0-400m,1,0.003,16,0.006,56,0.007,32,0.007,34,0.009,8,0.01
Orange_400-800m,419;444;420_400-800m,0,0,13,0.005,32,0.004,15,0.003,16,0.004,4,0.005
Orange_400-800m,417;445_0-400m,0,0,14,0.005,32,0.004,14,0.003,6,0.002,2,0.002
Orange_400-800m,417;445_400-800m,1,0.003,21,0.008,36,0.005,14,0.003,13,0.003,8,0.01
Orange_400-800m,405;457_0-400m,1,0.003,30,0.011,112,0.014,48,0.011,51,0.013,8,0.01
Orange_400-800m,405;457_400-800m,0,0,3,0.001,4,0.001,1,0,3,0.001,0,0
Orange_400-800m,404;459_0-400m,5,0.015,60,0.022,203,0.026,101,0.022,95,0.024,18,0.022
Orange_400-800m,404;459_400-800m,15,0.046,70,0.026,241,0.031,133,0.029,105,0.027,10,0.012
Orange_400-800m,421;442_0-400m,3,0.009,49,0.018,105,0.013,58,0.013,46,0.012,7,0.009
Orange_400-800m,421;442_400-800m,1,0.003,11,0.004,24,0.003,13,0.003,18,0.005,5,0.006
Orange_400-800m,196;24;1508_0-400m,0,0,36,0.013,41,0.005,28,0.006,21,0.005,6,0.007
Orange_400-800m,196;24;1508_400-800m,0,0,9,0.003,16,0.002,8,0.002,10,0.003,2,0.002
Orange_400-800m,409;453_0-400m,0,0,7,0.003,19,0.002,14,0.003,17,0.004,8,0.01
Orange_400-800m,409;453_400-800m,1,0.003,12,0.004,43,0.005,31,0.007,21,0.005,10,0.012
Orange_400-800m,1503_0-400m,3,0.009,37,0.014,69,0.009,42,0.009,54,0.014,20,0.025
Orange_400-800m,1503_400-800m,0,0,2,0.001,10,0.001,6,0.001,5,0.001,2,0.002
Orange_400-800m,1125;1163;1162_0-400m,0,0,2,0.001,8,0.001,6,0.001,2,0.001,2,0.002
Orange_400-800m,1125;1163;1162_400-800m,0,0,0,0,3,0,1,0,2,0.001,0,0
Orange_400-800m,1134;1153_0-400m,0,0,1,0,2,0,1,0,2,0.001,0,0
Orange_400-800m,1134;1153_400-800m,0,0,2,0.001,1,0,5,0.001,3,0.001,1,0.001
Orange_400-800m,21;28;1612_0-400m,1,0.003,35,0.013,51,0.006,32,0.007,35,0.009,7,0.009
Orange_400-800m,21;28;1612_400-800m,1,0.003,23,0.008,56,0.007,45,0.01,34,0.009,5,0.006
Orange_400-800m,1131;1158_0-400m,0,0,3,0.001,5,0.001,2,0,10,0.003,1,0.001
Orange_400-800m,1131;1158_400-800m,0,0,0,0,0,0,3,0.001,4,0.001,0,0
Orange_400-800m,1135;1152_0-400m,0,0,1,0,10,0.001,5,0.001,7,0.002,0,0
Orange_400-800m,1135;1152_400-800m,0,0,2,0.001,2,0,0,0,0,0,0,0
Orange_400-800m,584;604_0-400m,1,0.003,2,0.001,7,0.001,6,0.001,8,0.002,1,0.001
Orange_400-800m,584;604_400-800m,0,0,0,0,8,0.001,7,0.002,8,0.002,1,0.001
Orange_400-800m,1139;1149_0-400m,0,0,1,0,10,0.001,3,0.001,6,0.002,2,0.002
Orange_400-800m,1139;1149_400-800m,0,0,0,0,0,0,0,0,1,0,0,0
Orange_400-800m,1138;1150;1137_0-400m,1,0.003,0,0,6,0.001,8,0.002,6,0.002,0,0
Orange_400-800m,1138;1150;1137_400-800m,0,0,1,0,2,0,0,0,0,0,0,0
Orange_400-800m,1124;1164_0-400m,0,0,3,0.001,9,0.001,4,0.001,3,0.001,0,0
Orange_400-800m,1124;1164_400-800m,0,0,14,0.005,30,0.004,18,0.004,9,0.002,1,0.001
Orange_400-800m,343;349_0-400m,2,0.006,3,0.001,15,0.002,10,0.002,11,0.003,5,0.006
Orange_400-800m,343;349_400-800m,2,0.006,2,0.001,4,0.001,2,0,3,0.001,1,0.001
Orange_400-800m,1136;1151_0-400m,0,0,2,0.001,2,0,3,0.001,5,0.001,1,0.001
Orange_400-800m,1136;1151_400-800m,0,0,0,0,4,0.001,2,0,3,0.001,1,0.001
Orange_400-800m,342;350_0-400m,0,0,14,0.005,10,0.001,12,0.003,8,0.002,3,0.004
Orange_400-800m,342;350_400-800m,0,0,0,0,5,0.001,4,0.001,5,0.001,2,0.002
Orange_400-800m,1141;1147_0-400m,0,0,2,0.001,13,0.002,4,0.001,3,0.001,1,0.001
Orange_400-800m,1141;1147_400-800m,0,0,0,0,0,0,0,0,0,0,1,0.001
Orange_400-800m,1132;1155;1156_0-400m,1,0.003,0,0,8,0.001,5,0.001,8,0.002,1,0.001
Orange_400-800m,1132;1155;1156_400-800m,0,0,2,0.001,8,0.001,3,0.001,1,0,0,0
Orange_400-800m,1133;1154_0-400m,0,0,1,0,2,0,4,0.001,5,0.001,1,0.001
Orange_400-800m,1133;1154_400-800m,1,0.003,1,0,3,0,2,0,3,0.001,1,0.001
Orange_400-800m,1130;1159;1160_0-400m,1,0.003,8,0.003,18,0.002,15,0.003,8,0.002,0,0
Orange_400-800m,1130;1159;1160_400-800m,0,0,0,0,0,0,0,0,0,0,0,0
Orange_400-800m,345;347_0-400m,2,0.006,10,0.004,29,0.004,8,0.002,30,0.008,3,0.004
Orange_400-800m,345;347_400-800m,0,0,26,0.01,51,0.006,40,0.009,31,0.008,11,0.014
Orange_400-800m,344;348_0-400m,1,0.003,2,0.001,9,0.001,4,0.001,8,0.002,6,0.007
Orange_400-800m,344;348_400-800m,22,0.067,9,0.003,19,0.002,10,0.002,8,0.002,5,0.006
Orange_400-800m,1140;1148_0-400m,0,0,3,0.001,6,0.001,6,0.001,4,0.001,1,0.001
Orange_400-800m,1140;1148_400-800m,2,0.006,3,0.001,8,0.001,6,0.001,6,0.002,4,0.005
Orange_400-800m,1127;1161_0-400m,1,0.003,4,0.001,13,0.002,6,0.001,7,0.002,1,0.001
Orange_400-800m,1127;1161_400-800m,0,0,0,0,0,0,0,0,0,0,0,0
Orange_400-800m,1855_0-400m,0,0,0,0,1,0,2,0,1,0,0,0
Orange_400-800m,1855_400-800m,0,0,0,0,0,0,0,0,0,0,0,0
Orange_400-800m,187;204_0-400m,1,0.003,4,0.001,13,0.002,4,0.001,7,0.002,2,0.002
Orange_400-800m,187;204_400-800m,0,0,1,0,3,0,9,0.002,4,0.001,2,0.002
Orange_400-800m,661;674_0-400m,0,0,4,0.001,11,0.001,4,0.001,8,0.002,6,0.007
Orange_400-800m,661;674_400-800m,0,0,2,0.001,2,0,3,0.001,2,0.001,0,0
Orange_400-800m,184;207_0-400m,0,0,3,0.001,9,0.001,1,0,4,0.001,4,0.005
Orange_400-800m,184;207_400-800m,1,0.003,10,0.004,19,0.002,9,0.002,10,0.003,0,0
Orange_400-800m,657;678_0-400m,0,0,8,0.003,18,0.002,11,0.002,6,0.002,0,0
Orange_400-800m,657;678_400-800m,0,0,11,0.004,0,0,4,0.001,0,0,0,0
Orange_400-800m,656;679_0-400m,0,0,3,0.001,16,0.002,9,0.002,9,0.002,1,0.001
Orange_400-800m,656;679_400-800m,0,0,1,0,0,0,0,0,2,0.001,0,0
Orange_400-800m,1383;1461;1384_0-400m,1,0.003,39,0.014,33,0.004,12,0.003,13,0.003,1,0.001
Orange_400-800m,1383;1461;1384_400-800m,3,0.009,13,0.005,26,0.003,10,0.002,19,0.005,7,0.009
Orange_400-800m,665;670_0-400m,0,0,8,0.003,12,0.002,8,0.002,5,0.001,3,0.004
Orange_400-800m,665;670_400-800m,0,0,4,0.001,6,0.001,6,0.001,5,0.001,0,0
Orange_400-800m,659;676;675_0-400m,1,0.003,8,0.003,10,0.001,4,0.001,4,0.001,0,0
Orange_400-800m,659;676;675_400-800m,0,0,4,0.001,8,0.001,3,0.001,4,0.001,1,0.001
Orange_400-800m,664;671_0-400m,0,0,11,0.004,8,0.001,15,0.003,5,0.001,3,0.004
Orange_400-800m,664;671_400-800m,0,0,5,0.002,23,0.003,16,0.004,21,0.005,2,0.002
Orange_400-800m,185;206_0-400m,0,0,0,0,5,0.001,2,0,4,0.001,1,0.001
Orange_400-800m,185;206_400-800m,0,0,2,0.001,6,0.001,3,0.001,2,0.001,1,0.001
Orange_400-800m,662;673_0-400m,4,0.012,22,0.008,38,0.005,18,0.004,13,0.003,3,0.004
Orange_400-800m,662;673_400-800m,1,0.003,23,0.008,31,0.004,20,0.004,13,0.003,3,0.004
Orange_400-800m,1385;1459_0-400m,3,0.009,57,0.021,50,0.006,21,0.005,15,0.004,2,0.002
Orange_400-800m,1385;1459_400-800m,0,0,1,0,4,0.001,1,0,2,0.001,0,0
Orange_400-800m,658;677_0-400m,1,0.003,7,0.003,8,0.001,5,0.001,6,0.002,0,0
Orange_400-800m,658;677_400-800m,0,0,0,0,0,0,0,0,1,0,0,0
Orange_400-800m,663;672_0-400m,1,0.003,14,0.005,24,0.003,12,0.003,8,0.002,2,0.002
Orange_400-800m,663;672_400-800m,0,0,8,0.003,12,0.002,7,0.002,6,0.002,0,0
Orange_400-800m,183;209_0-400m,1,0.003,24,0.009,30,0.004,10,0.002,7,0.002,0,0
Orange_400-800m,183;209_400-800m,0,0,9,0.003,8,0.001,1,0,2,0.001,1,0.001
Orange_400-800m,186;205_0-400m,0,0,4,0.001,9,0.001,7,0.002,5,0.001,1,0.001
Orange_400-800m,186;205_400-800m,0,0,0,0,3,0,0,0,0,0,0,0
Orange_400-800m,188;203_0-400m,3,0.009,26,0.01,22,0.003,6,0.001,13,0.003,5,0.006
Orange_400-800m,188;203_400-800m,6,0.018,19,0.007,14,0.002,11,0.002,36,0.009,6,0.007
Orange_400-800m,388;823_0-400m,3,0.009,19,0.007,60,0.008,37,0.008,35,0.009,4,0.005
Orange_400-800m,388;823_400-800m,0,0,14,0.005,16,0.002,5,0.001,3,0.001,3,0.004
Orange_400-800m,1386;95_0-400m,4,0.012,68,0.025,52,0.007,13,0.003,12,0.003,11,0.014
Orange_400-800m,1386;95_400-800m,0,0,6,0.002,12,0.002,4,0.001,9,0.002,1,0.001
Orange_400-800m,Orange_0-400m,178,0.542,1445,0.532,4949,0.628,2510,0.552,1988,0.508,229,0.285
Orange_400-800m,Blue_0-400m,3,0.009,21,0.008,67,0.009,18,0.004,19,0.005,3,0.004
Orange_400-800m,Green_0-400m,5,0.015,91,0.033,60,0.008,17,0.004,20,0.005,10,0.012
Orange_400-800m,Orange_400-800m,46,0.14,565,0.208,2208,0.28,1138,0.25,963,0.246,138,0.172
Orange_400-800m,Blue_400-800m,8,0.024,31,0.011,62,0.008,28,0.006,32,0.008,7,0.009
Orange_400-800m,Green_400-800m,3,0.009,31,0.011,34,0.004,24,0.005,17,0.004,2,0.002
Orange_400-800m,External,910,2.772,6727,2.475,19919,2.529,10310,2.266,8533,2.179,1278,1.59
Blue_400-800m,415;448_0-400m,0,0,0,0,10,0.001,9,0.002,9,0.002,1,0.001
Blue_400-800m,415;448_400-800m,0,0,1,0,1,0,1,0,5,0.001,1,0.001
Blue_400-800m,408;455_0-400m,0,0,1,0,5,0.001,4,0.001,0,0,0,0
Blue_400-800m,408;455_400-800m,0,0,4,0.001,6,0.001,2,0,4,0.001,0,0
Blue_400-800m,412;451_0-400m,0,0,1,0,5,0.001,9,0.002,2,0.001,1,0.001
Blue_400-800m,412;451_400-800m,0,0,2,0.001,7,0.001,4,0.001,8,0.002,2,0.002
Blue_400-800m,416;447_0-400m,0,0,1,0,7,0.001,9,0.002,7,0.002,0,0
Blue_400-800m,416;447_400-800m,1,0.003,6,0.002,19,0.002,8,0.002,6,0.002,0,0
Blue_400-800m,410;452_0-400m,0,0,0,0,5,0.001,1,0,4,0.001,1,0.001
Blue_400-800m,410;452_400-800m,0,0,3,0.001,10,0.001,5,0.001,3,0.001,0,0
Blue_400-800m,414;449_0-400m,0,0,3,0.001,2,0,8,0.002,4,0.001,0,0
Blue_400-800m,414;449_400-800m,0,0,1,0,3,0,1,0,2,0.001,0,0
Blue_400-800m,407;456_0-400m,1,0.003,1,0,4,0.001,5,0.001,2,0.001,2,0.002
Blue_400-800m,407;456_400-800m,0,0,2,0.001,12,0.002,1,0,3,0.001,4,0.005
Blue_400-800m,413;450_0-400m,0,0,2,0.001,10,0.001,4,0.001,3,0.001,0,0
Blue_400-800m,413;450_400-800m,0,0,0,0,6,0.001,6,0.001,10,0.003,0,0
Blue_400-800m,419;444;420_0-400m,4,0.012,13,0.005,30,0.004,21,0.005,13,0.003,2,0.002
Blue_400-800m,419;444;420_400-800m,0,0,14,0.005,9,0.001,11,0.002,12,0.003,0,0
Blue_400-800m,417;445_0-400m,0,0,7,0.003,19,0.002,5,0.001,4,0.001,0,0
Blue_400-800m,417;445_400-800m,0,0,8,0.003,16,0.002,9,0.002,7,0.002,3,0.004
Blue_400-800m,405;457_0-400m,1,0.003,7,0.003,30,0.004,13,0.003,12,0.003,2,0.002
Blue_400-800m,405;457_400-800m,0,0,0,0,0,0,0,0,0,0,0,0
Blue_400-800m,404;459_0-400m,0,0,9,0.003,25,0.003,14,0.003,9,0.002,1,0.001
Blue_400-800m,404;459_400-800m,0,0,13,0.005,25,0.003,15,0.003,10,0.003,3,0.004
Blue_400-800m,421;442_0-400m,0,0,34,0.013,66,0.008,27,0.006,25,0.006,4,0.005
Blue_400-800m,421;442_400-800m,0,0,12,0.004,22,0.003,15,0.003,13,0.003,4,0.005
Blue_400-800m,196;24;1508_0-400m,4,0.012,26,0.01,49,0.006,20,0.004,17,0.004,3,0.004
Blue_400-800m,196;24;1508_400-800m,0,0,4,0.001,12,0.002,3,0.001,2,0.001,0,0
Blue_400-800m,409;453_0-400m,0,0,2,0.001,6,0.001,4,0.001,3,0.001,0,0
Blue_400-800m,409;453_400-800m,0,0,2,0.001,16,0.002,5,0.001,5,0.001,1,0.001
Blue_400-800m,1503_0-400m,5,0.015,44,0.016,69,0.009,37,0.008,26,0.007,13,0.016
Blue_400-800m,1503_400-800m,0,0,1,0,10,0.001,3,0.001,8,0.002,2,0.002
Blue_400-800m,1125;1163;1162_0-400m,0,0,17,0.006,36,0.005,41,0.009,30,0.008,2,0.002
Blue_400-800m,1125;1163;1162_400-800m,0,0,2,0.001,7,0.001,2,0,6,0.002,2,0.002
Blue_400-800m,1134;1153_0-400m,0,0,3,0.001,12,0.002,7,0.002,8,0.002,1,0.001
Blue_400-800m,1134;1153_400-800m,1,0.003,10,0.004,27,0.003,17,0.004,18,0.005,1,0.001
Blue_400-800m,21;28;1612_0-400m,6,0.018,25,0.009,62,0.008,47,0.01,37,0.009,11,0.014
Blue_400-800m,21;28;1612_400-800m,1,0.003,27,0.01,62,0.008,36,0.008,32,0.008,5,0.006
Blue_400-800m,1131;1158_0-400m,2,0.006,11,0.004,32,0.004,24,0.005,27,0.007,7,0.009
Blue_400-800m,1131;1158_400-800m,0,0,13,0.005,34,0.004,31,0.007,25,0.006,5,0.006
Blue_400-800m,1135;1152_0-400m,0,0,9,0.003,46,0.006,35,0.008,21,0.005,3,0.004
Blue_400-800m,1135;1152_400-800m,0,0,4,0.001,6,0.001,5,0.001,7,0.002,0,0
Blue_400-800m,584;604_0-400m,0,0,11,0.004,31,0.004,13,0.003,16,0.004,4,0.005
Blue_400-800m,584;604_400-800m,1,0.003,15,0.006,43,0.005,44,0.01,16,0.004,5,0.006
Blue_400-800m,1139;1149_0-400m,2,0.006,10,0.004,34,0.004,28,0.006,31,0.008,9,0.011
Blue_400-800m,1139;1149_400-800m,1,0.003,0,0,1,0,0,0,2,0.001,1,0.001
Blue_400-800m,1138;1150;1137_0-400m,1,0.003,15,0.006,74,0.009,47,0.01,44,0.011,8,0.01
Blue_400-800m,1138;1150;1137_400-800m,0,0,1,0,4,0.001,3,0.001,2,0.001,2,0.002
Blue_400-800m,1124;1164_0-400m,1,0.003,17,0.006,97,0.012,60,0.013,55,0.014,7,0.009
Blue_400-800m,1124;1164_400-800m,3,0.009,63,0.023,298,0.038,137,0.03,121,0.031,14,0.017
Blue_400-800m,343;349_0-400m,4,0.012,11,0.004,27,0.003,14,0.003,37,0.009,5,0.006
Blue_400-800m,343;349_400-800m,2,0.006,4,0.001,12,0.002,6,0.001,5,0.001,1,0.001
Blue_400-800m,1136;1151_0-400m,2,0.006,9,0.003,34,0.004,19,0.004,28,0.007,3,0.004
Blue_400-800m,1136;1151_400-800m,0,0,4,0.001,15,0.002,13,0.003,9,0.002,4,0.005
Blue_400-800m,342;350_0-400m,2,0.006,11,0.004,40,0.005,22,0.005,28,0.007,8,0.01
Blue_400-800m,342;350_400-800m,0,0,18,0.007,23,0.003,21,0.005,18,0.005,4,0.005
Blue_400-800m,1141;1147_0-400m,0,0,12,0.004,32,0.004,32,0.007,29,0.007,5,0.006
Blue_400-800m,1141;1147_400-800m,0,0,0,0,6,0.001,5,0.001,0,0,0,0
Blue_400-800m,1132;1155;1156_0-400m,0,0,8,0.003,29,0.004,28,0.006,26,0.007,8,0.01
Blue_400-800m,1132;1155;1156_400-800m,0,0,10,0.004,19,0.002,11,0.002,11,0.003,2,0.002
Blue_400-800m,1133;1154_0-400m,1,0.003,4,0.001,25,0.003,10,0.002,7,0.002,0,0
Blue_400-800m,1133;1154_400-800m,1,0.003,9,0.003,25,0.003,16,0.004,22,0.006,3,0.004
Blue_400-800m,1130;1159;1160_0-400m,8,0.024,22,0.008,109,0.014,76,0.017,62,0.016,9,0.011
Blue_400-800m,1130;1159;1160_400-800m,1,0.003,0,0,0,0,0,0,2,0.001,0,0
Blue_400-800m,345;347_0-400m,1,0.003,14,0.005,44,0.006,23,0.005,27,0.007,4,0.005
Blue_400-800m,345;347_400-800m,0,0,32,0.012,46,0.006,31,0.007,27,0.007,14,0.017
Blue_400-800m,344;348_0-400m,8,0.024,9,0.003,15,0.002,10,0.002,15,0.004,6,0.007
Blue_400-800m,344;348_400-800m,3,0.009,12,0.004,23,0.003,21,0.005,15,0.004,5,0.006
Blue_400-800m,1140;1148_0-400m,1,0.003,9,0.003,40,0.005,21,0.005,16,0.004,5,0.006
Blue_400-800m,1140;1148_400-800m,1,0.003,9,0.003,25,0.003,9,0.002,15,0.004,6,0.007
Blue_400-800m,1127;1161_0-400m,6,0.018,37,0.014,139,0.018,63,0.014,70,0.018,13,0.016
Blue_400-800m,1127;1161_400-800m,0,0,1,0,2,0,2,0,8,0.002,0,0
Blue_400-800m,1855_0-400m,1,0.003,5,0.002,36,0.005,22,0.005,20,0.005,3,0.004
Blue_400-800m,1855_400-800m,0,0,7,0.003,10,0.001,9,0.002,9,0.002,7,0.009
Blue_400-800m,187;204_0-400m,0,0,1,0,1,0,8,0.002,2,0.001,1,0.001
Blue_400-800m,187;204_400-800m,0,0,0,0,6,0.001,1,0,3,0.001,0,0
Blue_400-800m,661;674_0-400m,0,0,3,0.001,7,0.001,2,0,1,0,0,0
Blue_400-800m,661;674_400-800m,1,0.003,0,0,2,0,2,0,1,0,0,0
Blue_400-800m,184;207_0-400m,1,0.003,3,0.001,8,0.001,3,0.001,2,0.001,2,0.002
Blue_400-800m,184;207_400-800m,0,0,2,0.001,8,0.001,1,0,6,0.002,1,0.001
Blue_400-800m,657;678_0-400m,0,0,3,0.001,9,0.001,2,0,6,0.002,1,0.001
Blue_400-800m,657;678_400-800m,0,0,2,0.001,2,0,0,0,0,0,0,0
Blue_400-800m,656;679_0-400m,0,0,1,0,4,0.001,6,0.001,3,0.001,2,0.002
Blue_400-800m,656;679_400-800m,0,0,2,0.001,5,0.001,1,0,0,0,0,0
Blue_400-800m,1383;1461;1384_0-400m,0,0,23,0.008,22,0.003,8,0.002,14,0.004,2,0.002
Blue_400-800m,1383;1461;1384_400-800m,0,0,2,0.001,17,0.002,8,0.002,10,0.003,2,0.002
Blue_400-800m,665;670_0-400m,1,0.003,10,0.004,7,0.001,4,0.001,5,0.001,2,0.002
Blue_400-800m,665;670_400-800m,0,0,2,0.001,4,0.001,1,0,6,0.002,0,0
Blue_400-800m,659;676;675_0-400m,0,0,0,0,2,0,4,0.001,1,0,1,0.001
Blue_400-800m,659;676;675_400-800m,0,0,0,0,2,0,2,0,3,0.001,0,0
Blue_400-800m,664;671_0-400m,1,0.003,7,0.003,14,0.002,7,0.002,5,0.001,3,0.004
Blue_400-800m,664;671_400-800m,0,0,0,0,11,0.001,5,0.001,5,0.001,0,0
Blue_400-800m,185;206_0-400m,0,0,3,0.001,9,0.001,2,0,2,0.001,1,0.001
Blue_400-800m,185;206_400-800m,0,0,0,0,3,0,2,0,3,0.001,0,0
Blue_400-800m,662;673_0-400m,0,0,9,0.003,18,0.002,5,0.001,12,0.003,0,0
Blue_400-800m,662;673_400-800m,0,0,6,0.002,15,0.002,9,0.002,10,0.003,1,0.001
Blue_400-800m,1385;1459_0-400m,0,0,35,0.013,31,0.004,9,0.002,15,0.004,1,0.001
Blue_400-800m,1385;1459_400-800m,0,0,0,0,1,0,6,0.001,1,0,1,0.001
Blue_400-800m,658;677_0-400m,1,0.003,5,0.002,6,0.001,4,0.001,2,0.001,0,0
Blue_400-800m,658;677_400-800m,0,0,1,0,1,0,0,0,1,0,0,0
Blue_400-800m,663;672_0-400m,0,0,11,0.004,16,0.002,10,0.002,7,0.002,2,0.002
Blue_400-800m,663;672_400-800m,0,0,2,0.001,13,0.002,1,0,3,0.001,1,0.001
Blue_400-800m,183;209_0-400m,1,0.003,10,0.004,14,0.002,8,0.002,5,0.001,3,0.004
Blue_400-800m,183;209_400-800m,1,0.003,2,0.001,3,0,4,0.001,0,0,0,0
Blue_400-800m,186;205_0-400m,0,0,0,0,2,0,3,0.001,3,0.001,3,0.004
Blue_400-800m,186;205_400-800m,0,0,0,0,0,0,0,0,0,0,0,0
Blue_400-800m,188;203_0-400m,0,0,7,0.003,19,0.002,13,0.003,6,0.002,1,0.001
Blue_400-800m,188;203_400-800m,2,0.006,24,0.009,17,0.002,14,0.003,14,0.004,7,0.009
Blue_400-800m,388;823_0-400m,7,0.021,23,0.008,88,0.011,64,0.014,46,0.012,1,0.001
Blue_400-800m,388;823_400-800m,2,0.006,16,0.006,32,0.004,17,0.004,14,0.004,1,0.001
Blue_400-800m,1386;95_0-400m,0,0,62,0.023,40,0.005,15,0.003,17,0.004,2,0.002
Blue_400-800m,1386;95_400-800m,0,0,7,0.003,9,0.001,3,0.001,3,0.001,3,0.004
Blue_400-800m,Orange_0-400m,10,0.03,60,0.022,165,0.021,106,0.023,98,0.025,9,0.011
Blue_400-800m,Blue_0-400m,8,0.024,140,0.052,562,0.071,295,0.065,198,0.051,26,0.032
Blue_400-800m,Green_0-400m,4,0.012,46,0.017,73,0.009,39,0.009,31,0.008,17,0.021
Blue_400-800m,Orange_400-800m,2,0.006,21,0.008,57,0.007,39,0.009,44,0.011,3,0.004
Blue_400-800m,Blue_400-800m,19,0.058,218,0.08,850,0.108,440,0.097,346,0.088,52,0.065
Blue_400-800m,Green_400-800m,1,0.003,46,0.017,57,0.007,19,0.004,25,0.006,4,0.005
Blue_400-800m,External,478,1.456,4396,1.617,9915,1.259,5083,1.117,4365,1.115,629,0.783
Green_400-800m,415;448_0-400m,1,0.003,2,0.001,13,0.002,5,0.001,5,0.001,1,0.001
Green_400-800m,415;448_400-800m,1,0.003,2,0.001,12,0.002,1,0,3,0.001,1,0.001
Green_400-800m,408;455_0-400m,0,0,1,0,2,0,2,0,2,0.001,0,0
Green_400-800m,408;455_400-800m,0,0,1,0,5,0.001,2,0,0,0,2,0.002
Green_400-800m,412;451_0-400m,0,0,4,0.001,5,0.001,3,0.001,6,0.002,0,0
Green_400-800m,412;451_400-800m,0,0,2,0.001,5,0.001,4,0.001,7,0.002,5,0.006
Green_400-800m,416;447_0-400m,1,0.003,5,0.002,12,0.002,6,0.001,11,0.003,0,0
Green_400-800m,416;447_400-800m,0,0,5,0.002,12,0.002,6,0.001,5,0.001,1,0.001
Green_400-800m,410;452_0-400m,0,0,1,0,4,0.001,1,0,2,0.001,0,0
Green_400-800m,410;452_400-800m,0,0,1,0,2,0,7,0.002,4,0.001,0,0
Green_400-800m,414;449_0-400m,0,0,2,0.001,3,0,3,0.001,1,0,0,0
Green_400-800m,414;449_400-800m,0,0,4,0.001,6,0.001,2,0,0,0,0,0
Green_400-800m,407;456_0-400m,0,0,0,0,1,0,1,0,3,0.001,0,0
Green_400-800m,407;456_400-800m,0,0,2,0.001,6,0.001,3,0.001,4,0.001,0,0
Green_400-800m,413;450_0-400m,0,0,1,0,7,0.001,3,0.001,2,0.001,2,0.002
Green_400-800m,413;450_400-800m,0,0,1,0,14,0.002,8,0.002,6,0.002,0,0
Green_400-800m,419;444;420_0-400m,2,0.006,14,0.005,25,0.003,16,0.004,6,0.002,2,0.002
Green_400-800m,419;444;420_400-800m,1,0.003,12,0.004,16,0.002,9,0.002,8,0.002,1,0.001
Green_400-800m,417;445_0-400m,0,0,11,0.004,13,0.002,5,0.001,4,0.001,0,0
Green_400-800m,417;445_400-800m,2,0.006,9,0.003,8,0.001,7,0.002,4,0.001,2,0.002
Green_400-800m,405;457_0-400m,0,0,2,0.001,10,0.001,7,0.002,9,0.002,1,0.001
Green_400-800m,405;457_400-800m,0,0,1,0,2,0,1,0,1,0,0,0
Green_400-800m,404;459_0-400m,0,0,4,0.001,17,0.002,11,0.002,12,0.003,1,0.001
Green_400-800m,404;459_400-800m,4,0.012,10,0.004,22,0.003,7,0.002,7,0.002,3,0.004
Green_400-800m,421;442_0-400m,0,0,19,0.007,52,0.007,26,0.006,25,0.006,2,0.002
Green_400-800m,421;442_400-800m,1,0.003,5,0.002,27,0.003,17,0.004,9,0.002,0,0
Green_400-800m,196;24;1508_0-400m,0,0,17,0.006,48,0.006,20,0.004,22,0.006,1,0.001
Green_400-800m,196;24;1508_400-800m,0,0,2,0.001,12,0.002,11,0.002,5,0.001,2,0.002
Green_400-800m,409;453_0-400m,0,0,1,0,2,0,1,0,5,0.001,1,0.001
Green_400-800m,409;453_400-800m,0,0,2,0.001,6,0.001,3,0.001,6,0.002,2,0.002
Green_400-800m,1503_0-400m,1,0.003,12,0.004,30,0.004,27,0.006,27,0.007,4,0.005
Green_400-800m,1503_400-800m,0,0,1,0,1,0,5,0.001,3,0.001,1,0.001
Green_400-800m,1125;1163;1162_0-400m,0,0,1,0,17,0.002,8,0.002,3,0.001,1,0.001
Green_400-800m,1125;1163;1162_400-800m,1,0.003,2,0.001,2,0,1,0,1,0,0,0
Green_400-800m,1134;1153_0-400m,0,0,0,0,1,0,1,0,2,0.001,0,0
Green_400-800m,1134;1153_400-800m,0,0,0,0,0,0,1,0,0,0,0,0
Green_400-800m,21;28;1612_0-400m,2,0.006,30,0.011,59,0.007,53,0.012,43,0.011,8,0.01
Green_400-800m,21;28;1612_400-800m,1,0.003,6,0.002,37,0.005,15,0.003,17,0.004,2,0.002
Green_400-800m,1131;1158_0-400m,0,0,1,0,2,0,2,0,3,0.001,0,0
Green_400-800m,1131;1158_400-800m,0,0,4,0.001,14,0.002,5,0.001,4,0.001,0,0
Green_400-800m,1135;1152_0-400m,0,0,0,0,5,0.001,5,0.001,3,0.001,0,0
Green_400-800m,1135;1152_400-800m,0,0,1,0,0,0,0,0,0,0,0,0
Green_400-800m,584;604_0-400m,0,0,1,0,10,0.001,5,0.001,4,0.001,0,0
Green_400-800m,584;604_400-800m,0,0,1,0,3,0,8,0.002,0,0,3,0.004
Green_400-800m,1139;1149_0-400m,0,0,3,0.001,5,0.001,4,0.001,4,0.001,0,0
Green_400-800m,1139;1149_400-800m,0,0,0,0,0,0,2,0,0,0,0,0
Green_400-800m,1138;1150;1137_0-400m,0,0,2,0.001,5,0.001,6,0.001,1,0,1,0.001
Green_400-800m,1138;1150;1137_400-800m,0,0,0,0,1,0,0,0,0,0,6,0.007
Green_400-800m,1124;1164_0-400m,0,0,6,0.002,20,0.003,11,0.002,5,0.001,5,0.006
Green_400-800m,1124;1164_400-800m,0,0,11,0.004,35,0.004,18,0.004,15,0.004,3,0.004
Green_400-800m,343;349_0-400m,0,0,3,0.001,7,0.001,3,0.001,2,0.001,0,0
Green_400-800m,343;349_400-800m,1,0.003,1,0,3,0,3,0.001,1,0,0,0
Green_400-800m,1136;1151_0-400m,0,0,1,0,5,0.001,5,0.001,3,0.001,1,0.001
Green_400-800m,1136;1151_400-800m,2,0.006,1,0,2,0,1,0,3,0.001,1,0.001
Green_400-800m,342;350_0-400m,0,0,4,0.001,12,0.002,9,0.002,6,0.002,2,0.002
Green_400-800m,342;350_400-800m,1,0.003,2,0.001,9,0.001,8,0.002,10,0.003,3,0.004
Green_400-800m,1141;1147_0-400m,0,0,2,0.001,6,0.001,7,0.002,4,0.001,2,0.002
Green_400-800m,1141;1147_400-800m,0,0,0,0,1,0,1,0,1,0,0,0
Green_400-800m,1132;1155;1156_0-400m,0,0,1,0,9,0.001,2,0,2,0.001,0,0
Green_400-800m,1132;1155;1156_400-800m,0,0,1,0,5,0.001,3,0.001,4,0.001,1,0.001
Green_400-800m,1133;1154_0-400m,0,0,0,0,5,0.001,3,0.001,0,0,0,0
Green_400-800m,1133;1154_400-800m,1,0.003,2,0.001,3,0,3,0.001,1,0,2,0.002
Green_400-800m,1130;1159;1160_0-400m,0,0,3,0.001,17,0.002,9,0.002,12,0.003,0,0
Green_400-800m,1130;1159;1160_400-800m,0,0,0,0,0,0,0,0,0,0,0,0
Green_400-800m,345;347_0-400m,0,0,6,0.002,29,0.004,15,0.003,13,0.003,4,0.005
Green_400-800m,345;347_400-800m,1,0.003,7,0.003,32,0.004,24,0.005,14,0.004,8,0.01
Green_400-800m,344;348_0-400m,0,0,3,0.001,3,0,0,0,6,0.002,2,0.002
Green_400-800m,344;348_400-800m,1,0.003,4,0.001,16,0.002,6,0.001,7,0.002,3,0.004
Green_400-800m,1140;1148_0-400m,0,0,2,0.001,12,0.002,7,0.002,9,0.002,1,0.001
Green_400-800m,1140;1148_400-800m,1,0.003,0,0,7,0.001,5,0.001,5,0.001,1,0.001
Green_400-800m,1127;1161_0-400m,0,0,7,0.003,9,0.001,2,0,3,0.001,1,0.001
Green_400-800m,1127;1161_400-800m,0,0,0,0,2,0,1,0,1,0,0,0
Green_400-800m,1855_0-400m,0,0,0,0,4,0.001,0,0,1,0,0,0
Green_400-800m,1855_400-800m,0,0,0,0,2,0,2,0,2,0.001,1,0.001
Green_400-800m,187;204_0-400m,0,0,6,0.002,22,0.003,12,0.003,5,0.001,1,0.001
Green_400-800m,187;204_400-800m,0,0,1,0,3,0,2,0,2,0.001,2,0.002
Green_400-800m,661;674_0-400m,1,0.003,14,0.005,30,0.004,16,0.004,24,0.006,11,0.014
Green_400-800m,661;674_400-800m,0,0,6,0.002,20,0.003,12,0.003,11,0.003,0,0
Green_400-800m,184;207_0-400m,4,0.012,7,0.003,17,0.002,4,0.001,5,0.001,1,0.001
Green_400-800m,184;207_400-800m,1,0.003,2,0.001,15,0.002,16,0.004,8,0.002,2,0.002
Green_400-800m,657;678_0-400m,3,0.009,19,0.007,78,0.01,45,0.01,23,0.006,2,0.002
Green_400-800m,657;678_400-800m,1,0.003,22,0.008,7,0.001,3,0.001,1,0,0,0
Green_400-800m,656;679_0-400m,4,0.012,8,0.003,63,0.008,30,0.007,28,0.007,3,0.004
Green_400-800m,656;679_400-800m,0,0,9,0.003,16,0.002,13,0.003,16,0.004,0,0
Green_400-800m,1383;1461;1384_0-400m,1,0.003,12,0.004,29,0.004,9,0.002,6,0.002,0,0
Green_400-800m,1383;1461;1384_400-800m,1,0.003,9,0.003,28,0.004,20,0.004,11,0.003,1,0.001
Green_400-800m,665;670_0-400m,1,0.003,5,0.002,17,0.002,6,0.001,7,0.002,3,0.004
Green_400-800m,665;670_400-800m,0,0,2,0.001,9,0.001,8,0.002,4,0.001,1,0.001
Green_400-800m,659;676;675_0-400m,2,0.006,22,0.008,54,0.007,30,0.007,20,0.005,6,0.007
Green_400-800m,659;676;675_400-800m,0,0,11,0.004,50,0.006,29,0.006,18,0.005,2,0.002
Green_400-800m,664;671_0-400m,1,0.003,12,0.004,22,0.003,20,0.004,21,0.005,2,0.002
Green_400-800m,664;671_400-800m,0,0,2,0.001,16,0.002,15,0.003,21,0.005,3,0.004
Green_400-800m,185;206_0-400m,1,0.003,6,0.002,24,0.003,14,0.003,5,0.001,4,0.005
Green_400-800m,185;206_400-800m,0,0,2,0.001,9,0.001,5,0.001,5,0.001,2,0.002
Green_400-800m,662;673_0-400m,2,0.006,13,0.005,53,0.007,21,0.005,24,0.006,3,0.004
Green_400-800m,662;673_400-800m,0,0,12,0.004,19,0.002,11,0.002,10,0.003,1,0.001
Green_400-800m,1385;1459_0-400m,1,0.003,44,0.016,54,0.007,21,0.005,24,0.006,1,0.001
Green_400-800m,1385;1459_400-800m,0,0,3,0.001,4,0.001,3,0.001,1,0,2,0.002
Green_400-800m,658;677_0-400m,1,0.003,13,0.005,37,0.005,46,0.01,11,0.003,3,0.004
Green_400-800m,658;677_400-800m,0,0,3,0.001,3,0,2,0,0,0,1,0.001
Green_400-800m,663;672_0-400m,1,0.003,12,0.004,38,0.005,19,0.004,11,0.003,4,0.005
Green_400-800m,663;672_400-800m,0,0,8,0.003,25,0.003,7,0.002,9,0.002,3,0.004
Green_400-800m,183;209_0-400m,1,0.003,22,0.008,50,0.006,18,0.004,8,0.002,10,0.012
Green_400-800m,183;209_400-800m,0,0,13,0.005,40,0.005,23,0.005,11,0.003,3,0.004
Green_400-800m,186;205_0-400m,0,0,2,0.001,16,0.002,11,0.002,6,0.002,1,0.001
Green_400-800m,186;205_400-800m,0,0,3,0.001,0,0,0,0,0,0,0,0
Green_400-800m,188;203_0-400m,1,0.003,23,0.008,56,0.007,28,0.006,28,0.007,4,0.005
Green_400-800m,188;203_400-800m,1,0.003,22,0.008,23,0.003,10,0.002,25,0.006,2,0.002
Green_400-800m,388;823_0-400m,2,0.006,64,0.024,424,0.054,249,0.055,170,0.043,14,0.017
Green_400-800m,388;823_400-800m,2,0.006,31,0.011,74,0.009,61,0.013,43,0.011,8,0.01
Green_400-800m,1386;95_0-400m,4,0.012,26,0.01,46,0.006,31,0.007,15,0.004,1,0.001
Green_400-800m,1386;95_400-800m,0,0,7,0.003,17,0.002,10,0.002,9,0.002,0,0
Green_400-800m,Orange_0-400m,5,0.015,60,0.022,115,0.015,72,0.016,47,0.012,9,0.011
Green_400-800m,Blue_0-400m,0,0,15,0.006,70,0.009,40,0.009,20,0.005,5,0.006
Green_400-800m,Green_0-400m,21,0.064,181,0.067,504,0.064,307,0.067,222,0.057,33,0.041
Green_400-800m,Orange_400-800m,1,0.003,12,0.004,59,0.007,29,0.006,19,0.005,1,0.001
Green_400-800m,Blue_400-800m,3,0.009,17,0.006,47,0.006,33,0.007,28,0.007,5,0.006
Green_400-800m,Green_400-800m,9,0.027,160,0.059,541,0.069,316,0.069,277,0.071,33,0.041
Green_400-800m,External,366,1.115,3152,1.16,8029,1.019,4639,1.02,3424,0.874,555,0.691
External,415;448_0-400m,58,0.177,531,0.195,1469,0.186,882,0.194,838,0.214,242,0.301
External,415;448_400-800m,30,0.091,218,0.08,606,0.077,373,0.082,355,0.091,121,0.151
External,408;455_0-400m,65,0.198,296,0.109,843,0.107,539,0.118,615,0.157,184,0.229
External,408;455_400-800m,53,0.161,234,0.086,775,0.098,389,0.086,498,0.127,111,0.138
External,412;451_0-400m,32,0.097,373,0.137,972,0.123,595,0.131,656,0.168,181,0.225
External,412;451_400-800m,37,0.113,458,0.168,1412,0.179,998,0.219,1062,0.271,302,0.376
External,416;447_0-400m,40,0.122,271,0.1,809,0.103,542,0.119,616,0.157,194,0.241
External,416;447_400-800m,71,0.216,1171,0.431,1831,0.232,951,0.209,839,0.214,190,0.236
External,410;452_0-400m,49,0.149,649,0.239,1385,0.176,734,0.161,682,0.174,157,0.195
External,410;452_400-800m,37,0.113,276,0.102,1216,0.154,829,0.182,852,0.218,192,0.239
External,414;449_0-400m,34,0.104,278,0.102,774,0.098,543,0.119,574,0.147,170,0.212
External,414;449_400-800m,46,0.14,420,0.155,933,0.118,555,0.122,576,0.147,197,0.245
External,407;456_0-400m,17,0.052,216,0.079,687,0.087,420,0.092,481,0.123,130,0.162
External,407;456_400-800m,32,0.097,330,0.121,1227,0.156,766,0.168,861,0.22,169,0.21
External,413;450_0-400m,60,0.183,444,0.163,1028,0.13,706,0.155,745,0.19,178,0.221
External,413;450_400-800m,114,0.347,616,0.227,1702,0.216,1077,0.237,1239,0.316,345,0.429
External,419;444;420_0-400m,123,0.375,1114,0.41,3247,0.412,1799,0.395,1584,0.405,354,0.441
External,419;444;420_400-800m,119,0.362,672,0.247,1872,0.238,1203,0.264,1034,0.264,187,0.233
External,417;445_0-400m,38,0.116,705,0.259,1306,0.166,625,0.137,627,0.16,176,0.219
External,417;445_400-800m,112,0.341,1003,0.369,2324,0.295,1168,0.257,1145,0.292,310,0.386
External,405;457_0-400m,54,0.164,689,0.253,3267,0.415,1834,0.403,1774,0.453,313,0.389
External,405;457_400-800m,6,0.018,101,0.037,229,0.029,95,0.021,88,0.022,13,0.016
External,404;459_0-400m,134,0.408,1046,0.385,3833,0.487,1992,0.438,1802,0.46,350,0.436
External,404;459_400-800m,169,0.515,1228,0.452,3920,0.498,2269,0.499,1934,0.494,281,0.35
External,421;442_0-400m,140,0.426,2916,1.073,6448,0.819,3287,0.723,2726,0.696,565,0.703
External,421;442_400-800m,104,0.317,945,0.348,2682,0.34,1602,0.352,1450,0.37,289,0.36
External,196;24;1508_0-400m,162,0.493,3619,1.331,4839,0.614,2252,0.495,1792,0.458,453,0.564
External,196;24;1508_400-800m,41,0.125,724,0.266,1541,0.196,808,0.178,766,0.196,207,0.258
External,409;453_0-400m,46,0.14,393,0.145,1032,0.131,719,0.158,834,0.213,232,0.289
External,409;453_400-800m,65,0.198,402,0.148,1420,0.18,823,0.181,986,0.252,262,0.326
External,1503_0-400m,407,1.24,2566,0.944,5712,0.725,3583,0.788,3245,0.829,759,0.944
External,1503_400-800m,61,0.186,287,0.106,858,0.109,433,0.095,437,0.112,128,0.159
External,1125;1163;1162_0-400m,25,0.076,329,0.121,903,0.115,690,0.152,595,0.152,115,0.143
External,1125;1163;1162_400-800m,7,0.021,35,0.013,148,0.019,106,0.023,113,0.029,10,0.012
External,1134;1153_0-400m,9,0.027,54,0.02,151,0.019,161,0.035,168,0.043,41,0.051
External,1134;1153_400-800m,23,0.07,106,0.039,423,0.054,364,0.08,309,0.079,40,0.05
External,21;28;1612_0-400m,379,1.155,2955,1.087,6698,0.85,3799,0.835,3686,0.941,748,0.931
External,21;28;1612_400-800m,170,0.518,1353,0.498,4597,0.584,2797,0.615,2591,0.662,369,0.459
External,1131;1158_0-400m,30,0.091,201,0.074,637,0.081,438,0.096,403,0.103,117,0.146
External,1131;1158_400-800m,7,0.021,120,0.044,600,0.076,487,0.107,509,0.13,114,0.142
External,1135;1152_0-400m,38,0.116,197,0.072,814,0.103,676,0.149,587,0.15,133,0.165
External,1135;1152_400-800m,1,0.003,35,0.013,137,0.017,134,0.029,121,0.031,19,0.024
External,584;604_0-400m,27,0.082,227,0.084,753,0.096,557,0.122,613,0.157,223,0.277
External,584;604_400-800m,27,0.082,419,0.154,1165,0.148,878,0.193,965,0.246,261,0.325
External,1139;1149_0-400m,46,0.14,263,0.097,792,0.101,597,0.131,736,0.188,227,0.282
External,1139;1149_400-800m,11,0.034,43,0.016,107,0.014,95,0.021,113,0.029,31,0.039
External,1138;1150;1137_0-400m,44,0.134,371,0.136,1250,0.159,921,0.202,972,0.248,225,0.28
External,1138;1150;1137_400-800m,3,0.009,28,0.01,212,0.027,163,0.036,137,0.035,41,0.051
External,1124;1164_0-400m,47,0.143,474,0.174,1675,0.213,1290,0.284,1175,0.3,254,0.316
External,1124;1164_400-800m,115,0.35,1592,0.586,5763,0.732,3010,0.662,1938,0.495,329,0.409
External,343;349_0-400m,67,0.204,356,0.131,978,0.124,689,0.151,858,0.219,220,0.274
External,343;349_400-800m,15,0.046,165,0.061,362,0.046,254,0.056,285,0.073,67,0.083
External,1136;1151_0-400m,26,0.079,181,0.067,658,0.084,501,0.11,530,0.135,111,0.138
External,1136;1151_400-800m,14,0.043,102,0.038,435,0.055,377,0.083,336,0.086,71,0.088
External,342;350_0-400m,61,0.186,428,0.157,1222,0.155,1183,0.26,1179,0.301,312,0.388
External,342;350_400-800m,11,0.034,150,0.055,551,0.07,498,0.109,557,0.142,141,0.175
External,1141;1147_0-400m,31,0.094,219,0.081,760,0.096,561,0.123,669,0.171,162,0.202
External,1141;1147_400-800m,8,0.024,37,0.014,118,0.015,94,0.021,125,0.032,22,0.027
External,1132;1155;1156_0-400m,18,0.055,200,0.074,746,0.095,414,0.091,493,0.126,79,0.098
External,1132;1155;1156_400-800m,8,0.024,112,0.041,425,0.054,437,0.096,345,0.088,99,0.123
External,1133;1154_0-400m,13,0.04,113,0.042,423,0.054,418,0.092,380,0.097,101,0.126
External,1133;1154_400-800m,6,0.018,123,0.045,463,0.059,353,0.078,394,0.101,118,0.147
External,1130;1159;1160_0-400m,84,0.256,504,0.185,1974,0.251,1156,0.254,1107,0.283,179,0.223
External,1130;1159;1160_400-800m,1,0.003,10,0.004,22,0.003,23,0.005,19,0.005,4,0.005
External,345;347_0-400m,117,0.356,908,0.334,2579,0.327,1492,0.328,1622,0.414,400,0.498
External,345;347_400-800m,170,0.518,1264,0.465,4510,0.573,2480,0.545,2745,0.701,765,0.952
External,344;348_0-400m,54,0.164,364,0.134,880,0.112,598,0.131,648,0.165,218,0.271
External,344;348_400-800m,115,0.35,813,0.299,1519,0.193,1141,0.251,1154,0.295,279,0.347
External,1140;1148_0-400m,33,0.101,272,0.1,759,0.096,597,0.131,695,0.177,178,0.221
External,1140;1148_400-800m,29,0.088,254,0.093,687,0.087,540,0.119,530,0.135,173,0.215
External,1127;1161_0-400m,59,0.18,552,0.203,1952,0.248,1130,0.248,997,0.255,144,0.179
External,1127;1161_400-800m,2,0.006,20,0.007,90,0.011,58,0.013,54,0.014,8,0.01
External,1855_0-400m,1,0.003,64,0.024,403,0.051,230,0.051,143,0.037,5,0.006
External,1855_400-800m,0,0,72,0.026,208,0.026,155,0.034,154,0.039,29,0.036
External,187;204_0-400m,36,0.11,472,0.174,1172,0.149,742,0.163,598,0.153,157,0.195
External,187;204_400-800m,8,0.024,180,0.066,482,0.061,286,0.063,385,0.098,82,0.102
External,661;674_0-400m,56,0.171,599,0.22,1632,0.207,902,0.198,763,0.195,136,0.169
External,661;674_400-800m,20,0.061,182,0.067,575,0.073,303,0.067,280,0.072,54,0.067
External,184;207_0-400m,22,0.067,326,0.12,722,0.092,432,0.095,478,0.122,136,0.169
External,184;207_400-800m,62,0.189,504,0.185,1522,0.193,911,0.2,789,0.201,143,0.178
External,657;678_0-400m,61,0.186,837,0.308,1775,0.225,1043,0.229,931,0.238,139,0.173
External,657;678_400-800m,29,0.088,324,0.119,357,0.045,128,0.028,38,0.01,5,0.006
External,656;679_0-400m,47,0.143,368,0.135,1802,0.229,1139,0.25,887,0.227,136,0.169
External,656;679_400-800m,4,0.012,78,0.029,222,0.028,202,0.044,156,0.04,39,0.049
External,1383;1461;1384_0-400m,101,0.308,2212,0.814,2274,0.289,1058,0.233,1069,0.273,251,0.312
External,1383;1461;1384_400-800m,121,0.369,1201,0.442,2863,0.363,1515,0.333,1519,0.388,388,0.483
External,665;670_0-400m,57,0.174,875,0.322,1440,0.183,650,0.143,605,0.155,149,0.185
External,665;670_400-800m,34,0.104,336,0.124,976,0.124,540,0.119,507,0.129,114,0.142
External,659;676;675_0-400m,56,0.171,621,0.228,1736,0.22,1018,0.224,796,0.203,142,0.177
External,659;676;675_400-800m,5,0.015,310,0.114,702,0.089,515,0.113,392,0.1,91,0.113
External,664;671_0-400m,88,0.268,1061,0.39,2205,0.28,1300,0.286,1208,0.308,292,0.363
External,664;671_400-800m,56,0.171,476,0.175,2310,0.293,1555,0.342,1636,0.418,214,0.266
External,185;206_0-400m,30,0.091,306,0.113,776,0.099,577,0.127,530,0.135,124,0.154
External,185;206_400-800m,31,0.094,260,0.096,788,0.1,568,0.125,262,0.067,77,0.096
External,662;673_0-400m,141,0.43,2530,0.931,4909,0.623,2049,0.45,1817,0.464,399,0.496
External,662;673_400-800m,119,0.362,1297,0.477,3446,0.437,1610,0.354,1288,0.329,221,0.275
External,1385;1459_0-400m,218,0.664,4846,1.783,5553,0.705,1794,0.394,1594,0.407,301,0.375
External,1385;1459_400-800m,21,0.064,152,0.056,339,0.043,338,0.074,326,0.083,103,0.128
External,658;677_0-400m,93,0.283,1421,0.523,2545,0.323,1607,0.353,1005,0.257,162,0.202
External,658;677_400-800m,3,0.009,102,0.038,110,0.014,72,0.016,75,0.019,12,0.015
External,663;672_0-400m,89,0.271,1599,0.588,3945,0.501,1788,0.393,1541,0.394,322,0.401
External,663;672_400-800m,79,0.241,922,0.339,2042,0.259,827,0.182,823,0.21,123,0.153
External,183;209_0-400m,137,0.417,2138,0.787,2808,0.356,694,0.153,486,0.124,136,0.169
External,183;209_400-800m,59,0.18,1009,0.371,1786,0.227,938,0.206,604,0.154,95,0.118
External,186;205_0-400m,32,0.097,356,0.131,929,0.118,593,0.13,490,0.125,162,0.202
External,186;205_400-800m,2,0.006,70,0.026,184,0.023,60,0.013,20,0.005,4,0.005
External,188;203_0-400m,149,0.454,2359,0.868,4093,0.52,1565,0.344,1395,0.356,331,0.412
External,188;203_400-800m,379,1.155,2561,0.942,3158,0.401,1398,0.307,1545,0.395,523,0.651
External,388;823_0-400m,211,0.643,1514,0.557,11428,1.451,6022,1.324,4408,1.126,298,0.371
External,388;823_400-800m,122,0.372,1043,0.384,2854,0.362,1572,0.346,1155,0.295,268,0.333
External,1386;95_0-400m,275,0.838,4841,1.781,5291,0.672,1884,0.414,1626,0.415,242,0.301
External,1386;95_400-800m,28,0.085,430,0.158,1101,0.14,680,0.149,723,0.185,131,0.163
External,Orange_0-400m,1934,5.891,15511,5.706,48007,6.094,25951,5.705,18772,4.794,2762,3.437
External,Blue_0-400m,236,0.719,2648,0.974,11310,1.436,6310,1.387,4206,1.074,549,0.683
External,Green_0-400m,602,1.834,5176,1.904,10212,1.296,5847,1.285,4894,1.25,1214,1.511
External,Orange_400-800m,504,1.535,5275,1.941,20464,2.598,11048,2.429,8493,2.169,1420,1.767
External,Blue_400-800m,344,1.048,3167,1.165,9332,1.185,5938,1.305,5013,1.28,963,1.198
External,Green_400-800m,536,1.633,3073,1.13,8078,1.025,4780,1.051,3604,0.92,694,0.864
External,External,0,0,0,0,0,0,0,0,0,0,0,0