{
  "type": "FeatureCollection",
  "metadata": {
    "distance_tiers_used": [
      400
    ],
    "include_external_tier": false,
    "priority_region": null,
    "total_regions": 56
  },
  "features": [
    {
      "type": "Feature",
      "properties": {
        "stop_id": "415;448",
        "tier": "0-400m",
        "name": "415;448_0-400m"
      },
      "geometry": {
        "type": "Polygon",
        "coordinates": [
          [
            [
              -71.81816257172561,
              42.25689010885603
            ],
            [
              -71.81781026027656,
              42.2571274383135
            ],
            [
              -71.81742832849662,
              42.25733797058702
            ],
            [
              -71.81702045482304,
              42.257519677862064
            ],
            [
              -71.81659056766865,
              42.257670809946084
            ],
            [
              -71.81614559308974,
              42.25778917021192
            ],
            [
              -71.81094341932425,
              42.2521066829705
            ],
            [
              -71.81094591168011,
              42.25210418545166
            ],
            [
              -71.81098840051978,
              42.25206160855659
            ],
            [
              -71.81130770393385,
              42.25179978756416
            ],
            [
              -71.81166001011424,
              42.25156247786112
            ],
            [
              -71.81204192623578,
              42.25135196458525
            ],
            [
              -71.8124014315692,
              42.25119181092587
            ],
            [
              -71.81240327257431,
              42.251190990783655
            ],
            [
              -71.81846072087208,
              42.256645611420765
            ],
            [
              -71.81816257172561,
              42.25689010885603
            ]
          ]
        ]
      }
    },
    {
      "type": "Feature",
      "properties": {
        "stop_id": "408;455",
        "tier": "0-400m",
        "name": "408;455_0-400m"
      },
      "geometry": {
        "type": "Polygon",
        "coordinates": [
          [
            [
              -71.82492705418989,
              42.244391927851694
            ],
            [
              -71.83058630568969,
              42.250044121752246
            ],
            [
              -71.83040270117868,
              42.25019474603142
            ],
            [
              -71.830050472877,
              42.25043211335586
            ],
            [
              -71.82966862219781,
              42.250642686626826
            ],
            [
              -71.82926082679693,
              42.25082443763503
            ],
            [
              -71.82883101433306,
              42.250975615766706
            ],
            [
              -71.82861750451467,
              42.25103244000559
            ],
            [
              -71.8286153590946,
              42.25103301099253
            ],
            [
              -71.82316576908269,
              42.24542974727116
            ],
            [
              -71.82322835534127,
              42.245367005793085
            ],
            [
              -71.82354757437933,
              42.24510515042514
            ],
            [
              -71.82389979743247,
              42.244867802853
            ],
            [
              -71.8242816324758,
              42.24465724857915
            ],
            [
              -71.82468940245434,
              42.24447551508286
            ],
            [
              -71.82492705418989,
              42.244391927851694
            ]
          ]
        ]
      }
    },
    {
      "type": "Feature",
      "properties": {
        "stop_id": "412;451",
        "tier": "0-400m",
        "name": "412;451_0-400m"
      },
      "geometry": {
        "type": "Polygon",
        "coordinates": [
          [
            [
              -71.81697492031893,
              42.248602618999435
            ],
            [
              -71.81735680091273,
              42.24839208791784
            ],
            [
              -71.81776461481948,
              42.248210379160945
            ],
            [
              -71.81819443493455,
              42.2480592424313
            ],
            [
              -71.8186421223484,
              42.24794013303725
            ],
            [
              -71.81885484559244,
              42.24790050045491
            ],
            [
              -71.82413456132058,
              42.25331664882066
            ],
            [
              -71.82408005900493,
              42.25338425236494
            ],
            [
              -71.82379688628441,
              42.25366809571044
            ],
            [
              -71.82347762510913,
              42.25392995138399
            ],
            [
              -71.82312535006183,
              42.2541672972879
            ],
            [
              -71.82274345381944,
              42.2543778473669
            ],
            [
              -71.82233561447683,
              42.254559573635014
            ],
            [
              -71.82197337016076,
              42.254686951775234
            ],
            [
              -71.81643539655536,
              42.24899351571067
            ],
            [
              -71.81662265053151,
              42.24883994514987
            ],
            [
              -71.81697492031893,
              42.248602618999435
            ]
          ]
        ]
      }
    },
    {
      "type": "Feature",
      "properties": {
        "stop_id": "416;447",
        "tier": "0-400m",
        "name": "416;447_0-400m"
      },
      "geometry": {
        "type": "Polygon",
        "coordinates": [
          [
            [
              -71.81613934449759,
              42.25779076683224
            ],
            [
              -71.81613934449759,
              42.257790766832244
            ],
            [
              -71.81609685527785,
              42.25783334559296
            ],
            [
              -71.81577754124248,
              42.258095179643355
            ],
            [
              -71.81542521414345,
              42.25833250172527
            ],
            [
              -71.81504326715908,
              42.2585430260128
            ],
            [
              -71.81463537887319,
              42.258724724768385
            ],
            [
              -71.81420547783937,
              42.2588758478815
            ],
            [
              -71.81405282942572,
              42.258916447221964
            ],
            [
              -71.80869412631985,
              42.25319215634246
            ],
            [
              -71.80892273473584,
              42.253004716870365
            ],
            [
              -71.80927505656234,
              42.25276741454327
            ],
            [
              -71.80965698788397,
              42.25255690925342
            ],
            [
              -71.81006485071893,
              42.2523752280083
            ],
            [
              -71.81049471749164,
              42.252224120245515
            ],
            [
              -71.81093966351796,
              42.25210578179025
            ],
            [
              -71.81614183687219,
              42.25778826920296
            ],
            [
              -71.81613934449759,
              42.25779076683224
            ]
          ]
        ]
      }
    },
    {
      "type": "Feature",
      "properties": {
        "stop_id": "410;452",
        "tier": "0-400m",
        "name": "410;452_0-400m"
      },
      "geometry": {
        "type": "Polygon",
        "coordinates": [
          [
            [
              -71.81891020345802,
              42.24783070641093
            ],
            [
              -71.81919337198576,
              42.24754687484192
            ],
            [
              -71.81951261870003,
              42.24728503080371
            ],
            [
              -71.81986486900378,
              42.24704769571316
            ],
            [
              -71.82024673060977,
              42.246837154952544
            ],
            [
              -71.82065452620732,
              42.246655435870956
            ],
            [
              -71.82108432886807,
              42.246504288270415
            ],
            [
              -71.82109083983137,
              42.24650255578488
            ],
            [
              -71.82665126898864,
              42.2521422278976
            ],
            [
              -71.82636765721904,
              42.25237486567118
            ],
            [
              -71.82601540166013,
              42.25261222051471
            ],
            [
              -71.82563352441086,
              42.252822780272616
            ],
            [
              -71.82522570338308,
              42.253004516865715
            ],
            [
              -71.82479586648242,
              42.25315567981906
            ],
            [
              -71.82434815376624,
              42.253274813129664
            ],
            [
              -71.82413697763322,
              42.25331416484607
            ],
            [
              -71.82413541590294,
              42.2533144558658
            ],
            [
              -71.81885570028464,
              42.24789830753732
            ],
            [
              -71.81891020345802,
              42.24783070641093
            ]
          ]
        ]
      }
    },
    {
      "type": "Feature",
      "properties": {
        "stop_id": "414;449",
        "tier": "0-400m",
        "name": "414;449_0-400m"
      },
      "geometry": {
        "type": "Polygon",
        "coordinates": [
          [
            [
              -71.81987686975731,
              42.25577322294199
            ],
            [
              -71.81955758175005,
              42.2560350676086
            ],
            [
              -71.81920528029019,
              42.25627240138608
            ],
            [
              -71.81882335830919,
              42.25648293833589
            ],
            [
              -71.81846383917672,
              42.25664311197897
            ],
            [
              -71.81846199809159,
              42.256643932217706
            ],
            [
              -71.81240454984449,
              42.251189311646435
            ],
            [
              -71.81270269438492,
              42.250944828936575
            ],
            [
              -71.81305499057842,
              42.25070751491327
            ],
            [
              -71.81343689690367,
              42.25049699696098
            ],
            [
              -71.8138447356195,
              42.250315302209145
            ],
            [
              -71.81427457938247,
              42.250164180225475
            ],
            [
              -71.81452157602516,
              42.2500984775829
            ],
            [
              -71.81452215306699,
              42.25009832408541
            ],
            [
              -71.81996167863427,
              42.2556882245897
            ],
            [
              -71.81987686975731,
              42.25577322294199
            ]
          ]
        ]
      }
    },
    {
      "type": "Feature",
      "properties": {
        "stop_id": "407;456",
        "tier": "0-400m",
        "name": "407;456_0-400m"
      },
      "geometry": {
        "type": "Polygon",
        "coordinates": [
          [
            [
              -71.8305882095803,
              42.25004300655532
            ],
            [
              -71.82492895801025,
              42.24439081274763
            ],
            [
              -71.82511255871763,
              42.24424019707945
            ],
            [
              -71.82546477109376,
              42.24400284466574
            ],
            [
              -71.82584659571776,
              42.24379228515028
            ],
            [
              -71.82625435563494,
              42.24361054606279
            ],
            [
              -71.8266841242604,
              42.243459377397926
            ],
            [
              -71.82713176318019,
              42.24334023477151
            ],
            [
              -71.82723174653044,
              42.24332159763985
            ],
            [
              -71.82723654321707,
              42.2433207035237
            ],
            [
              -71.83227296067668,
              42.24907927333607
            ],
            [
              -71.83196771763915,
              42.24932969990178
            ],
            [
              -71.83161550001708,
              42.24956707206751
            ],
            [
              -71.83123365976009,
              42.24977765058003
            ],
            [
              -71.83082587442365,
              42.24995940717957
            ],
            [
              -71.8305882095803,
              42.25004300655532
            ]
          ]
        ]
      }
    },
    {
      "type": "Feature",
      "properties": {
        "stop_id": "413;450",
        "tier": "0-400m",
        "name": "413;450_0-400m"
      },
      "geometry": {
        "type": "Polygon",
        "coordinates": [
          [
            [
              -71.81460839179401,
              42.250011726166896
            ],
            [
              -71.81492766989865,
              42.24974989500357
            ],
            [
              -71.81527995110264,
              42.24951257409674
            ],
            [
              -71.81566184282123,
              42.2493020486921
            ],
            [
              -71.81606966745387,
              42.24912034599087
            ],
            [
              -71.81643189179837,
              42.24899298637528
            ],
            [
              -71.82196986504222,
              42.254686422609645
            ],
            [
              -71.82196594307473,
              42.2546896392063
            ],
            [
              -71.8217826067482,
              42.25484000174462
            ],
            [
              -71.82143032028154,
              42.255077342405215
            ],
            [
              -71.82104841291125,
              42.25528788680732
            ],
            [
              -71.82064056283943,
              42.25546960701961
            ],
            [
              -71.8202106982515,
              42.25562075272496
            ],
            [
              -71.81996368596752,
              42.25568646755817
            ],
            [
              -71.81996310888798,
              42.255686621082894
            ],
            [
              -71.8145235833322,
              42.250096720644876
            ],
            [
              -71.81460839179401,
              42.250011726166896
            ]
          ]
        ]
      }
    },
    {
      "type": "Feature",
      "properties": {
        "stop_id": "419;444;420",
        "tier": "0-400m",
        "name": "419;444;420_0-400m"
      },
      "geometry": {
        "type": "Polygon",
        "coordinates": [
          [
            [
              -71.80340239426606,
              42.25651762822063
            ],
            [
              -71.80360569999287,
              42.25619823371741
            ],
            [
              -71.80385016627241,
              42.25589518031576
            ],
            [
              -71.80413343839393,
              42.25561138633356
            ],
            [
              -71.80445278806606,
              42.25534958458852
            ],
            [
              -71.80480513970046,
              42.25511229609014
            ],
            [
              -71.80518710003442,
              42.25490180577194
            ],
            [
              -71.80559499080682,
              42.25472014049722
            ],
            [
              -71.80602488417315,
              42.25456904954982
            ],
            [
              -71.80646617582273,
              42.254451706823694
            ],
            [
              -71.8118039624668,
              42.26000101423868
            ],
            [
              -71.8117991690198,
              42.26000581711053
            ],
            [
              -71.81162683341526,
              42.260178490941385
            ],
            [
              -71.81130748905711,
              42.26044031244056
            ],
            [
              -71.81095513214281,
              42.26067762069451
            ],
            [
              -71.81057315613798,
              42.260888130010535
            ],
            [
              -71.81016523990597,
              42.26106981279524
            ],
            [
              -71.8097353122697,
              42.2612209190919
            ],
            [
              -71.8092875141608,
              42.26133999344323
            ],
            [
              -71.80892791754943,
              42.26140694356765
            ],
            [
              -71.80892584439745,
              42.26140732954586
            ],
            [
              -71.80325440944338,
              42.25682494851598
            ],
            [
              -71.80340239426606,
              42.25651762822063
            ]
          ]
        ]
      }
    },
    {
      "type": "Feature",
      "properties": {
        "stop_id": "417;445",
        "tier": "0-400m",
        "name": "417;445_0-400m"
      },
      "geometry": {
        "type": "Polygon",
        "coordinates": [
          [
            [
              -71.81347017816579,
              42.25934255404755
            ],
            [
              -71.81308821858353,
              42.259553071787856
            ],
            [
              -71.81268031817598,
              42.25973476355905
            ],
            [
              -71.81225040561355,
              42.25988587931786
            ],
            [
              -71.81180908680092,
              42.26000324419016
            ],
            [
              -71.80647129951953,
              42.25445393701585
            ],
            [
              -71.80664842700926,
              42.25427646809769
            ],
            [
              -71.80696775954499,
              42.254014659289204
            ],
            [
              -71.80732009432107,
              42.253777363009426
            ],
            [
              -71.80770203823705,
              42.25356686426685
            ],
            [
              -71.80810991318988,
              42.25338519000591
            ],
            [
              -71.80853979148735,
              42.253234089596965
            ],
            [
              -71.80869242973395,
              42.25319349755417
            ],
            [
              -71.81405113279997,
              42.25891778851161
            ],
            [
              -71.81382251821763,
              42.25910523801263
            ],
            [
              -71.81347017816579,
              42.25934255404755
            ]
          ]
        ]
      }
    },
    {
      "type": "Feature",
      "properties": {
        "stop_id": "405;457",
        "tier": "0-400m",
        "name": "405;457_0-400m"
      },
      "geometry": {
        "type": "Polygon",
        "coordinates": [
          [
            [
              -71.83404505043731,
              42.248394008028725
            ],
            [
              -71.83366322533517,
              42.24860459467182
            ],
            [
              -71.8332554545286,
              42.24878635994579
            ],
            [
              -71.83282566543929,
              42.248937553099516
            ],
            [
              -71.832377997664,
              42.24905671783911
            ],
            [
              -71.83227800677233,
              42.249075359439956
            ],
            [
              -71.83227320972095,
              42.24907625376611
            ],
            [
              -71.82723679247898,
              42.243317683961614
            ],
            [
              -71.8275420252543,
              42.24306726972599
            ],
            [
              -71.82789422200057,
              42.24282990980354
            ],
            [
              -71.82827603147408,
              42.24261934215748
            ],
            [
              -71.82868377686601,
              42.24243759439585
            ],
            [
              -71.82911353173125,
              42.24228641659682
            ],
            [
              -71.82956115778835,
              42.24216726446417
            ],
            [
              -71.83002234475428,
              42.242081285316615
            ],
            [
              -71.83049265183192,
              42.24202930704535
            ],
            [
              -71.83096755045088,
              42.242011830146296
            ],
            [
              -71.83144246785162,
              42.24202902290326
            ],
            [
              -71.83174904955686,
              42.24206271903236
            ],
            [
              -71.83415634428721,
              42.24831899769539
            ],
            [
              -71.83404505043731,
              42.248394008028725
            ]
          ]
        ]
      }
    },
    {
      "type": "Feature",
      "properties": {
        "stop_id": "404;459",
        "tier": "0-400m",
        "name": "404;459_0-400m"
      },
      "geometry": {
        "type": "Polygon",
        "coordinates": [
          [
            [
              -71.8322443792895,
              42.24177643555611
            ],
            [
              -71.83265210786405,
              42.241594673659705
            ],
            [
              -71.83308184753463,
              42.241443480968584
            ],
            [
              -71.83352946016593,
              42.241324313329955
            ],
            [
              -71.83399063560421,
              42.24123831821179
            ],
            [
              -71.83446093316329,
              42.24118632365911
            ],
            [
              -71.83493582436436,
              42.2411688303246
            ],
            [
              -71.83541073651932,
              42.241186006650246
            ],
            [
              -71.83588109673839,
              42.241237687246326
            ],
            [
              -71.83634237593985,
              42.241323374483
            ],
            [
              -71.83679013243898,
              42.2414422432797
            ],
            [
              -71.83722005469757,
              42.241593149045904
            ],
            [
              -71.83762800282322,
              42.2417746386972
            ],
            [
              -71.83801004841983,
              42.24198496464083
            ],
            [
              -71.8383625124061,
              42.24222210159626
            ],
            [
              -71.8386820004383,
              42.24248376608931
            ],
            [
              -71.83896543559672,
              42.24276743843223
            ],
            [
              -71.83921008802109,
              42.243070386978836
            ],
            [
              -71.83941360120909,
              42.243389694421204
            ],
            [
              -71.8395740147249,
              42.24372228587523
            ],
            [
              -71.83968978309815,
              42.24406495848498
            ],
            [
              -71.83975979073075,
              42.24441441226095
            ],
            [
              -71.83978336266702,
              42.244767281855594
            ],
            [
              -71.83976027112249,
              42.24512016897023
            ],
            [
              -71.83969073770726,
              42.24546967508144
            ],
            [
              -71.83957543132162,
              42.24581243417172
            ],
            [
              -71.83941546174272,
              42.24614514514934
            ],
            [
              -71.8392123689632,
              42.24646460364473
            ],
            [
              -71.83896810838343,
              42.24676773287728
            ],
            [
              -71.83868503199878,
              42.24705161329495
            ],
            [
              -71.83836586576287,
              42.24731351070077
            ],
            [
              -71.83801368334385,
              42.24755090259517
            ],
            [
              -71.83763187652622,
              42.247761502480024
            ],
            [
              -71.8372241225433,
              42.247943281889675
            ],
            [
              -71.83679434865465,
              42.248094489936854
            ],
            [
              -71.83634669431055,
              42.248213670184214
            ],
            [
              -71.83588547126773,
              42.24829967467924
            ],
            [
              -71.83541512204187,
              42.248351675016565
            ],
            [
              -71.8349401770972,
              42.24836917032121
            ],
            [
              -71.8344652111872,
              42.248351992075456
            ],
            [
              -71.83415859757974,
              42.24831830324936
            ],
            [
              -71.83175130265317,
              42.242062024632894
            ],
            [
              -71.83186258809414,
              42.241987016443545
            ],
            [
              -71.8322443792895,
              42.24177643555611
            ]
          ]
        ]
      }
    },
    {
      "type": "Feature",
      "properties": {
        "stop_id": "421;442",
        "tier": "0-400m",
        "name": "421;442_0-400m"
      },
      "geometry": {
        "type": "Polygon",
        "coordinates": [
          [
            [
              -71.80019314437234,
              42.2584354744315
            ],
            [
              -71.8002701263319,
              42.25834005594933
            ],
            [
              -71.80055342544708,
              42.25805627093075
            ],
            [
              -71.80087280226222,
              42.257794479265996
            ],
            [
              -71.8012251809277,
              42.25755720186746
            ],
            [
              -71.80160716792055,
              42.25734672356179
            ],
            [
              -71.80201508472298,
              42.257165071096566
            ],
            [
              -71.80244500323995,
              42.25701399363226
            ],
            [
              -71.80289278361467,
              42.256894945906495
            ],
            [
              -71.80325236097454,
              42.25682801465149
            ],
            [
              -71.80325443401112,
              42.25682762877552
            ],
            [
              -71.8089258692072,
              42.26141000980201
            ],
            [
              -71.80877789976962,
              42.261717336960224
            ],
            [
              -71.80857460241964,
              42.26203674032287
            ],
            [
              -71.80833013504346,
              42.26233980346905
            ],
            [
              -71.80804685162838,
              42.26262360748289
            ],
            [
              -71.80772748012232,
              42.262885418903075
            ],
            [
              -71.80737509617094,
              42.26312271605801
            ],
            [
              -71.8069930935003,
              42.263333213361875
            ],
            [
              -71.80658515123068,
              42.263514883336924
            ],
            [
              -71.80644567384198,
              42.26356389834825
            ],
            [
              -71.80035012528442,
              42.25962121265276
            ],
            [
              -71.80019314437234,
              42.2584354744315
            ]
          ]
        ]
      }
    },
    {
      "type": "Feature",
      "properties": {
        "stop_id": "196;24;1508",
        "tier": "0-400m",
        "name": "196;24;1508_0-400m"
      },
      "geometry": {
        "type": "Polygon",
        "coordinates": [
          [
            [
              -71.80632798730643,
              42.26380743184306
            ],
            [
              -71.80612467087784,
              42.264126830746974
            ],
            [
              -71.80588018369554,
              42.26442988856094
            ],
            [
              -71.80559687993758,
              42.264713686420485
            ],
            [
              -71.80527748774784,
              42.26497549092351
            ],
            [
              -71.8049250829712,
              42.26521278046503
            ],
            [
              -71.80454305953434,
              42.265423269532505
            ],
            [
              -71.8041350967576,
              42.265604930727555
            ],
            [
              -71.80370512391231,
              42.26575601430138
            ],
            [
              -71.80325728236573,
              42.265875065015514
            ],
            [
              -71.80283373787206,
              42.26595389152182
            ],
            [
              -71.80047533343331,
              42.26468926219901
            ],
            [
              -71.79902651643074,
              42.26209519811544
            ],
            [
              -71.80034946054077,
              42.25962317018746
            ],
            [
              -71.80644447904382,
              42.263565513010704
            ],
            [
              -71.80632798730643,
              42.26380743184306
            ]
          ]
        ]
      }
    },
    {
      "type": "Feature",
      "properties": {
        "stop_id": "409;453",
        "tier": "0-400m",
        "name": "409;453_0-400m"
      },
      "geometry": {
        "type": "Polygon",
        "coordinates": [
          [
            [
              -71.82172984181997,
              42.24603274776539
            ],
            [
              -71.82211169110373,
              42.24582220075846
            ],
            [
              -71.82251947481218,
              42.24564047501394
            ],
            [
              -71.82294926613146,
              42.24548932039799
            ],
            [
              -71.82316490762489,
              42.24543193577263
            ],
            [
              -71.828614497749,
              42.251035199532815
            ],
            [
              -71.82855191122702,
              42.25109794388813
            ],
            [
              -71.82823268267994,
              42.25135981291255
            ],
            [
              -71.82788043976089,
              42.251597173525276
            ],
            [
              -71.82749857483729,
              42.25180773952941
            ],
            [
              -71.82709076570227,
              42.251989482785625
            ],
            [
              -71.8266609401468,
              42.25214065275479
            ],
            [
              -71.82665442875613,
              42.252142385554905
            ],
            [
              -71.82109399930351,
              42.24650271359557
            ],
            [
              -71.82137760415301,
              42.24627008862545
            ],
            [
              -71.82172984181997,
              42.24603274776539
            ]
          ]
        ]
      }
    },
    {
      "type": "Feature",
      "properties": {
        "stop_id": "1503",
        "tier": "0-400m",
        "name": "1503_0-400m"
      },
      "geometry": {
        "type": "Polygon",
        "coordinates": [
          [
            [
              -71.80019073753891,
              42.258435690996635
            ],
            [
              -71.8003477313871,
              42.2596215272674
            ],
            [
              -71.79902433233028,
              42.262094405182886
            ],
            [
              -71.79337185219349,
              42.26282838443374
            ],
            [
              -71.7973581925709,
              42.25733954363765
            ],
            [
              -71.79760747153969,
              42.25736701073973
            ],
            [
              -71.79806881642928,
              42.25745285168736
            ],
            [
              -71.7985166151128,
              42.257571869585675
            ],
            [
              -71.79894655564574,
              42.257722918408554
            ],
            [
              -71.79935449795938,
              42.25790454369417
            ],
            [
              -71.79973651371313,
              42.2581149965438
            ],
            [
              -71.80008892411242,
              42.25835225045494
            ],
            [
              -71.80019073753891,
              42.258435690996635
            ]
          ]
        ]
      }
    },
    {
      "type": "Feature",
      "properties": {
        "stop_id": "1125;1163;1162",
        "tier": "0-400m",
        "name": "1125;1163;1162_0-400m"
      },
      "geometry": {
        "type": "Polygon",
        "coordinates": [
          [
            [
              -71.75328128501297,
              42.24637834727206
            ],
            [
              -71.75292911672575,
              42.246140949096905
            ],
            [
              -71.75260996479551,
              42.245879045989845
            ],
            [
              -71.75232690275256,
              42.24559516050531
            ],
            [
              -71.75208265641238,
              42.245292026889054
            ],
            [
              -71.75187957763323,
              42.244972564735356
            ],
            [
              -71.75171962168058,
              42.244639850860004
            ],
            [
              -71.75166313639644,
              42.2444719233716
            ],
            [
              -71.75166303367152,
              42.2444716179755
            ],
            [
              -71.75892691385668,
              42.24054880921537
            ],
            [
              -71.75905066730878,
              42.240603981188514
            ],
            [
              -71.75943244468613,
              42.2408145688758
            ],
            [
              -71.75978460774093,
              42.2410519472998
            ],
            [
              -71.76010376502589,
              42.2413138306609
            ],
            [
              -71.76038684280492,
              42.24159769716349
            ],
            [
              -71.76063111465781,
              42.241900813291295
            ],
            [
              -71.76083422774587,
              42.24222026012206
            ],
            [
              -71.76086956780652,
              42.24229374700918
            ],
            [
              -71.76087008388,
              42.24229482014223
            ],
            [
              -71.75675211811244,
              42.24555744648195
            ],
            [
              -71.75374237835523,
              42.24662430933949
            ],
            [
              -71.75366307800881,
              42.24658895395667
            ],
            [
              -71.75328128501297,
              42.24637834727206
            ]
          ]
        ]
      }
    },
    {
      "type": "Feature",
      "properties": {
        "stop_id": "1134;1153",
        "tier": "0-400m",
        "name": "1134;1153_0-400m"
      },
      "geometry": {
        "type": "Polygon",
        "coordinates": [
          [
            [
              -71.77448313152182,
              42.25401417617245
            ],
            [
              -71.77439007729336,
              42.254024412260655
            ],
            [
              -71.77134795734509,
              42.247275155804346
            ],
            [
              -71.77168590493446,
              42.247156489814955
            ],
            [
              -71.77213367339662,
              42.24703756197975
            ],
            [
              -71.77259497371989,
              42.246951813885055
            ],
            [
              -71.77306536401619,
              42.246900071197395
            ],
            [
              -71.77342326054678,
              42.246887080991215
            ],
            [
              -71.77505675637806,
              42.25233413873577
            ],
            [
              -71.77471092047323,
              42.25397183399932
            ],
            [
              -71.77471087649302,
              42.25397184217456
            ],
            [
              -71.77448313152182,
              42.25401417617245
            ]
          ]
        ]
      }
    },
    {
      "type": "Feature",
      "properties": {
        "stop_id": "21;28;1612",
        "tier": "0-400m",
        "name": "21;28;1612_0-400m"
      },
      "geometry": {
        "type": "Polygon",
        "coordinates": [
          [
            [
              -71.79642758647584,
              42.25673161181853
            ],
            [
              -71.7968095854178,
              42.25694207446036
            ],
            [
              -71.7971619783144,
              42.25717933741373
            ],
            [
              -71.79735618675892,
              42.25733851340253
            ],
            [
              -71.79336867766405,
              42.26282896304033
            ],
            [
              -71.79257443752124,
              42.263215974842375
            ],
            [
              -71.79257400557735,
              42.26321589445837
            ],
            [
              -71.79232789711475,
              42.26317009380056
            ],
            [
              -71.79188007045894,
              42.26305105185519
            ],
            [
              -71.79145011059623,
              42.26289997668295
            ],
            [
              -71.79104215876882,
              42.26271832344131
            ],
            [
              -71.79066014414262,
              42.26250784180248
            ],
            [
              -71.7903077459531,
              42.26227055909326
            ],
            [
              -71.78998835806358,
              42.262008760760395
            ],
            [
              -71.78970505627758,
              42.261724968349405
            ],
            [
              -71.78946056872003,
              42.26142191520992
            ],
            [
              -71.78925724957273,
              42.26110252016141
            ],
            [
              -71.7890970564163,
              42.26076985937373
            ],
            [
              -71.78899523089207,
              42.26046777858299
            ],
            [
              -71.78899518933339,
              42.26046765529229
            ],
            [
              -71.7960530921448,
              42.25656486232223
            ],
            [
              -71.79642758647584,
              42.25673161181853
            ]
          ]
        ]
      }
    },
    {
      "type": "Feature",
      "properties": {
        "stop_id": "1131;1158",
        "tier": "0-400m",
        "name": "1131;1158_0-400m"
      },
      "geometry": {
        "type": "Polygon",
        "coordinates": [
          [
            [
              -71.76683897659028,
              42.24723737612002
            ],
            [
              -71.76689898862433,
              42.247258483751494
            ],
            [
              -71.76689960752037,
              42.247258701431434
            ],
            [
              -71.76679645104713,
              42.25390007580531
            ],
            [
              -71.76638801562183,
              42.254008523496225
            ],
            [
              -71.76592665546407,
              42.25409424651059
            ],
            [
              -71.7654562058729,
              42.254145959844784
            ],
            [
              -71.76498119827983,
              42.25416316538844
            ],
            [
              -71.764506208042,
              42.254145697415034
            ],
            [
              -71.76403581034931,
              42.254093724179036
            ],
            [
              -71.76357453613304,
              42.25400774629438
            ],
            [
              -71.76312682840187,
              42.25388859191008
            ],
            [
              -71.76269699942696,
              42.25373740872962
            ],
            [
              -71.76228918918932,
              42.25355565295077
            ],
            [
              -71.76190732549054,
              42.25334507523332
            ],
            [
              -71.76155508611191,
              42.25310770382937
            ],
            [
              -71.76123586338662,
              42.252845825039806
            ],
            [
              -71.76095273152698,
              42.25256196118493
            ],
            [
              -71.76070841702095,
              42.25225884630224
            ],
            [
              -71.76053872206194,
              42.25199199992877
            ],
            [
              -71.76666854438382,
              42.24719201757164
            ],
            [
              -71.76667094472998,
              42.24719265639805
            ],
            [
              -71.76683897659028,
              42.24723737612002
            ]
          ]
        ]
      }
    },
    {
      "type": "Feature",
      "properties": {
        "stop_id": "1135;1152",
        "tier": "0-400m",
        "name": "1135;1152_0-400m"
      },
      "geometry": {
        "type": "Polygon",
        "coordinates": [
          [
            [
              -71.77505845341705,
              42.252331518073504
            ],
            [
              -71.77342556733973,
              42.24688649407879
            ],
            [
              -71.77352231739066,
              42.246852519323475
            ],
            [
              -71.77397008025312,
              42.246733584311166
            ],
            [
              -71.77443137587414,
              42.24664782882452
            ],
            [
              -71.77490176241086,
              42.24659607860124
            ],
            [
              -71.77537671052823,
              42.24657883194153
            ],
            [
              -71.77585164699023,
              42.246596254912326
            ],
            [
              -71.77632199867308,
              42.24664817974912
            ],
            [
              -71.77678323657707,
              42.24673410647047
            ],
            [
              -71.77723091941476,
              42.24685320768994
            ],
            [
              -71.77766073635664,
              42.24700433657912
            ],
            [
              -71.77806854852368,
              42.24718603790516
            ],
            [
              -71.77845042882807,
              42.24739656203707
            ],
            [
              -71.77850620891502,
              42.247434140451
            ],
            [
              -71.77849294209928,
              42.24747593516065
            ],
            [
              -71.77505845341705,
              42.252331518073504
            ]
          ]
        ]
      }
    },
    {
      "type": "Feature",
      "properties": {
        "stop_id": "584;604",
        "tier": "0-400m",
        "name": "584;604_0-400m"
      },
      "geometry": {
        "type": "Polygon",
        "coordinates": [
          [
            [
              -71.78269157491528,
              42.24812458056219
            ],
            [
              -71.78307264487559,
              42.24816662497365
            ],
            [
              -71.78353390300225,
              42.24825252452175
            ],
            [
              -71.78398160927466,
              42.24837159935707
            ],
            [
              -71.78441145263777,
              42.24852270290526
            ],
            [
              -71.78481929395821,
              42.248704380177486
            ],
            [
              -71.78520120586758,
              42.2489148817744
            ],
            [
              -71.78555351057099,
              42.24915218072401
            ],
            [
              -71.78587281525762,
              42.24941399199212
            ],
            [
              -71.78615604477228,
              42.249697794477484
            ],
            [
              -71.78640047123396,
              42.25000085528044
            ],
            [
              -71.78660374031536,
              42.25032025601178
            ],
            [
              -71.7867638939305,
              42.25065292088871
            ],
            [
              -71.78679563710324,
              42.25074711735367
            ],
            [
              -71.77993360203294,
              42.25301659659859
            ],
            [
              -71.78269157491528,
              42.24812458056219
            ]
          ]
        ]
      }
    },
    {
      "type": "Feature",
      "properties": {
        "stop_id": "1139;1149",
        "tier": "0-400m",
        "name": "1139;1149_0-400m"
      },
      "geometry": {
        "type": "Polygon",
        "coordinates": [
          [
            [
              -71.77869165624662,
              42.25469008386553
            ],
            [
              -71.77847335194969,
              42.254419376439536
            ],
            [
              -71.77993207576719,
              42.253019072166964
            ],
            [
              -71.78679759903628,
              42.25074843932413
            ],
            [
              -71.7869955222837,
              42.25099383342757
            ],
            [
              -71.78719879755522,
              42.25131323304893
            ],
            [
              -71.78735895680892,
              42.25164589703724
            ],
            [
              -71.78747445702218,
              42.25198862183769
            ],
            [
              -71.78749982177416,
              42.2521157531929
            ],
            [
              -71.77917003414662,
              42.25513393151138
            ],
            [
              -71.77897487716692,
              42.25497390382308
            ],
            [
              -71.77869165624662,
              42.25469008386553
            ]
          ]
        ]
      }
    },
    {
      "type": "Feature",
      "properties": {
        "stop_id": "1138;1150;1137",
        "tier": "0-400m",
        "name": "1138;1150;1137_0-400m"
      },
      "geometry": {
        "type": "Polygon",
        "coordinates": [
          [
            [
              -71.77847384182971,
              42.25441596431421
            ],
            [
              -71.77843228141064,
              42.254408223465624
            ],
            [
              -71.77849529692158,
              42.24747636062457
            ],
            [
              -71.77850788203517,
              42.24743671349129
            ],
            [
              -71.77851019230783,
              42.24743628392134
            ],
            [
              -71.77871412569085,
              42.24739836453054
            ],
            [
              -71.7791845143027,
              42.247346596747285
            ],
            [
              -71.77965946688298,
              42.247329332352784
            ],
            [
              -71.78013441015281,
              42.24734673758476
            ],
            [
              -71.78060477092285,
              42.247398644849504
            ],
            [
              -71.78106602010592,
              42.247484554334754
            ],
            [
              -71.78151371630604,
              42.24760363882004
            ],
            [
              -71.78194354856505,
              42.24775475163805
            ],
            [
              -71.78235137785654,
              42.24793643771073
            ],
            [
              -71.78268983696042,
              42.24812300277416
            ],
            [
              -71.77993024815221,
              42.25301788469601
            ],
            [
              -71.77847384182971,
              42.25441596431421
            ]
          ]
        ]
      }
    },
    {
      "type": "Feature",
      "properties": {
        "stop_id": "1124;1164",
        "tier": "0-400m",
        "name": "1124;1164_0-400m"
      },
      "geometry": {
        "type": "Polygon",
        "coordinates": [
          [
            [
              -71.75153706999728,
              42.244415405142576
            ],
            [
              -71.75115529717567,
              42.244204791303154
            ],
            [
              -71.75080314894454,
              42.243967386512246
            ],
            [
              -71.75048401675907,
              42.24370547739222
            ],
            [
              -71.75020097395937,
              42.243421586555385
            ],
            [
              -71.74995674617558,
              42.24311844829904
            ],
            [
              -71.74975368508726,
              42.2427989822621
            ],
            [
              -71.74959374578951,
              42.24246626529776
            ],
            [
              -71.74947846798337,
              42.242123501833156
            ],
            [
              -71.74940896117086,
              42.241773993002184
            ],
            [
              -71.7493858939961,
              42.24142110484844
            ],
            [
              -71.74940948783468,
              42.24106823590532
            ],
            [
              -71.74947951469127,
              42.2407187844652
            ],
            [
              -71.74959529942518,
              42.24037611585309
            ],
            [
              -71.74975572628092,
              42.24004353001999
            ],
            [
              -71.74995924965982,
              42.23972422976765
            ],
            [
              -71.75020390902803,
              42.23942128991096
            ],
            [
              -71.75048734781652,
              42.23913762767412
            ],
            [
              -71.75080683613011,
              42.238875974606024
            ],
            [
              -71.75115929704654,
              42.23863885028439
            ],
            [
              -71.75154133625175,
              42.23842853806177
            ],
            [
              -71.751949274726,
              42.23824706308658
            ],
            [
              -71.75237918416617,
              42.23809617281028
            ],
            [
              -71.75282692480333,
              42.237977320168135
            ],
            [
              -71.75328818525196,
              42.23789164959514
            ],
            [
              -71.75375852400789,
              42.23783998601146
            ],
            [
              -71.75423341219604,
              42.23782282688307
            ],
            [
              -71.75470827715735,
              42.237840337434186
            ],
            [
              -71.75517854645624,
              42.23789234905703
            ],
            [
              -71.75563969188597,
              42.23797836093452
            ],
            [
              -71.7560872730492,
              42.2380975448603
            ],
            [
              -71.7565169800951,
              42.23824875320955
            ],
            [
              -71.75692467520243,
              42.23843052998425
            ],
            [
              -71.75730643241018,
              42.23864112482688
            ],
            [
              -71.7576585754126,
              42.23887850986745
            ],
            [
              -71.75797771295552,
              42.239140399242615
            ],
            [
              -71.75826077149289,
              42.23942427109883
            ],
            [
              -71.75850502478977,
              42.23972739186821
            ],
            [
              -71.7587081201862,
              42.24004684258386
            ],
            [
              -71.7588681012686,
              42.240379546981394
            ],
            [
              -71.7589246020151,
              42.24054747104283
            ],
            [
              -71.75892470476869,
              42.24054777643264
            ],
            [
              -71.75166082456518,
              42.244470585053534
            ],
            [
              -71.75153706999728,
              42.244415405142576
            ]
          ]
        ]
      }
    },
    {
      "type": "Feature",
      "properties": {
        "stop_id": "343;349",
        "tier": "0-400m",
        "name": "343;349_0-400m"
      },
      "geometry": {
        "type": "Polygon",
        "coordinates": [
          [
            [
              -71.78685399896091,
              42.25971840923293
            ],
            [
              -71.78639265277192,
              42.25963252320776
            ],
            [
              -71.7860902313596,
              42.259552111142995
            ],
            [
              -71.78725089761522,
              42.2540478465128
            ],
            [
              -71.78805502696544,
              42.2525966445485
            ],
            [
              -71.78827548904438,
              42.252604707204874
            ],
            [
              -71.78874589555491,
              42.25265658103203
            ],
            [
              -71.78920719409406,
              42.252742457694985
            ],
            [
              -71.78965494279073,
              42.25286151028935
            ],
            [
              -71.78978124880952,
              42.25290590026554
            ],
            [
              -71.78760645276272,
              42.2597806024082
            ],
            [
              -71.7873244571775,
              42.25977028882772
            ],
            [
              -71.78685399896091,
              42.25971840923293
            ]
          ]
        ]
      }
    },
    {
      "type": "Feature",
      "properties": {
        "stop_id": "1136;1151",
        "tier": "0-400m",
        "name": "1136;1151_0-400m"
      },
      "geometry": {
        "type": "Polygon",
        "coordinates": [
          [
            [
              -71.77849284085738,
              42.247479949003875
            ],
            [
              -71.77842985954767,
              42.25440802006892
            ],
            [
              -71.77821134608408,
              42.254448645339686
            ],
            [
              -71.77774090389987,
              42.25450040906324
            ],
            [
              -71.77726589699081,
              42.254517665486404
            ],
            [
              -71.77679090070747,
              42.254500248392546
            ],
            [
              -71.77632049029798,
              42.25444832554601
            ],
            [
              -71.77585919681619,
              42.25436239707532
            ],
            [
              -71.77541146345645,
              42.254243290653555
            ],
            [
              -71.77498160273693,
              42.25409215352216
            ],
            [
              -71.77471321676983,
              42.25397257739505
            ],
            [
              -71.77505915518407,
              42.252334396419705
            ],
            [
              -71.77849284085738,
              42.247479949003875
            ]
          ]
        ]
      }
    },
    {
      "type": "Feature",
      "properties": {
        "stop_id": "342;350",
        "tier": "0-400m",
        "name": "342;350_0-400m"
      },
      "geometry": {
        "type": "Polygon",
        "coordinates": [
          [
            [
              -71.7860879497017,
              42.25955129668698
            ],
            [
              -71.78608702160886,
              42.259551330470366
            ],
            [
              -71.78584438482115,
              42.25956016240311
            ],
            [
              -71.78536934833585,
              42.259542780852314
            ],
            [
              -71.78489889341323,
              42.25949089323595
            ],
            [
              -71.78443755153599,
              42.25940499934323
            ],
            [
              -71.78398976636487,
              42.259285926514146
            ],
            [
              -71.78355985091721,
              42.25913482166657
            ],
            [
              -71.7831519460073,
              42.258953140243854
            ],
            [
              -71.78276998034895,
              42.258742632189566
            ],
            [
              -71.78241763270583,
              42.258505325084954
            ],
            [
              -71.78212361491252,
              42.25826426306428
            ],
            [
              -71.78724789605613,
              42.25405044726115
            ],
            [
              -71.7860879497017,
              42.25955129668698
            ]
          ]
        ]
      }
    },
    {
      "type": "Feature",
      "properties": {
        "stop_id": "1141;1147",
        "tier": "0-400m",
        "name": "1141;1147_0-400m"
      },
      "geometry": {
        "type": "Polygon",
        "coordinates": [
          [
            [
              -71.78212131990743,
              42.25826346426776
            ],
            [
              -71.78175596852807,
              42.25806210538526
            ],
            [
              -71.781403628475,
              42.25782479513762
            ],
            [
              -71.78108429985119,
              42.25756297181025
            ],
            [
              -71.7808467413947,
              42.25732493327823
            ],
            [
              -71.78084416544868,
              42.257322352114
            ],
            [
              -71.78793847234085,
              42.25251884185042
            ],
            [
              -71.78805283797293,
              42.25259586506694
            ],
            [
              -71.78724868212566,
              42.25404711476111
            ],
            [
              -71.78212131990743,
              42.25826346426776
            ]
          ]
        ]
      }
    },
    {
      "type": "Feature",
      "properties": {
        "stop_id": "1132;1155;1156",
        "tier": "0-400m",
        "name": "1132;1155;1156_0-400m"
      },
      "geometry": {
        "type": "Polygon",
        "coordinates": [
          [
            [
              -71.76731043368137,
              42.2471495031038
            ],
            [
              -71.76777174135216,
              42.247063774413306
            ],
            [
              -71.76824213642152,
              42.24701205151118
            ],
            [
              -71.76871708947219,
              42.246994832434545
            ],
            [
              -71.7691920272208,
              42.24701228298478
            ],
            [
              -71.76966237653107,
              42.24706423513182
            ],
            [
              -71.77012360842616,
              42.247150188631295
            ],
            [
              -71.77057128167645,
              42.24726931583891
            ],
            [
              -71.77083712190752,
              42.247362807062316
            ],
            [
              -71.77084088614714,
              42.247364130871205
            ],
            [
              -71.77006836704943,
              42.254050207183475
            ],
            [
              -71.76965936437533,
              42.25412621591787
            ],
            [
              -71.76918891759645,
              42.254177944563786
            ],
            [
              -71.76871391077836,
              42.254195165567516
            ],
            [
              -71.76823891927073,
              42.25417771305366
            ],
            [
              -71.76776851827566,
              42.25412575512769
            ],
            [
              -71.7673072387563,
              42.25403979225613
            ],
            [
              -71.76685952377242,
              42.253920652443384
            ],
            [
              -71.76679950543645,
              42.253899544815184
            ],
            [
              -71.76679888647581,
              42.25389932713495
            ],
            [
              -71.76690204269235,
              42.247257952758
            ],
            [
              -71.76731043368137,
              42.2471495031038
            ]
          ]
        ]
      }
    },
    {
      "type": "Feature",
      "properties": {
        "stop_id": "1133;1154",
        "tier": "0-400m",
        "name": "1133;1154_0-400m"
      },
      "geometry": {
        "type": "Polygon",
        "coordinates": [
          [
            [
              -71.7743877079438,
              42.25402482618118
            ],
            [
              -71.77404972874756,
              42.254143499987315
            ],
            [
              -71.77360191361673,
              42.25426243515207
            ],
            [
              -71.77314056137926,
              42.254348187183155
            ],
            [
              -71.77267011579583,
              42.25439993010708
            ],
            [
              -71.77219510825933,
              42.25441716552843
            ],
            [
              -71.77172011412634,
              42.254399727432904
            ],
            [
              -71.77124970862427,
              42.254347783787146
            ],
            [
              -71.7707884227597,
              42.254261834920044
            ],
            [
              -71.77034069965354,
              42.254142708701124
            ],
            [
              -71.77007483168627,
              42.25404921643526
            ],
            [
              -71.77007106706519,
              42.25404789260274
            ],
            [
              -71.77084358584942,
              42.24736181626953
            ],
            [
              -71.77125254339768,
              42.24728580321792
            ],
            [
              -71.77134558822826,
              42.24727556966254
            ],
            [
              -71.7743877079438,
              42.25402482618118
            ]
          ]
        ]
      }
    },
    {
      "type": "Feature",
      "properties": {
        "stop_id": "1130;1159;1160",
        "tier": "0-400m",
        "name": "1130;1159;1160_0-400m"
      },
      "geometry": {
        "type": "Polygon",
        "coordinates": [
          [
            [
              -71.76053628028006,
              42.25198877746738
            ],
            [
              -71.76053628028008,
              42.25198877746738
            ],
            [
              -71.7603682402622,
              42.25194404854666
            ],
            [
              -71.75993843107744,
              42.251792854978554
            ],
            [
              -71.75953064128531,
              42.25161108933148
            ],
            [
              -71.75914879849039,
              42.251400502360205
            ],
            [
              -71.75879658027259,
              42.25116312240603
            ],
            [
              -71.75847737876126,
              42.25090123585208
            ],
            [
              -71.75819426796433,
              42.2506173650935
            ],
            [
              -71.75818937999063,
              42.25061130010713
            ],
            [
              -71.76096232828034,
              42.24709631186083
            ],
            [
              -71.76422706355338,
              42.24534445289285
            ],
            [
              -71.76451033911174,
              42.24544409801893
            ],
            [
              -71.76491810348601,
              42.24562584615245
            ],
            [
              -71.7652999306504,
              42.2458364141254
            ],
            [
              -71.76565214362573,
              42.24607377432662
            ],
            [
              -71.76597135048407,
              42.24633564113199
            ],
            [
              -71.76625447701201,
              42.246619492905396
            ],
            [
              -71.76649879631996,
              42.24692259627245
            ],
            [
              -71.76666850282102,
              42.2471894340645
            ],
            [
              -71.76053868074621,
              42.25198941642161
            ],
            [
              -71.76053628028006,
              42.25198877746738
            ]
          ]
        ]
      }
    },
    {
      "type": "Feature",
      "properties": {
        "stop_id": "345;347",
        "tier": "0-400m",
        "name": "345;347_0-400m"
      },
      "geometry": {
        "type": "Polygon",
        "coordinates": [
          [
            [
              -71.78861864697235,
              42.26029976805833
            ],
            [
              -71.78823665500481,
              42.26008927825922
            ],
            [
              -71.7879253089548,
              42.259879617534025
            ],
            [
              -71.79297619037133,
              42.25392991590168
            ],
            [
              -71.79316629092966,
              42.253980454296055
            ],
            [
              -71.79359619429988,
              42.25413152327012
            ],
            [
              -71.79400409811423,
              42.254313167700026
            ],
            [
              -71.79438607440274,
              42.254523638502675
            ],
            [
              -71.79473844475076,
              42.25476090900268
            ],
            [
              -71.79505781571547,
              42.25502269443986
            ],
            [
              -71.79534111150359,
              42.25530647396174
            ],
            [
              -71.79558560359601,
              42.25560951488992
            ],
            [
              -71.79578893703344,
              42.25592889902665
            ],
            [
              -71.79594915311013,
              42.25626155074899
            ],
            [
              -71.79605100505749,
              42.25656362558778
            ],
            [
              -71.79605104662735,
              42.25656374887603
            ],
            [
              -71.78899314381398,
              42.26046654172098
            ],
            [
              -71.78861864697235,
              42.26029976805833
            ]
          ]
        ]
      }
    },
    {
      "type": "Feature",
      "properties": {
        "stop_id": "344;348",
        "tier": "0-400m",
        "name": "344;348_0-400m"
      },
      "geometry": {
        "type": "Polygon",
        "coordinates": [
          [
            [
              -71.7879176778259,
              42.25987457119245
            ],
            [
              -71.7879176778259,
              42.25987457119245
            ],
            [
              -71.78773494701295,
              42.259825987198795
            ],
            [
              -71.78760862861998,
              42.25978159502233
            ],
            [
              -71.78978342446456,
              42.25290689283959
            ],
            [
              -71.7897843891086,
              42.252906928104366
            ],
            [
              -71.79006538987372,
              42.25291720038591
            ],
            [
              -71.7905358001731,
              42.252969066868594
            ],
            [
              -71.79099710341754,
              42.25305493632739
            ],
            [
              -71.7914448576907,
              42.25317398192723
            ],
            [
              -71.79187475147546,
              42.25332505737525
            ],
            [
              -71.79228264515312,
              42.25350670795324
            ],
            [
              -71.7926646108513,
              42.25371718451891
            ],
            [
              -71.79297594228865,
              42.25392683260447
            ],
            [
              -71.78792506109487,
              42.25987653422911
            ],
            [
              -71.7879176778259,
              42.25987457119245
            ]
          ]
        ]
      }
    },
    {
      "type": "Feature",
      "properties": {
        "stop_id": "1140;1148",
        "tier": "0-400m",
        "name": "1140;1148_0-400m"
      },
      "geometry": {
        "type": "Polygon",
        "coordinates": [
          [
            [
              -71.78750074839684,
              42.25211742071431
            ],
            [
              -71.78769591812402,
              42.25227743397454
            ],
            [
              -71.7879334833962,
              42.25251545852981
            ],
            [
              -71.7879360594357,
              42.25251803953698
            ],
            [
              -71.78084175245036,
              42.25732154965197
            ],
            [
              -71.78052213128429,
              42.25710626936387
            ],
            [
              -71.78020280993147,
              42.25684444354968
            ],
            [
              -71.77991957513694,
              42.25656062671663
            ],
            [
              -71.77967515438031,
              42.25625755244938
            ],
            [
              -71.77947190119995,
              42.255938139770876
            ],
            [
              -71.77931177254113,
              42.25560546502064
            ],
            [
              -71.77919630992862,
              42.25526273221958
            ],
            [
              -71.77917096059402,
              42.25513559909919
            ],
            [
              -71.78750074839684,
              42.25211742071431
            ]
          ]
        ]
      }
    },
    {
      "type": "Feature",
      "properties": {
        "stop_id": "1127;1161",
        "tier": "0-400m",
        "name": "1127;1161_0-400m"
      },
      "geometry": {
        "type": "Polygon",
        "coordinates": [
          [
            [
              -71.75675484932218,
              42.2455579147784
            ],
            [
              -71.76087312412088,
              42.24229504339271
            ],
            [
              -71.76126912389022,
              42.242400464450874
            ],
            [
              -71.76169887250427,
              42.242551653272905
            ],
            [
              -71.7621066101848,
              42.24273341149202
            ],
            [
              -71.762488410561,
              42.242943988929355
            ],
            [
              -71.76284059691154,
              42.24318135788257
            ],
            [
              -71.76315977756485,
              42.2434432326433
            ],
            [
              -71.76344287855983,
              42.24372709149873
            ],
            [
              -71.76368717325276,
              42.24403020100627
            ],
            [
              -71.76389030858498,
              42.244349642307476
            ],
            [
              -71.76405032775834,
              42.24468233922872
            ],
            [
              -71.76416568909913,
              42.245025087897794
            ],
            [
              -71.7642286669439,
              42.24534137142495
            ],
            [
              -71.76096129299748,
              42.2470946463855
            ],
            [
              -71.75675484932218,
              42.2455579147784
            ]
          ]
        ]
      }
    },
    {
      "type": "Feature",
      "properties": {
        "stop_id": "1855",
        "tier": "0-400m",
        "name": "1855_0-400m"
      },
      "geometry": {
        "type": "Polygon",
        "coordinates": [
          [
            [
              -71.76095970734453,
              42.24709607353869
            ],
            [
              -71.75818937691741,
              42.250607743365855
            ],
            [
              -71.7581857789877,
              42.25060761083677
            ],
            [
              -71.75807887104385,
              42.250603672850026
            ],
            [
              -71.7576085049483,
              42.250551673223946
            ],
            [
              -71.75714726527033,
              42.250465669440054
            ],
            [
              -71.75669959468591,
              42.250346489896884
            ],
            [
              -71.75626980510826,
              42.250195282540176
            ],
            [
              -71.75586203613874,
              42.2500135038006
            ],
            [
              -71.75548021518135,
              42.24980290455905
            ],
            [
              -71.75512801960556,
              42.24956551327492
            ],
            [
              -71.7548088413226,
              42.24930361644056
            ],
            [
              -71.75452575411663,
              42.249019736549975
            ],
            [
              -71.75428148404548,
              42.24871660779511
            ],
            [
              -71.75407838319592,
              42.24839714972344
            ],
            [
              -71.75391840704594,
              42.24806443911146
            ],
            [
              -71.75380309565143,
              42.247721680325235
            ],
            [
              -71.75373355883772,
              42.24737217445361
            ],
            [
              -71.75371046553772,
              42.247019287511755
            ],
            [
              -71.7537340373784,
              42.24666641802144
            ],
            [
              -71.75374205048331,
              42.246626420483366
            ],
            [
              -71.75675283783194,
              42.24555918631249
            ],
            [
              -71.76095970734453,
              42.24709607353869
            ]
          ]
        ]
      }
    },
    {
      "type": "Feature",
      "properties": {
        "stop_id": "187;204",
        "tier": "0-400m",
        "name": "187;204_0-400m"
      },
      "geometry": {
        "type": "Polygon",
        "coordinates": [
          [
            [
              -71.78980534378982,
              42.27697645990751
            ],
            [
              -71.7899209765335,
              42.276633752771716
            ],
            [
              -71.79008128340129,
              42.27630111265223
            ],
            [
              -71.79028471994859,
              42.27598174287379
            ],
            [
              -71.7905293264763,
              42.27567871892088
            ],
            [
              -71.7908127469229,
              42.2753949588276
            ],
            [
              -71.79082561557799,
              42.27538441585612
            ],
            [
              -71.79928307939417,
              42.27847528359819
            ],
            [
              -71.79928144251392,
              42.27848013705704
            ],
            [
              -71.79919917677337,
              42.27872405945434
            ],
            [
              -71.79903891171442,
              42.279056712173414
            ],
            [
              -71.79883550947797,
              42.27937609730409
            ],
            [
              -71.79859092844453,
              42.279679138771876
            ],
            [
              -71.79847840696459,
              42.279791809271615
            ],
            [
              -71.79847531353414,
              42.27979490679166
            ],
            [
              -71.78979606481298,
              42.27702288852311
            ],
            [
              -71.78980534378982,
              42.27697645990751
            ]
          ]
        ]
      }
    },
    {
      "type": "Feature",
      "properties": {
        "stop_id": "661;674",
        "tier": "0-400m",
        "name": "661;674_0-400m"
      },
      "geometry": {
        "type": "Polygon",
        "coordinates": [
          [
            [
              -71.78643377175872,
              42.284580889496056
            ],
            [
              -71.79375215618808,
              42.288809507150184
            ],
            [
              -71.79371099235622,
              42.28889491784562
            ],
            [
              -71.79350753156794,
              42.28921429297829
            ],
            [
              -71.79326288695253,
              42.28951732256348
            ],
            [
              -71.79297941420405,
              42.28980108800837
            ],
            [
              -71.79265984309389,
              42.29006285622283
            ],
            [
              -71.79230725119017,
              42.290300105951175
            ],
            [
              -71.79192503422212,
              42.290510552064156
            ],
            [
              -71.7915168733744,
              42.29069216757694
            ],
            [
              -71.79108669982651,
              42.2908432031806
            ],
            [
              -71.79097155770671,
              42.29087378532046
            ],
            [
              -71.78484345989348,
              42.28599569096035
            ],
            [
              -71.78495569790941,
              42.28581954717684
            ],
            [
              -71.78520036802306,
              42.285516535112
            ],
            [
              -71.78548385646856,
              42.28523278867676
            ],
            [
              -71.78580343287133,
              42.284971040230644
            ],
            [
              -71.78615601945985,
              42.28473381026969
            ],
            [
              -71.78643377175872,
              42.284580889496056
            ]
          ]
        ]
      }
    },
    {
      "type": "Feature",
      "properties": {
        "stop_id": "184;207",
        "tier": "0-400m",
        "name": "184;207_0-400m"
      },
      "geometry": {
        "type": "Polygon",
        "coordinates": [
          [
            [
              -71.78727120433558,
              42.28306270557279
            ],
            [
              -71.78729460247186,
              42.28270983142037
            ],
            [
              -71.78736446623319,
              42.28236035940664
            ],
            [
              -71.78748012204795,
              42.282017655055036
            ],
            [
              -71.78764045540055,
              42.28168501866092
            ],
            [
              -71.78784392159115,
              42.2813656535131
            ],
            [
              -71.78791947993065,
              42.281272064682916
            ],
            [
              -71.79695517894706,
              42.283253808700735
            ],
            [
              -71.7969444515222,
              42.283415965673065
            ],
            [
              -71.79687463953061,
              42.28376544345514
            ],
            [
              -71.7967590314257,
              42.28410815717206
            ],
            [
              -71.79659873988959,
              42.284440806168504
            ],
            [
              -71.79639530801516,
              42.2847601866714
            ],
            [
              -71.79615069446828,
              42.28506322265079
            ],
            [
              -71.79586725464381,
              42.28534699545231
            ],
            [
              -71.79576348563704,
              42.28543200726942
            ],
            [
              -71.78731153328579,
              42.28350092531205
            ],
            [
              -71.78729449793643,
              42.283415583521055
            ],
            [
              -71.78727120433558,
              42.28306270557279
            ]
          ]
        ]
      }
    },
    {
      "type": "Feature",
      "properties": {
        "stop_id": "657;678",
        "tier": "0-400m",
        "name": "657;678_0-400m"
      },
      "geometry": {
        "type": "Polygon",
        "coordinates": [
          [
            [
              -71.78285180258128,
              42.29515576262717
            ],
            [
              -71.78244358568382,
              42.29533734570918
            ],
            [
              -71.78201335885748,
              42.295488347166035
            ],
            [
              -71.781675184173,
              42.295578130264154
            ],
            [
              -71.78166743864998,
              42.29558018663361
            ],
            [
              -71.77674051186055,
              42.28960906820689
            ],
            [
              -71.7770831930271,
              42.28937856932305
            ],
            [
              -71.77746545254085,
              42.289168172619476
            ],
            [
              -71.77787364390255,
              42.28898660705223
            ],
            [
              -71.77830383637398,
              42.28883562094479
            ],
            [
              -71.77875188746111,
              42.28871666815492
            ],
            [
              -71.77902220396717,
              42.288666437944144
            ],
            [
              -71.77903008251977,
              42.28866497394082
            ],
            [
              -71.78319450561237,
              42.294967128771304
            ],
            [
              -71.78285180258128,
              42.29515576262717
            ]
          ]
        ]
      }
    },
    {
      "type": "Feature",
      "properties": {
        "stop_id": "656;679",
        "tier": "0-400m",
        "name": "656;679_0-400m"
      },
      "geometry": {
        "type": "Polygon",
        "coordinates": [
          [
            [
              -71.77450142660068,
              42.29074593213127
            ],
            [
              -71.77482107632787,
              42.290484214538246
            ],
            [
              -71.7751737348591,
              42.29024701856638
            ],
            [
              -71.77555600597678,
              42.29003662825794
            ],
            [
              -71.77596420842781,
              42.28985506951292
            ],
            [
              -71.77639441136716,
              42.28970409058913
            ],
            [
              -71.77673256213195,
              42.289614322962336
            ],
            [
              -71.77674030708461,
              42.28961226692387
            ],
            [
              -71.78166723410389,
              42.29558338535604
            ],
            [
              -71.78132453601461,
              42.29581389768084
            ],
            [
              -71.78094224915824,
              42.296024306996316
            ],
            [
              -71.7805340211679,
              42.29620588325583
            ],
            [
              -71.78010378387006,
              42.296356877528524
            ],
            [
              -71.77965568117988,
              42.29647583543592
            ],
            [
              -71.77922225110106,
              42.29655636754476
            ],
            [
              -71.77446381279343,
              42.290783566894696
            ],
            [
              -71.77446467314664,
              42.290782706062764
            ],
            [
              -71.77450142660068,
              42.29074593213127
            ]
          ]
        ]
      }
    },
    {
      "type": "Feature",
      "properties": {
        "stop_id": "1383;1461;1384",
        "tier": "0-400m",
        "name": "1383;1461;1384_0-400m"
      },
      "geometry": {
        "type": "Polygon",
        "coordinates": [
          [
            [
              -71.80287354788521,
              42.266741124839974
            ],
            [
              -71.80303382858118,
              42.267073766033846
            ],
            [
              -71.80314944184359,
              42.2674164741166
            ],
            [
              -71.80321927356704,
              42.26776594875685
            ],
            [
              -71.803242650489,
              42.268118824405825
            ],
            [
              -71.80322076240206,
              42.26845026554021
            ],
            [
              -71.79390644242005,
              42.26947424937357
            ],
            [
              -71.79375701806299,
              42.26916404631889
            ],
            [
              -71.7936414524808,
              42.26882132887559
            ],
            [
              -71.79357167249397,
              42.268471848470654
            ],
            [
              -71.79354834937686,
              42.268118970874426
            ],
            [
              -71.79356971674038,
              42.267796162184105
            ],
            [
              -71.8028445242274,
              42.26669555409509
            ],
            [
              -71.80284515008742,
              42.26669653677379
            ],
            [
              -71.80287354788521,
              42.266741124839974
            ]
          ]
        ]
      }
    },
    {
      "type": "Feature",
      "properties": {
        "stop_id": "665;670",
        "tier": "0-400m",
        "name": "665;670_0-400m"
      },
      "geometry": {
        "type": "Polygon",
        "coordinates": [
          [
            [
              -71.80322097780552,
              42.26845206201076
            ],
            [
              -71.80337044687907,
              42.26876225277311
            ],
            [
              -71.80348606505078,
              42.26910496041518
            ],
            [
              -71.80355590049788,
              42.269454434747146
            ],
            [
              -71.80357927992195,
              42.26980731022319
            ],
            [
              -71.80355597739148,
              42.27016018848767
            ],
            [
              -71.80352543150018,
              42.27031321547349
            ],
            [
              -71.8035253101684,
              42.270313823312684
            ],
            [
              -71.79395413515586,
              42.27039118108991
            ],
            [
              -71.79390804571551,
              42.270160362557306
            ],
            [
              -71.79388472010028,
              42.2698074851337
            ],
            [
              -71.79390665756254,
              42.26947604586126
            ],
            [
              -71.80322097780552,
              42.26845206201076
            ]
          ]
        ]
      }
    },
    {
      "type": "Feature",
      "properties": {
        "stop_id": "659;676;675",
        "tier": "0-400m",
        "name": "659;676;675_0-400m"
      },
      "geometry": {
        "type": "Polygon",
        "coordinates": [
          [
            [
              -71.78230464504007,
              42.287655449013364
            ],
            [
              -71.78254933496078,
              42.287352442700936
            ],
            [
              -71.7828328435323,
              42.2870687029089
            ],
            [
              -71.78315244018624,
              42.286806961932825
            ],
            [
              -71.78350504695608,
              42.286569740196754
            ],
            [
              -71.78388726812258,
              42.286359321991085
            ],
            [
              -71.78429542291342,
              42.286177733484486
            ],
            [
              -71.78472558094238,
              42.286026723221404
            ],
            [
              -71.78484071725684,
              42.285996147324006
            ],
            [
              -71.79096881490273,
              42.29087424183024
            ],
            [
              -71.79096839154649,
              42.29087490630555
            ],
            [
              -71.7908565846637,
              42.29105039134077
            ],
            [
              -71.79061192023971,
              42.291353415175074
            ],
            [
              -71.79032842736264,
              42.29163717397802
            ],
            [
              -71.79000883599771,
              42.29189893472341
            ],
            [
              -71.78965622390818,
              42.292136176227515
            ],
            [
              -71.78927398701776,
              42.292346613440245
            ],
            [
              -71.78886580670303,
              42.29252821946249
            ],
            [
              -71.78843561433105,
              42.292679245076705
            ],
            [
              -71.78798755338408,
              42.29279823560259
            ],
            [
              -71.78752593953661,
              42.292884044914885
            ],
            [
              -71.78705521906974,
              42.292935846488234
            ],
            [
              -71.7865799260248,
              42.29295314136223
            ],
            [
              -71.78648252951811,
              42.292949580317604
            ],
            [
              -71.78216762263489,
              42.28787046507849
            ],
            [
              -71.78216792935902,
              42.287869983767685
            ],
            [
              -71.78230464504007,
              42.287655449013364
            ]
          ]
        ]
      }
    },
    {
      "type": "Feature",
      "properties": {
        "stop_id": "664;671",
        "tier": "0-400m",
        "name": "664;671_0-400m"
      },
      "geometry": {
        "type": "Polygon",
        "coordinates": [
          [
            [
              -71.79392396265473,
              42.271252363170746
            ],
            [
              -71.79390063654837,
              42.2708994858178
            ],
            [
              -71.79392399320282,
              42.27054660956236
            ],
            [
              -71.79395456242929,
              42.27039358514047
            ],
            [
              -71.79395468385316,
              42.2703929773114
            ],
            [
              -71.80352585913677,
              42.270315619488414
            ],
            [
              -71.80357198377774,
              42.270546434148464
            ],
            [
              -71.80359536369555,
              42.27089930955378
            ],
            [
              -71.80357206085314,
              42.271252187754115
            ],
            [
              -71.80350229889474,
              42.271601670311526
            ],
            [
              -71.80348365585782,
              42.27165696580355
            ],
            [
              -71.79393747941735,
              42.27132005479407
            ],
            [
              -71.7939374411033,
              42.27131986291844
            ],
            [
              -71.79392396265473,
              42.271252363170746
            ]
          ]
        ]
      }
    },
    {
      "type": "Feature",
      "properties": {
        "stop_id": "185;206",
        "tier": "0-400m",
        "name": "185;206_0-400m"
      },
      "geometry": {
        "type": "Polygon",
        "coordinates": [
          [
            [
              -71.79759354017789,
              42.28129331921396
            ],
            [
              -71.79760467316716,
              42.281461562676704
            ],
            [
              -71.79758133301537,
              42.28181443900736
            ],
            [
              -71.79751152631064,
              42.28216391727495
            ],
            [
              -71.7973959245842,
              42.28250663172971
            ],
            [
              -71.7972356404568,
              42.282839281709286
            ],
            [
              -71.79703221695002,
              42.28315866343108
            ],
            [
              -71.79695666984148,
              42.28325225823217
            ],
            [
              -71.78792097099985,
              42.28127051433126
            ],
            [
              -71.7879210073493,
              42.28126996603673
            ],
            [
              -71.7879317211949,
              42.28110835814309
            ],
            [
              -71.78800157966597,
              42.280758885643245
            ],
            [
              -71.78811722909933,
              42.28041618055309
            ],
            [
              -71.78827755504086,
              42.28008354317509
            ],
            [
              -71.78848101286214,
              42.27976417680755
            ],
            [
              -71.78872564265913,
              42.279461156902094
            ],
            [
              -71.78887539862063,
              42.279311237581545
            ],
            [
              -71.79759354017789,
              42.28129331921396
            ]
          ]
        ]
      }
    },
    {
      "type": "Feature",
      "properties": {
        "stop_id": "662;673",
        "tier": "0-400m",
        "name": "662;673_0-400m"
      },
      "geometry": {
        "type": "Polygon",
        "coordinates": [
          [
            [
              -71.80232401807892,
              42.274442472671176
            ],
            [
              -71.80230250699665,
              42.2745502195739
            ],
            [
              -71.80218694513876,
              42.2748929393121
            ],
            [
              -71.80202670549642,
              42.2752255964278
            ],
            [
              -71.8018233306629,
              42.275544987069715
            ],
            [
              -71.80157877875487,
              42.27584803511037
            ],
            [
              -71.80129540457364,
              42.27613182177931
            ],
            [
              -71.80097593694123,
              42.27639361378211
            ],
            [
              -71.80062345242915,
              42.276630889634134
            ],
            [
              -71.8003266314145,
              42.27679438661195
            ],
            [
              -71.79277620999481,
              42.27323261528423
            ],
            [
              -71.79279359849365,
              42.27314558328182
            ],
            [
              -71.7929092080458,
              42.272802872903846
            ],
            [
              -71.79306948949277,
              42.27247022838515
            ],
            [
              -71.79327289863481,
              42.27215085309291
            ],
            [
              -71.79351747603678,
              42.271847822564716
            ],
            [
              -71.79380086591769,
              42.27156405489803
            ],
            [
              -71.79389555638367,
              42.271486467000564
            ],
            [
              -71.80232401807892,
              42.274442472671176
            ]
          ]
        ]
      }
    },
    {
      "type": "Feature",
      "properties": {
        "stop_id": "1385;1459",
        "tier": "0-400m",
        "name": "1385;1459_0-400m"
      },
      "geometry": {
        "type": "Polygon",
        "coordinates": [
          [
            [
              -71.80283042963092,
              42.26595433831379
            ],
            [
              -71.8028431426716,
              42.26601796447005
            ],
            [
              -71.80286651684936,
              42.26637084030368
            ],
            [
              -71.80284519739617,
              42.266693650804186
            ],
            [
              -71.79357039019983,
              42.26779425894802
            ],
            [
              -71.79356976447299,
              42.2677932762189
            ],
            [
              -71.79354137275931,
              42.2677486858577
            ],
            [
              -71.79338114025745,
              42.267416031440305
            ],
            [
              -71.79326557990339,
              42.26707331351353
            ],
            [
              -71.7931958039199,
              42.26672383277309
            ],
            [
              -71.79317248354286,
              42.26637095499252
            ],
            [
              -71.7931958425855,
              42.26601807860573
            ],
            [
              -71.79325203334905,
              42.26573679268786
            ],
            [
              -71.80047406197612,
              42.26469080110867
            ],
            [
              -71.80283042963092,
              42.26595433831379
            ]
          ]
        ]
      }
    },
    {
      "type": "Feature",
      "properties": {
        "stop_id": "658;677",
        "tier": "0-400m",
        "name": "658;677_0-400m"
      },
      "geometry": {
        "type": "Polygon",
        "coordinates": [
          [
            [
              -71.77937339198438,
              42.28847321708467
            ],
            [
              -71.77978157338141,
              42.28829164470632
            ],
            [
              -71.7802117565691,
              42.28814065142569
            ],
            [
              -71.7806597991428,
              42.288021691169625
            ],
            [
              -71.78112138681014,
              42.28793590940911
            ],
            [
              -71.78159207491687,
              42.28788413213465
            ],
            [
              -71.78206733122498,
              42.28786685790687
            ],
            [
              -71.78216471965439,
              42.28787042270245
            ],
            [
              -71.78647962630156,
              42.29294953805076
            ],
            [
              -71.78647931958561,
              42.292950019372675
            ],
            [
              -71.78634260661833,
              42.2931645589031
            ],
            [
              -71.78609791237929,
              42.29346757299752
            ],
            [
              -71.78581438976398,
              42.29375132053993
            ],
            [
              -71.7854947690241,
              42.29401306861258
            ],
            [
              -71.78514212820589,
              42.294250296153734
            ],
            [
              -71.78475986350986,
              42.29446071824776
            ],
            [
              -71.78435165658043,
              42.29464230814118
            ],
            [
              -71.78392143904115,
              42.29479331677178
            ],
            [
              -71.7834733546168,
              42.29491228962282
            ],
            [
              -71.78319513570246,
              42.29496399455368
            ],
            [
              -71.7790307127534,
              42.28866183974262
            ],
            [
              -71.77937339198438,
              42.28847321708467
            ]
          ]
        ]
      }
    },
    {
      "type": "Feature",
      "properties": {
        "stop_id": "663;672",
        "tier": "0-400m",
        "name": "663;672_0-400m"
      },
      "geometry": {
        "type": "Polygon",
        "coordinates": [
          [
            [
              -71.80348308578027,
              42.27165893878301
            ],
            [
              -71.80349657451409,
              42.271726437402116
            ],
            [
              -71.8035199544479,
              42.27207931274998
            ],
            [
              -71.80349665075089,
              42.27243219086217
            ],
            [
              -71.80342688707526,
              42.272781673301495
            ],
            [
              -71.80331133453828,
              42.273124394278284
            ],
            [
              -71.80315110528724,
              42.27345705306739
            ],
            [
              -71.80294774181527,
              42.27377644580136
            ],
            [
              -71.80270320212966,
              42.27407949633272
            ],
            [
              -71.80241984091404,
              42.274363285866954
            ],
            [
              -71.80232515659719,
              42.27444088076185
            ],
            [
              -71.79389669506074,
              42.2714848751741
            ],
            [
              -71.79391821941658,
              42.271377129790295
            ],
            [
              -71.79393687073102,
              42.27132183585052
            ],
            [
              -71.80348304743707,
              42.27165874691055
            ],
            [
              -71.80348308578027,
              42.27165893878301
            ]
          ]
        ]
      }
    },
    {
      "type": "Feature",
      "properties": {
        "stop_id": "183;209",
        "tier": "0-400m",
        "name": "183;209_0-400m"
      },
      "geometry": {
        "type": "Polygon",
        "coordinates": [
          [
            [
              -71.79375349576401,
              42.288807999697184
            ],
            [
              -71.7864351114195,
              42.28457938212741
            ],
            [
              -71.78647628226814,
              42.28449397397854
            ],
            [
              -71.78667976337583,
              42.28417461105308
            ],
            [
              -71.78692441886429,
              42.28387159522358
            ],
            [
              -71.78720789220041,
              42.28358784444585
            ],
            [
              -71.78731149587075,
              42.283502982708804
            ],
            [
              -71.78731166968095,
              42.28350284034068
            ],
            [
              -71.79576362229228,
              42.28543392228734
            ],
            [
              -71.7957806696136,
              42.285519262790345
            ],
            [
              -71.79580401159934,
              42.285872138858146
            ],
            [
              -71.79578065977255,
              42.28622501454998
            ],
            [
              -71.79571083824872,
              42.286574491451994
            ],
            [
              -71.79559521870168,
              42.28691720382755
            ],
            [
              -71.79543491392369,
              42.287249851034254
            ],
            [
              -71.79523146713507,
              42.287569229316254
            ],
            [
              -71.79498683714529,
              42.28787226266493
            ],
            [
              -71.79470337950757,
              42.28815603245126
            ],
            [
              -71.79438382384772,
              42.28841780554331
            ],
            [
              -71.79403124758505,
              42.288655060638476
            ],
            [
              -71.79375349576401,
              42.288807999697184
            ]
          ]
        ]
      }
    },
    {
      "type": "Feature",
      "properties": {
        "stop_id": "186;205",
        "tier": "0-400m",
        "name": "186;205_0-400m"
      },
      "geometry": {
        "type": "Polygon",
        "coordinates": [
          [
            [
              -71.79846786290194,
              42.2798438779776
            ],
            [
              -71.79835227059739,
              42.280186593535156
            ],
            [
              -71.79819199737885,
              42.28051924498591
            ],
            [
              -71.79798858616287,
              42.28083862853318
            ],
            [
              -71.79774399541643,
              42.281141668117726
            ],
            [
              -71.79759425614257,
              42.28129159896739
            ],
            [
              -71.78887611479998,
              42.27930951738881
            ],
            [
              -71.78886500540625,
              42.27914127301678
            ],
            [
              -71.78888839319791,
              42.27878839829688
            ],
            [
              -71.78895824381983,
              42.27843892507238
            ],
            [
              -71.78907388382709,
              42.27809621887839
            ],
            [
              -71.78923419885638,
              42.27776358002806
            ],
            [
              -71.78943764438442,
              42.27744421183388
            ],
            [
              -71.78968226062565,
              42.277141189765025
            ],
            [
              -71.78979479305742,
              42.27702852784163
            ],
            [
              -71.78979788677763,
              42.277025430554204
            ],
            [
              -71.79847713592744,
              42.27979744868365
            ],
            [
              -71.79846786290194,
              42.2798438779776
            ]
          ]
        ]
      }
    },
    {
      "type": "Feature",
      "properties": {
        "stop_id": "188;203",
        "tier": "0-400m",
        "name": "188;203_0-400m"
      },
      "geometry": {
        "type": "Polygon",
        "coordinates": [
          [
            [
              -71.80032504029533,
              42.27679576911847
            ],
            [
              -71.80030766115502,
              42.27688280220665
            ],
            [
              -71.8001920842289,
              42.27722551979542
            ],
            [
              -71.80003182818795,
              42.277558173988794
            ],
            [
              -71.79982843578333,
              42.27787756096367
            ],
            [
              -71.79958386530089,
              42.27818060462781
            ],
            [
              -71.7993004717208,
              42.278464386252914
            ],
            [
              -71.79928760385171,
              42.278474930169416
            ],
            [
              -71.79083013986168,
              42.27538406276072
            ],
            [
              -71.79083177731025,
              42.27537920941987
            ],
            [
              -71.79091407096442,
              42.275135292881664
            ],
            [
              -71.7910743688124,
              42.27480265128696
            ],
            [
              -71.79127779552675,
              42.274483279663386
            ],
            [
              -71.79152239150311,
              42.27418025351322
            ],
            [
              -71.79180580078155,
              42.27389649089174
            ],
            [
              -71.7921252937499,
              42.27363472431449
            ],
            [
              -71.79247779344004,
              42.27339747445215
            ],
            [
              -71.79277461880022,
              42.27323399768689
            ],
            [
              -71.80032504029533,
              42.27679576911847
            ]
          ]
        ]
      }
    },
    {
      "type": "Feature",
      "properties": {
        "stop_id": "388;823",
        "tier": "0-400m",
        "name": "388;823_0-400m"
      },
      "geometry": {
        "type": "Polygon",
        "coordinates": [
          [
            [
              -71.77886215777019,
              42.29685576618809
            ],
            [
              -71.7785094762074,
              42.29709297322184
            ],
            [
              -71.77812717224695,
              42.29730337310929
            ],
            [
              -71.77771892791162,
              42.29748493931073
            ],
            [
              -71.77728867518535,
              42.29763592299216
            ],
            [
              -71.77684055813194,
              42.29775486987716
            ],
            [
              -71.77637889296645,
              42.297840634260815
            ],
            [
              -71.77590812646453,
              42.297892390050535
            ],
            [
              -71.77543279311108,
              42.29790963872691
            ],
            [
              -71.77495747140198,
              42.2978922141479
            ],
            [
              -71.7744867397209,
              42.29784028415
            ],
            [
              -71.7740251322171,
              42.297754348930674
            ],
            [
              -71.77357709511051,
              42.29763523622817
            ],
            [
              -71.77314694384565,
              42.297484093344586
            ],
            [
              -71.77273882150844,
              42.29730237608982
            ],
            [
              -71.77235665890713,
              42.297091834752784
            ],
            [
              -71.77200413670222,
              42.296854497235515
            ],
            [
              -71.7716846499511,
              42.296592649512796
            ],
            [
              -71.77140127540885,
              42.29630881360603
            ],
            [
              -71.77115674190036,
              42.296005723283855
            ],
            [
              -71.77095340404901,
              42.29568629772396
            ],
            [
              -71.7707932196145,
              42.29535361339009
            ],
            [
              -71.7706777306576,
              42.295010874395565
            ],
            [
              -71.77060804871235,
              42.294661381638896
            ],
            [
              -71.77058484410794,
              42.294308501009176
            ],
            [
              -71.77060833954167,
              42.293955630967574
            ],
            [
              -71.77067830796405,
              42.2936061698172
            ],
            [
              -71.77079407479528,
              42.2932634829767
            ],
            [
              -71.77095452445042,
              42.29293087057261
            ],
            [
              -71.77115811110951,
              42.29261153566258
            ],
            [
              -71.77140287362779,
              42.29230855339503
            ],
            [
              -71.77168645444156,
              42.292024841402494
            ],
            [
              -71.7720061222869,
              42.29176313171274
            ],
            [
              -71.77235879851189,
              42.29152594444846
            ],
            [
              -71.77274108672864,
              42.29131556356804
            ],
            [
              -71.77314930551944,
              42.291134014880726
            ],
            [
              -71.77357952388196,
              42.29098304654747
            ],
            [
              -71.774027599073,
              42.290864112254866
            ],
            [
              -71.77446099674576,
              42.29078359968737
            ],
            [
              -71.77921943479875,
              42.29655640045419
            ],
            [
              -71.7791818203423,
              42.296594036726106
            ],
            [
              -71.77886215777019,
              42.29685576618809
            ]
          ]
        ]
      }
    },
    {
      "type": "Feature",
      "properties": {
        "stop_id": "1386;95",
        "tier": "0-400m",
        "name": "1386;95_0-400m"
      },
      "geometry": {
        "type": "Polygon",
        "coordinates": [
          [
            [
              -71.79307438567477,
              42.26551404998115
            ],
            [
              -71.79287103514098,
              42.2651946615673
            ],
            [
              -71.79271081262979,
              42.264862006064945
            ],
            [
              -71.79259526056978,
              42.26451928730978
            ],
            [
              -71.79252549110393,
              42.26416980600547
            ],
            [
              -71.79250217540539,
              42.26381692793098
            ],
            [
              -71.79252553724247,
              42.26346405152304
            ],
            [
              -71.7925746889995,
              42.263218005670254
            ],
            [
              -71.79337005414158,
              42.26283044568918
            ],
            [
              -71.7990244608394,
              42.2620962163379
            ],
            [
              -71.80047265761107,
              42.26468917010052
            ],
            [
              -71.79325256896601,
              42.265734880706574
            ],
            [
              -71.79325222284834,
              42.26573445174882
            ],
            [
              -71.79307438567477,
              42.26551404998115
            ]
          ]
        ]
      }
    }
  ]
}