{
  "type": "FeatureCollection",
  "metadata": {
    "distance_tiers_used": [
      400
    ],
    "include_external_tier": false,
    "priority_region": null,
    "total_regions": 59,
    "corridor_routes": {
      "Orange": [
        "19",
        "27",
        "33"
      ],
      "Blue": [
        "5",
        "12"
      ],
      "Green": [
        "23",
        "26"
      ]
    },
    "supplemental_distance_tiers_used": [
      400
    ],
    "all_corridor_route_stop_counts": {
      "Orange": 149,
      "Blue": 88,
      "Green": 109
    },
    "consolidated_member_stop_counts": {
      "Orange": 33,
      "Blue": 47,
      "Green": 41
    },
    "excluded_consolidated_stop_counts": {
      "Orange": 33,
      "Blue": 47,
      "Green": 41
    },
    "supplemental_stop_counts": {
      "Orange": 116,
      "Blue": 41,
      "Green": 68
    },
    "consolidated_stop_sources": [
      "data\\processed\\stops_consolidated_data_2024\\Orange_corridor_shared_stops.csv",
      "data\\processed\\stops_consolidated_data_2024\\Blue_corridor_shared_stops.csv",
      "data\\processed\\stops_consolidated_data_2024\\Green_corridor_shared_stops.csv"
    ],
    "supplemental_gtfs_sources": [
      "data\\raw\\gtfs_data_2024\\gtfs_until_august_23_2024",
      "data\\raw\\gtfs_data_2024\\gtfs_starting_august_24_2024"
    ],
    "supplemental_region_count": 3,
    "original_region_count": 56,
    "tomtom_separation_meters": 0.1,
    "minimum_supplemental_component_area_square_meters": 1.0
  },
  "features": [
    {
      "type": "Feature",
      "properties": {
        "stop_id": "415;448",
        "tier": "0-400m",
        "name": "415;448_0-400m"
      },
      "geometry": {
        "type": "Polygon",
        "coordinates": [
          [
            [
              -71.81816257172561,
              42.25689010885603
            ],
            [
              -71.81781026027656,
              42.2571274383135
            ],
            [
              -71.81742832849662,
              42.25733797058702
            ],
            [
              -71.81702045482304,
              42.257519677862064
            ],
            [
              -71.81659056766865,
              42.257670809946084
            ],
            [
              -71.81614559308974,
              42.25778917021192
            ],
            [
              -71.81094341932425,
              42.2521066829705
            ],
            [
              -71.81094591168011,
              42.25210418545166
            ],
            [
              -71.81098840051978,
              42.25206160855659
            ],
            [
              -71.81130770393385,
              42.25179978756416
            ],
            [
              -71.81166001011424,
              42.25156247786112
            ],
            [
              -71.81204192623578,
              42.25135196458525
            ],
            [
              -71.8124014315692,
              42.25119181092587
            ],
            [
              -71.81240327257431,
              42.251190990783655
            ],
            [
              -71.81846072087208,
              42.256645611420765
            ],
            [
              -71.81816257172561,
              42.25689010885603
            ]
          ]
        ]
      }
    },
    {
      "type": "Feature",
      "properties": {
        "stop_id": "408;455",
        "tier": "0-400m",
        "name": "408;455_0-400m"
      },
      "geometry": {
        "type": "Polygon",
        "coordinates": [
          [
            [
              -71.82492705418989,
              42.244391927851694
            ],
            [
              -71.83058630568969,
              42.250044121752246
            ],
            [
              -71.83040270117868,
              42.25019474603142
            ],
            [
              -71.830050472877,
              42.25043211335586
            ],
            [
              -71.82966862219781,
              42.250642686626826
            ],
            [
              -71.82926082679693,
              42.25082443763503
            ],
            [
              -71.82883101433306,
              42.250975615766706
            ],
            [
              -71.82861750451467,
              42.25103244000559
            ],
            [
              -71.8286153590946,
              42.25103301099253
            ],
            [
              -71.82316576908269,
              42.24542974727116
            ],
            [
              -71.82322835534127,
              42.245367005793085
            ],
            [
              -71.82354757437933,
              42.24510515042514
            ],
            [
              -71.82389979743247,
              42.244867802853
            ],
            [
              -71.8242816324758,
              42.24465724857915
            ],
            [
              -71.82468940245434,
              42.24447551508286
            ],
            [
              -71.82492705418989,
              42.244391927851694
            ]
          ]
        ]
      }
    },
    {
      "type": "Feature",
      "properties": {
        "stop_id": "412;451",
        "tier": "0-400m",
        "name": "412;451_0-400m"
      },
      "geometry": {
        "type": "Polygon",
        "coordinates": [
          [
            [
              -71.81697492031893,
              42.248602618999435
            ],
            [
              -71.81735680091273,
              42.24839208791784
            ],
            [
              -71.81776461481948,
              42.248210379160945
            ],
            [
              -71.81819443493455,
              42.2480592424313
            ],
            [
              -71.8186421223484,
              42.24794013303725
            ],
            [
              -71.81885484559244,
              42.24790050045491
            ],
            [
              -71.82413456132058,
              42.25331664882066
            ],
            [
              -71.82408005900493,
              42.25338425236494
            ],
            [
              -71.82379688628441,
              42.25366809571044
            ],
            [
              -71.82347762510913,
              42.25392995138399
            ],
            [
              -71.82312535006183,
              42.2541672972879
            ],
            [
              -71.82274345381944,
              42.2543778473669
            ],
            [
              -71.82233561447683,
              42.254559573635014
            ],
            [
              -71.82197337016076,
              42.254686951775234
            ],
            [
              -71.81643539655536,
              42.24899351571067
            ],
            [
              -71.81662265053151,
              42.24883994514987
            ],
            [
              -71.81697492031893,
              42.248602618999435
            ]
          ]
        ]
      }
    },
    {
      "type": "Feature",
      "properties": {
        "stop_id": "416;447",
        "tier": "0-400m",
        "name": "416;447_0-400m"
      },
      "geometry": {
        "type": "Polygon",
        "coordinates": [
          [
            [
              -71.81613934449759,
              42.25779076683224
            ],
            [
              -71.81613934449759,
              42.257790766832244
            ],
            [
              -71.81609685527785,
              42.25783334559296
            ],
            [
              -71.81577754124248,
              42.258095179643355
            ],
            [
              -71.81542521414345,
              42.25833250172527
            ],
            [
              -71.81504326715908,
              42.2585430260128
            ],
            [
              -71.81463537887319,
              42.258724724768385
            ],
            [
              -71.81420547783937,
              42.2588758478815
            ],
            [
              -71.81405282942572,
              42.258916447221964
            ],
            [
              -71.80869412631985,
              42.25319215634246
            ],
            [
              -71.80892273473584,
              42.253004716870365
            ],
            [
              -71.80927505656234,
              42.25276741454327
            ],
            [
              -71.80965698788397,
              42.25255690925342
            ],
            [
              -71.81006485071893,
              42.2523752280083
            ],
            [
              -71.81049471749164,
              42.252224120245515
            ],
            [
              -71.81093966351796,
              42.25210578179025
            ],
            [
              -71.81614183687219,
              42.25778826920296
            ],
            [
              -71.81613934449759,
              42.25779076683224
            ]
          ]
        ]
      }
    },
    {
      "type": "Feature",
      "properties": {
        "stop_id": "410;452",
        "tier": "0-400m",
        "name": "410;452_0-400m"
      },
      "geometry": {
        "type": "Polygon",
        "coordinates": [
          [
            [
              -71.81891020345802,
              42.24783070641093
            ],
            [
              -71.81919337198576,
              42.24754687484192
            ],
            [
              -71.81951261870003,
              42.24728503080371
            ],
            [
              -71.81986486900378,
              42.24704769571316
            ],
            [
              -71.82024673060977,
              42.246837154952544
            ],
            [
              -71.82065452620732,
              42.246655435870956
            ],
            [
              -71.82108432886807,
              42.246504288270415
            ],
            [
              -71.82109083983137,
              42.24650255578488
            ],
            [
              -71.82665126898864,
              42.2521422278976
            ],
            [
              -71.82636765721904,
              42.25237486567118
            ],
            [
              -71.82601540166013,
              42.25261222051471
            ],
            [
              -71.82563352441086,
              42.252822780272616
            ],
            [
              -71.82522570338308,
              42.253004516865715
            ],
            [
              -71.82479586648242,
              42.25315567981906
            ],
            [
              -71.82434815376624,
              42.253274813129664
            ],
            [
              -71.82413697763322,
              42.25331416484607
            ],
            [
              -71.82413541590294,
              42.2533144558658
            ],
            [
              -71.81885570028464,
              42.24789830753732
            ],
            [
              -71.81891020345802,
              42.24783070641093
            ]
          ]
        ]
      }
    },
    {
      "type": "Feature",
      "properties": {
        "stop_id": "414;449",
        "tier": "0-400m",
        "name": "414;449_0-400m"
      },
      "geometry": {
        "type": "Polygon",
        "coordinates": [
          [
            [
              -71.81987686975731,
              42.25577322294199
            ],
            [
              -71.81955758175005,
              42.2560350676086
            ],
            [
              -71.81920528029019,
              42.25627240138608
            ],
            [
              -71.81882335830919,
              42.25648293833589
            ],
            [
              -71.81846383917672,
              42.25664311197897
            ],
            [
              -71.81846199809159,
              42.256643932217706
            ],
            [
              -71.81240454984449,
              42.251189311646435
            ],
            [
              -71.81270269438492,
              42.250944828936575
            ],
            [
              -71.81305499057842,
              42.25070751491327
            ],
            [
              -71.81343689690367,
              42.25049699696098
            ],
            [
              -71.8138447356195,
              42.250315302209145
            ],
            [
              -71.81427457938247,
              42.250164180225475
            ],
            [
              -71.81452157602516,
              42.2500984775829
            ],
            [
              -71.81452215306699,
              42.25009832408541
            ],
            [
              -71.81996167863427,
              42.2556882245897
            ],
            [
              -71.81987686975731,
              42.25577322294199
            ]
          ]
        ]
      }
    },
    {
      "type": "Feature",
      "properties": {
        "stop_id": "407;456",
        "tier": "0-400m",
        "name": "407;456_0-400m"
      },
      "geometry": {
        "type": "Polygon",
        "coordinates": [
          [
            [
              -71.8305882095803,
              42.25004300655532
            ],
            [
              -71.82492895801025,
              42.24439081274763
            ],
            [
              -71.82511255871763,
              42.24424019707945
            ],
            [
              -71.82546477109376,
              42.24400284466574
            ],
            [
              -71.82584659571776,
              42.24379228515028
            ],
            [
              -71.82625435563494,
              42.24361054606279
            ],
            [
              -71.8266841242604,
              42.243459377397926
            ],
            [
              -71.82713176318019,
              42.24334023477151
            ],
            [
              -71.82723174653044,
              42.24332159763985
            ],
            [
              -71.82723654321707,
              42.2433207035237
            ],
            [
              -71.83227296067668,
              42.24907927333607
            ],
            [
              -71.83196771763915,
              42.24932969990178
            ],
            [
              -71.83161550001708,
              42.24956707206751
            ],
            [
              -71.83123365976009,
              42.24977765058003
            ],
            [
              -71.83082587442365,
              42.24995940717957
            ],
            [
              -71.8305882095803,
              42.25004300655532
            ]
          ]
        ]
      }
    },
    {
      "type": "Feature",
      "properties": {
        "stop_id": "413;450",
        "tier": "0-400m",
        "name": "413;450_0-400m"
      },
      "geometry": {
        "type": "Polygon",
        "coordinates": [
          [
            [
              -71.81460839179401,
              42.250011726166896
            ],
            [
              -71.81492766989865,
              42.24974989500357
            ],
            [
              -71.81527995110264,
              42.24951257409674
            ],
            [
              -71.81566184282123,
              42.2493020486921
            ],
            [
              -71.81606966745387,
              42.24912034599087
            ],
            [
              -71.81643189179837,
              42.24899298637528
            ],
            [
              -71.82196986504222,
              42.254686422609645
            ],
            [
              -71.82196594307473,
              42.2546896392063
            ],
            [
              -71.8217826067482,
              42.25484000174462
            ],
            [
              -71.82143032028154,
              42.255077342405215
            ],
            [
              -71.82104841291125,
              42.25528788680732
            ],
            [
              -71.82064056283943,
              42.25546960701961
            ],
            [
              -71.8202106982515,
              42.25562075272496
            ],
            [
              -71.81996368596752,
              42.25568646755817
            ],
            [
              -71.81996310888798,
              42.255686621082894
            ],
            [
              -71.8145235833322,
              42.250096720644876
            ],
            [
              -71.81460839179401,
              42.250011726166896
            ]
          ]
        ]
      }
    },
    {
      "type": "Feature",
      "properties": {
        "stop_id": "419;444;420",
        "tier": "0-400m",
        "name": "419;444;420_0-400m"
      },
      "geometry": {
        "type": "Polygon",
        "coordinates": [
          [
            [
              -71.80340239426606,
              42.25651762822063
            ],
            [
              -71.80360569999287,
              42.25619823371741
            ],
            [
              -71.80385016627241,
              42.25589518031576
            ],
            [
              -71.80413343839393,
              42.25561138633356
            ],
            [
              -71.80445278806606,
              42.25534958458852
            ],
            [
              -71.80480513970046,
              42.25511229609014
            ],
            [
              -71.80518710003442,
              42.25490180577194
            ],
            [
              -71.80559499080682,
              42.25472014049722
            ],
            [
              -71.80602488417315,
              42.25456904954982
            ],
            [
              -71.80646617582273,
              42.254451706823694
            ],
            [
              -71.8118039624668,
              42.26000101423868
            ],
            [
              -71.8117991690198,
              42.26000581711053
            ],
            [
              -71.81162683341526,
              42.260178490941385
            ],
            [
              -71.81130748905711,
              42.26044031244056
            ],
            [
              -71.81095513214281,
              42.26067762069451
            ],
            [
              -71.81057315613798,
              42.260888130010535
            ],
            [
              -71.81016523990597,
              42.26106981279524
            ],
            [
              -71.8097353122697,
              42.2612209190919
            ],
            [
              -71.8092875141608,
              42.26133999344323
            ],
            [
              -71.80892791754943,
              42.26140694356765
            ],
            [
              -71.80892584439745,
              42.26140732954586
            ],
            [
              -71.80325440944338,
              42.25682494851598
            ],
            [
              -71.80340239426606,
              42.25651762822063
            ]
          ]
        ]
      }
    },
    {
      "type": "Feature",
      "properties": {
        "stop_id": "417;445",
        "tier": "0-400m",
        "name": "417;445_0-400m"
      },
      "geometry": {
        "type": "Polygon",
        "coordinates": [
          [
            [
              -71.81347017816579,
              42.25934255404755
            ],
            [
              -71.81308821858353,
              42.259553071787856
            ],
            [
              -71.81268031817598,
              42.25973476355905
            ],
            [
              -71.81225040561355,
              42.25988587931786
            ],
            [
              -71.81180908680092,
              42.26000324419016
            ],
            [
              -71.80647129951953,
              42.25445393701585
            ],
            [
              -71.80664842700926,
              42.25427646809769
            ],
            [
              -71.80696775954499,
              42.254014659289204
            ],
            [
              -71.80732009432107,
              42.253777363009426
            ],
            [
              -71.80770203823705,
              42.25356686426685
            ],
            [
              -71.80810991318988,
              42.25338519000591
            ],
            [
              -71.80853979148735,
              42.253234089596965
            ],
            [
              -71.80869242973395,
              42.25319349755417
            ],
            [
              -71.81405113279997,
              42.25891778851161
            ],
            [
              -71.81382251821763,
              42.25910523801263
            ],
            [
              -71.81347017816579,
              42.25934255404755
            ]
          ]
        ]
      }
    },
    {
      "type": "Feature",
      "properties": {
        "stop_id": "405;457",
        "tier": "0-400m",
        "name": "405;457_0-400m"
      },
      "geometry": {
        "type": "Polygon",
        "coordinates": [
          [
            [
              -71.83404505043731,
              42.248394008028725
            ],
            [
              -71.83366322533517,
              42.24860459467182
            ],
            [
              -71.8332554545286,
              42.24878635994579
            ],
            [
              -71.83282566543929,
              42.248937553099516
            ],
            [
              -71.832377997664,
              42.24905671783911
            ],
            [
              -71.83227800677233,
              42.249075359439956
            ],
            [
              -71.83227320972095,
              42.24907625376611
            ],
            [
              -71.82723679247898,
              42.243317683961614
            ],
            [
              -71.8275420252543,
              42.24306726972599
            ],
            [
              -71.82789422200057,
              42.24282990980354
            ],
            [
              -71.82827603147408,
              42.24261934215748
            ],
            [
              -71.82868377686601,
              42.24243759439585
            ],
            [
              -71.82911353173125,
              42.24228641659682
            ],
            [
              -71.82956115778835,
              42.24216726446417
            ],
            [
              -71.83002234475428,
              42.242081285316615
            ],
            [
              -71.83049265183192,
              42.24202930704535
            ],
            [
              -71.83096755045088,
              42.242011830146296
            ],
            [
              -71.83144246785162,
              42.24202902290326
            ],
            [
              -71.83174904955686,
              42.24206271903236
            ],
            [
              -71.83415634428721,
              42.24831899769539
            ],
            [
              -71.83404505043731,
              42.248394008028725
            ]
          ]
        ]
      }
    },
    {
      "type": "Feature",
      "properties": {
        "stop_id": "404;459",
        "tier": "0-400m",
        "name": "404;459_0-400m"
      },
      "geometry": {
        "type": "Polygon",
        "coordinates": [
          [
            [
              -71.8322443792895,
              42.24177643555611
            ],
            [
              -71.83265210786405,
              42.241594673659705
            ],
            [
              -71.83308184753463,
              42.241443480968584
            ],
            [
              -71.83352946016593,
              42.241324313329955
            ],
            [
              -71.83399063560421,
              42.24123831821179
            ],
            [
              -71.83446093316329,
              42.24118632365911
            ],
            [
              -71.83493582436436,
              42.2411688303246
            ],
            [
              -71.83541073651932,
              42.241186006650246
            ],
            [
              -71.83588109673839,
              42.241237687246326
            ],
            [
              -71.83634237593985,
              42.241323374483
            ],
            [
              -71.83679013243898,
              42.2414422432797
            ],
            [
              -71.83722005469757,
              42.241593149045904
            ],
            [
              -71.83762800282322,
              42.2417746386972
            ],
            [
              -71.83801004841983,
              42.24198496464083
            ],
            [
              -71.8383625124061,
              42.24222210159626
            ],
            [
              -71.8386820004383,
              42.24248376608931
            ],
            [
              -71.83896543559672,
              42.24276743843223
            ],
            [
              -71.83921008802109,
              42.243070386978836
            ],
            [
              -71.83941360120909,
              42.243389694421204
            ],
            [
              -71.8395740147249,
              42.24372228587523
            ],
            [
              -71.83968978309815,
              42.24406495848498
            ],
            [
              -71.83975979073075,
              42.24441441226095
            ],
            [
              -71.83978336266702,
              42.244767281855594
            ],
            [
              -71.83976027112249,
              42.24512016897023
            ],
            [
              -71.83969073770726,
              42.24546967508144
            ],
            [
              -71.83957543132162,
              42.24581243417172
            ],
            [
              -71.83941546174272,
              42.24614514514934
            ],
            [
              -71.8392123689632,
              42.24646460364473
            ],
            [
              -71.83896810838343,
              42.24676773287728
            ],
            [
              -71.83868503199878,
              42.24705161329495
            ],
            [
              -71.83836586576287,
              42.24731351070077
            ],
            [
              -71.83801368334385,
              42.24755090259517
            ],
            [
              -71.83763187652622,
              42.247761502480024
            ],
            [
              -71.8372241225433,
              42.247943281889675
            ],
            [
              -71.83679434865465,
              42.248094489936854
            ],
            [
              -71.83634669431055,
              42.248213670184214
            ],
            [
              -71.83588547126773,
              42.24829967467924
            ],
            [
              -71.83541512204187,
              42.248351675016565
            ],
            [
              -71.8349401770972,
              42.24836917032121
            ],
            [
              -71.8344652111872,
              42.248351992075456
            ],
            [
              -71.83415859757974,
              42.24831830324936
            ],
            [
              -71.83175130265317,
              42.242062024632894
            ],
            [
              -71.83186258809414,
              42.241987016443545
            ],
            [
              -71.8322443792895,
              42.24177643555611
            ]
          ]
        ]
      }
    },
    {
      "type": "Feature",
      "properties": {
        "stop_id": "421;442",
        "tier": "0-400m",
        "name": "421;442_0-400m"
      },
      "geometry": {
        "type": "Polygon",
        "coordinates": [
          [
            [
              -71.80019314437234,
              42.2584354744315
            ],
            [
              -71.8002701263319,
              42.25834005594933
            ],
            [
              -71.80055342544708,
              42.25805627093075
            ],
            [
              -71.80087280226222,
              42.257794479265996
            ],
            [
              -71.8012251809277,
              42.25755720186746
            ],
            [
              -71.80160716792055,
              42.25734672356179
            ],
            [
              -71.80201508472298,
              42.257165071096566
            ],
            [
              -71.80244500323995,
              42.25701399363226
            ],
            [
              -71.80289278361467,
              42.256894945906495
            ],
            [
              -71.80325236097454,
              42.25682801465149
            ],
            [
              -71.80325443401112,
              42.25682762877552
            ],
            [
              -71.8089258692072,
              42.26141000980201
            ],
            [
              -71.80877789976962,
              42.261717336960224
            ],
            [
              -71.80857460241964,
              42.26203674032287
            ],
            [
              -71.80833013504346,
              42.26233980346905
            ],
            [
              -71.80804685162838,
              42.26262360748289
            ],
            [
              -71.80772748012232,
              42.262885418903075
            ],
            [
              -71.80737509617094,
              42.26312271605801
            ],
            [
              -71.8069930935003,
              42.263333213361875
            ],
            [
              -71.80658515123068,
              42.263514883336924
            ],
            [
              -71.80644567384198,
              42.26356389834825
            ],
            [
              -71.80035012528442,
              42.25962121265276
            ],
            [
              -71.80019314437234,
              42.2584354744315
            ]
          ]
        ]
      }
    },
    {
      "type": "Feature",
      "properties": {
        "stop_id": "196;24;1508",
        "tier": "0-400m",
        "name": "196;24;1508_0-400m"
      },
      "geometry": {
        "type": "Polygon",
        "coordinates": [
          [
            [
              -71.80632798730643,
              42.26380743184306
            ],
            [
              -71.80612467087784,
              42.264126830746974
            ],
            [
              -71.80588018369554,
              42.26442988856094
            ],
            [
              -71.80559687993758,
              42.264713686420485
            ],
            [
              -71.80527748774784,
              42.26497549092351
            ],
            [
              -71.8049250829712,
              42.26521278046503
            ],
            [
              -71.80454305953434,
              42.265423269532505
            ],
            [
              -71.8041350967576,
              42.265604930727555
            ],
            [
              -71.80370512391231,
              42.26575601430138
            ],
            [
              -71.80325728236573,
              42.265875065015514
            ],
            [
              -71.80283373787206,
              42.26595389152182
            ],
            [
              -71.80047533343331,
              42.26468926219901
            ],
            [
              -71.79902651643074,
              42.26209519811544
            ],
            [
              -71.80034946054077,
              42.25962317018746
            ],
            [
              -71.80644447904382,
              42.263565513010704
            ],
            [
              -71.80632798730643,
              42.26380743184306
            ]
          ]
        ]
      }
    },
    {
      "type": "Feature",
      "properties": {
        "stop_id": "409;453",
        "tier": "0-400m",
        "name": "409;453_0-400m"
      },
      "geometry": {
        "type": "Polygon",
        "coordinates": [
          [
            [
              -71.82172984181997,
              42.24603274776539
            ],
            [
              -71.82211169110373,
              42.24582220075846
            ],
            [
              -71.82251947481218,
              42.24564047501394
            ],
            [
              -71.82294926613146,
              42.24548932039799
            ],
            [
              -71.82316490762489,
              42.24543193577263
            ],
            [
              -71.828614497749,
              42.251035199532815
            ],
            [
              -71.82855191122702,
              42.25109794388813
            ],
            [
              -71.82823268267994,
              42.25135981291255
            ],
            [
              -71.82788043976089,
              42.251597173525276
            ],
            [
              -71.82749857483729,
              42.25180773952941
            ],
            [
              -71.82709076570227,
              42.251989482785625
            ],
            [
              -71.8266609401468,
              42.25214065275479
            ],
            [
              -71.82665442875613,
              42.252142385554905
            ],
            [
              -71.82109399930351,
              42.24650271359557
            ],
            [
              -71.82137760415301,
              42.24627008862545
            ],
            [
              -71.82172984181997,
              42.24603274776539
            ]
          ]
        ]
      }
    },
    {
      "type": "Feature",
      "properties": {
        "stop_id": "1503",
        "tier": "0-400m",
        "name": "1503_0-400m"
      },
      "geometry": {
        "type": "Polygon",
        "coordinates": [
          [
            [
              -71.80019073753891,
              42.258435690996635
            ],
            [
              -71.8003477313871,
              42.2596215272674
            ],
            [
              -71.79902433233028,
              42.262094405182886
            ],
            [
              -71.79337185219349,
              42.26282838443374
            ],
            [
              -71.7973581925709,
              42.25733954363765
            ],
            [
              -71.79760747153969,
              42.25736701073973
            ],
            [
              -71.79806881642928,
              42.25745285168736
            ],
            [
              -71.7985166151128,
              42.257571869585675
            ],
            [
              -71.79894655564574,
              42.257722918408554
            ],
            [
              -71.79935449795938,
              42.25790454369417
            ],
            [
              -71.79973651371313,
              42.2581149965438
            ],
            [
              -71.80008892411242,
              42.25835225045494
            ],
            [
              -71.80019073753891,
              42.258435690996635
            ]
          ]
        ]
      }
    },
    {
      "type": "Feature",
      "properties": {
        "stop_id": "1125;1163;1162",
        "tier": "0-400m",
        "name": "1125;1163;1162_0-400m"
      },
      "geometry": {
        "type": "Polygon",
        "coordinates": [
          [
            [
              -71.75328128501297,
              42.24637834727206
            ],
            [
              -71.75292911672575,
              42.246140949096905
            ],
            [
              -71.75260996479551,
              42.245879045989845
            ],
            [
              -71.75232690275256,
              42.24559516050531
            ],
            [
              -71.75208265641238,
              42.245292026889054
            ],
            [
              -71.75187957763323,
              42.244972564735356
            ],
            [
              -71.75171962168058,
              42.244639850860004
            ],
            [
              -71.75166313639644,
              42.2444719233716
            ],
            [
              -71.75166303367152,
              42.2444716179755
            ],
            [
              -71.75892691385668,
              42.24054880921537
            ],
            [
              -71.75905066730878,
              42.240603981188514
            ],
            [
              -71.75943244468613,
              42.2408145688758
            ],
            [
              -71.75978460774093,
              42.2410519472998
            ],
            [
              -71.76010376502589,
              42.2413138306609
            ],
            [
              -71.76038684280492,
              42.24159769716349
            ],
            [
              -71.76063111465781,
              42.241900813291295
            ],
            [
              -71.76083422774587,
              42.24222026012206
            ],
            [
              -71.76086956780652,
              42.24229374700918
            ],
            [
              -71.76087008388,
              42.24229482014223
            ],
            [
              -71.75675211811244,
              42.24555744648195
            ],
            [
              -71.75374237835523,
              42.24662430933949
            ],
            [
              -71.75366307800881,
              42.24658895395667
            ],
            [
              -71.75328128501297,
              42.24637834727206
            ]
          ]
        ]
      }
    },
    {
      "type": "Feature",
      "properties": {
        "stop_id": "1134;1153",
        "tier": "0-400m",
        "name": "1134;1153_0-400m"
      },
      "geometry": {
        "type": "Polygon",
        "coordinates": [
          [
            [
              -71.77448313152182,
              42.25401417617245
            ],
            [
              -71.77439007729336,
              42.254024412260655
            ],
            [
              -71.77134795734509,
              42.247275155804346
            ],
            [
              -71.77168590493446,
              42.247156489814955
            ],
            [
              -71.77213367339662,
              42.24703756197975
            ],
            [
              -71.77259497371989,
              42.246951813885055
            ],
            [
              -71.77306536401619,
              42.246900071197395
            ],
            [
              -71.77342326054678,
              42.246887080991215
            ],
            [
              -71.77505675637806,
              42.25233413873577
            ],
            [
              -71.77471092047323,
              42.25397183399932
            ],
            [
              -71.77471087649302,
              42.25397184217456
            ],
            [
              -71.77448313152182,
              42.25401417617245
            ]
          ]
        ]
      }
    },
    {
      "type": "Feature",
      "properties": {
        "stop_id": "21;28;1612",
        "tier": "0-400m",
        "name": "21;28;1612_0-400m"
      },
      "geometry": {
        "type": "Polygon",
        "coordinates": [
          [
            [
              -71.79642758647584,
              42.25673161181853
            ],
            [
              -71.7968095854178,
              42.25694207446036
            ],
            [
              -71.7971619783144,
              42.25717933741373
            ],
            [
              -71.79735618675892,
              42.25733851340253
            ],
            [
              -71.79336867766405,
              42.26282896304033
            ],
            [
              -71.79257443752124,
              42.263215974842375
            ],
            [
              -71.79257400557735,
              42.26321589445837
            ],
            [
              -71.79232789711475,
              42.26317009380056
            ],
            [
              -71.79188007045894,
              42.26305105185519
            ],
            [
              -71.79145011059623,
              42.26289997668295
            ],
            [
              -71.79104215876882,
              42.26271832344131
            ],
            [
              -71.79066014414262,
              42.26250784180248
            ],
            [
              -71.7903077459531,
              42.26227055909326
            ],
            [
              -71.78998835806358,
              42.262008760760395
            ],
            [
              -71.78970505627758,
              42.261724968349405
            ],
            [
              -71.78946056872003,
              42.26142191520992
            ],
            [
              -71.78925724957273,
              42.26110252016141
            ],
            [
              -71.7890970564163,
              42.26076985937373
            ],
            [
              -71.78899523089207,
              42.26046777858299
            ],
            [
              -71.78899518933339,
              42.26046765529229
            ],
            [
              -71.7960530921448,
              42.25656486232223
            ],
            [
              -71.79642758647584,
              42.25673161181853
            ]
          ]
        ]
      }
    },
    {
      "type": "Feature",
      "properties": {
        "stop_id": "1131;1158",
        "tier": "0-400m",
        "name": "1131;1158_0-400m"
      },
      "geometry": {
        "type": "Polygon",
        "coordinates": [
          [
            [
              -71.76683897659028,
              42.24723737612002
            ],
            [
              -71.76689898862433,
              42.247258483751494
            ],
            [
              -71.76689960752037,
              42.247258701431434
            ],
            [
              -71.76679645104713,
              42.25390007580531
            ],
            [
              -71.76638801562183,
              42.254008523496225
            ],
            [
              -71.76592665546407,
              42.25409424651059
            ],
            [
              -71.7654562058729,
              42.254145959844784
            ],
            [
              -71.76498119827983,
              42.25416316538844
            ],
            [
              -71.764506208042,
              42.254145697415034
            ],
            [
              -71.76403581034931,
              42.254093724179036
            ],
            [
              -71.76357453613304,
              42.25400774629438
            ],
            [
              -71.76312682840187,
              42.25388859191008
            ],
            [
              -71.76269699942696,
              42.25373740872962
            ],
            [
              -71.76228918918932,
              42.25355565295077
            ],
            [
              -71.76190732549054,
              42.25334507523332
            ],
            [
              -71.76155508611191,
              42.25310770382937
            ],
            [
              -71.76123586338662,
              42.252845825039806
            ],
            [
              -71.76095273152698,
              42.25256196118493
            ],
            [
              -71.76070841702095,
              42.25225884630224
            ],
            [
              -71.76053872206194,
              42.25199199992877
            ],
            [
              -71.76666854438382,
              42.24719201757164
            ],
            [
              -71.76667094472998,
              42.24719265639805
            ],
            [
              -71.76683897659028,
              42.24723737612002
            ]
          ]
        ]
      }
    },
    {
      "type": "Feature",
      "properties": {
        "stop_id": "1135;1152",
        "tier": "0-400m",
        "name": "1135;1152_0-400m"
      },
      "geometry": {
        "type": "Polygon",
        "coordinates": [
          [
            [
              -71.77505845341705,
              42.252331518073504
            ],
            [
              -71.77342556733973,
              42.24688649407879
            ],
            [
              -71.77352231739066,
              42.246852519323475
            ],
            [
              -71.77397008025312,
              42.246733584311166
            ],
            [
              -71.77443137587414,
              42.24664782882452
            ],
            [
              -71.77490176241086,
              42.24659607860124
            ],
            [
              -71.77537671052823,
              42.24657883194153
            ],
            [
              -71.77585164699023,
              42.246596254912326
            ],
            [
              -71.77632199867308,
              42.24664817974912
            ],
            [
              -71.77678323657707,
              42.24673410647047
            ],
            [
              -71.77723091941476,
              42.24685320768994
            ],
            [
              -71.77766073635664,
              42.24700433657912
            ],
            [
              -71.77806854852368,
              42.24718603790516
            ],
            [
              -71.77845042882807,
              42.24739656203707
            ],
            [
              -71.77850620891502,
              42.247434140451
            ],
            [
              -71.77849294209928,
              42.24747593516065
            ],
            [
              -71.77505845341705,
              42.252331518073504
            ]
          ]
        ]
      }
    },
    {
      "type": "Feature",
      "properties": {
        "stop_id": "584;604",
        "tier": "0-400m",
        "name": "584;604_0-400m"
      },
      "geometry": {
        "type": "Polygon",
        "coordinates": [
          [
            [
              -71.78269157491528,
              42.24812458056219
            ],
            [
              -71.78307264487559,
              42.24816662497365
            ],
            [
              -71.78353390300225,
              42.24825252452175
            ],
            [
              -71.78398160927466,
              42.24837159935707
            ],
            [
              -71.78441145263777,
              42.24852270290526
            ],
            [
              -71.78481929395821,
              42.248704380177486
            ],
            [
              -71.78520120586758,
              42.2489148817744
            ],
            [
              -71.78555351057099,
              42.24915218072401
            ],
            [
              -71.78587281525762,
              42.24941399199212
            ],
            [
              -71.78615604477228,
              42.249697794477484
            ],
            [
              -71.78640047123396,
              42.25000085528044
            ],
            [
              -71.78660374031536,
              42.25032025601178
            ],
            [
              -71.7867638939305,
              42.25065292088871
            ],
            [
              -71.78679563710324,
              42.25074711735367
            ],
            [
              -71.77993360203294,
              42.25301659659859
            ],
            [
              -71.78269157491528,
              42.24812458056219
            ]
          ]
        ]
      }
    },
    {
      "type": "Feature",
      "properties": {
        "stop_id": "1139;1149",
        "tier": "0-400m",
        "name": "1139;1149_0-400m"
      },
      "geometry": {
        "type": "Polygon",
        "coordinates": [
          [
            [
              -71.77869165624662,
              42.25469008386553
            ],
            [
              -71.77847335194969,
              42.254419376439536
            ],
            [
              -71.77993207576719,
              42.253019072166964
            ],
            [
              -71.78679759903628,
              42.25074843932413
            ],
            [
              -71.7869955222837,
              42.25099383342757
            ],
            [
              -71.78719879755522,
              42.25131323304893
            ],
            [
              -71.78735895680892,
              42.25164589703724
            ],
            [
              -71.78747445702218,
              42.25198862183769
            ],
            [
              -71.78749982177416,
              42.2521157531929
            ],
            [
              -71.77917003414662,
              42.25513393151138
            ],
            [
              -71.77897487716692,
              42.25497390382308
            ],
            [
              -71.77869165624662,
              42.25469008386553
            ]
          ]
        ]
      }
    },
    {
      "type": "Feature",
      "properties": {
        "stop_id": "1138;1150;1137",
        "tier": "0-400m",
        "name": "1138;1150;1137_0-400m"
      },
      "geometry": {
        "type": "Polygon",
        "coordinates": [
          [
            [
              -71.77847384182971,
              42.25441596431421
            ],
            [
              -71.77843228141064,
              42.254408223465624
            ],
            [
              -71.77849529692158,
              42.24747636062457
            ],
            [
              -71.77850788203517,
              42.24743671349129
            ],
            [
              -71.77851019230783,
              42.24743628392134
            ],
            [
              -71.77871412569085,
              42.24739836453054
            ],
            [
              -71.7791845143027,
              42.247346596747285
            ],
            [
              -71.77965946688298,
              42.247329332352784
            ],
            [
              -71.78013441015281,
              42.24734673758476
            ],
            [
              -71.78060477092285,
              42.247398644849504
            ],
            [
              -71.78106602010592,
              42.247484554334754
            ],
            [
              -71.78151371630604,
              42.24760363882004
            ],
            [
              -71.78194354856505,
              42.24775475163805
            ],
            [
              -71.78235137785654,
              42.24793643771073
            ],
            [
              -71.78268983696042,
              42.24812300277416
            ],
            [
              -71.77993024815221,
              42.25301788469601
            ],
            [
              -71.77847384182971,
              42.25441596431421
            ]
          ]
        ]
      }
    },
    {
      "type": "Feature",
      "properties": {
        "stop_id": "1124;1164",
        "tier": "0-400m",
        "name": "1124;1164_0-400m"
      },
      "geometry": {
        "type": "Polygon",
        "coordinates": [
          [
            [
              -71.75153706999728,
              42.244415405142576
            ],
            [
              -71.75115529717567,
              42.244204791303154
            ],
            [
              -71.75080314894454,
              42.243967386512246
            ],
            [
              -71.75048401675907,
              42.24370547739222
            ],
            [
              -71.75020097395937,
              42.243421586555385
            ],
            [
              -71.74995674617558,
              42.24311844829904
            ],
            [
              -71.74975368508726,
              42.2427989822621
            ],
            [
              -71.74959374578951,
              42.24246626529776
            ],
            [
              -71.74947846798337,
              42.242123501833156
            ],
            [
              -71.74940896117086,
              42.241773993002184
            ],
            [
              -71.7493858939961,
              42.24142110484844
            ],
            [
              -71.74940948783468,
              42.24106823590532
            ],
            [
              -71.74947951469127,
              42.2407187844652
            ],
            [
              -71.74959529942518,
              42.24037611585309
            ],
            [
              -71.74975572628092,
              42.24004353001999
            ],
            [
              -71.74995924965982,
              42.23972422976765
            ],
            [
              -71.75020390902803,
              42.23942128991096
            ],
            [
              -71.75048734781652,
              42.23913762767412
            ],
            [
              -71.75080683613011,
              42.238875974606024
            ],
            [
              -71.75115929704654,
              42.23863885028439
            ],
            [
              -71.75154133625175,
              42.23842853806177
            ],
            [
              -71.751949274726,
              42.23824706308658
            ],
            [
              -71.75237918416617,
              42.23809617281028
            ],
            [
              -71.75282692480333,
              42.237977320168135
            ],
            [
              -71.75328818525196,
              42.23789164959514
            ],
            [
              -71.75375852400789,
              42.23783998601146
            ],
            [
              -71.75423341219604,
              42.23782282688307
            ],
            [
              -71.75470827715735,
              42.237840337434186
            ],
            [
              -71.75517854645624,
              42.23789234905703
            ],
            [
              -71.75563969188597,
              42.23797836093452
            ],
            [
              -71.7560872730492,
              42.2380975448603
            ],
            [
              -71.7565169800951,
              42.23824875320955
            ],
            [
              -71.75692467520243,
              42.23843052998425
            ],
            [
              -71.75730643241018,
              42.23864112482688
            ],
            [
              -71.7576585754126,
              42.23887850986745
            ],
            [
              -71.75797771295552,
              42.239140399242615
            ],
            [
              -71.75826077149289,
              42.23942427109883
            ],
            [
              -71.75850502478977,
              42.23972739186821
            ],
            [
              -71.7587081201862,
              42.24004684258386
            ],
            [
              -71.7588681012686,
              42.240379546981394
            ],
            [
              -71.7589246020151,
              42.24054747104283
            ],
            [
              -71.75892470476869,
              42.24054777643264
            ],
            [
              -71.75166082456518,
              42.244470585053534
            ],
            [
              -71.75153706999728,
              42.244415405142576
            ]
          ]
        ]
      }
    },
    {
      "type": "Feature",
      "properties": {
        "stop_id": "343;349",
        "tier": "0-400m",
        "name": "343;349_0-400m"
      },
      "geometry": {
        "type": "Polygon",
        "coordinates": [
          [
            [
              -71.78685399896091,
              42.25971840923293
            ],
            [
              -71.78639265277192,
              42.25963252320776
            ],
            [
              -71.7860902313596,
              42.259552111142995
            ],
            [
              -71.78725089761522,
              42.2540478465128
            ],
            [
              -71.78805502696544,
              42.2525966445485
            ],
            [
              -71.78827548904438,
              42.252604707204874
            ],
            [
              -71.78874589555491,
              42.25265658103203
            ],
            [
              -71.78920719409406,
              42.252742457694985
            ],
            [
              -71.78965494279073,
              42.25286151028935
            ],
            [
              -71.78978124880952,
              42.25290590026554
            ],
            [
              -71.78760645276272,
              42.2597806024082
            ],
            [
              -71.7873244571775,
              42.25977028882772
            ],
            [
              -71.78685399896091,
              42.25971840923293
            ]
          ]
        ]
      }
    },
    {
      "type": "Feature",
      "properties": {
        "stop_id": "1136;1151",
        "tier": "0-400m",
        "name": "1136;1151_0-400m"
      },
      "geometry": {
        "type": "Polygon",
        "coordinates": [
          [
            [
              -71.77849284085738,
              42.247479949003875
            ],
            [
              -71.77842985954767,
              42.25440802006892
            ],
            [
              -71.77821134608408,
              42.254448645339686
            ],
            [
              -71.77774090389987,
              42.25450040906324
            ],
            [
              -71.77726589699081,
              42.254517665486404
            ],
            [
              -71.77679090070747,
              42.254500248392546
            ],
            [
              -71.77632049029798,
              42.25444832554601
            ],
            [
              -71.77585919681619,
              42.25436239707532
            ],
            [
              -71.77541146345645,
              42.254243290653555
            ],
            [
              -71.77498160273693,
              42.25409215352216
            ],
            [
              -71.77471321676983,
              42.25397257739505
            ],
            [
              -71.77505915518407,
              42.252334396419705
            ],
            [
              -71.77849284085738,
              42.247479949003875
            ]
          ]
        ]
      }
    },
    {
      "type": "Feature",
      "properties": {
        "stop_id": "342;350",
        "tier": "0-400m",
        "name": "342;350_0-400m"
      },
      "geometry": {
        "type": "Polygon",
        "coordinates": [
          [
            [
              -71.7860879497017,
              42.25955129668698
            ],
            [
              -71.78608702160886,
              42.259551330470366
            ],
            [
              -71.78584438482115,
              42.25956016240311
            ],
            [
              -71.78536934833585,
              42.259542780852314
            ],
            [
              -71.78489889341323,
              42.25949089323595
            ],
            [
              -71.78443755153599,
              42.25940499934323
            ],
            [
              -71.78398976636487,
              42.259285926514146
            ],
            [
              -71.78355985091721,
              42.25913482166657
            ],
            [
              -71.7831519460073,
              42.258953140243854
            ],
            [
              -71.78276998034895,
              42.258742632189566
            ],
            [
              -71.78241763270583,
              42.258505325084954
            ],
            [
              -71.78212361491252,
              42.25826426306428
            ],
            [
              -71.78724789605613,
              42.25405044726115
            ],
            [
              -71.7860879497017,
              42.25955129668698
            ]
          ]
        ]
      }
    },
    {
      "type": "Feature",
      "properties": {
        "stop_id": "1141;1147",
        "tier": "0-400m",
        "name": "1141;1147_0-400m"
      },
      "geometry": {
        "type": "Polygon",
        "coordinates": [
          [
            [
              -71.78212131990743,
              42.25826346426776
            ],
            [
              -71.78175596852807,
              42.25806210538526
            ],
            [
              -71.781403628475,
              42.25782479513762
            ],
            [
              -71.78108429985119,
              42.25756297181025
            ],
            [
              -71.7808467413947,
              42.25732493327823
            ],
            [
              -71.78084416544868,
              42.257322352114
            ],
            [
              -71.78793847234085,
              42.25251884185042
            ],
            [
              -71.78805283797293,
              42.25259586506694
            ],
            [
              -71.78724868212566,
              42.25404711476111
            ],
            [
              -71.78212131990743,
              42.25826346426776
            ]
          ]
        ]
      }
    },
    {
      "type": "Feature",
      "properties": {
        "stop_id": "1132;1155;1156",
        "tier": "0-400m",
        "name": "1132;1155;1156_0-400m"
      },
      "geometry": {
        "type": "Polygon",
        "coordinates": [
          [
            [
              -71.76731043368137,
              42.2471495031038
            ],
            [
              -71.76777174135216,
              42.247063774413306
            ],
            [
              -71.76824213642152,
              42.24701205151118
            ],
            [
              -71.76871708947219,
              42.246994832434545
            ],
            [
              -71.7691920272208,
              42.24701228298478
            ],
            [
              -71.76966237653107,
              42.24706423513182
            ],
            [
              -71.77012360842616,
              42.247150188631295
            ],
            [
              -71.77057128167645,
              42.24726931583891
            ],
            [
              -71.77083712190752,
              42.247362807062316
            ],
            [
              -71.77084088614714,
              42.247364130871205
            ],
            [
              -71.77006836704943,
              42.254050207183475
            ],
            [
              -71.76965936437533,
              42.25412621591787
            ],
            [
              -71.76918891759645,
              42.254177944563786
            ],
            [
              -71.76871391077836,
              42.254195165567516
            ],
            [
              -71.76823891927073,
              42.25417771305366
            ],
            [
              -71.76776851827566,
              42.25412575512769
            ],
            [
              -71.7673072387563,
              42.25403979225613
            ],
            [
              -71.76685952377242,
              42.253920652443384
            ],
            [
              -71.76679950543645,
              42.253899544815184
            ],
            [
              -71.76679888647581,
              42.25389932713495
            ],
            [
              -71.76690204269235,
              42.247257952758
            ],
            [
              -71.76731043368137,
              42.2471495031038
            ]
          ]
        ]
      }
    },
    {
      "type": "Feature",
      "properties": {
        "stop_id": "1133;1154",
        "tier": "0-400m",
        "name": "1133;1154_0-400m"
      },
      "geometry": {
        "type": "Polygon",
        "coordinates": [
          [
            [
              -71.7743877079438,
              42.25402482618118
            ],
            [
              -71.77404972874756,
              42.254143499987315
            ],
            [
              -71.77360191361673,
              42.25426243515207
            ],
            [
              -71.77314056137926,
              42.254348187183155
            ],
            [
              -71.77267011579583,
              42.25439993010708
            ],
            [
              -71.77219510825933,
              42.25441716552843
            ],
            [
              -71.77172011412634,
              42.254399727432904
            ],
            [
              -71.77124970862427,
              42.254347783787146
            ],
            [
              -71.7707884227597,
              42.254261834920044
            ],
            [
              -71.77034069965354,
              42.254142708701124
            ],
            [
              -71.77007483168627,
              42.25404921643526
            ],
            [
              -71.77007106706519,
              42.25404789260274
            ],
            [
              -71.77084358584942,
              42.24736181626953
            ],
            [
              -71.77125254339768,
              42.24728580321792
            ],
            [
              -71.77134558822826,
              42.24727556966254
            ],
            [
              -71.7743877079438,
              42.25402482618118
            ]
          ]
        ]
      }
    },
    {
      "type": "Feature",
      "properties": {
        "stop_id": "1130;1159;1160",
        "tier": "0-400m",
        "name": "1130;1159;1160_0-400m"
      },
      "geometry": {
        "type": "Polygon",
        "coordinates": [
          [
            [
              -71.76053628028006,
              42.25198877746738
            ],
            [
              -71.76053628028008,
              42.25198877746738
            ],
            [
              -71.7603682402622,
              42.25194404854666
            ],
            [
              -71.75993843107744,
              42.251792854978554
            ],
            [
              -71.75953064128531,
              42.25161108933148
            ],
            [
              -71.75914879849039,
              42.251400502360205
            ],
            [
              -71.75879658027259,
              42.25116312240603
            ],
            [
              -71.75847737876126,
              42.25090123585208
            ],
            [
              -71.75819426796433,
              42.2506173650935
            ],
            [
              -71.75818937999063,
              42.25061130010713
            ],
            [
              -71.76096232828034,
              42.24709631186083
            ],
            [
              -71.76422706355338,
              42.24534445289285
            ],
            [
              -71.76451033911174,
              42.24544409801893
            ],
            [
              -71.76491810348601,
              42.24562584615245
            ],
            [
              -71.7652999306504,
              42.2458364141254
            ],
            [
              -71.76565214362573,
              42.24607377432662
            ],
            [
              -71.76597135048407,
              42.24633564113199
            ],
            [
              -71.76625447701201,
              42.246619492905396
            ],
            [
              -71.76649879631996,
              42.24692259627245
            ],
            [
              -71.76666850282102,
              42.2471894340645
            ],
            [
              -71.76053868074621,
              42.25198941642161
            ],
            [
              -71.76053628028006,
              42.25198877746738
            ]
          ]
        ]
      }
    },
    {
      "type": "Feature",
      "properties": {
        "stop_id": "345;347",
        "tier": "0-400m",
        "name": "345;347_0-400m"
      },
      "geometry": {
        "type": "Polygon",
        "coordinates": [
          [
            [
              -71.78861864697235,
              42.26029976805833
            ],
            [
              -71.78823665500481,
              42.26008927825922
            ],
            [
              -71.7879253089548,
              42.259879617534025
            ],
            [
              -71.79297619037133,
              42.25392991590168
            ],
            [
              -71.79316629092966,
              42.253980454296055
            ],
            [
              -71.79359619429988,
              42.25413152327012
            ],
            [
              -71.79400409811423,
              42.254313167700026
            ],
            [
              -71.79438607440274,
              42.254523638502675
            ],
            [
              -71.79473844475076,
              42.25476090900268
            ],
            [
              -71.79505781571547,
              42.25502269443986
            ],
            [
              -71.79534111150359,
              42.25530647396174
            ],
            [
              -71.79558560359601,
              42.25560951488992
            ],
            [
              -71.79578893703344,
              42.25592889902665
            ],
            [
              -71.79594915311013,
              42.25626155074899
            ],
            [
              -71.79605100505749,
              42.25656362558778
            ],
            [
              -71.79605104662735,
              42.25656374887603
            ],
            [
              -71.78899314381398,
              42.26046654172098
            ],
            [
              -71.78861864697235,
              42.26029976805833
            ]
          ]
        ]
      }
    },
    {
      "type": "Feature",
      "properties": {
        "stop_id": "344;348",
        "tier": "0-400m",
        "name": "344;348_0-400m"
      },
      "geometry": {
        "type": "Polygon",
        "coordinates": [
          [
            [
              -71.7879176778259,
              42.25987457119245
            ],
            [
              -71.7879176778259,
              42.25987457119245
            ],
            [
              -71.78773494701295,
              42.259825987198795
            ],
            [
              -71.78760862861998,
              42.25978159502233
            ],
            [
              -71.78978342446456,
              42.25290689283959
            ],
            [
              -71.7897843891086,
              42.252906928104366
            ],
            [
              -71.79006538987372,
              42.25291720038591
            ],
            [
              -71.7905358001731,
              42.252969066868594
            ],
            [
              -71.79099710341754,
              42.25305493632739
            ],
            [
              -71.7914448576907,
              42.25317398192723
            ],
            [
              -71.79187475147546,
              42.25332505737525
            ],
            [
              -71.79228264515312,
              42.25350670795324
            ],
            [
              -71.7926646108513,
              42.25371718451891
            ],
            [
              -71.79297594228865,
              42.25392683260447
            ],
            [
              -71.78792506109487,
              42.25987653422911
            ],
            [
              -71.7879176778259,
              42.25987457119245
            ]
          ]
        ]
      }
    },
    {
      "type": "Feature",
      "properties": {
        "stop_id": "1140;1148",
        "tier": "0-400m",
        "name": "1140;1148_0-400m"
      },
      "geometry": {
        "type": "Polygon",
        "coordinates": [
          [
            [
              -71.78750074839684,
              42.25211742071431
            ],
            [
              -71.78769591812402,
              42.25227743397454
            ],
            [
              -71.7879334833962,
              42.25251545852981
            ],
            [
              -71.7879360594357,
              42.25251803953698
            ],
            [
              -71.78084175245036,
              42.25732154965197
            ],
            [
              -71.78052213128429,
              42.25710626936387
            ],
            [
              -71.78020280993147,
              42.25684444354968
            ],
            [
              -71.77991957513694,
              42.25656062671663
            ],
            [
              -71.77967515438031,
              42.25625755244938
            ],
            [
              -71.77947190119995,
              42.255938139770876
            ],
            [
              -71.77931177254113,
              42.25560546502064
            ],
            [
              -71.77919630992862,
              42.25526273221958
            ],
            [
              -71.77917096059402,
              42.25513559909919
            ],
            [
              -71.78750074839684,
              42.25211742071431
            ]
          ]
        ]
      }
    },
    {
      "type": "Feature",
      "properties": {
        "stop_id": "1127;1161",
        "tier": "0-400m",
        "name": "1127;1161_0-400m"
      },
      "geometry": {
        "type": "Polygon",
        "coordinates": [
          [
            [
              -71.75675484932218,
              42.2455579147784
            ],
            [
              -71.76087312412088,
              42.24229504339271
            ],
            [
              -71.76126912389022,
              42.242400464450874
            ],
            [
              -71.76169887250427,
              42.242551653272905
            ],
            [
              -71.7621066101848,
              42.24273341149202
            ],
            [
              -71.762488410561,
              42.242943988929355
            ],
            [
              -71.76284059691154,
              42.24318135788257
            ],
            [
              -71.76315977756485,
              42.2434432326433
            ],
            [
              -71.76344287855983,
              42.24372709149873
            ],
            [
              -71.76368717325276,
              42.24403020100627
            ],
            [
              -71.76389030858498,
              42.244349642307476
            ],
            [
              -71.76405032775834,
              42.24468233922872
            ],
            [
              -71.76416568909913,
              42.245025087897794
            ],
            [
              -71.7642286669439,
              42.24534137142495
            ],
            [
              -71.76096129299748,
              42.2470946463855
            ],
            [
              -71.75675484932218,
              42.2455579147784
            ]
          ]
        ]
      }
    },
    {
      "type": "Feature",
      "properties": {
        "stop_id": "1855",
        "tier": "0-400m",
        "name": "1855_0-400m"
      },
      "geometry": {
        "type": "Polygon",
        "coordinates": [
          [
            [
              -71.76095970734453,
              42.24709607353869
            ],
            [
              -71.75818937691741,
              42.250607743365855
            ],
            [
              -71.7581857789877,
              42.25060761083677
            ],
            [
              -71.75807887104385,
              42.250603672850026
            ],
            [
              -71.7576085049483,
              42.250551673223946
            ],
            [
              -71.75714726527033,
              42.250465669440054
            ],
            [
              -71.75669959468591,
              42.250346489896884
            ],
            [
              -71.75626980510826,
              42.250195282540176
            ],
            [
              -71.75586203613874,
              42.2500135038006
            ],
            [
              -71.75548021518135,
              42.24980290455905
            ],
            [
              -71.75512801960556,
              42.24956551327492
            ],
            [
              -71.7548088413226,
              42.24930361644056
            ],
            [
              -71.75452575411663,
              42.249019736549975
            ],
            [
              -71.75428148404548,
              42.24871660779511
            ],
            [
              -71.75407838319592,
              42.24839714972344
            ],
            [
              -71.75391840704594,
              42.24806443911146
            ],
            [
              -71.75380309565143,
              42.247721680325235
            ],
            [
              -71.75373355883772,
              42.24737217445361
            ],
            [
              -71.75371046553772,
              42.247019287511755
            ],
            [
              -71.7537340373784,
              42.24666641802144
            ],
            [
              -71.75374205048331,
              42.246626420483366
            ],
            [
              -71.75675283783194,
              42.24555918631249
            ],
            [
              -71.76095970734453,
              42.24709607353869
            ]
          ]
        ]
      }
    },
    {
      "type": "Feature",
      "properties": {
        "stop_id": "187;204",
        "tier": "0-400m",
        "name": "187;204_0-400m"
      },
      "geometry": {
        "type": "Polygon",
        "coordinates": [
          [
            [
              -71.78980534378982,
              42.27697645990751
            ],
            [
              -71.7899209765335,
              42.276633752771716
            ],
            [
              -71.79008128340129,
              42.27630111265223
            ],
            [
              -71.79028471994859,
              42.27598174287379
            ],
            [
              -71.7905293264763,
              42.27567871892088
            ],
            [
              -71.7908127469229,
              42.2753949588276
            ],
            [
              -71.79082561557799,
              42.27538441585612
            ],
            [
              -71.79928307939417,
              42.27847528359819
            ],
            [
              -71.79928144251392,
              42.27848013705704
            ],
            [
              -71.79919917677337,
              42.27872405945434
            ],
            [
              -71.79903891171442,
              42.279056712173414
            ],
            [
              -71.79883550947797,
              42.27937609730409
            ],
            [
              -71.79859092844453,
              42.279679138771876
            ],
            [
              -71.79847840696459,
              42.279791809271615
            ],
            [
              -71.79847531353414,
              42.27979490679166
            ],
            [
              -71.78979606481298,
              42.27702288852311
            ],
            [
              -71.78980534378982,
              42.27697645990751
            ]
          ]
        ]
      }
    },
    {
      "type": "Feature",
      "properties": {
        "stop_id": "661;674",
        "tier": "0-400m",
        "name": "661;674_0-400m"
      },
      "geometry": {
        "type": "Polygon",
        "coordinates": [
          [
            [
              -71.78643377175872,
              42.284580889496056
            ],
            [
              -71.79375215618808,
              42.288809507150184
            ],
            [
              -71.79371099235622,
              42.28889491784562
            ],
            [
              -71.79350753156794,
              42.28921429297829
            ],
            [
              -71.79326288695253,
              42.28951732256348
            ],
            [
              -71.79297941420405,
              42.28980108800837
            ],
            [
              -71.79265984309389,
              42.29006285622283
            ],
            [
              -71.79230725119017,
              42.290300105951175
            ],
            [
              -71.79192503422212,
              42.290510552064156
            ],
            [
              -71.7915168733744,
              42.29069216757694
            ],
            [
              -71.79108669982651,
              42.2908432031806
            ],
            [
              -71.79097155770671,
              42.29087378532046
            ],
            [
              -71.78484345989348,
              42.28599569096035
            ],
            [
              -71.78495569790941,
              42.28581954717684
            ],
            [
              -71.78520036802306,
              42.285516535112
            ],
            [
              -71.78548385646856,
              42.28523278867676
            ],
            [
              -71.78580343287133,
              42.284971040230644
            ],
            [
              -71.78615601945985,
              42.28473381026969
            ],
            [
              -71.78643377175872,
              42.284580889496056
            ]
          ]
        ]
      }
    },
    {
      "type": "Feature",
      "properties": {
        "stop_id": "184;207",
        "tier": "0-400m",
        "name": "184;207_0-400m"
      },
      "geometry": {
        "type": "Polygon",
        "coordinates": [
          [
            [
              -71.78727120433558,
              42.28306270557279
            ],
            [
              -71.78729460247186,
              42.28270983142037
            ],
            [
              -71.78736446623319,
              42.28236035940664
            ],
            [
              -71.78748012204795,
              42.282017655055036
            ],
            [
              -71.78764045540055,
              42.28168501866092
            ],
            [
              -71.78784392159115,
              42.2813656535131
            ],
            [
              -71.78791947993065,
              42.281272064682916
            ],
            [
              -71.79695517894706,
              42.283253808700735
            ],
            [
              -71.7969444515222,
              42.283415965673065
            ],
            [
              -71.79687463953061,
              42.28376544345514
            ],
            [
              -71.7967590314257,
              42.28410815717206
            ],
            [
              -71.79659873988959,
              42.284440806168504
            ],
            [
              -71.79639530801516,
              42.2847601866714
            ],
            [
              -71.79615069446828,
              42.28506322265079
            ],
            [
              -71.79586725464381,
              42.28534699545231
            ],
            [
              -71.79576348563704,
              42.28543200726942
            ],
            [
              -71.78731153328579,
              42.28350092531205
            ],
            [
              -71.78729449793643,
              42.283415583521055
            ],
            [
              -71.78727120433558,
              42.28306270557279
            ]
          ]
        ]
      }
    },
    {
      "type": "Feature",
      "properties": {
        "stop_id": "657;678",
        "tier": "0-400m",
        "name": "657;678_0-400m"
      },
      "geometry": {
        "type": "Polygon",
        "coordinates": [
          [
            [
              -71.78285180258128,
              42.29515576262717
            ],
            [
              -71.78244358568382,
              42.29533734570918
            ],
            [
              -71.78201335885748,
              42.295488347166035
            ],
            [
              -71.781675184173,
              42.295578130264154
            ],
            [
              -71.78166743864998,
              42.29558018663361
            ],
            [
              -71.77674051186055,
              42.28960906820689
            ],
            [
              -71.7770831930271,
              42.28937856932305
            ],
            [
              -71.77746545254085,
              42.289168172619476
            ],
            [
              -71.77787364390255,
              42.28898660705223
            ],
            [
              -71.77830383637398,
              42.28883562094479
            ],
            [
              -71.77875188746111,
              42.28871666815492
            ],
            [
              -71.77902220396717,
              42.288666437944144
            ],
            [
              -71.77903008251977,
              42.28866497394082
            ],
            [
              -71.78319450561237,
              42.294967128771304
            ],
            [
              -71.78285180258128,
              42.29515576262717
            ]
          ]
        ]
      }
    },
    {
      "type": "Feature",
      "properties": {
        "stop_id": "656;679",
        "tier": "0-400m",
        "name": "656;679_0-400m"
      },
      "geometry": {
        "type": "Polygon",
        "coordinates": [
          [
            [
              -71.77450142660068,
              42.29074593213127
            ],
            [
              -71.77482107632787,
              42.290484214538246
            ],
            [
              -71.7751737348591,
              42.29024701856638
            ],
            [
              -71.77555600597678,
              42.29003662825794
            ],
            [
              -71.77596420842781,
              42.28985506951292
            ],
            [
              -71.77639441136716,
              42.28970409058913
            ],
            [
              -71.77673256213195,
              42.289614322962336
            ],
            [
              -71.77674030708461,
              42.28961226692387
            ],
            [
              -71.78166723410389,
              42.29558338535604
            ],
            [
              -71.78132453601461,
              42.29581389768084
            ],
            [
              -71.78094224915824,
              42.296024306996316
            ],
            [
              -71.7805340211679,
              42.29620588325583
            ],
            [
              -71.78010378387006,
              42.296356877528524
            ],
            [
              -71.77965568117988,
              42.29647583543592
            ],
            [
              -71.77922225110106,
              42.29655636754476
            ],
            [
              -71.77446381279343,
              42.290783566894696
            ],
            [
              -71.77446467314664,
              42.290782706062764
            ],
            [
              -71.77450142660068,
              42.29074593213127
            ]
          ]
        ]
      }
    },
    {
      "type": "Feature",
      "properties": {
        "stop_id": "1383;1461;1384",
        "tier": "0-400m",
        "name": "1383;1461;1384_0-400m"
      },
      "geometry": {
        "type": "Polygon",
        "coordinates": [
          [
            [
              -71.80287354788521,
              42.266741124839974
            ],
            [
              -71.80303382858118,
              42.267073766033846
            ],
            [
              -71.80314944184359,
              42.2674164741166
            ],
            [
              -71.80321927356704,
              42.26776594875685
            ],
            [
              -71.803242650489,
              42.268118824405825
            ],
            [
              -71.80322076240206,
              42.26845026554021
            ],
            [
              -71.79390644242005,
              42.26947424937357
            ],
            [
              -71.79375701806299,
              42.26916404631889
            ],
            [
              -71.7936414524808,
              42.26882132887559
            ],
            [
              -71.79357167249397,
              42.268471848470654
            ],
            [
              -71.79354834937686,
              42.268118970874426
            ],
            [
              -71.79356971674038,
              42.267796162184105
            ],
            [
              -71.8028445242274,
              42.26669555409509
            ],
            [
              -71.80284515008742,
              42.26669653677379
            ],
            [
              -71.80287354788521,
              42.266741124839974
            ]
          ]
        ]
      }
    },
    {
      "type": "Feature",
      "properties": {
        "stop_id": "665;670",
        "tier": "0-400m",
        "name": "665;670_0-400m"
      },
      "geometry": {
        "type": "Polygon",
        "coordinates": [
          [
            [
              -71.80322097780552,
              42.26845206201076
            ],
            [
              -71.80337044687907,
              42.26876225277311
            ],
            [
              -71.80348606505078,
              42.26910496041518
            ],
            [
              -71.80355590049788,
              42.269454434747146
            ],
            [
              -71.80357927992195,
              42.26980731022319
            ],
            [
              -71.80355597739148,
              42.27016018848767
            ],
            [
              -71.80352543150018,
              42.27031321547349
            ],
            [
              -71.8035253101684,
              42.270313823312684
            ],
            [
              -71.79395413515586,
              42.27039118108991
            ],
            [
              -71.79390804571551,
              42.270160362557306
            ],
            [
              -71.79388472010028,
              42.2698074851337
            ],
            [
              -71.79390665756254,
              42.26947604586126
            ],
            [
              -71.80322097780552,
              42.26845206201076
            ]
          ]
        ]
      }
    },
    {
      "type": "Feature",
      "properties": {
        "stop_id": "659;676;675",
        "tier": "0-400m",
        "name": "659;676;675_0-400m"
      },
      "geometry": {
        "type": "Polygon",
        "coordinates": [
          [
            [
              -71.78230464504007,
              42.287655449013364
            ],
            [
              -71.78254933496078,
              42.287352442700936
            ],
            [
              -71.7828328435323,
              42.2870687029089
            ],
            [
              -71.78315244018624,
              42.286806961932825
            ],
            [
              -71.78350504695608,
              42.286569740196754
            ],
            [
              -71.78388726812258,
              42.286359321991085
            ],
            [
              -71.78429542291342,
              42.286177733484486
            ],
            [
              -71.78472558094238,
              42.286026723221404
            ],
            [
              -71.78484071725684,
              42.285996147324006
            ],
            [
              -71.79096881490273,
              42.29087424183024
            ],
            [
              -71.79096839154649,
              42.29087490630555
            ],
            [
              -71.7908565846637,
              42.29105039134077
            ],
            [
              -71.79061192023971,
              42.291353415175074
            ],
            [
              -71.79032842736264,
              42.29163717397802
            ],
            [
              -71.79000883599771,
              42.29189893472341
            ],
            [
              -71.78965622390818,
              42.292136176227515
            ],
            [
              -71.78927398701776,
              42.292346613440245
            ],
            [
              -71.78886580670303,
              42.29252821946249
            ],
            [
              -71.78843561433105,
              42.292679245076705
            ],
            [
              -71.78798755338408,
              42.29279823560259
            ],
            [
              -71.78752593953661,
              42.292884044914885
            ],
            [
              -71.78705521906974,
              42.292935846488234
            ],
            [
              -71.7865799260248,
              42.29295314136223
            ],
            [
              -71.78648252951811,
              42.292949580317604
            ],
            [
              -71.78216762263489,
              42.28787046507849
            ],
            [
              -71.78216792935902,
              42.287869983767685
            ],
            [
              -71.78230464504007,
              42.287655449013364
            ]
          ]
        ]
      }
    },
    {
      "type": "Feature",
      "properties": {
        "stop_id": "664;671",
        "tier": "0-400m",
        "name": "664;671_0-400m"
      },
      "geometry": {
        "type": "Polygon",
        "coordinates": [
          [
            [
              -71.79392396265473,
              42.271252363170746
            ],
            [
              -71.79390063654837,
              42.2708994858178
            ],
            [
              -71.79392399320282,
              42.27054660956236
            ],
            [
              -71.79395456242929,
              42.27039358514047
            ],
            [
              -71.79395468385316,
              42.2703929773114
            ],
            [
              -71.80352585913677,
              42.270315619488414
            ],
            [
              -71.80357198377774,
              42.270546434148464
            ],
            [
              -71.80359536369555,
              42.27089930955378
            ],
            [
              -71.80357206085314,
              42.271252187754115
            ],
            [
              -71.80350229889474,
              42.271601670311526
            ],
            [
              -71.80348365585782,
              42.27165696580355
            ],
            [
              -71.79393747941735,
              42.27132005479407
            ],
            [
              -71.7939374411033,
              42.27131986291844
            ],
            [
              -71.79392396265473,
              42.271252363170746
            ]
          ]
        ]
      }
    },
    {
      "type": "Feature",
      "properties": {
        "stop_id": "185;206",
        "tier": "0-400m",
        "name": "185;206_0-400m"
      },
      "geometry": {
        "type": "Polygon",
        "coordinates": [
          [
            [
              -71.79759354017789,
              42.28129331921396
            ],
            [
              -71.79760467316716,
              42.281461562676704
            ],
            [
              -71.79758133301537,
              42.28181443900736
            ],
            [
              -71.79751152631064,
              42.28216391727495
            ],
            [
              -71.7973959245842,
              42.28250663172971
            ],
            [
              -71.7972356404568,
              42.282839281709286
            ],
            [
              -71.79703221695002,
              42.28315866343108
            ],
            [
              -71.79695666984148,
              42.28325225823217
            ],
            [
              -71.78792097099985,
              42.28127051433126
            ],
            [
              -71.7879210073493,
              42.28126996603673
            ],
            [
              -71.7879317211949,
              42.28110835814309
            ],
            [
              -71.78800157966597,
              42.280758885643245
            ],
            [
              -71.78811722909933,
              42.28041618055309
            ],
            [
              -71.78827755504086,
              42.28008354317509
            ],
            [
              -71.78848101286214,
              42.27976417680755
            ],
            [
              -71.78872564265913,
              42.279461156902094
            ],
            [
              -71.78887539862063,
              42.279311237581545
            ],
            [
              -71.79759354017789,
              42.28129331921396
            ]
          ]
        ]
      }
    },
    {
      "type": "Feature",
      "properties": {
        "stop_id": "662;673",
        "tier": "0-400m",
        "name": "662;673_0-400m"
      },
      "geometry": {
        "type": "Polygon",
        "coordinates": [
          [
            [
              -71.80232401807892,
              42.274442472671176
            ],
            [
              -71.80230250699665,
              42.2745502195739
            ],
            [
              -71.80218694513876,
              42.2748929393121
            ],
            [
              -71.80202670549642,
              42.2752255964278
            ],
            [
              -71.8018233306629,
              42.275544987069715
            ],
            [
              -71.80157877875487,
              42.27584803511037
            ],
            [
              -71.80129540457364,
              42.27613182177931
            ],
            [
              -71.80097593694123,
              42.27639361378211
            ],
            [
              -71.80062345242915,
              42.276630889634134
            ],
            [
              -71.8003266314145,
              42.27679438661195
            ],
            [
              -71.79277620999481,
              42.27323261528423
            ],
            [
              -71.79279359849365,
              42.27314558328182
            ],
            [
              -71.7929092080458,
              42.272802872903846
            ],
            [
              -71.79306948949277,
              42.27247022838515
            ],
            [
              -71.79327289863481,
              42.27215085309291
            ],
            [
              -71.79351747603678,
              42.271847822564716
            ],
            [
              -71.79380086591769,
              42.27156405489803
            ],
            [
              -71.79389555638367,
              42.271486467000564
            ],
            [
              -71.80232401807892,
              42.274442472671176
            ]
          ]
        ]
      }
    },
    {
      "type": "Feature",
      "properties": {
        "stop_id": "1385;1459",
        "tier": "0-400m",
        "name": "1385;1459_0-400m"
      },
      "geometry": {
        "type": "Polygon",
        "coordinates": [
          [
            [
              -71.80283042963092,
              42.26595433831379
            ],
            [
              -71.8028431426716,
              42.26601796447005
            ],
            [
              -71.80286651684936,
              42.26637084030368
            ],
            [
              -71.80284519739617,
              42.266693650804186
            ],
            [
              -71.79357039019983,
              42.26779425894802
            ],
            [
              -71.79356976447299,
              42.2677932762189
            ],
            [
              -71.79354137275931,
              42.2677486858577
            ],
            [
              -71.79338114025745,
              42.267416031440305
            ],
            [
              -71.79326557990339,
              42.26707331351353
            ],
            [
              -71.7931958039199,
              42.26672383277309
            ],
            [
              -71.79317248354286,
              42.26637095499252
            ],
            [
              -71.7931958425855,
              42.26601807860573
            ],
            [
              -71.79325203334905,
              42.26573679268786
            ],
            [
              -71.80047406197612,
              42.26469080110867
            ],
            [
              -71.80283042963092,
              42.26595433831379
            ]
          ]
        ]
      }
    },
    {
      "type": "Feature",
      "properties": {
        "stop_id": "658;677",
        "tier": "0-400m",
        "name": "658;677_0-400m"
      },
      "geometry": {
        "type": "Polygon",
        "coordinates": [
          [
            [
              -71.77937339198438,
              42.28847321708467
            ],
            [
              -71.77978157338141,
              42.28829164470632
            ],
            [
              -71.7802117565691,
              42.28814065142569
            ],
            [
              -71.7806597991428,
              42.288021691169625
            ],
            [
              -71.78112138681014,
              42.28793590940911
            ],
            [
              -71.78159207491687,
              42.28788413213465
            ],
            [
              -71.78206733122498,
              42.28786685790687
            ],
            [
              -71.78216471965439,
              42.28787042270245
            ],
            [
              -71.78647962630156,
              42.29294953805076
            ],
            [
              -71.78647931958561,
              42.292950019372675
            ],
            [
              -71.78634260661833,
              42.2931645589031
            ],
            [
              -71.78609791237929,
              42.29346757299752
            ],
            [
              -71.78581438976398,
              42.29375132053993
            ],
            [
              -71.7854947690241,
              42.29401306861258
            ],
            [
              -71.78514212820589,
              42.294250296153734
            ],
            [
              -71.78475986350986,
              42.29446071824776
            ],
            [
              -71.78435165658043,
              42.29464230814118
            ],
            [
              -71.78392143904115,
              42.29479331677178
            ],
            [
              -71.7834733546168,
              42.29491228962282
            ],
            [
              -71.78319513570246,
              42.29496399455368
            ],
            [
              -71.7790307127534,
              42.28866183974262
            ],
            [
              -71.77937339198438,
              42.28847321708467
            ]
          ]
        ]
      }
    },
    {
      "type": "Feature",
      "properties": {
        "stop_id": "663;672",
        "tier": "0-400m",
        "name": "663;672_0-400m"
      },
      "geometry": {
        "type": "Polygon",
        "coordinates": [
          [
            [
              -71.80348308578027,
              42.27165893878301
            ],
            [
              -71.80349657451409,
              42.271726437402116
            ],
            [
              -71.8035199544479,
              42.27207931274998
            ],
            [
              -71.80349665075089,
              42.27243219086217
            ],
            [
              -71.80342688707526,
              42.272781673301495
            ],
            [
              -71.80331133453828,
              42.273124394278284
            ],
            [
              -71.80315110528724,
              42.27345705306739
            ],
            [
              -71.80294774181527,
              42.27377644580136
            ],
            [
              -71.80270320212966,
              42.27407949633272
            ],
            [
              -71.80241984091404,
              42.274363285866954
            ],
            [
              -71.80232515659719,
              42.27444088076185
            ],
            [
              -71.79389669506074,
              42.2714848751741
            ],
            [
              -71.79391821941658,
              42.271377129790295
            ],
            [
              -71.79393687073102,
              42.27132183585052
            ],
            [
              -71.80348304743707,
              42.27165874691055
            ],
            [
              -71.80348308578027,
              42.27165893878301
            ]
          ]
        ]
      }
    },
    {
      "type": "Feature",
      "properties": {
        "stop_id": "183;209",
        "tier": "0-400m",
        "name": "183;209_0-400m"
      },
      "geometry": {
        "type": "Polygon",
        "coordinates": [
          [
            [
              -71.79375349576401,
              42.288807999697184
            ],
            [
              -71.7864351114195,
              42.28457938212741
            ],
            [
              -71.78647628226814,
              42.28449397397854
            ],
            [
              -71.78667976337583,
              42.28417461105308
            ],
            [
              -71.78692441886429,
              42.28387159522358
            ],
            [
              -71.78720789220041,
              42.28358784444585
            ],
            [
              -71.78731149587075,
              42.283502982708804
            ],
            [
              -71.78731166968095,
              42.28350284034068
            ],
            [
              -71.79576362229228,
              42.28543392228734
            ],
            [
              -71.7957806696136,
              42.285519262790345
            ],
            [
              -71.79580401159934,
              42.285872138858146
            ],
            [
              -71.79578065977255,
              42.28622501454998
            ],
            [
              -71.79571083824872,
              42.286574491451994
            ],
            [
              -71.79559521870168,
              42.28691720382755
            ],
            [
              -71.79543491392369,
              42.287249851034254
            ],
            [
              -71.79523146713507,
              42.287569229316254
            ],
            [
              -71.79498683714529,
              42.28787226266493
            ],
            [
              -71.79470337950757,
              42.28815603245126
            ],
            [
              -71.79438382384772,
              42.28841780554331
            ],
            [
              -71.79403124758505,
              42.288655060638476
            ],
            [
              -71.79375349576401,
              42.288807999697184
            ]
          ]
        ]
      }
    },
    {
      "type": "Feature",
      "properties": {
        "stop_id": "186;205",
        "tier": "0-400m",
        "name": "186;205_0-400m"
      },
      "geometry": {
        "type": "Polygon",
        "coordinates": [
          [
            [
              -71.79846786290194,
              42.2798438779776
            ],
            [
              -71.79835227059739,
              42.280186593535156
            ],
            [
              -71.79819199737885,
              42.28051924498591
            ],
            [
              -71.79798858616287,
              42.28083862853318
            ],
            [
              -71.79774399541643,
              42.281141668117726
            ],
            [
              -71.79759425614257,
              42.28129159896739
            ],
            [
              -71.78887611479998,
              42.27930951738881
            ],
            [
              -71.78886500540625,
              42.27914127301678
            ],
            [
              -71.78888839319791,
              42.27878839829688
            ],
            [
              -71.78895824381983,
              42.27843892507238
            ],
            [
              -71.78907388382709,
              42.27809621887839
            ],
            [
              -71.78923419885638,
              42.27776358002806
            ],
            [
              -71.78943764438442,
              42.27744421183388
            ],
            [
              -71.78968226062565,
              42.277141189765025
            ],
            [
              -71.78979479305742,
              42.27702852784163
            ],
            [
              -71.78979788677763,
              42.277025430554204
            ],
            [
              -71.79847713592744,
              42.27979744868365
            ],
            [
              -71.79846786290194,
              42.2798438779776
            ]
          ]
        ]
      }
    },
    {
      "type": "Feature",
      "properties": {
        "stop_id": "188;203",
        "tier": "0-400m",
        "name": "188;203_0-400m"
      },
      "geometry": {
        "type": "Polygon",
        "coordinates": [
          [
            [
              -71.80032504029533,
              42.27679576911847
            ],
            [
              -71.80030766115502,
              42.27688280220665
            ],
            [
              -71.8001920842289,
              42.27722551979542
            ],
            [
              -71.80003182818795,
              42.277558173988794
            ],
            [
              -71.79982843578333,
              42.27787756096367
            ],
            [
              -71.79958386530089,
              42.27818060462781
            ],
            [
              -71.7993004717208,
              42.278464386252914
            ],
            [
              -71.79928760385171,
              42.278474930169416
            ],
            [
              -71.79083013986168,
              42.27538406276072
            ],
            [
              -71.79083177731025,
              42.27537920941987
            ],
            [
              -71.79091407096442,
              42.275135292881664
            ],
            [
              -71.7910743688124,
              42.27480265128696
            ],
            [
              -71.79127779552675,
              42.274483279663386
            ],
            [
              -71.79152239150311,
              42.27418025351322
            ],
            [
              -71.79180580078155,
              42.27389649089174
            ],
            [
              -71.7921252937499,
              42.27363472431449
            ],
            [
              -71.79247779344004,
              42.27339747445215
            ],
            [
              -71.79277461880022,
              42.27323399768689
            ],
            [
              -71.80032504029533,
              42.27679576911847
            ]
          ]
        ]
      }
    },
    {
      "type": "Feature",
      "properties": {
        "stop_id": "388;823",
        "tier": "0-400m",
        "name": "388;823_0-400m"
      },
      "geometry": {
        "type": "Polygon",
        "coordinates": [
          [
            [
              -71.77886215777019,
              42.29685576618809
            ],
            [
              -71.7785094762074,
              42.29709297322184
            ],
            [
              -71.77812717224695,
              42.29730337310929
            ],
            [
              -71.77771892791162,
              42.29748493931073
            ],
            [
              -71.77728867518535,
              42.29763592299216
            ],
            [
              -71.77684055813194,
              42.29775486987716
            ],
            [
              -71.77637889296645,
              42.297840634260815
            ],
            [
              -71.77590812646453,
              42.297892390050535
            ],
            [
              -71.77543279311108,
              42.29790963872691
            ],
            [
              -71.77495747140198,
              42.2978922141479
            ],
            [
              -71.7744867397209,
              42.29784028415
            ],
            [
              -71.7740251322171,
              42.297754348930674
            ],
            [
              -71.77357709511051,
              42.29763523622817
            ],
            [
              -71.77314694384565,
              42.297484093344586
            ],
            [
              -71.77273882150844,
              42.29730237608982
            ],
            [
              -71.77235665890713,
              42.297091834752784
            ],
            [
              -71.77200413670222,
              42.296854497235515
            ],
            [
              -71.7716846499511,
              42.296592649512796
            ],
            [
              -71.77140127540885,
              42.29630881360603
            ],
            [
              -71.77115674190036,
              42.296005723283855
            ],
            [
              -71.77095340404901,
              42.29568629772396
            ],
            [
              -71.7707932196145,
              42.29535361339009
            ],
            [
              -71.7706777306576,
              42.295010874395565
            ],
            [
              -71.77060804871235,
              42.294661381638896
            ],
            [
              -71.77058484410794,
              42.294308501009176
            ],
            [
              -71.77060833954167,
              42.293955630967574
            ],
            [
              -71.77067830796405,
              42.2936061698172
            ],
            [
              -71.77079407479528,
              42.2932634829767
            ],
            [
              -71.77095452445042,
              42.29293087057261
            ],
            [
              -71.77115811110951,
              42.29261153566258
            ],
            [
              -71.77140287362779,
              42.29230855339503
            ],
            [
              -71.77168645444156,
              42.292024841402494
            ],
            [
              -71.7720061222869,
              42.29176313171274
            ],
            [
              -71.77235879851189,
              42.29152594444846
            ],
            [
              -71.77274108672864,
              42.29131556356804
            ],
            [
              -71.77314930551944,
              42.291134014880726
            ],
            [
              -71.77357952388196,
              42.29098304654747
            ],
            [
              -71.774027599073,
              42.290864112254866
            ],
            [
              -71.77446099674576,
              42.29078359968737
            ],
            [
              -71.77921943479875,
              42.29655640045419
            ],
            [
              -71.7791818203423,
              42.296594036726106
            ],
            [
              -71.77886215777019,
              42.29685576618809
            ]
          ]
        ]
      }
    },
    {
      "type": "Feature",
      "properties": {
        "stop_id": "1386;95",
        "tier": "0-400m",
        "name": "1386;95_0-400m"
      },
      "geometry": {
        "type": "Polygon",
        "coordinates": [
          [
            [
              -71.79307438567477,
              42.26551404998115
            ],
            [
              -71.79287103514098,
              42.2651946615673
            ],
            [
              -71.79271081262979,
              42.264862006064945
            ],
            [
              -71.79259526056978,
              42.26451928730978
            ],
            [
              -71.79252549110393,
              42.26416980600547
            ],
            [
              -71.79250217540539,
              42.26381692793098
            ],
            [
              -71.79252553724247,
              42.26346405152304
            ],
            [
              -71.7925746889995,
              42.263218005670254
            ],
            [
              -71.79337005414158,
              42.26283044568918
            ],
            [
              -71.7990244608394,
              42.2620962163379
            ],
            [
              -71.80047265761107,
              42.26468917010052
            ],
            [
              -71.79325256896601,
              42.265734880706574
            ],
            [
              -71.79325222284834,
              42.26573445174882
            ],
            [
              -71.79307438567477,
              42.26551404998115
            ]
          ]
        ]
      }
    },
    {
      "type": "Feature",
      "properties": {
        "stop_id": "NON_CORRIDOR_ORANGE",
        "corridor": "Orange",
        "tier": "0-400m",
        "range": "0-400m",
        "name": "Orange_0-400m",
        "region_type": "non_corridor_route_area"
      },
      "geometry": {
        "type": "MultiPolygon",
        "coordinates": [
          [
            [
              [
                -71.80644487819484,
                42.26356457744901
              ],
              [
                -71.80644496975881,
                42.26356463112541
              ],
              [
                -71.80644506811134,
                42.26356467811691
              ],
              [
                -71.80644517210304,
                42.26356471784903
              ],
              [
                -71.80644528076579,
                42.26356474995185
              ],
              [
                -71.80644539308794,
                42.26356477412651
              ],
              [
                -71.8064455080238,
                42.263564790147946
              ],
              [
                -71.8064456245034,
                42.263564797867005
              ],
              [
                -71.80644574144232,
                42.26356479721185
              ],
              [
                -71.8064458577519,
                42.26356478818854
              ],
              [
                -71.80644597234934,
                42.2635647708811
              ],
              [
                -71.80644608416776,
                42.26356474545067
              ],
              [
                -71.80644619216619,
                42.26356471213397
              ],
              [
                -71.80658457638222,
                42.26351608128516
              ],
              [
                -71.80658348900248,
                42.26353256147504
              ],
              [
                -71.80651375218225,
                42.26388204633505
              ],
              [
                -71.80639823261144,
                42.26422477095394
              ],
              [
                -71.80623804212001,
                42.264557434571586
              ],
              [
                -71.80603472282816,
                42.26487683327423
              ],
              [
                -71.80579023231776,
                42.26517989085681
              ],
              [
                -71.80550692479893,
                42.26546368845703
              ],
              [
                -71.80518752845177,
                42.26572549267532
              ],
              [
                -71.80483511916118,
                42.26596278190944
              ],
              [
                -71.80445309089734,
                42.26617327064978
              ],
              [
                -71.80404512302707,
                42.266354931501105
              ],
              [
                -71.80361514487076,
                42.26650601471795
              ],
              [
                -71.80316729784685,
                42.26662506506525
              ],
              [
                -71.80284700373326,
                42.2666846746682
              ],
              [
                -71.80286772745126,
                42.2663708844121
              ],
              [
                -71.8028677274426,
                42.26637079606431
              ],
              [
                -71.8028443532581,
                42.266017920230915
              ],
              [
                -71.80284434159086,
                42.26601783230919
              ],
              [
                -71.802831628549,
                42.265954206153054
              ],
              [
                -71.8028316048631,
                42.26595411810833
              ],
              [
                -71.8028315694878,
                42.26595403225387
              ],
              [
                -71.80283152277491,
                42.265953949443634
              ],
              [
                -71.8028314651891,
                42.265953870501285
              ],
              [
                -71.80283139730312,
                42.265953796212024
              ],
              [
                -71.80283131979222,
                42.265953727314766
              ],
              [
                -71.80283123342736,
                42.2659536644948
              ],
              [
                -71.80283113906778,
                42.26595360837711
              ],
              [
                -71.80283302843549,
                42.26595462145867
              ],
              [
                -71.80283312668831,
                42.265954668948936
              ],
              [
                -71.80283323065817,
                42.265954709167154
              ],
              [
                -71.8028333393725,
                42.26595474173713
              ],
              [
                -71.80283345181438,
                42.265954766354206
              ],
              [
                -71.80283356693204,
                42.2659547827881
              ],
              [
                -71.80283368364866,
                42.26595479088511
              ],
              [
                -71.80283380087249,
                42.26595479056948
              ],
              [
                -71.80283391750703,
                42.26595478184419
              ],
              [
                -71.80283403246125,
                42.2659547647908
              ],
              [
                -71.8032575769604,
                42.265875938283415
              ],
              [
                -71.80325769078078,
                42.26587591263086
              ],
              [
                -71.80370553233257,
                42.26575686191516
              ],
              [
                -71.80370564221924,
                42.26575682809918
              ],
              [
                -71.8041356150688,
                42.26560574452343
              ],
              [
                -71.80413571996336,
                42.26560570286973
              ],
              [
                -71.8045436827433,
                42.26542404167249
              ],
              [
                -71.80454378163543,
                42.265423992582285
              ],
              [
                -71.80492580507425,
                42.265213503512435
              ],
              [
                -71.8049258970115,
                42.265213447458564
              ],
              [
                -71.8052783017888,
                42.26497615791457
              ],
              [
                -71.80527838588576,
                42.26497609543692
              ],
              [
                -71.80559777807483,
                42.26471429093144
              ],
              [
                -71.80559785352155,
                42.264714222631795
              ],
              [
                -71.80588115727754,
                42.26443042476985
              ],
              [
                -71.8058812233475,
                42.26443035130603
              ],
              [
                -71.8061257105266,
                42.26412729348987
              ],
              [
                -71.80612576658358,
                42.26412721556944
              ],
              [
                -71.80632908300785,
                42.263807816663586
              ],
              [
                -71.80632912851209,
                42.263807735037005
              ],
              [
                -71.8064456202457,
                42.26356581620352
              ],
              [
                -71.80644565524348,
                42.2635657302152
              ],
              [
                -71.80644567853004,
                42.263565642064215
              ],
              [
                -71.8064456898735,
                42.26356555262824
              ],
              [
                -71.80644568916094,
                42.263565462797835
              ],
              [
                -71.80644567639945,
                42.26356537346737
              ],
              [
                -71.80644565171609,
                42.26356528552631
              ],
              [
                -71.80644561535662,
                42.263565199850284
              ],
              [
                -71.80644556768307,
                42.263565117292345
              ],
              [
                -71.80644550917015,
                42.263565038674514
              ],
              [
                -71.8064454404004,
                42.263564964779576
              ],
              [
                -71.8064453620586,
                42.263564896343254
              ],
              [
                -71.80644527492477,
                42.263564834047
              ],
              [
                -71.80644487819484,
                42.26356457744901
              ]
            ]
          ],
          [
            [
              [
                -71.8188554762988,
                42.247899731757585
              ],
              [
                -71.81885537079386,
                42.247899689149875
              ],
              [
                -71.81885526013072,
                42.24789965451028
              ],
              [
                -71.81885514539624,
                42.24789962817904
              ],
              [
                -71.8188550277173,
                42.24789961041475
              ],
              [
                -71.81885490824962,
                42.24789960139188
              ],
              [
                -71.81885478816658,
                42.24789960119906
              ],
              [
                -71.81885466864752,
                42.24789960983815
              ],
              [
                -71.8188545508663,
                42.24789962722435
              ],
              [
                -71.81864182762502,
                42.247939259806145
              ],
              [
                -71.81864171384312,
                42.24793928547404
              ],
              [
                -71.81819402643451,
                42.248058394866526
              ],
              [
                -71.81819391658632,
                42.24805842869648
              ],
              [
                -71.81808267520385,
                42.24809754449034
              ],
              [
                -71.81808337930585,
                42.248096838761064
              ],
              [
                -71.81840263338349,
                42.24783499783751
              ],
              [
                -71.8187548909076,
                42.247597666178685
              ],
              [
                -71.81913675952141,
                42.247387129133834
              ],
              [
                -71.81954456184678,
                42.24720541401624
              ],
              [
                -71.81972114199864,
                42.24714331944644
              ],
              [
                -71.81951180473663,
                42.24728436391161
              ],
              [
                -71.81951172067723,
                42.24728442639989
              ],
              [
                -71.81919247396232,
                42.24754627043561
              ],
              [
                -71.8191923985507,
                42.247546338744414
              ],
              [
                -71.81890923002099,
                42.24783017031104
              ],
              [
                -71.81890916398348,
                42.2478302437826
              ],
              [
                -71.81885466080938,
                42.24789784490849
              ],
              [
                -71.81885460528454,
                42.247897922047095
              ],
              [
                -71.81885456009823,
                42.24789800282533
              ],
              [
                -71.81885452567708,
                42.24789808648055
              ],
              [
                -71.81885450234608,
                42.24789817222287
              ],
              [
                -71.81885449032553,
                42.247898259242774
              ],
              [
                -71.8188544897289,
                42.247898346718664
              ],
              [
                -71.81885450056184,
                42.24789843382461
              ],
              [
                -71.81885452272205,
                42.24789851973822
              ],
              [
                -71.81885455600032,
                42.24789860364831
              ],
              [
                -71.81885460008245,
                42.247898684762646
              ],
              [
                -71.8188546545522,
                42.24789876231537
              ],
              [
                -71.81885471889534,
                42.247898835574276
              ],
              [
                -71.81885582698158,
                42.247899972417805
              ],
              [
                -71.81885575181609,
                42.24789990283899
              ],
              [
                -71.81885566775006,
                42.24789983912942
              ],
              [
                -71.81885557560932,
                42.247899781914974
              ],
              [
                -71.8188554762988,
                42.247899731757585
              ]
            ]
          ],
          [
            [
              [
                -71.82413443458913,
                42.25331498405421
              ],
              [
                -71.82413450965164,
                42.25331505352288
              ],
              [
                -71.82413459373018,
                42.25331511722851
              ],
              [
                -71.82413468588358,
                42.25331517443865
              ],
              [
                -71.82413478520678,
                42.25331522459142
              ],
              [
                -71.8241348907243,
                42.25331526719423
              ],
              [
                -71.82413500139978,
                42.2533153018287
              ],
              [
                -71.82413511614627,
                42.25331532815463
              ],
              [
                -71.82413523383677,
                42.253315345913485
              ],
              [
                -71.82413535331541,
                42.25331535493085
              ],
              [
                -71.82413547340876,
                42.253315355118154
              ],
              [
                -71.82413559293731,
                42.25331534647354
              ],
              [
                -71.82413571072715,
                42.25331532908195
              ],
              [
                -71.82413727245743,
                42.25331503806223
              ],
              [
                -71.8243484485932,
                42.25327568634528
              ],
              [
                -71.82434856238235,
                42.25327566067175
              ],
              [
                -71.82479627510376,
                42.253156527359565
              ],
              [
                -71.82479638495728,
                42.253156493523306
              ],
              [
                -71.82504224695509,
                42.253070030255955
              ],
              [
                -71.82490537944705,
                42.253162249979084
              ],
              [
                -71.82452349518795,
                42.25337280602126
              ],
              [
                -71.82411566743022,
                42.25355453865023
              ],
              [
                -71.82380144460929,
                42.2536650385423
              ],
              [
                -71.82408103257117,
                42.2533847884204
              ],
              [
                -71.82408109860847,
                42.253384714945945
              ],
              [
                -71.82413560092341,
                42.25331711140118
              ],
              [
                -71.82413565644657,
                42.25331703426008
              ],
              [
                -71.82413570163001,
                42.25331695347984
              ],
              [
                -71.82413573604713,
                42.25331686982314
              ],
              [
                -71.82413575937295,
                42.25331678407982
              ],
              [
                -71.82413577138726,
                42.25331669705944
              ],
              [
                -71.82413577197664,
                42.2533166095836
              ],
              [
                -71.82413576113552,
                42.25331652247823
              ],
              [
                -71.82413573896625,
                42.25331643656573
              ],
              [
                -71.82413570567813,
                42.253316352657265
              ],
              [
                -71.82413566158547,
                42.253316271545025
              ],
              [
                -71.82413560710457,
                42.25331619399488
              ],
              [
                -71.82413554274981,
                42.25331612073902
              ],
              [
                -71.82413443458913,
                42.25331498405421
              ]
            ]
          ],
          [
            [
              [
                -71.83227385884676,
                42.24907987763976
              ],
              [
                -71.83227393623459,
                42.24907980732284
              ],
              [
                -71.83227400369171,
                42.249079731570234
              ],
              [
                -71.83227406053149,
                42.24907965115301
              ],
              [
                -71.83227410617529,
                42.24907956688981
              ],
              [
                -71.83227414015852,
                42.24907947963839
              ],
              [
                -71.8322741621352,
                42.249079390286916
              ],
              [
                -71.83227417188166,
                42.249079299744935
              ],
              [
                -71.83227416929867,
                42.249079208934134
              ],
              [
                -71.83227415441252,
                42.249079118778894
              ],
              [
                -71.83227412737473,
                42.249079030196974
              ],
              [
                -71.83227408846057,
                42.2490789440901
              ],
              [
                -71.83227403806615,
                42.24907886133477
              ],
              [
                -71.83227397670443,
                42.24907878277342
              ],
              [
                -71.83227219571768,
                42.24907674641792
              ],
              [
                -71.83227226121836,
                42.24907681401291
              ],
              [
                -71.83227233737179,
                42.24907687860058
              ],
              [
                -71.83227242146079,
                42.24907693750429
              ],
              [
                -71.83227251272041,
                42.24907699018817
              ],
              [
                -71.83227261032052,
                42.249077036173
              ],
              [
                -71.83227271337323,
                42.24907707504043
              ],
              [
                -71.8322728209411,
                42.24907710643692
              ],
              [
                -71.83227293204563,
                42.249077130076834
              ],
              [
                -71.83227304567609,
                42.24907714574516
              ],
              [
                -71.83227316079886,
                42.249077153299325
              ],
              [
                -71.83227327636665,
                42.24907715267066
              ],
              [
                -71.83227339132816,
                42.24907714386484
              ],
              [
                -71.83227350463766,
                42.249077126961986
              ],
              [
                -71.83227830168909,
                42.24907623263582
              ],
              [
                -71.83237829258205,
                42.24905759103472
              ],
              [
                -71.83237840636038,
                42.24905756535319
              ],
              [
                -71.83269557272381,
                42.248973139027186
              ],
              [
                -71.83236468635468,
                42.24915562404107
              ],
              [
                -71.8319604820094,
                42.24933579175476
              ],
              [
                -71.83196853176007,
                42.249330366705216
              ],
              [
                -71.83196861580988,
                42.24933030420784
              ],
              [
                -71.83227385884676,
                42.24907987763976
              ]
            ]
          ],
          [
            [
              [
                -71.82975492908525,
                42.246198538745354
              ],
              [
                -71.82723755919146,
                42.243320213005184
              ],
              [
                -71.82723749167803,
                42.24332014331801
              ],
              [
                -71.82723741553664,
                42.24332007872692
              ],
              [
                -71.82723733145998,
                42.24332001981945
              ],
              [
                -71.82723724021282,
                42.24331996713152
              ],
              [
                -71.82723714262526,
                42.24331992114235
              ],
              [
                -71.82723703958501,
                42.24331988227037
              ],
              [
                -71.82723693202942,
                42.24331985086911
              ],
              [
                -71.82723682093689,
                42.24331982722429
              ],
              [
                -71.827236707318,
                42.24331981155096
              ],
              [
                -71.8272365922063,
                42.24331980399173
              ],
              [
                -71.82723647664898,
                42.24331980461533
              ],
              [
                -71.8272363616972,
                42.24331981341611
              ],
              [
                -71.82723624839667,
                42.24331983031399
              ],
              [
                -71.82723145171012,
                42.243320724430134
              ],
              [
                -71.82713146836117,
                42.24333936156153
              ],
              [
                -71.827131354591,
                42.24333938723787
              ],
              [
                -71.82668371567641,
                42.243458529862714
              ],
              [
                -71.82668360584071,
                42.243458563700834
              ],
              [
                -71.82625383721957,
                42.24360973236377
              ],
              [
                -71.82625373237603,
                42.24360977403784
              ],
              [
                -71.82610011906819,
                42.24367823996771
              ],
              [
                -71.82615254928679,
                42.24363522759881
              ],
              [
                -71.82650475440003,
                42.24339787196657
              ],
              [
                -71.82688657191825,
                42.24318730896683
              ],
              [
                -71.82729432495515,
                42.24300556616294
              ],
              [
                -71.82772408699206,
                42.24285439358532
              ],
              [
                -71.82796319492661,
                42.24279075033653
              ],
              [
                -71.82789349989062,
                42.242829186897936
              ],
              [
                -71.82789340800619,
                42.24282924297041
              ],
              [
                -71.82754121126057,
                42.243066602890394
              ],
              [
                -71.8275411272147,
                42.2430666653846
              ],
              [
                -71.82723589443874,
                42.24331707961785
              ],
              [
                -71.82723581705238,
                42.243317149931435
              ],
              [
                -71.82723574959536,
                42.24331722568116
              ],
              [
                -71.82723569275434,
                42.24331730609597
              ],
              [
                -71.82723564710798,
                42.24331739035725
              ],
              [
                -71.82723561312092,
                42.24331747760727
              ],
              [
                -71.82723559113911,
                42.24331756695786
              ],
              [
                -71.82723558138632,
                42.24331765749951
              ],
              [
                -71.82723558396185,
                42.24331774831053
              ],
              [
                -71.82723559883947,
                42.24331783846651
              ],
              [
                -71.82723562586774,
                42.24331792704969
              ],
              [
                -71.82723566477151,
                42.24331801315837
              ],
              [
                -71.82723571515476,
                42.243318095915996
              ],
              [
                -71.82723577650464,
                42.24331817448014
              ],
              [
                -71.82975492908525,
                42.246198538745354
              ]
            ]
          ],
          [
            [
              [
                -71.83413856483782,
                42.199148678046086
              ],
              [
                -71.8345680132185,
                42.19899747870097
              ],
              [
                -71.83501532333358,
                42.19887830441762
              ],
              [
                -71.83547618794152,
                42.19879230272819
              ],
              [
                -71.83594616934828,
                42.19874030174108
              ],
              [
                -71.83642074211839,
                42.19872280217102
              ],
              [
                -71.83689533662897,
                42.19873997252006
              ],
              [
                -71.83736538304785,
                42.19879164745597
              ],
              [
                -71.837826355314,
                42.19887732940338
              ],
              [
                -71.83827381469736,
                42.19899619333248
              ],
              [
                -71.83870345252002,
                42.199147094699455
              ],
              [
                -71.83911113162794,
                42.199328580462044
              ],
              [
                -71.83949292621517,
                42.199538903064685
              ],
              [
                -71.83984515961728,
                42.199776037258786
              ],
              [
                -71.84016443971117,
                42.20003769959646
              ],
              [
                -71.84044769157987,
                42.20032137041046
              ],
              [
                -71.84069218712868,
                42.20062431806909
              ],
              [
                -71.84089557136684,
                42.20094362527271
              ],
              [
                -71.8410558851013,
                42.20127621713933
              ],
              [
                -71.84117158382385,
                42.2016188908089
              ],
              [
                -71.84124155260842,
                42.20196834628159
              ],
              [
                -71.84124646757434,
                42.202041947602865
              ],
              [
                -71.84124647928306,
                42.202042035521664
              ],
              [
                -71.84124650252559,
                42.20204212216381
              ],
              [
                -71.8412465370781,
                42.202042206694884
              ],
              [
                -71.84124658260784,
                42.202042288300795
              ],
              [
                -71.84124663867632,
                42.20204236619566
              ],
              [
                -71.84125626829658,
                42.202054297474994
              ],
              [
                -71.84145965996778,
                42.2023736035967
              ],
              [
                -71.84161998028227,
                42.20270619459017
              ],
              [
                -71.84173568466836,
                42.20304886760373
              ],
              [
                -71.84180565814549,
                42.20339832264391
              ],
              [
                -71.84182922608824,
                42.203751194350914
              ],
              [
                -71.841806160752,
                42.20410408440572
              ],
              [
                -71.84173668349592,
                42.20445359425662
              ],
              [
                -71.84162146268078,
                42.20479635785021
              ],
              [
                -71.84146160726084,
                42.20512907405155
              ],
              [
                -71.84125865613044,
                42.20544853844087
              ],
              [
                -71.84101456332658,
                42.205751674181094
              ],
              [
                -71.84073167922953,
                42.20603556165767
              ],
              [
                -71.84041272794147,
                42.20629746660596
              ],
              [
                -71.84006078106054,
                42.20653486645402
              ],
              [
                -71.83986727166234,
                42.20664167938176
              ],
              [
                -71.83986717984097,
                42.2066417354642
              ],
              [
                -71.83986709585554,
                42.206641797967826
              ],
              [
                -71.83986702051489,
                42.206641866290674
              ],
              [
                -71.83986695454458,
                42.206641939774826
              ],
              [
                -71.83986689857994,
                42.20664201771251
              ],
              [
                -71.83986685315995,
                42.20664209935319
              ],
              [
                -71.83986681872202,
                42.2066421839106
              ],
              [
                -71.8398667955978,
                42.20664227057044
              ],
              [
                -71.83986678401001,
                42.20664235849809
              ],
              [
                -71.83986678407022,
                42.20664244684678
              ],
              [
                -71.8398667957779,
                42.20664253476564
              ],
              [
                -71.83986681902022,
                42.20664262140799
              ],
              [
                -71.83986685357341,
                42.20664270593941
              ],
              [
                -71.83986689910466,
                42.20664278754582
              ],
              [
                -71.84006301328044,
                42.206950659151126
              ],
              [
                -71.84022333785678,
                42.2072832518309
              ],
              [
                -71.84033904306145,
                42.20762592597965
              ],
              [
                -71.84040901390573,
                42.207975381592924
              ],
              [
                -71.84043257578948,
                42.20832825330544
              ],
              [
                -71.84040950102629,
                42.208681142798056
              ],
              [
                -71.8403400110659,
                42.20903065152451
              ],
              [
                -71.8402247743913,
                42.2093734134422
              ],
              [
                -71.8400649001094,
                42.20970612743228
              ],
              [
                -71.83986192729603,
                42.210025589096276
              ],
              [
                -71.83961781019698,
                42.2103287216233
              ],
              [
                -71.83952409197731,
                42.21042276253544
              ],
              [
                -71.83952402600266,
                42.21042283601933
              ],
              [
                -71.83950881394281,
                42.21044172541293
              ],
              [
                -71.83922590217989,
                42.21072560894494
              ],
              [
                -71.83890692107796,
                42.21098750949314
              ],
              [
                -71.83855494252234,
                42.21122490452796
              ],
              [
                -71.83817335633408,
                42.211435507521216
              ],
              [
                -71.8377658376213,
                42.211617289977575
              ],
              [
                -71.83733631137726,
                42.21176850098058
              ],
              [
                -71.8368889146664,
                42.211887684064656
              ],
              [
                -71.8364279567634,
                42.21197369125005
              ],
              [
                -71.83595787762934,
                42.21202569410565
              ],
              [
                -71.83548320512612,
                42.212043191732235
              ],
              [
                -71.83500851138224,
                42.212026015589764
              ],
              [
                -71.8345383687309,
                42.21197433112148
              ],
              [
                -71.83407730564623,
                42.21188863615964
              ],
              [
                -71.83362976310305,
                42.211769756127886
              ],
              [
                -71.83320005178156,
                42.21161883608676
              ],
              [
                -71.83279231052992,
                42.2114373296993
              ],
              [
                -71.83241046648608,
                42.211226985222936
              ],
              [
                -71.83205819724304,
                42.21098982866308
              ],
              [
                -71.83173889542306,
                42.21072814425125
              ],
              [
                -71.83145563600183,
                42.21044445243555
              ],
              [
                -71.8312111466977,
                42.21014148559661
              ],
              [
                -71.8310077817109,
                42.209822161722684
              ],
              [
                -71.83084749906536,
                42.20948955629817
              ],
              [
                -71.83073184177077,
                42.209146872676534
              ],
              [
                -71.83066192298563,
                42.208797411223266
              ],
              [
                -71.83063841532325,
                42.208444537526354
              ],
              [
                -71.83066154440257,
                42.208091649980744
              ],
              [
                -71.83073108670519,
                42.20774214705872
              ],
              [
                -71.83084637175749,
                42.207399394581934
              ],
              [
                -71.83100628861634,
                42.20706669330975
              ],
              [
                -71.83120929659431,
                42.20674724715648
              ],
              [
                -71.83145344012058,
                42.20644413234267
              ],
              [
                -71.83154716443424,
                42.20635009796241
              ],
              [
                -71.83154723041389,
                42.20635002448307
              ],
              [
                -71.83156244386495,
                42.2063311361323
              ],
              [
                -71.83184537034496,
                42.20604727129317
              ],
              [
                -71.83216435577222,
                42.205785390167236
              ],
              [
                -71.83251632806589,
                42.20554801452881
              ],
              [
                -71.83270984651259,
                42.205441213988514
              ],
              [
                -71.83270993833857,
                42.2054411579118
              ],
              [
                -71.83271002232944,
                42.20544109541342
              ],
              [
                -71.83271009767638,
                42.20544102709524
              ],
              [
                -71.83271016365374,
                42.205440953615216
              ],
              [
                -71.83271021962614,
                42.205440875680985
              ],
              [
                -71.83271026505447,
                42.20544079404312
              ],
              [
                -71.8327102995013,
                42.20544070948783
              ],
              [
                -71.83271032263485,
                42.20544062282943
              ],
              [
                -71.83271033423236,
                42.205440534902486
              ],
              [
                -71.83271033418211,
                42.20544044655378
              ],
              [
                -71.83271032248462,
                42.20544035863416
              ],
              [
                -71.8327102992525,
                42.205440271990334
              ],
              [
                -71.83271026470952,
                42.20544018745674
              ],
              [
                -71.83271021918833,
                42.205440105847465
              ],
              [
                -71.83251414540302,
                42.205132221577394
              ],
              [
                -71.83235386672351,
                42.20479961798564
              ],
              [
                -71.83223820985388,
                42.204456935602586
              ],
              [
                -71.83216828794872,
                42.204107474781736
              ],
              [
                -71.83216338336186,
                42.204033873096755
              ],
              [
                -71.83216337166537,
                42.20403378517707
              ],
              [
                -71.8321633484345,
                42.20403369853311
              ],
              [
                -71.83216331389303,
                42.20403361399933
              ],
              [
                -71.83216326837356,
                42.20403353238982
              ],
              [
                -71.83216321231448,
                42.20403345449055
              ],
              [
                -71.83215358410492,
                42.204021522451335
              ],
              [
                -71.83195023401869,
                42.20370219990553
              ],
              [
                -71.8317899619171,
                42.20336959544131
              ],
              [
                -71.83167431070842,
                42.20302691240286
              ],
              [
                -71.83160439349278,
                42.20267745115006
              ],
              [
                -71.83158088286852,
                42.202324577268975
              ],
              [
                -71.8316040044834,
                42.201971689156316
              ],
              [
                -71.83167353489102,
                42.201622185289835
              ],
              [
                -71.8317888037326,
                42.201279431500296
              ],
              [
                -71.83194870022123,
                42.20094672855977
              ],
              [
                -71.83215168386587,
                42.20062728039862
              ],
              [
                -71.83239579933011,
                42.20032416325679
              ],
              [
                -71.83267869528204,
                42.20004029606647
              ],
              [
                -71.83299764705298,
                42.199778412350824
              ],
              [
                -71.83334958288616,
                42.19954103390915
              ],
              [
                -71.83373111352246,
                42.1993304465415
              ],
              [
                -71.83413856483782,
                42.199148678046086
              ]
            ]
          ],
          [
            [
              [
                -71.83415743260142,
                42.24831855084151
              ],
              [
                -71.83415746960232,
                42.24831863210355
              ],
              [
                -71.83415751692496,
                42.24831871048381
              ],
              [
                -71.83415757408729,
                42.2483187851561
              ],
              [
                -71.83415764056875,
                42.248318855440495
              ],
              [
                -71.83415771576406,
                42.248318920697045
              ],
              [
                -71.83415779898854,
                42.24831898033156
              ],
              [
                -71.8341578894844,
                42.248319033801074
              ],
              [
                -71.83415798642766,
                42.24831908061872
              ],
              [
                -71.83415808893562,
                42.24831912035821
              ],
              [
                -71.83415819607492,
                42.248319152657714
              ],
              [
                -71.83415830687004,
                42.24831917722312
              ],
              [
                -71.83415842031214,
                42.24831919383075
              ],
              [
                -71.8344650339238,
                42.2483528826573
              ],
              [
                -71.8344651522682,
                42.24835289127792
              ],
              [
                -71.83494011818492,
                42.24837006952393
              ],
              [
                -71.83494023709677,
                42.248370069484224
              ],
              [
                -71.83531882658711,
                42.24835612373614
              ],
              [
                -71.83512727019118,
                42.24842351528361
              ],
              [
                -71.83467961038268,
                42.248542689017384
              ],
              [
                -71.8342183826785,
                42.248628686803336
              ],
              [
                -71.8337480296392,
                42.24868068030076
              ],
              [
                -71.83347209729689,
                42.24869084084608
              ],
              [
                -71.83366384873365,
                42.2486053666558
              ],
              [
                -71.83366394757692,
                42.24860531754035
              ],
              [
                -71.83404577268101,
                42.248394730894894
              ],
              [
                -71.83404586456807,
                42.248394674817526
              ],
              [
                -71.83415715841817,
                42.248319664483404
              ],
              [
                -71.83415724487129,
                42.24831960000381
              ],
              [
                -71.83415732212013,
                42.24831952936844
              ],
              [
                -71.8341573893752,
                42.24831945329915
              ],
              [
                -71.83415744594912,
                42.24831937257347
              ],
              [
                -71.83415749126368,
                42.24831928801639
              ],
              [
                -71.83415752485573,
                42.24831920049215
              ],
              [
                -71.83415754638199,
                42.248319110895245
              ],
              [
                -71.83415755562243,
                42.248319020141395
              ],
              [
                -71.83415755248262,
                42.24831892915817
              ],
              [
                -71.83415753699464,
                42.248318838875385
              ],
              [
                -71.83415750931678,
                42.2483187502158
              ],
              [
                -71.83415743260142,
                42.24831855084151
              ]
            ]
          ],
          [
            [
              [
                -71.8329549274124,
                42.24519338004214
              ],
              [
                -71.83175021448073,
                42.24206247157697
              ],
              [
                -71.8317501774354,
                42.24206239020153
              ],
              [
                -71.83175013012038,
                42.2420623118202
              ],
              [
                -71.83175007296657,
                42.24206223714662
              ],
              [
                -71.83175000649436,
                42.24206216686075
              ],
              [
                -71.83174993130895,
                42.24206210160255
              ],
              [
                -71.83174984809496,
                42.242062041966214
              ],
              [
                -71.83174975761008,
                42.24206198849474
              ],
              [
                -71.83174966067818,
                42.24206194167502
              ],
              [
                -71.83174955818187,
                42.242061901933326
              ],
              [
                -71.83174945105438,
                42.24206186963154
              ],
              [
                -71.83174934027114,
                42.24206184506378
              ],
              [
                -71.8317492268409,
                42.242061828453735
              ],
              [
                -71.83144264513987,
                42.24202813232508
              ],
              [
                -71.83144252680769,
                42.242028123701346
              ],
              [
                -71.83096760941368,
                42.24201093094464
              ],
              [
                -71.83096749051379,
                42.24201093098019
              ],
              [
                -71.8307733267102,
                42.24201807670454
              ],
              [
                -71.83098517899302,
                42.24192363914805
              ],
              [
                -71.83141492487587,
                42.24177245271175
              ],
              [
                -71.83186254296935,
                42.24165329158597
              ],
              [
                -71.83232372306712,
                42.24156730317598
              ],
              [
                -71.83279402443813,
                42.24151531546219
              ],
              [
                -71.83288428606319,
                42.24151199202373
              ],
              [
                -71.83265158938298,
                42.24159385998934
              ],
              [
                -71.83265148454697,
                42.24159390166927
              ],
              [
                -71.83224375597563,
                42.24177566356347
              ],
              [
                -71.8322436571419,
                42.24177571267776
              ],
              [
                -71.83186186594848,
                42.24198629356282
              ],
              [
                -71.83186177406881,
                42.241986349638495
              ],
              [
                -71.83175048862805,
                42.24206135782707
              ],
              [
                -71.83175040218102,
                42.242061422304914
              ],
              [
                -71.83175032493712,
                42.24206149293876
              ],
              [
                -71.83175025768581,
                42.242061569006694
              ],
              [
                -71.8317502011144,
                42.242061649731276
              ],
              [
                -71.83175015580112,
                42.242061734287496
              ],
              [
                -71.83175012220904,
                42.24206182181114
              ],
              [
                -71.8317501006815,
                42.242061911407696
              ],
              [
                -71.83175009143852,
                42.24206200216144
              ],
              [
                -71.83175009457456,
                42.24206209314485
              ],
              [
                -71.83175011005757,
                42.242062183428054
              ],
              [
                -71.83175013772932,
                42.24206227208831
              ],
              [
                -71.8329549274124,
                42.24519338004214
              ]
            ]
          ],
          [
            [
              [
                -71.85460693232932,
                42.23508459993275
              ],
              [
                -71.85460692075681,
                42.23508468786145
              ],
              [
                -71.85460692083763,
                42.235084776209675
              ],
              [
                -71.85460693257103,
                42.2350848641266
              ],
              [
                -71.85464100942902,
                42.23525478466355
              ],
              [
                -71.85466466084107,
                42.23560765174536
              ],
              [
                -71.85464165552764,
                42.23596054240124
              ],
              [
                -71.85457221426874,
                42.2363100580738
              ],
              [
                -71.85455729108173,
                42.23635445829958
              ],
              [
                -71.8545572679668,
                42.23635454496192
              ],
              [
                -71.85455725639397,
                42.236354632890595
              ],
              [
                -71.85455725647475,
                42.23635472123881
              ],
              [
                -71.8545572682083,
                42.23635480915571
              ],
              [
                -71.85455729148167,
                42.236354895794626
              ],
              [
                -71.85455732607069,
                42.23635498032117
              ],
              [
                -71.85455737164227,
                42.236355061921294
              ],
              [
                -71.85455742775751,
                42.23635513980918
              ],
              [
                -71.85455749387602,
                42.23635521323468
              ],
              [
                -71.854557569361,
                42.23635528149069
              ],
              [
                -71.85455765348553,
                42.23635534391987
              ],
              [
                -71.85455774543941,
                42.23635539992098
              ],
              [
                -71.85455784433711,
                42.236355448954704
              ],
              [
                -71.85455794922616,
                42.23635549054882
              ],
              [
                -71.85455805909643,
                42.23635552430276
              ],
              [
                -71.85455817288982,
                42.23635554989144
              ],
              [
                -71.85455828951044,
                42.23635556706846
              ],
              [
                -71.85455840783516,
                42.236355575668355
              ],
              [
                -71.85455852672442,
                42.236355575608336
              ],
              [
                -71.8545586450333,
                42.23635556688895
              ],
              [
                -71.8545587616224,
                42.236355549594194
              ],
              [
                -71.85455887536891,
                42.236355523890616
              ],
              [
                -71.85483641294564,
                42.23628157083457
              ],
              [
                -71.85529752271842,
                42.23619548996607
              ],
              [
                -71.85576776532255,
                42.23614340799552
              ],
              [
                -71.85624261280826,
                42.23612582641732
              ],
              [
                -71.85671749290819,
                42.23614291452311
              ],
              [
                -71.85718783304112,
                42.23619450777254
              ],
              [
                -71.85764910431878,
                42.23628010937679
              ],
              [
                -71.85809686513284,
                42.23639889507978
              ],
              [
                -71.85852680390364,
                42.23654972109103
              ],
              [
                -71.85893478058004,
                42.23673113509406
              ],
              [
                -71.85920176013296,
                42.23687804950981
              ],
              [
                -71.85920185903507,
                42.236878098539535
              ],
              [
                -71.85920196392803,
                42.2368781401294
              ],
              [
                -71.85920207380167,
                42.236878173878885
              ],
              [
                -71.85920218759789,
                42.23687819946296
              ],
              [
                -71.85920230422073,
                42.23687821663524
              ],
              [
                -71.85920242254704,
                42.23687822523034
              ],
              [
                -71.85920254143728,
                42.23687822516551
              ],
              [
                -71.85920265974651,
                42.23687821644134
              ],
              [
                -71.85920277633531,
                42.23687819914186
              ],
              [
                -71.85958127469948,
                42.23680752583627
              ],
              [
                -71.86005151832417,
                42.23675542630366
              ],
              [
                -71.86052636920871,
                42.23673782698711
              ],
              [
                -71.861001255053,
                42.236754897349016
              ],
              [
                -71.86147160322056,
                42.23680647301991
              ],
              [
                -71.86193288474576,
                42.236892057380196
              ],
              [
                -71.86238065792165,
                42.23701082633985
              ],
              [
                -71.86256326033215,
                42.237074876064234
              ],
              [
                -71.86256337020794,
                42.237074909810495
              ],
              [
                -71.86256348400586,
                42.23707493539123
              ],
              [
                -71.86256360062997,
                42.237074952560086
              ],
              [
                -71.8625637189571,
                42.237074961151734
              ],
              [
                -71.86256383784773,
                42.2370749610834
              ],
              [
                -71.86256395615685,
                42.23707495235577
              ],
              [
                -71.86285735740343,
                42.2370424382308
              ],
              [
                -71.86333220965987,
                42.23702482729551
              ],
              [
                -71.86380709841235,
                42.23704188603571
              ],
              [
                -71.86427745099633,
                42.237093450193804
              ],
              [
                -71.86473873840372,
                42.237179023261056
              ],
              [
                -71.86518651887089,
                42.23729778125615
              ],
              [
                -71.86561648062911,
                42.23744858065544
              ],
              [
                -71.86602448340601,
                42.237629969398675
              ],
              [
                -71.8664065982796,
                42.237840200864746
              ],
              [
                -71.86655588558936,
                42.23794058075968
              ],
              [
                -71.86655597755616,
                42.23794063675114
              ],
              [
                -71.8666605947648,
                42.23799819414111
              ],
              [
                -71.86701314381799,
                42.23823524317137
              ],
              [
                -71.86733273009146,
                42.23849682799095
              ],
              [
                -71.86752460072252,
                42.23868873691313
              ],
              [
                -71.86752467622428,
                42.23868880516057
              ],
              [
                -71.86752476036469,
                42.2386888675802
              ],
              [
                -71.86752485233343,
                42.23868892357089
              ],
              [
                -71.86752495124482,
                42.238688972593415
              ],
              [
                -71.86752505614625,
                42.23868901417565
              ],
              [
                -71.86752516602748,
                42.23868904791715
              ],
              [
                -71.8675252798303,
                42.23868907349296
              ],
              [
                -71.86752539645872,
                42.23868909065676
              ],
              [
                -71.86752551478956,
                42.238689099243274
              ],
              [
                -71.86799287385514,
                42.23870586994105
              ],
              [
                -71.86846324220689,
                42.238757416910566
              ],
              [
                -71.86892454739247,
                42.23884297310961
              ],
              [
                -71.86937234747722,
                42.23896171471933
              ],
              [
                -71.86980233050352,
                42.23911249837383
              ],
              [
                -71.87021035599427,
                42.23929387216447
              ],
              [
                -71.8705924948089,
                42.23950408961415
              ],
              [
                -71.87094506696897,
                42.23974112648709
              ],
              [
                -71.87126467708971,
                42.240002700272896
              ],
              [
                -71.87130085486592,
                42.24003888102409
              ],
              [
                -71.87130093037335,
                42.240038949269035
              ],
              [
                -71.87130101451928,
                42.24003901168588
              ],
              [
                -71.87131306869179,
                42.240047115637914
              ],
              [
                -71.87163268187824,
                42.240308688383216
              ],
              [
                -71.8719162548846,
                42.24059227934172
              ],
              [
                -71.87216105652367,
                42.24089515765107
              ],
              [
                -71.87236472885684,
                42.241214406679916
              ],
              [
                -71.8725253099162,
                42.24154695210687
              ],
              [
                -71.87264125261842,
                42.241889591519545
              ],
              [
                -71.8727114396869,
                42.242239025248374
              ],
              [
                -71.87273519443818,
                42.242591888139174
              ],
              [
                -71.8727122873273,
                42.24294478195814
              ],
              [
                -71.87264293818825,
                42.24329430811757
              ],
              [
                -71.87252781414641,
                42.243637100407256
              ],
              [
                -71.87236802322266,
                42.243969857415955
              ],
              [
                -71.87216510368866,
                42.24428937433106
              ],
              [
                -71.8719210092758,
                42.24459257380958
              ],
              [
                -71.87163809037858,
                42.24487653562309
              ],
              [
                -71.87131907143329,
                42.24513852479087
              ],
              [
                -71.87096702468885,
                42.24537601792966
              ],
              [
                -71.87058534062245,
                42.24558672756627
              ],
              [
                -71.87017769528447,
                42.24576862417803
              ],
              [
                -71.86974801488753,
                42.245919955748775
              ],
              [
                -71.86930043798091,
                42.2460392646514
              ],
              [
                -71.8688392755751,
                42.246125401694144
              ],
              [
                -71.86836896960132,
                42.24617753719483
              ],
              [
                -71.86789405010704,
                42.24619516897653
              ],
              [
                -71.8674190916005,
                42.24617812720683
              ],
              [
                -71.86720519384869,
                42.246154687513354
              ],
              [
                -71.86720507550395,
                42.24615467892652
              ],
              [
                -71.8672049565963,
                42.24615467899966
              ],
              [
                -71.86720483827084,
                42.246154687732094
              ],
              [
                -71.86720472166715,
                42.24615470503967
              ],
              [
                -71.86720460790819,
                42.246154730755755
              ],
              [
                -71.8672044980895,
                42.24615476463266
              ],
              [
                -71.86720439326871,
                42.24615480634414
              ],
              [
                -71.86720429445528,
                42.246154855488506
              ],
              [
                -71.86720420260086,
                42.24615491159245
              ],
              [
                -71.86720411859005,
                42.246154974115676
              ],
              [
                -71.86720404323192,
                42.246155042456046
              ],
              [
                -71.86703201034415,
                42.24632768560698
              ],
              [
                -71.86671296503303,
                42.24658966190084
              ],
              [
                -71.86636089294721,
                42.24682714084505
              ],
              [
                -71.86598943602317,
                42.24703217669919
              ],
              [
                -71.8659893441664,
                42.247032232802155
              ],
              [
                -71.86598926015323,
                42.24703229532449
              ],
              [
                -71.86598918479274,
                42.24703236366404
              ],
              [
                -71.8659891188107,
                42.24703243716269
              ],
              [
                -71.86598906284254,
                42.247032515112586
              ],
              [
                -71.86598901742731,
                42.24703259676303
              ],
              [
                -71.86598898300232,
                42.24703268132769
              ],
              [
                -71.86598895989914,
                42.247032767992174
              ],
              [
                -71.86598894834029,
                42.247032855921844
              ],
              [
                -71.86598894843702,
                42.24703294426987
              ],
              [
                -71.86598896018845,
                42.24703303218544
              ],
              [
                -71.86599684545516,
                42.24707230777666
              ],
              [
                -71.86602056462243,
                42.24742517176805
              ],
              [
                -71.86599761836166,
                42.24777806395621
              ],
              [
                -71.86592822688371,
                42.2481275857691
              ],
              [
                -71.86581305772165,
                42.248470371038245
              ],
              [
                -71.86565321933075,
                42.24880311841999
              ],
              [
                -71.86556827682864,
                42.24893683163951
              ],
              [
                -71.86556823141147,
                42.24893691328976
              ],
              [
                -71.86554123034158,
                42.24899312274504
              ],
              [
                -71.86533826027713,
                42.24931262731087
              ],
              [
                -71.86509411382457,
                42.24961581200354
              ],
              [
                -71.86481114187966,
                42.24989975673697
              ],
              [
                -71.86449206938961,
                42.25016172669486
              ],
              [
                -71.86413996911917,
                42.250399198678956
              ],
              [
                -71.86375823206116,
                42.25060988541974
              ],
              [
                -71.86335053477652,
                42.250791757615026
              ],
              [
                -71.86292080397835,
                42.250943063483824
              ],
              [
                -71.86247317870153,
                42.251062345646545
              ],
              [
                -71.86201197042261,
                42.251148455168966
              ],
              [
                -71.86154162151485,
                42.25120056263405
              ],
              [
                -71.86106666243937,
                42.251218166134834
              ],
              [
                -71.8605916680858,
                42.25120109611138
              ],
              [
                -71.86012121368377,
                42.25114951698475
              ],
              [
                -71.85965983071117,
                42.25106392557254
              ],
              [
                -71.85921196322504,
                42.250945146301014
              ],
              [
                -71.85878192503627,
                42.25079432326036
              ],
              [
                -71.85837385814231,
                42.250612909179466
              ],
              [
                -71.8579916928183,
                42.250402651426896
              ],
              [
                -71.85763910975228,
                42.25016557517306
              ],
              [
                -71.85731950458954,
                42.24990396387626
              ],
              [
                -71.85703595522747,
                42.249620337280774
              ],
              [
                -71.85679119217693,
                42.24931742713941
              ],
              [
                -71.85658757227431,
                42.24899815089477
              ],
              [
                -71.85642705599807,
                42.24866558357286
              ],
              [
                -71.85631118860726,
                42.24832292816055
              ],
              [
                -71.85624108528276,
                42.24797348475197
              ],
              [
                -71.85621742041396,
                42.24762061876167
              ],
              [
                -71.85624042113254,
                42.247267728510636
              ],
              [
                -71.85624416489297,
                42.24724888603518
              ],
              [
                -71.85624417646542,
                42.2472487981065
              ],
              [
                -71.85624417638228,
                42.247248709758466
              ],
              [
                -71.85624416464434,
                42.2472486218419
              ],
              [
                -71.85624414136466,
                42.24724853520348
              ],
              [
                -71.85624410676742,
                42.24724845067761
              ],
              [
                -71.85624406118582,
                42.24724836907831
              ],
              [
                -71.85624400505884,
                42.24724829119142
              ],
              [
                -71.85624393892701,
                42.24724821776702
              ],
              [
                -71.8562438634272,
                42.247248149512245
              ],
              [
                -71.85624377928653,
                42.24724808708444
              ],
              [
                -71.85624368731533,
                42.247248031084794
              ],
              [
                -71.85624358839931,
                42.24724798205261
              ],
              [
                -71.85624348349108,
                42.24724794046013
              ],
              [
                -71.85624337360102,
                42.24724790670786
              ],
              [
                -71.85624325978736,
                42.2472478811209
              ],
              [
                -71.85624314314623,
                42.24724786394565
              ],
              [
                -71.85624302480093,
                42.247247855347496
              ],
              [
                -71.8562429058912,
                42.247247855409285
              ],
              [
                -71.85609937958414,
                42.24725316884699
              ],
              [
                -71.85562441631987,
                42.24723607823181
              ],
              [
                -71.85515399543216,
                42.24718447868585
              ],
              [
                -71.854692648076,
                42.2470988672234
              ],
              [
                -71.8542448179652,
                42.24698006846386
              ],
              [
                -71.85381481855059,
                42.24682922668511
              ],
              [
                -71.85340679145598,
                42.246647794796495
              ],
              [
                -71.8530246665731,
                42.2464375203381
              ],
              [
                -71.85267212420037,
                42.246200428641195
              ],
              [
                -71.85235255959101,
                42.24593880331279
              ],
              [
                -71.85206905025183,
                42.245655164232275
              ],
              [
                -71.85182432630815,
                42.24535224327265
              ],
              [
                -71.8516207442197,
                42.24503295798064
              ],
              [
                -71.85156408161961,
                42.24491553241973
              ],
              [
                -71.85156403604572,
                42.24491545081853
              ],
              [
                -71.85156397992657,
                42.24491537292932
              ],
              [
                -71.85156391380261,
                42.244915299502196
              ],
              [
                -71.85156383831062,
                42.24491523124431
              ],
              [
                -71.85156375417766,
                42.244915168813044
              ],
              [
                -71.85156366221398,
                42.244915112809615
              ],
              [
                -71.85156356330525,
                42.244915063773384
              ],
              [
                -71.85156345840397,
                42.24491502217659
              ],
              [
                -71.85128285410808,
                42.24481657649655
              ],
              [
                -71.85128274422486,
                42.24481654273952
              ],
              [
                -71.85128263041759,
                42.244816517147626
              ],
              [
                -71.8512825137823,
                42.24481649996731
              ],
              [
                -71.85128239544221,
                42.24481649136405
              ],
              [
                -71.85128227653705,
                42.24481649142068
              ],
              [
                -71.8512821582119,
                42.24481650013667
              ],
              [
                -71.85128204160634,
                42.24481651742808
              ],
              [
                -71.85086925511317,
                42.244893551352305
              ],
              [
                -71.85062265817521,
                42.2449208490037
              ],
              [
                -71.85062254156925,
                42.24492086629444
              ],
              [
                -71.85062242780577,
                42.24492089199406
              ],
              [
                -71.85062231798035,
                42.244920925855105
              ],
              [
                -71.85062221315069,
                42.244920967551444
              ],
              [
                -71.85059968365698,
                42.24493101533947
              ],
              [
                -71.85016996216015,
                42.24508227358163
              ],
              [
                -71.8497223542935,
                42.24520150609413
              ],
              [
                -71.84926117136595,
                42.24528756442102
              ],
              [
                -71.84879085550651,
                42.24533961963839
              ],
              [
                -71.84831593685797,
                42.24535717034265
              ],
              [
                -71.84823613344119,
                42.2453542933957
              ],
              [
                -71.848236014535,
                42.24535429344918
              ],
              [
                -71.84823589620845,
                42.24535430216201
              ],
              [
                -71.84823577960107,
                42.245354319450335
              ],
              [
                -71.84823566583583,
                42.24535434514758
              ],
              [
                -71.84804726769644,
                42.245404526573196
              ],
              [
                -71.84782777438859,
                42.245445481502244
              ],
              [
                -71.84782766062304,
                42.2454455071991
              ],
              [
                -71.84782755079522,
                42.24544554105747
              ],
              [
                -71.84782744596284,
                42.245445582751245
              ],
              [
                -71.84768955860054,
                42.245507073068914
              ],
              [
                -71.84725982624286,
                42.245658320392764
              ],
              [
                -71.84681220882447,
                42.245777541536
              ],
              [
                -71.84656110669575,
                42.24582439111535
              ],
              [
                -71.84656099292899,
                42.24582441681094
              ],
              [
                -71.84656088309983,
                42.245824450668096
              ],
              [
                -71.84617477812522,
                42.245960337793875
              ],
              [
                -71.84572715652884,
                42.246079554696294
              ],
              [
                -71.84526596177639,
                42.24616559694487
              ],
              [
                -71.84479563611087,
                42.246217635770606
              ],
              [
                -71.84432070976953,
                42.24623516992778
              ],
              [
                -71.84406214445175,
                42.2462258394381
              ],
              [
                -71.84406202554393,
                42.24622583948725
              ],
              [
                -71.84406190721518,
                42.246225848195785
              ],
              [
                -71.84406179060502,
                42.246225865479836
              ],
              [
                -71.84406167683655,
                42.24622589117296
              ],
              [
                -71.84402906760602,
                42.24623457548299
              ],
              [
                -71.84356786941686,
                42.24632061090067
              ],
              [
                -71.8430975412043,
                42.24637264276105
              ],
              [
                -71.84308136353499,
                42.24637323982731
              ],
              [
                -71.84308124520581,
                42.24637324853483
              ],
              [
                -71.84308112859513,
                42.246373265817894
              ],
              [
                -71.843081014826,
                42.24637329151004
              ],
              [
                -71.84308090499403,
                42.24637332536384
              ],
              [
                -71.84304662631597,
                42.24638538821803
              ],
              [
                -71.84259899582507,
                42.246504592902845
              ],
              [
                -71.84215790381796,
                42.24658687140257
              ],
              [
                -71.84215779004805,
                42.246586897093806
              ],
              [
                -71.84215768021522,
                42.246586930946734
              ],
              [
                -71.84215757537721,
                42.24658697263533
              ],
              [
                -71.84201131533284,
                42.24665218568522
              ],
              [
                -71.84180613428734,
                42.246724387130854
              ],
              [
                -71.84180602944886,
                42.24672442881913
              ],
              [
                -71.84180593061484,
                42.24672447794159
              ],
              [
                -71.84157402358474,
                42.24685240887199
              ],
              [
                -71.84116628677444,
                42.24703420232444
              ],
              [
                -71.84073652847133,
                42.247185425166805
              ],
              [
                -71.84028888797549,
                42.24730462081928
              ],
              [
                -71.83982767691026,
                42.24739064118091
              ],
              [
                -71.83974927078413,
                42.24739931253718
              ],
              [
                -71.83974915417066,
                42.24739932981686
              ],
              [
                -71.8397490403983,
                42.2473993555057
              ],
              [
                -71.83974893056278,
                42.2473993893563
              ],
              [
                -71.83974882572183,
                42.247399431042695
              ],
              [
                -71.8396842267123,
                42.247428231661054
              ],
              [
                -71.83925446219507,
                42.2475794489399
              ],
              [
                -71.83880681612348,
                42.24769863879983
              ],
              [
                -71.83834560017453,
                42.24778465319573
              ],
              [
                -71.83787525679551,
                42.24783666362685
              ],
              [
                -71.83742871740051,
                42.24785312236387
              ],
              [
                -71.83763249996478,
                42.24776227444255
              ],
              [
                -71.83763259880367,
                42.247762225323676
              ],
              [
                -71.83801440562324,
                42.247551625436444
              ],
              [
                -71.83801449750554,
                42.247551569355885
              ],
              [
                -71.83836667992523,
                42.247314177459
              ],
              [
                -71.83836676396605,
                42.24731411495692
              ],
              [
                -71.83868593020128,
                42.24705221754864
              ],
              [
                -71.83868600559127,
                42.247052149227024
              ],
              [
                -71.83896908197394,
                42.24676826880696
              ],
              [
                -71.83896914798707,
                42.24676819532386
              ],
              [
                -71.83921340856365,
                42.24646506608914
              ],
              [
                -71.83921346456427,
                42.24646498815228
              ],
              [
                -71.83941655733948,
                42.24614552965498
              ],
              [
                -71.83941660278838,
                42.24614544801503
              ],
              [
                -71.83957657236202,
                42.245812737035834
              ],
              [
                -71.83957660682161,
                42.24581265247909
              ],
              [
                -71.83969191320129,
                42.245469893387636
              ],
              [
                -71.83969193633989,
                42.24546980672842
              ],
              [
                -71.83976146974865,
                42.245120300616506
              ],
              [
                -71.8397614813436,
                42.24512021268945
              ],
              [
                -71.8397845728814,
                42.24476732557458
              ],
              [
                -71.83978457282124,
                42.24476723722648
              ],
              [
                -71.83976100087823,
                42.24441436763209
              ],
              [
                -71.83976098916372,
                42.24441427971379
              ],
              [
                -71.83969098152465,
                42.24406482593853
              ],
              [
                -71.83969095826879,
                42.24406473929672
              ],
              [
                -71.83957518988959,
                42.24372206668814
              ],
              [
                -71.83957515531652,
                42.24372198215719
              ],
              [
                -71.83941474179548,
                42.24338939070476
              ],
              [
                -71.83941469623835,
                42.243389309098696
              ],
              [
                -71.83921118304607,
                42.243070001658246
              ],
              [
                -71.83921112694375,
                42.24306992376297
              ],
              [
                -71.83896647451621,
                42.24276697521855
              ],
              [
                -71.8389664084091,
                42.24276690178413
              ],
              [
                -71.83868297324872,
                42.24248322944358
              ],
              [
                -71.83868289777352,
                42.2424831611772
              ],
              [
                -71.8383634097407,
                42.242221496686625
              ],
              [
                -71.83836332562434,
                42.24222143424563
              ],
              [
                -71.83801086163872,
                42.24198429729267
              ],
              [
                -71.8380107696913,
                42.24198424127834
              ],
              [
                -71.83762872409665,
                42.241773915337085
              ],
              [
                -71.8376286252036,
                42.24177386628881
              ],
              [
                -71.83722067708115,
                42.24159237663971
              ],
              [
                -71.83722057219481,
                42.241592335029765
              ],
              [
                -71.83679064994051,
                42.24144142926548
              ],
              [
                -71.83679054007088,
                42.24144139549455
              ],
              [
                -71.83634278357698,
                42.241322526699435
              ],
              [
                -71.83634266978203,
                42.24132250109269
              ],
              [
                -71.83588139058654,
                42.24123681385717
              ],
              [
                -71.835881273962,
                42.24123679666118
              ],
              [
                -71.83541091374941,
                42.24118511606582
              ],
              [
                -71.83541079541827,
                42.24118510744617
              ],
              [
                -71.83493588327003,
                42.24116793112076
              ],
              [
                -71.8349357643717,
                42.24116793116045
              ],
              [
                -71.83446087317735,
                42.24118542449472
              ],
              [
                -71.83446075485668,
                42.241185433193365
              ],
              [
                -71.83416263749449,
                42.24121839230303
              ],
              [
                -71.83432321043685,
                42.241057366553825
              ],
              [
                -71.83464236187224,
                42.240795480114734
              ],
              [
                -71.83499451937024,
                42.24055809829665
              ],
              [
                -71.83537629153703,
                42.240347506931876
              ],
              [
                -71.83567879822064,
                42.24021263797958
              ],
              [
                -71.83567889704925,
                42.24021258886234
              ],
              [
                -71.83567898892298,
                42.24021253278357
              ],
              [
                -71.83567907295703,
                42.24021247028338
              ],
              [
                -71.83567914834211,
                42.24021240196366
              ],
              [
                -71.83567921435223,
                42.24021232848236
              ],
              [
                -71.83580816498923,
                42.24005229746582
              ],
              [
                -71.83609122299751,
                42.23976842380452
              ],
              [
                -71.83641036062747,
                42.239506532387686
              ],
              [
                -71.83676250433228,
                42.239269145088514
              ],
              [
                -71.8371442628509,
                42.23905854779215
              ],
              [
                -71.83730609794925,
                42.23898639086152
              ],
              [
                -71.83730619677468,
                42.238986341742866
              ],
              [
                -71.8373062886452,
                42.23898628566279
              ],
              [
                -71.83730637267601,
                42.238986223161405
              ],
              [
                -71.83730644805787,
                42.23898615484059
              ],
              [
                -71.83730651406482,
                42.23898608135835
              ],
              [
                -71.83748919423627,
                42.23875935608406
              ],
              [
                -71.8377722389327,
                42.23847547821099
              ],
              [
                -71.83809136309766,
                42.23821358205851
              ],
              [
                -71.83844349331389,
                42.237976189545456
              ],
              [
                -71.83882523845024,
                42.23776558660713
              ],
              [
                -71.8390603700799,
                42.23766074219169
              ],
              [
                -71.83906046890192,
                42.2376606930715
              ],
              [
                -71.83906056076896,
                42.23766063699001
              ],
              [
                -71.83906064479628,
                42.23766057448731
              ],
              [
                -71.8390607201747,
                42.23766050616535
              ],
              [
                -71.83921324428476,
                42.23750752490726
              ],
              [
                -71.8395323576149,
                42.237245624701785
              ],
              [
                -71.83988447704928,
                42.23700822772513
              ],
              [
                -71.84026621156056,
                42.23679761995561
              ],
              [
                -71.84067388506153,
                42.23661582938767
              ],
              [
                -71.84081471423164,
                42.23656626657903
              ],
              [
                -71.84081481905393,
                42.2365662248916
              ],
              [
                -71.84081491787288,
                42.236566175769894
              ],
              [
                -71.84081500973677,
                42.23656611968699
              ],
              [
                -71.84081509376092,
                42.236566057183
              ],
              [
                -71.84113234422986,
                42.236305672112
              ],
              [
                -71.84148445244249,
                42.236068270184916
              ],
              [
                -71.84186617596913,
                42.23585765705613
              ],
              [
                -71.8422738388283,
                42.23567586077174
              ],
              [
                -71.84270351536942,
                42.23552463187717
              ],
              [
                -71.84289877502717,
                42.235472624890946
              ],
              [
                -71.84289888484032,
                42.23547259103726
              ],
              [
                -71.84289898965946,
                42.235472549347904
              ],
              [
                -71.84289908847506,
                42.23547250022439
              ],
              [
                -71.84289918033554,
                42.2354724441398
              ],
              [
                -71.84289926435616,
                42.235472381634274
              ],
              [
                -71.84289933972782,
                42.23547231330975
              ],
              [
                -71.84314323758318,
                42.23522765240956
              ],
              [
                -71.843462323179,
                42.23496574116749
              ],
              [
                -71.84381441521114,
                42.23472833203283
              ],
              [
                -71.84419612291606,
                42.23451771110098
              ],
              [
                -71.84460377046457,
                42.23433590649316
              ],
              [
                -71.84463318317974,
                42.23432555351962
              ],
              [
                -71.84463328799583,
                42.23432551182868
              ],
              [
                -71.84463338680831,
                42.234325462703666
              ],
              [
                -71.84463347866557,
                42.234325406617685
              ],
              [
                -71.84463356268299,
                42.234325344110864
              ],
              [
                -71.8448011197613,
                42.234187803791755
              ],
              [
                -71.84480119512938,
                42.23418773546598
              ],
              [
                -71.84480126112264,
                42.23418766197935
              ],
              [
                -71.84480131710552,
                42.23418758403962
              ],
              [
                -71.8448013625389,
                42.23418750239738
              ],
              [
                -71.84480139698518,
                42.23418741783888
              ],
              [
                -71.84480142011267,
                42.23418733117848
              ],
              [
                -71.84480143169863,
                42.23418724325075
              ],
              [
                -71.84480848875315,
                42.234079246745196
              ],
              [
                -71.84487798145558,
                42.23372973684163
              ],
              [
                -71.84494115837103,
                42.233541852127395
              ],
              [
                -71.84494118149809,
                42.23354176546697
              ],
              [
                -71.84494119308374,
                42.23354167753921
              ],
              [
                -71.84494119301641,
                42.23354158919094
              ],
              [
                -71.8449411812967,
                42.23354150127302
              ],
              [
                -71.84494115803754,
                42.23354141463209
              ],
              [
                -71.84494112346289,
                42.23354133010261
              ],
              [
                -71.84491497649896,
                42.233487120788325
              ],
              [
                -71.8447991992231,
                42.23314445282125
              ],
              [
                -71.8447291762785,
                42.23279500143561
              ],
              [
                -71.84470558128085,
                42.23244213212267
              ],
              [
                -71.84472864068942,
                42.23208924323523
              ],
              [
                -71.84472895533331,
                42.232087660719266
              ],
              [
                -71.84472896691899,
                42.23208757279152
              ],
              [
                -71.84472896685195,
                42.232087484443234
              ],
              [
                -71.84472895513282,
                42.23208739652525
              ],
              [
                -71.84472893187449,
                42.23208730988427
              ],
              [
                -71.84472889730091,
                42.23208722535469
              ],
              [
                -71.84469508041853,
                42.2320171121482
              ],
              [
                -71.84457930702428,
                42.2316744438703
              ],
              [
                -71.84450928692294,
                42.23132499226003
              ],
              [
                -71.84448569370292,
                42.23097212281077
              ],
              [
                -71.84449230876344,
                42.23087089289402
              ],
              [
                -71.84449230869672,
                42.23087080454572
              ],
              [
                -71.84449229697815,
                42.23087071662769
              ],
              [
                -71.84449227372058,
                42.23087062998664
              ],
              [
                -71.844492239148,
                42.23087054545698
              ],
              [
                -71.84436517812351,
                42.23060709905175
              ],
              [
                -71.84424940909582,
                42.23026443035549
              ],
              [
                -71.84417939237792,
                42.22991497845698
              ],
              [
                -71.84415580152567,
                42.22956210885239
              ],
              [
                -71.84416082854554,
                42.229485185096
              ],
              [
                -71.84416082847927,
                42.22948509674768
              ],
              [
                -71.84416081676143,
                42.2294850088296
              ],
              [
                -71.84416079350481,
                42.22948492218846
              ],
              [
                -71.84416075893343,
                42.22948483765868
              ],
              [
                -71.84412326191415,
                42.229407089476354
              ],
              [
                -71.84400749639227,
                42.2290644204633
              ],
              [
                -71.84393748233938,
                42.22871496834325
              ],
              [
                -71.84393489994672,
                42.22867633840765
              ],
              [
                -71.84393488822933,
                42.22867625048954
              ],
              [
                -71.84393486497332,
                42.22867616384835
              ],
              [
                -71.84382954690355,
                42.228364413166915
              ],
              [
                -71.84375953460835,
                42.22801496089511
              ],
              [
                -71.84373594680892,
                42.22766209108633
              ],
              [
                -71.84375900989535,
                42.22730920209816
              ],
              [
                -71.84382850098409,
                42.226959692416905
              ],
              [
                -71.843943750094,
                42.2266169279294
              ],
              [
                -71.84410364662739,
                42.22628420951073
              ],
              [
                -71.84421851745522,
                42.226103436758606
              ],
              [
                -71.84421856288354,
                42.22610335511648
              ],
              [
                -71.84421859732622,
                42.226103270558035
              ],
              [
                -71.84421862045156,
                42.22610318389762
              ],
              [
                -71.84421863203687,
                42.22610309596984
              ],
              [
                -71.84421863197055,
                42.22610300762146
              ],
              [
                -71.84421862025324,
                42.22610291970333
              ],
              [
                -71.84421859699779,
                42.22610283306216
              ],
              [
                -71.84421856242817,
                42.22610274853235
              ],
              [
                -71.8442185168773,
                42.226102666927964
              ],
              [
                -71.84421846078386,
                42.2261025890349
              ],
              [
                -71.84421839468807,
                42.22610251560328
              ],
              [
                -71.84421831922644,
                42.22610244734034
              ],
              [
                -71.84421823512572,
                42.22610238490346
              ],
              [
                -71.84421814319587,
                42.22610232889395
              ],
              [
                -71.84394926017278,
                42.22595428713414
              ],
              [
                -71.84359686582609,
                42.22571716666419
              ],
              [
                -71.84327744209682,
                42.2254555150864
              ],
              [
                -71.84299406513496,
                42.22517185253279
              ],
              [
                -71.84274946379091,
                42.2248689111023
              ],
              [
                -71.84254599334392,
                42.224549608538595
              ],
              [
                -71.84238561283338,
                42.22421702012102
              ],
              [
                -71.8422698662113,
                42.22387434903937
              ],
              [
                -71.84219986749609,
                42.22352489553852
              ],
              [
                -71.84217629007041,
                42.22317202513002
              ],
              [
                -71.84219936022464,
                42.22281913617723
              ],
              [
                -71.84226885500726,
                42.22246962716611
              ],
              [
                -71.84238410440177,
                42.22212686397702
              ],
              [
                -71.84254399780787,
                42.22179414747257
              ],
              [
                -71.84274699476346,
                42.22147468171374
              ],
              [
                -71.8429287636756,
                42.221248991711946
              ],
              [
                -71.84292881964936,
                42.221248913772946
              ],
              [
                -71.84292886507588,
                42.22124883213126
              ],
              [
                -71.84292889951764,
                42.221248747573135
              ],
              [
                -71.84292892264298,
                42.22124866091293
              ],
              [
                -71.84292893422919,
                42.22124857298518
              ],
              [
                -71.84292893416468,
                42.22124848463673
              ],
              [
                -71.84292892245006,
                42.221248396718394
              ],
              [
                -71.84292889919817,
                42.22124831007689
              ],
              [
                -71.84292886463292,
                42.2212482255466
              ],
              [
                -71.8429288190872,
                42.22124814394164
              ],
              [
                -71.84292876299965,
                42.22124806604786
              ],
              [
                -71.8429286969104,
                42.22124799261545
              ],
              [
                -71.84292862145595,
                42.22124792435161
              ],
              [
                -71.84292853736297,
                42.22124786191373
              ],
              [
                -71.8429284454413,
                42.22124780590314
              ],
              [
                -71.8429283465762,
                42.22124775685924
              ],
              [
                -71.84274136820261,
                42.22116455792298
              ],
              [
                -71.84235943249773,
                42.22095424695865
              ],
              [
                -71.84200707192251,
                42.220717121389555
              ],
              [
                -71.84168767997905,
                42.22045546514875
              ],
              [
                -71.8414043325111,
                42.220171798413176
              ],
              [
                -71.84115975808511,
                42.21986885332196
              ],
              [
                -71.84095631172111,
                42.219549547654054
              ],
              [
                -71.84079595222669,
                42.21921695671858
              ],
              [
                -71.8406802233515,
                42.21887428372962
              ],
              [
                -71.84064561841105,
                42.21870149056322
              ],
              [
                -71.84064559516322,
                42.21870140392121
              ],
              [
                -71.8405962463283,
                42.218555280285564
              ],
              [
                -71.84052626273652,
                42.21820582543539
              ],
              [
                -71.84050269662747,
                42.217852954352615
              ],
              [
                -71.84052577418278,
                42.21750006540708
              ],
              [
                -71.84059527237983,
                42.217150557084636
              ],
              [
                -71.84063493795306,
                42.217032587998915
              ],
              [
                -71.84063496108001,
                42.217032501339084
              ],
              [
                -71.84063497266862,
                42.217032413411516
              ],
              [
                -71.8406349726073,
                42.217032325063
              ],
              [
                -71.84063496089667,
                42.21703223714436
              ],
              [
                -71.84063493764947,
                42.21703215050232
              ],
              [
                -71.84063490308958,
                42.21703206597129
              ],
              [
                -71.84063485754986,
                42.21703198436534
              ],
              [
                -71.84063480146885,
                42.21703190647039
              ],
              [
                -71.84063473538669,
                42.21703183303661
              ],
              [
                -71.84063465993972,
                42.2170317647712
              ],
              [
                -71.8406345758546,
                42.21703170233158
              ],
              [
                -71.84063448394106,
                42.21703164631913
              ],
              [
                -71.84063438508431,
                42.21703159727321
              ],
              [
                -71.8406342802364,
                42.21703155566622
              ],
              [
                -71.84063417040706,
                42.21703152189881
              ],
              [
                -71.84057897477648,
                42.21701686525129
              ],
              [
                -71.84014921131822,
                42.21686597140507
              ],
              [
                -71.83974141639376,
                42.21668448990889
              ],
              [
                -71.83935951765817,
                42.21647416878046
              ],
              [
                -71.83900719323138,
                42.216237033800375
              ],
              [
                -71.83868783626724,
                42.21597536899232
              ],
              [
                -71.83840452227264,
                42.21569169461568
              ],
              [
                -71.83815997949162,
                42.21538874288317
              ],
              [
                -71.83795656263945,
                42.21506943163761
              ],
              [
                -71.83779623023956,
                42.21473683624187
              ],
              [
                -71.83768052578077,
                42.21439415995289
              ],
              [
                -71.83761056287571,
                42.21404470306561
              ],
              [
                -71.83758701456244,
                42.213691831124144
              ],
              [
                -71.83761010685126,
                42.21333894250659
              ],
              [
                -71.83767961657783,
                42.21298943569561
              ],
              [
                -71.8377948735821,
                42.21264667655034
              ],
              [
                -71.83795476719077,
                42.21231396589447
              ],
              [
                -71.83815775694018,
                42.21199450773265
              ],
              [
                -71.83840188743469,
                42.21169137840113
              ],
              [
                -71.83868480719742,
                42.211407496949434
              ],
              [
                -71.8390037913301,
                42.21114559703804
              ],
              [
                -71.83903033430391,
                42.211127694783684
              ],
              [
                -71.83903041829609,
                42.21112763228072
              ],
              [
                -71.83909379150262,
                42.21107559969667
              ],
              [
                -71.83944576721098,
                42.210838203001636
              ],
              [
                -71.83982734557577,
                42.210627595752285
              ],
              [
                -71.84023485201334,
                42.21044580593819
              ],
              [
                -71.84066436237912,
                42.21029458404265
              ],
              [
                -71.84111174074539,
                42.210175386194216
              ],
              [
                -71.84157267921351,
                42.21008936015186
              ],
              [
                -71.84204273937846,
                42.21003733425847
              ],
              [
                -71.84251739504657,
                42.21001980946854
              ],
              [
                -71.842992075797,
                42.21003695452695
              ],
              [
                -71.84346221096743,
                42.21008860434498
              ],
              [
                -71.84392327364252,
                42.2101742615891
              ],
              [
                -71.84437082422195,
                42.210293101467435
              ],
              [
                -71.84480055314991,
                42.21044397966775
              ],
              [
                -71.84520832239531,
                42.21062544337092
              ],
              [
                -71.84522170655019,
                42.21063281403367
              ],
              [
                -71.8452218054005,
                42.21063286307567
              ],
              [
                -71.84522191024084,
                42.210632904678526
              ],
              [
                -71.84522202006153,
                42.21063293844158
              ],
              [
                -71.84522213380495,
                42.210632964039654
              ],
              [
                -71.84522225037568,
                42.21063298122625
              ],
              [
                -71.8452223686511,
                42.21063298983582
              ],
              [
                -71.84533194795209,
                42.21063694529018
              ],
              [
                -71.84580208948017,
                42.210688585505764
              ],
              [
                -71.84626315968272,
                42.21077423332881
              ],
              [
                -71.84671071888697,
                42.21089306405815
              ],
              [
                -71.84714045745405,
                42.21104393346963
              ],
              [
                -71.84754823726017,
                42.21122538882877
              ],
              [
                -71.8477470721037,
                42.21133487963344
              ],
              [
                -71.84774717095706,
                42.21133492867327
              ],
              [
                -71.84774727580022,
                42.2113349702738
              ],
              [
                -71.84774738562346,
                42.21133500403443
              ],
              [
                -71.84789067094276,
                42.21137304529718
              ],
              [
                -71.84832041557405,
                42.21152391027168
              ],
              [
                -71.8487282018477,
                42.211705361417195
              ],
              [
                -71.84911010292603,
                42.21191565151158
              ],
              [
                -71.84946244111946,
                42.212152755619336
              ],
              [
                -71.84978182329581,
                42.21241439058241
              ],
              [
                -71.85006517355528,
                42.212698036997296
              ],
              [
                -71.85030976285566,
                42.213000963467316
              ],
              [
                -71.85051323530327,
                42.21332025289706
              ],
              [
                -71.85067363085548,
                42.21365283057581
              ],
              [
                -71.85078940421592,
                42.21399549378025
              ],
              [
                -71.85085943973944,
                42.21434494261149
              ],
              [
                -71.85088306220287,
                42.2146978117696
              ],
              [
                -71.85086004333616,
                42.215050702960205
              ],
              [
                -71.85079060405049,
                42.215400217620754
              ],
              [
                -71.85067541234058,
                42.21574298965159
              ],
              [
                -71.85051557687997,
                42.21607571783651
              ],
              [
                -71.85031263637033,
                42.21639519764044
              ],
              [
                -71.85006854474602,
                42.21669835207777
              ],
              [
                -71.84997489049053,
                42.216792343350185
              ],
              [
                -71.84997482452138,
                42.216792416839986
              ],
              [
                -71.8499747685602,
                42.21679249478248
              ],
              [
                -71.84997472314598,
                42.21679257642702
              ],
              [
                -71.84997468871603,
                42.216792660987316
              ],
              [
                -71.84997466560195,
                42.21679274764903
              ],
              [
                -71.84997465402633,
                42.21679283557754
              ],
              [
                -71.84997465410066,
                42.21679292392606
              ],
              [
                -71.84997466582422,
                42.21679301184374
              ],
              [
                -71.8499746890841,
                42.21679309848389
              ],
              [
                -71.84997472365632,
                42.21679318301211
              ],
              [
                -71.84997987270134,
                42.21680385915468
              ],
              [
                -71.85009564807895,
                42.21714652287043
              ],
              [
                -71.85013027793701,
                42.21731931322612
              ],
              [
                -71.8501303011973,
                42.217319399866234
              ],
              [
                -71.85017967105374,
                42.217465519425105
              ],
              [
                -71.85024970706318,
                42.217814968416576
              ],
              [
                -71.8502733274381,
                42.21816783748648
              ],
              [
                -71.85025030392845,
                42.21852072834129
              ],
              [
                -71.85018085749003,
                42.21887024242168
              ],
              [
                -71.85006565618627,
                42.21921301363356
              ],
              [
                -71.84990580878308,
                42.21954574076861
              ],
              [
                -71.849702854097,
                42.21986521930183
              ],
              [
                -71.84953038120749,
                42.22007941046063
              ],
              [
                -71.84953032524288,
                42.22007948840285
              ],
              [
                -71.84953027982571,
                42.220079570047176
              ],
              [
                -71.8495302453934,
                42.22007965460729
              ],
              [
                -71.8495302222775,
                42.22007974126886
              ],
              [
                -71.84953021070068,
                42.22007982919728
              ],
              [
                -71.84953021077439,
                42.22007991754575
              ],
              [
                -71.84953022249795,
                42.22008000546343
              ],
              [
                -71.84953024575844,
                42.22008009210361
              ],
              [
                -71.84953028033186,
                42.22008017663191
              ],
              [
                -71.84953032588524,
                42.22008025823428
              ],
              [
                -71.84953038197986,
                42.22008033612483
              ],
              [
                -71.84953044807554,
                42.220080409553454
              ],
              [
                -71.8495305235357,
                42.22008047781297
              ],
              [
                -71.84953060763364,
                42.22008054024602
              ],
              [
                -71.84953069955948,
                42.22008059625133
              ],
              [
                -71.84953079842785,
                42.220080645289535
              ],
              [
                -71.84987850912121,
                42.22023533886054
              ],
              [
                -71.85026046544753,
                42.22044562479853
              ],
              [
                -71.8506128553991,
                42.22068272500695
              ],
              [
                -71.85093228534541,
                42.22094435636534
              ],
              [
                -71.85121567892651,
                42.22122799950498
              ],
              [
                -71.85146030668298,
                42.2215309230608
              ],
              [
                -71.85166381235065,
                42.22185020996548
              ],
              [
                -71.85182423556681,
                42.2221827855327
              ],
              [
                -71.85194003076843,
                42.2225254470595
              ],
              [
                -71.85201008209981,
                42.22287489466317
              ],
              [
                -71.85203371418523,
                42.22322776305567
              ],
              [
                -71.8520106986617,
                42.22358065394998
              ],
              [
                -71.85194125640793,
                42.22393016878642
              ],
              [
                -71.85182605544689,
                42.22427294146364
              ],
              [
                -71.85166620454098,
                42.22460567075917
              ],
              [
                -71.85158123342272,
                42.22473942376652
              ],
              [
                -71.85158118800486,
                42.22473950541159
              ],
              [
                -71.85158115357274,
                42.22473958997225
              ],
              [
                -71.85158113045796,
                42.22473967663416
              ],
              [
                -71.85158111888313,
                42.22473976456271
              ],
              [
                -71.85158111895971,
                42.22473985291111
              ],
              [
                -71.85158113068698,
                42.224739940828506
              ],
              [
                -71.85158115395198,
                42.224740027468194
              ],
              [
                -71.85158118853069,
                42.22474011199582
              ],
              [
                -71.85158123409006,
                42.22474019359729
              ],
              [
                -71.85158129019135,
                42.22474027148678
              ],
              [
                -71.85158135629426,
                42.22474034491415
              ],
              [
                -71.8515814317622,
                42.22474041317227
              ],
              [
                -71.85158151586836,
                42.22474047560376
              ],
              [
                -71.85158160780276,
                42.224740531607374
              ],
              [
                -71.85179061180679,
                42.22485558594263
              ],
              [
                -71.85214303202582,
                42.22509268125903
              ],
              [
                -71.85246249053935,
                42.22535430814661
              ],
              [
                -71.85274591071236,
                42.225637947279694
              ],
              [
                -71.85299056282928,
                42.22594086733187
              ],
              [
                -71.85319409039134,
                42.22626015126957
              ],
              [
                -71.8533545328249,
                42.22659272443507
              ],
              [
                -71.8534703443817,
                42.226935384148604
              ],
              [
                -71.8535404090485,
                42.22728483054492
              ],
              [
                -71.8535491529924,
                42.227415336918035
              ],
              [
                -71.85354916472289,
                42.227415424835186
              ],
              [
                -71.85354918799158,
                42.227415511474454
              ],
              [
                -71.85364039872668,
                42.227685377186184
              ],
              [
                -71.85371046516411,
                42.228034823432374
              ],
              [
                -71.85373410866683,
                42.22838769115348
              ],
              [
                -71.85371120419111,
                42.228738995697306
              ],
              [
                -71.85371120427067,
                42.22873908404563
              ],
              [
                -71.85371121600164,
                42.22873917196274
              ],
              [
                -71.85371123927105,
                42.22873925860194
              ],
              [
                -71.85375048523507,
                42.22885537275448
              ],
              [
                -71.85376187018439,
                42.22891215224628
              ],
              [
                -71.85376189345394,
                42.22891223888547
              ],
              [
                -71.85376192803781,
                42.22891232341237
              ],
              [
                -71.853761973603,
                42.22891240501292
              ],
              [
                -71.85382427085894,
                42.229010127311305
              ],
              [
                -71.85398472357677,
                42.22934269943286
              ],
              [
                -71.85410054358118,
                42.22968535834326
              ],
              [
                -71.85417061477742,
                42.23003480418501
              ],
              [
                -71.8541942615982,
                42.230387671687055
              ],
              [
                -71.8541712555384,
                42.23074056257101
              ],
              [
                -71.85416217332181,
                42.23078627796893
              ],
              [
                -71.85416216174946,
                42.23078636589766
              ],
              [
                -71.85416216182965,
                42.23078645424595
              ],
              [
                -71.8541743059567,
                42.230967672522695
              ],
              [
                -71.85417342000831,
                42.23098126200383
              ],
              [
                -71.85417342008853,
                42.23098135035214
              ],
              [
                -71.85417343182054,
                42.23098143826917
              ],
              [
                -71.85417345509141,
                42.230981524908245
              ],
              [
                -71.85417348967697,
                42.230981609434984
              ],
              [
                -71.85417353524417,
                42.23098169103534
              ],
              [
                -71.85420440523735,
                42.231030112941674
              ],
              [
                -71.85436486507581,
                42.231362684412275
              ],
              [
                -71.85448069083836,
                42.231705342816404
              ],
              [
                -71.85455076637474,
                42.23205478830143
              ],
              [
                -71.85457441607583,
                42.232407655599765
              ],
              [
                -71.85455141140868,
                42.232760546434996
              ],
              [
                -71.85448197314714,
                42.233110062247974
              ],
              [
                -71.85437722742772,
                42.23342172016522
              ],
              [
                -71.85437720431362,
                42.23342180682757
              ],
              [
                -71.85437719274108,
                42.23342189475628
              ],
              [
                -71.85437719282157,
                42.23342198310453
              ],
              [
                -71.85437720455435,
                42.2334220710215
              ],
              [
                -71.85437722782639,
                42.23342215766049
              ],
              [
                -71.85437726241356,
                42.23342224218713
              ],
              [
                -71.85444502471914,
                42.23356268154713
              ],
              [
                -71.85456085494738,
                42.23390533973746
              ],
              [
                -71.85463093336917,
                42.23425478503838
              ],
              [
                -71.85465458434749,
                42.23460765218411
              ],
              [
                -71.85463157933702,
                42.234960542899636
              ],
              [
                -71.85460693232932,
                42.23508459993275
              ]
            ]
          ],
          [
            [
              [
                -71.86512953472048,
                42.25054370619502
              ],
              [
                -71.86559073435326,
                42.250457584128085
              ],
              [
                -71.86606107440784,
                42.25040546005188
              ],
              [
                -71.86653602599631,
                42.25038783586618
              ],
              [
                -71.86701101584923,
                42.250404881272864
              ],
              [
                -71.86748147032893,
                42.2504564321427
              ],
              [
                -71.86794285944642,
                42.25054199209493
              ],
              [
                -71.86839074045903,
                42.25066073727458
              ],
              [
                -71.86882080063012,
                42.2508115242814
              ],
              [
                -71.86922889873982,
                42.250992901174584
              ],
              [
                -71.8696111049484,
                42.25120312144717
              ],
              [
                -71.86996373862848,
                42.251440160836324
              ],
              [
                -71.87028340380287,
                42.251701736807455
              ],
              [
                -71.8704332925322,
                42.251851613086906
              ],
              [
                -71.8704333680528,
                42.251851681332276
              ],
              [
                -71.87057640900072,
                42.25196872734914
              ],
              [
                -71.8708600295544,
                42.2522523203286
              ],
              [
                -71.87110487128216,
                42.25255520026426
              ],
              [
                -71.87130857585908,
                42.25287445050913
              ],
              [
                -71.87146918100646,
                42.25320699673023
              ],
              [
                -71.87158513940867,
                42.253549636507465
              ],
              [
                -71.87165533363753,
                42.25389907016787
              ],
              [
                -71.87167908694025,
                42.254251932557885
              ],
              [
                -71.87165616978542,
                42.25460482544854
              ],
              [
                -71.87158680210331,
                42.25495435026108
              ],
              [
                -71.8714716511976,
                42.25529714079818
              ],
              [
                -71.87131182534742,
                42.2556298956655
              ],
              [
                -71.87110886316057,
                42.25594941007095
              ],
              [
                -71.87086471877893,
                42.256252606695654
              ],
              [
                -71.87065502632497,
                42.25646302784831
              ],
              [
                -71.87065496033853,
                42.256463101349524
              ],
              [
                -71.8706549043678,
                42.25646317930157
              ],
              [
                -71.87065485895182,
                42.25646326095374
              ],
              [
                -71.87065482452796,
                42.25646334551965
              ],
              [
                -71.87065480142775,
                42.25646343218493
              ],
              [
                -71.87065478987364,
                42.256463520114906
              ],
              [
                -71.87065478997692,
                42.2564636084628
              ],
              [
                -71.87065480173659,
                42.25646369637775
              ],
              [
                -71.8706548250394,
                42.25646378301307
              ],
              [
                -71.87065485966093,
                42.25646386753446
              ],
              [
                -71.8706974387495,
                42.25655202848119
              ],
              [
                -71.87081339911944,
                42.25689466883765
              ],
              [
                -71.87088359281502,
                42.257244102766016
              ],
              [
                -71.87089228748475,
                42.25737328159597
              ],
              [
                -71.87089229924493,
                42.257373369510866
              ],
              [
                -71.8708923225484,
                42.257373456146134
              ],
              [
                -71.87089235717075,
                42.25737354066744
              ],
              [
                -71.8710365151638,
                42.25767201496119
              ],
              [
                -71.87115247942708,
                42.258014654906646
              ],
              [
                -71.8711691675147,
                42.25809772711354
              ],
              [
                -71.8711691908188,
                42.25809781374875
              ],
              [
                -71.87116922544192,
                42.258097898269945
              ],
              [
                -71.87116927105058,
                42.25809797986315
              ],
              [
                -71.87116932720555,
                42.25809805774259
              ],
              [
                -71.87116939336606,
                42.258098131158214
              ],
              [
                -71.8711694688949,
                42.25809819940303
              ],
              [
                -71.87116955306472,
                42.258098261819754
              ],
              [
                -71.87116964506491,
                42.25809831780733
              ],
              [
                -71.87116974400945,
                42.25809836682652
              ],
              [
                -71.87116984894546,
                42.25809840840528
              ],
              [
                -71.87116995886234,
                42.25809844214316
              ],
              [
                -71.87117007270155,
                42.25809846771525
              ],
              [
                -71.87159882925557,
                42.258177951987925
              ],
              [
                -71.8720467711734,
                42.25829668271457
              ],
              [
                -71.87247689195455,
                42.258447455793444
              ],
              [
                -71.87288504979574,
                42.258628819417886
              ],
              [
                -71.87326731428217,
                42.25883902720875
              ],
              [
                -71.87362000422537,
                42.25907605502345
              ],
              [
                -71.87393972310639,
                42.25933762043889
              ],
              [
                -71.87422339178306,
                42.25962120472168
              ],
              [
                -71.8744682781467,
                42.25992407707388
              ],
              [
                -71.87467202344249,
                42.26024332092161
              ],
              [
                -71.8748326649995,
                42.26057586199352
              ],
              [
                -71.87494865515126,
                42.26091849791921
              ],
              [
                -71.87501887616367,
                42.2612679290628
              ],
              [
                -71.87504265102574,
                42.26162079029507
              ],
              [
                -71.8750197499982,
                42.26197368339818
              ],
              [
                -71.8749503928558,
                42.2623232097914
              ],
              [
                -71.87483524680034,
                42.262666003262176
              ],
              [
                -71.8746754200641,
                42.26299876238792
              ],
              [
                -71.8744724512631,
                42.26331828233554
              ],
              [
                -71.87422829460273,
                42.26362148573277
              ],
              [
                -71.87394530107663,
                42.26390545231336
              ],
              [
                -71.87362619583955,
                42.26416744705056
              ],
              [
                -71.87327405197134,
                42.26440494650736
              ],
              [
                -71.87289226088453,
                42.26461566314959
              ],
              [
                -71.87248449966035,
                42.26479756738701
              ],
              [
                -71.87205469562771,
                42.264948907129885
              ],
              [
                -71.87160698852695,
                42.26506822467231
              ],
              [
                -71.87114569062285,
                42.2651543707392
              ],
              [
                -71.87067524515214,
                42.265206515561424
              ],
              [
                -71.87020018350634,
                42.265224156872215
              ],
              [
                -71.86972508156329,
                42.26520712474734
              ],
              [
                -71.86925451558929,
                42.265155583242844
              ],
              [
                -71.8687930181373,
                42.26507002881391
              ],
              [
                -71.8683450343673,
                42.264951285530614
              ],
              [
                -71.8679148792106,
                42.26480049713655
              ],
              [
                -71.86750669579159,
                42.26461911602696
              ],
              [
                -71.86712441550797,
                42.26440888925289
              ],
              [
                -71.86677172015531,
                42.26417184168649
              ],
              [
                -71.86645200646045,
                42.263910256509874
              ],
              [
                -71.86616835336622,
                42.26362665321586
              ],
              [
                -71.86592349238249,
                42.26332376333295
              ],
              [
                -71.86571978128876,
                42.26300450410873
              ],
              [
                -71.86555918144158,
                42.2626719504055
              ],
              [
                -71.86544323890455,
                42.26232930507902
              ],
              [
                -71.86542655721222,
                42.262246232099045
              ],
              [
                -71.86542653391443,
                42.26224614546273
              ],
              [
                -71.86542649929672,
                42.262246060939866
              ],
              [
                -71.86542645369246,
                42.26224597934442
              ],
              [
                -71.86542639754086,
                42.26224590146224
              ],
              [
                -71.8654263313827,
                42.26224582804333
              ],
              [
                -71.86542625585508,
                42.2622457597948
              ],
              [
                -71.8654261716854,
                42.262245697373906
              ],
              [
                -71.86542607968427,
                42.26224564138177
              ],
              [
                -71.86542598073768,
                42.262245592357644
              ],
              [
                -71.86542587579856,
                42.26224555077366
              ],
              [
                -71.86542576587755,
                42.2622455170303
              ],
              [
                -71.86542565203321,
                42.26224549145253
              ],
              [
                -71.86499687567162,
                42.26216598416372
              ],
              [
                -71.8645489195879,
                42.26204722598676
              ],
              [
                -71.8641187932228,
                42.26189642327269
              ],
              [
                -71.86371063942325,
                42.26171502855467
              ],
              [
                -71.86332838930164,
                42.261504789014836
              ],
              [
                -71.86297572436293,
                42.26126772964822
              ],
              [
                -71.86265604104094,
                42.2610061337506
              ],
              [
                -71.86237241798597,
                42.260722520917994
              ],
              [
                -71.8621275864185,
                42.26041962277079
              ],
              [
                -71.86192390383472,
                42.2601003566361
              ],
              [
                -71.86176333131664,
                42.25976779744272
              ],
              [
                -71.86164741466465,
                42.25942514809927
              ],
              [
                -71.86157726953381,
                42.25907570864155
              ],
              [
                -71.86156859363953,
                42.258946529140054
              ],
              [
                -71.86156858189202,
                42.258946441224204
              ],
              [
                -71.86156855860072,
                42.258946354587074
              ],
              [
                -71.86156852398997,
                42.258946270062985
              ],
              [
                -71.8614244077403,
                42.25864778392671
              ],
              [
                -71.86130849497958,
                42.25830513417269
              ],
              [
                -71.8612383529664,
                42.25795569443849
              ],
              [
                -71.86121465646245,
                42.257602830103345
              ],
              [
                -71.86123763290375,
                42.25724993947231
              ],
              [
                -71.86130706024008,
                42.25690042104768
              ],
              [
                -71.86142226910319,
                42.25655764080057
              ],
              [
                -71.86158214928192,
                42.25622489975792
              ],
              [
                -71.86178516044033,
                42.255905402217046
              ],
              [
                -71.86202934697538,
                42.25560222489336
              ],
              [
                -71.8621411579915,
                42.25549004775218
              ],
              [
                -71.86214122398681,
                42.25548997425586
              ],
              [
                -71.86214127996718,
                42.25548989630796
              ],
              [
                -71.86214132539342,
                42.255489814659136
              ],
              [
                -71.86214135982813,
                42.25548973009575
              ],
              [
                -71.86214138293967,
                42.25548964343218
              ],
              [
                -71.8621413945054,
                42.25548955550303
              ],
              [
                -71.86214139441402,
                42.25548946715512
              ],
              [
                -71.86214138266635,
                42.25548937923929
              ],
              [
                -71.86214135937556,
                42.25548929260221
              ],
              [
                -71.86214132476593,
                42.255489208078245
              ],
              [
                -71.8621412791708,
                42.25548912648139
              ],
              [
                -71.86206424143555,
                42.25536836316876
              ],
              [
                -71.86190368020544,
                42.255035803893875
              ],
              [
                -71.861787771481,
                42.25469315440674
              ],
              [
                -71.86171763084107,
                42.25434371474448
              ],
              [
                -71.8616939330342,
                42.253990850285646
              ],
              [
                -71.86171690550911,
                42.25363795933648
              ],
              [
                -71.86178632625386,
                42.25328844040234
              ],
              [
                -71.86190152596387,
                42.25294565945926
              ],
              [
                -71.86206139451615,
                42.25261291754091
              ],
              [
                -71.8622643916869,
                42.25229341895304
              ],
              [
                -71.86250856200779,
                42.251990240421165
              ],
              [
                -71.86279155361719,
                42.25170630146856
              ],
              [
                -71.86311064092402,
                42.25144433630925
              ],
              [
                -71.86346275086544,
                42.25120686752656
              ],
              [
                -71.86384449250504,
                42.250996181790256
              ],
              [
                -71.8642521896866,
                42.25081430784547
              ],
              [
                -71.86468191642876,
                42.25066299698539
              ],
              [
                -71.86512953472048,
                42.25054370619502
              ]
            ]
          ],
          [
            [
              [
                -71.8824945973555,
                42.23688350201081
              ],
              [
                -71.88292459750464,
                42.23703423650872
              ],
              [
                -71.88333264717636,
                42.237215563664215
              ],
              [
                -71.88371481699743,
                42.237425737449236
              ],
              [
                -71.88406742669109,
                42.23766273404848
              ],
              [
                -71.88438708051135,
                42.237924271339374
              ],
              [
                -71.88467069994294,
                42.238207830859245
              ],
              [
                -71.8849155533519,
                42.23851068204853
              ],
              [
                -71.88511928230128,
                42.23882990853708
              ],
              [
                -71.88527992427825,
                42.23916243622068
              ],
              [
                -71.88539593161298,
                42.23950506285786
              ],
              [
                -71.88546618640667,
                42.23985448890222
              ],
              [
                -71.8854900113238,
                42.240207349273696
              ],
              [
                -71.88546717614378,
                42.24056024576284
              ],
              [
                -71.88539790000787,
                42.2409097797564
              ],
              [
                -71.88528284933845,
                42.24125258496879
              ],
              [
                -71.88512313144969,
                42.24158535986445
              ],
              [
                -71.8849202839098,
                42.241904899458625
              ],
              [
                -71.88467625975663,
                42.24220812618997
              ],
              [
                -71.8843934087079,
                42.24249211956771
              ],
              [
                -71.88407445454614,
                42.242754144307156
              ],
              [
                -71.88372246889615,
                42.24299167668253
              ],
              [
                -71.88334084164647,
                42.24320242884277
              ],
              [
                -71.8829332483,
                42.243384370855644
              ],
              [
                -71.88250361456838,
                42.24353575026772
              ],
              [
                -71.88205607855117,
                42.24365510899109
              ],
              [
                -71.8819348586016,
                42.243677766148096
              ],
              [
                -71.88193474485307,
                42.24367779187878
              ],
              [
                -71.88193463504655,
                42.243677825769815
              ],
              [
                -71.88179858313833,
                42.24372576159335
              ],
              [
                -71.8813510444495,
                42.24384511756206
              ],
              [
                -71.88088991442,
                42.243931303087834
              ],
              [
                -71.8804196346691,
                42.24398348802151
              ],
              [
                -71.87994473499155,
                42.24400116970996
              ],
              [
                -71.87946978970466,
                42.24398417784004
              ],
              [
                -71.87899937356529,
                42.243932676080014
              ],
              [
                -71.87853801768277,
                42.24384716050214
              ],
              [
                -71.87809016585315,
                42.24372845480225
              ],
              [
                -71.87766013173669,
                42.24357770236178
              ],
              [
                -71.87725205729171,
                42.24339635522957
              ],
              [
                -71.87686987286635,
                42.24318616012932
              ],
              [
                -71.87651725933296,
                42.242949141627946
              ],
              [
                -71.87619761263053,
                42.242687582627504
              ],
              [
                -71.87591401105708,
                42.2424040023686
              ],
              [
                -71.87566918562666,
                42.24210113215783
              ],
              [
                -71.87546549377696,
                42.24178188905323
              ],
              [
                -71.87530489667976,
                42.24144934776177
              ],
              [
                -71.87518894037292,
                42.24110671101974
              ],
              [
                -71.87511874089405,
                42.24075727874158
              ],
              [
                -71.87509497355897,
                42.24040441623483
              ],
              [
                -71.87511786648638,
                42.24005152178707
              ],
              [
                -71.87518719843092,
                42.23970199393746
              ],
              [
                -71.87530230094357,
                42.239359198748055
              ],
              [
                -71.87546206483766,
                42.23902643738987
              ],
              [
                -71.8756649508975,
                42.238706914356015
              ],
              [
                -71.87590900472489,
                42.238403706607635
              ],
              [
                -71.87619187558005,
                42.23811973394943
              ],
              [
                -71.8765108390347,
                42.2378577309202
              ],
              [
                -71.87686282321847,
                42.23762022046807
              ],
              [
                -71.87724443840578,
                42.23740948966416
              ],
              [
                -71.87765200965778,
                42.23722756768769
              ],
              [
                -71.87808161220543,
                42.23707620629444
              ],
              [
                -71.87852910923317,
                42.23695686295604
              ],
              [
                -71.87865031753869,
                42.236934209375924
              ],
              [
                -71.87865043127644,
                42.236934183648465
              ],
              [
                -71.87865054107303,
                42.236934149760536
              ],
              [
                -71.87878658077854,
                42.2368862176185
              ],
              [
                -71.87923407513566,
                42.236766871525745
              ],
              [
                -71.87969515526004,
                42.236680692565095
              ],
              [
                -71.88016538138275,
                42.236628510551704
              ],
              [
                -71.88064022571261,
                42.23661082794319
              ],
              [
                -71.8811151160126,
                42.23662781500396
              ],
              [
                -71.88158547960332,
                42.23667930816656
              ],
              [
                -71.8820467873708,
                42.2367648116058
              ],
              [
                -71.8824945973555,
                42.23688350201081
              ]
            ]
          ],
          [
            [
              [
                -71.90213598077861,
                42.24248112598924
              ],
              [
                -71.90251824480212,
                42.242691236873846
              ],
              [
                -71.9028709542094,
                42.242928175392514
              ],
              [
                -71.90319071229456,
                42.24318965998203
              ],
              [
                -71.90347443953863,
                42.24347317268731
              ],
              [
                -71.90353417337424,
                42.24354701269173
              ],
              [
                -71.90353423955703,
                42.243547086088874
              ],
              [
                -71.90353431510339,
                42.243547154312516
              ],
              [
                -71.90353439928575,
                42.24354721670566
              ],
              [
                -71.9035344912934,
                42.2435472726674
              ],
              [
                -71.90353459024024,
                42.24354732165881
              ],
              [
                -71.90353469517335,
                42.24354736320804
              ],
              [
                -71.90353480508222,
                42.243547396915
              ],
              [
                -71.9035349189083,
                42.24354742245504
              ],
              [
                -71.90353503555542,
                42.2435474395822
              ],
              [
                -71.90353515390021,
                42.24354744813154
              ],
              [
                -71.90353527280291,
                42.24354744802072
              ],
              [
                -71.90353539111847,
                42.24354743925082
              ],
              [
                -71.90353550770742,
                42.24354742190629
              ],
              [
                -71.90353562144692,
                42.24354739615418
              ],
              [
                -71.90353573124165,
                42.24354736224247
              ],
              [
                -71.90353583603418,
                42.24354732049776
              ],
              [
                -71.90353593481532,
                42.243547271322086
              ],
              [
                -71.90353602663377,
                42.24354721518903
              ],
              [
                -71.90353611060524,
                42.24354715263918
              ],
              [
                -71.90353618592104,
                42.24354708427493
              ],
              [
                -71.90377157462409,
                42.24331063808779
              ],
              [
                -71.90409045006751,
                42.24304855862237
              ],
              [
                -71.90444235961589,
                42.24281096376411
              ],
              [
                -71.90482391426173,
                42.24260014139692
              ],
              [
                -71.90523143964876,
                42.24241812158174
              ],
              [
                -71.9056610114492,
                42.24226665701645
              ],
              [
                -71.90610849314322,
                42.242147206166074
              ],
              [
                -71.9065695758371,
                42.242060919225565
              ],
              [
                -71.90703981973705,
                42.24200862704971
              ],
              [
                -71.90751469688068,
                42.241990833156834
              ],
              [
                -71.90798963471508,
                42.2420077088828
              ],
              [
                -71.90846006010334,
                42.242059091732116
              ],
              [
                -71.90892144333662,
                42.24214448694174
              ],
              [
                -71.90936934172913,
                42.24226307224292
              ],
              [
                -71.90979944237714,
                42.24241370577479
              ],
              [
                -71.9099411476489,
                42.24247662586643
              ],
              [
                -71.90994125258443,
                42.24247666740982
              ],
              [
                -71.90994136249483,
                42.24247670111063
              ],
              [
                -71.90994147632159,
                42.24247672664433
              ],
              [
                -71.90994159296848,
                42.24247674376497
              ],
              [
                -71.90996298246117,
                42.24247907971541
              ],
              [
                -71.91042437078232,
                42.24256446886976
              ],
              [
                -71.9105467599006,
                42.2425968707294
              ],
              [
                -71.9105468737278,
                42.242596896262484
              ],
              [
                -71.91054699037507,
                42.24259691338251
              ],
              [
                -71.91054710871903,
                42.24259692192463
              ],
              [
                -71.91054722761994,
                42.242596921806545
              ],
              [
                -71.91054734593274,
                42.242596913029416
              ],
              [
                -71.91054746251801,
                42.24259689567775
              ],
              [
                -71.91054757625297,
                42.242596869918664
              ],
              [
                -71.91054768604228,
                42.242596836000246
              ],
              [
                -71.91054779082862,
                42.242596794249124
              ],
              [
                -71.91054788960284,
                42.24259674506741
              ],
              [
                -71.91072063994376,
                42.24250128015141
              ],
              [
                -71.91112814774317,
                42.242319239384805
              ],
              [
                -71.91155770476688,
                42.242167752733806
              ],
              [
                -71.91200517463729,
                42.24204827887612
              ],
              [
                -71.91246624857443,
                42.241961968228225
              ],
              [
                -71.91293648686882,
                42.24190965187319
              ],
              [
                -71.91341136161195,
                42.241891833562114
              ],
              [
                -71.91388630027404,
                42.24190868486599
              ],
              [
                -71.91435672971026,
                42.24196004352445
              ],
              [
                -71.9148181201728,
                42.242045415007404
              ],
              [
                -71.91526602890626,
                42.24216397727451
              ],
              [
                -71.91569614290742,
                42.242314588686696
              ],
              [
                -71.91610432043868,
                42.24249579899389
              ],
              [
                -71.91648663089615,
                42.24270586329323
              ],
              [
                -71.91683939264938,
                42.24294275882375
              ],
              [
                -71.91715920848875,
                42.24320420443624
              ],
              [
                -71.91744299833934,
                42.24348768255097
              ],
              [
                -71.91768802892656,
                42.24379046339251
              ],
              [
                -71.91789194010772,
                42.24410963126835
              ],
              [
                -71.91805276761544,
                42.24444211263898
              ],
              [
                -71.91816896199344,
                42.24478470570922
              ],
              [
                -71.91823940354178,
                42.24513411125621
              ],
              [
                -71.91826341312638,
                42.2454869643976
              ],
              [
                -71.91824075874817,
                42.245839866993876
              ],
              [
                -71.91817165780688,
                42.24618942037327
              ],
              [
                -71.91805677503734,
                42.246532258063795
              ],
              [
                -71.91789721613621,
                42.24686507821739
              ],
              [
                -71.91769451713998,
                42.24718467541364
              ],
              [
                -71.91745062965526,
                42.247487971536614
              ],
              [
                -71.91716790208285,
                42.2477720454274
              ],
              [
                -71.91684905701547,
                42.248034161025984
              ],
              [
                -71.91649716502646,
                42.24827179373156
              ],
              [
                -71.91611561510167,
                42.24848265472674
              ],
              [
                -71.91570808199873,
                42.24866471303108
              ],
              [
                -71.9152784908485,
                42.248816215070995
              ],
              [
                -71.91483097934005,
                42.24893570157738
              ],
              [
                -71.9143698578535,
                42.24902202164769
              ],
              [
                -71.91389956792563,
                42.249074343836746
              ],
              [
                -71.91342463944915,
                42.249092164169255
              ],
              [
                -71.91294964701882,
                42.24907531099657
              ],
              [
                -71.91247916584575,
                42.249023946650816
              ],
              [
                -71.91201772766598,
                42.2489385658807
              ],
              [
                -71.91189532553072,
                42.24890616563224
              ],
              [
                -71.91189521169161,
                42.24890614010052
              ],
              [
                -71.91189509503236,
                42.248906122981886
              ],
              [
                -71.91189497667642,
                42.24890611444118
              ],
              [
                -71.91189485776367,
                42.24890611456066
              ],
              [
                -71.91189473943926,
                42.24890612333919
              ],
              [
                -71.91189462284274,
                42.2489061406922
              ],
              [
                -71.911894509097,
                42.2489061664526
              ],
              [
                -71.91189439929747,
                42.24890620037227
              ],
              [
                -71.91189429450158,
                42.24890624212457
              ],
              [
                -71.91189419571857,
                42.24890629130741
              ],
              [
                -71.91172142968463,
                42.2490017578907
              ],
              [
                -71.91131388060627,
                42.24918380056945
              ],
              [
                -71.91088427542034,
                42.24933528614053
              ],
              [
                -71.91043675195112,
                42.24945475549348
              ],
              [
                -71.90997562069401,
                42.24954105789098
              ],
              [
                -71.90950532327996,
                42.24959336205809
              ],
              [
                -71.9090303896738,
                42.24961116419309
              ],
              [
                -71.90855539451971,
                42.24959429282264
              ],
              [
                -71.90808491305509,
                42.249542910454196
              ],
              [
                -71.90762347701872,
                42.24945751201001
              ],
              [
                -71.90717553097907,
                42.24933892005758
              ],
              [
                -71.90674538950424,
                42.249188276882755
              ],
              [
                -71.9066036723767,
                42.24912535292055
              ],
              [
                -71.90660356743231,
                42.249125311374144
              ],
              [
                -71.90660345751213,
                42.24912527767018
              ],
              [
                -71.90660334367477,
                42.24912525213321
              ],
              [
                -71.90660322701655,
                42.2491252350092
              ],
              [
                -71.90658183540208,
                42.24912289843563
              ],
              [
                -71.90612040445555,
                42.24903749393538
              ],
              [
                -71.90567246420464,
                42.24891889610101
              ],
              [
                -71.9052423291617,
                42.248768247275024
              ],
              [
                -71.90483414225758,
                42.24858699850822
              ],
              [
                -71.9044518349241,
                42.24837689557689
              ],
              [
                -71.9040990892179,
                42.24813996216029
              ],
              [
                -71.90377930235152,
                42.24787848034105
              ],
              [
                -71.90349555397337,
                42.24759496861656
              ],
              [
                -71.90343581635719,
                42.24752112864576
              ],
              [
                -71.90343575017035,
                42.24752105524861
              ],
              [
                -71.90343567461935,
                42.247520987024956
              ],
              [
                -71.9034355904318,
                42.24752092463178
              ],
              [
                -71.90343549841846,
                42.24752086867001
              ],
              [
                -71.9034353994655,
                42.247520819678556
              ],
              [
                -71.90343529452583,
                42.24752077812924
              ],
              [
                -71.90343518461015,
                42.247520744422225
              ],
              [
                -71.90343507077695,
                42.24752071888212
              ],
              [
                -71.90343495412252,
                42.24752070175486
              ],
              [
                -71.90343483577033,
                42.24752069320542
              ],
              [
                -71.90343471686015,
                42.247520693316126
              ],
              [
                -71.90343459853717,
                42.24752070208593
              ],
              [
                -71.90343448194089,
                42.24752071943034
              ],
              [
                -71.90343436819418,
                42.24752074518236
              ],
              [
                -71.90343425839254,
                42.24752077909394
              ],
              [
                -71.90343415359335,
                42.24752082083852
              ],
              [
                -71.90343405480593,
                42.24752087001407
              ],
              [
                -71.90343396298165,
                42.24752092614702
              ],
              [
                -71.90343387900481,
                42.24752098869676
              ],
              [
                -71.90343380368417,
                42.247521057060894
              ],
              [
                -71.90319839808726,
                42.24775750238686
              ],
              [
                -71.90287949526089,
                42.248019579166076
              ],
              [
                -71.90252755092284,
                42.2482571690247
              ],
              [
                -71.90214595456338,
                42.248467983557994
              ],
              [
                -71.90173838138759,
                42.248649992232984
              ],
              [
                -71.90130875691257,
                42.248801441954136
              ],
              [
                -71.90086121914858,
                42.24892087395626
              ],
              [
                -71.90040007872872,
                42.24900713786183
              ],
              [
                -71.89992977737231,
                42.2490594027667
              ],
              [
                -71.8994548450822,
                42.24907716524735
              ],
              [
                -71.89929673158043,
                42.24907153614645
              ],
              [
                -71.89929661266733,
                42.24907153625288
              ],
              [
                -71.89917282904578,
                42.24907616526814
              ],
              [
                -71.89869784053631,
                42.2490592530651
              ],
              [
                -71.89822737105247,
                42.24900783024709
              ],
              [
                -71.8977659522176,
                42.248922392125955
              ],
              [
                -71.89731802843438,
                42.24880376165142
              ],
              [
                -71.8968879140564,
                42.2486530814804
              ],
              [
                -71.8964797518154,
                42.248471802965554
              ],
              [
                -71.89609747290551,
                42.248261672169754
              ],
              [
                -71.89574475910945,
                42.24802471304062
              ],
              [
                -71.89542500733225,
                42.24776320790841
              ],
              [
                -71.89514129688423,
                42.24747967549503
              ],
              [
                -71.89489635982837,
                42.24717684664633
              ],
              [
                -71.89469255467756,
                42.24685763802216
              ],
              [
                -71.89453184369508,
                42.24652512399757
              ],
              [
                -71.89441577401563,
                42.24618250704636
              ],
              [
                -71.89434546276873,
                42.24583308689262
              ],
              [
                -71.89432158634646,
                42.24548022872727
              ],
              [
                -71.89434437391807,
                42.245127330796265
              ],
              [
                -71.89441360525258,
                42.24477779167249
              ],
              [
                -71.89452861286959,
                42.244434977526744
              ],
              [
                -71.894688288496,
                42.24410218971275
              ],
              [
                -71.89489109376578,
                42.24378263297855
              ],
              [
                -71.8951350750583,
                42.243479384609856
              ],
              [
                -71.89541788233194,
                42.2431953648027
              ],
              [
                -71.89573679177025,
                42.24293330854994
              ],
              [
                -71.89608873202268,
                42.242695739312246
              ],
              [
                -71.89647031378625,
                42.24248494472685
              ],
              [
                -71.8968778624437,
                42.24230295458714
              ],
              [
                -71.89730745344328,
                42.242151521305225
              ],
              [
                -71.89775495008043,
                42.24203210304491
              ],
              [
                -71.8982160433176,
                42.24194584968736
              ],
              [
                -71.89868629325959,
                42.24189359176402
              ],
              [
                -71.89916117188582,
                42.241875832463386
              ],
              [
                -71.8993192674061,
                42.241881461764805
              ],
              [
                -71.89931938630569,
                42.241881461658366
              ],
              [
                -71.89944315585194,
                42.241876832484195
              ],
              [
                -71.89991809067807,
                42.24189374164118
              ],
              [
                -71.90038850866773,
                42.241945157606104
              ],
              [
                -71.90084988018329,
                42.2420305852971
              ],
              [
                -71.90129776265165,
                42.242149202132644
              ],
              [
                -71.90172784332239,
                42.24229986594824
              ],
              [
                -71.90213598077861,
                42.24248112598924
              ]
            ]
          ],
          [
            [
              [
                -71.93036871915527,
                42.2421010583783
              ],
              [
                -71.93081615305071,
                42.241981511135045
              ],
              [
                -71.93127720084969,
                42.2418951248653
              ],
              [
                -71.93174742309425,
                42.24184273138026
              ],
              [
                -71.93222229203036,
                42.24182483517369
              ],
              [
                -71.93269723518411,
                42.24184160856652
              ],
              [
                -71.93316767936741,
                42.24189289004859
              ],
              [
                -71.93362909469057,
                42.24197818583286
              ],
              [
                -71.93407703815896,
                42.24209667460787
              ],
              [
                -71.93450719643513,
                42.24224721544216
              ],
              [
                -71.93491542735535,
                42.242428358765274
              ],
              [
                -71.93529779980197,
                42.24263836031932
              ],
              [
                -71.93565063154794,
                42.24287519794758
              ],
              [
                -71.93597052470997,
                42.24313659105844
              ],
              [
                -71.93610714406296,
                42.24327299798236
              ],
              [
                -71.93610721964409,
                42.24327306618454
              ],
              [
                -71.93611152787551,
                42.243276586513716
              ],
              [
                -71.93639540289435,
                42.243560017676494
              ],
              [
                -71.93664052438523,
                42.243862757968316
              ],
              [
                -71.93684453133037,
                42.24418189208731
              ],
              [
                -71.93700545854041,
                42.24451434681916
              ],
              [
                -71.93712175559921,
                42.244856920625374
              ],
              [
                -71.9371923018181,
                42.24520631446878
              ],
              [
                -71.93721641705514,
                42.245559163579884
              ],
              [
                -71.93719386829375,
                42.24591206985819
              ],
              [
                -71.93713566600785,
                42.24620694743642
              ],
              [
                -71.93713565454792,
                42.246207035373196
              ],
              [
                -71.93713565474394,
                42.24620712372112
              ],
              [
                -71.937135666594,
                42.24620721162935
              ],
              [
                -71.93713568998399,
                42.246207298251264
              ],
              [
                -71.93713572468863,
                42.24620738275267
              ],
              [
                -71.93713577037371,
                42.24620746431977
              ],
              [
                -71.93713582659926,
                42.24620754216701
              ],
              [
                -71.93713589282379,
                42.246207615544705
              ],
              [
                -71.93713596840952,
                42.24620768374617
              ],
              [
                -71.93713605262853,
                42.246207746114585
              ],
              [
                -71.93713614466974,
                42.24620780204933
              ],
              [
                -71.93713624364673,
                42.24620785101168
              ],
              [
                -71.93713634860632,
                42.24620789253015
              ],
              [
                -71.93713645853767,
                42.24620792620486
              ],
              [
                -71.93713657238209,
                42.246207951711526
              ],
              [
                -71.93713668904319,
                42.246207968804505
              ],
              [
                -71.93713680739747,
                42.24620797731916
              ],
              [
                -71.93729600671736,
                42.246213592686296
              ],
              [
                -71.93776648711581,
                42.24626485524459
              ],
              [
                -71.93822794050546,
                42.24635013244002
              ],
              [
                -71.93867592352525,
                42.24646860314009
              ],
              [
                -71.93910612245699,
                42.24661912658743
              ],
              [
                -71.93951439474564,
                42.246800253378986
              ],
              [
                -71.93989680887526,
                42.2470102394161
              ],
              [
                -71.94024968221754,
                42.2472470626915
              ],
              [
                -71.94056961648869,
                42.24750844275181
              ],
              [
                -71.94085353047372,
                42.24779186264869
              ],
              [
                -71.94109868970305,
                42.248094593167444
              ],
              [
                -71.94130273279546,
                42.24841371910033
              ],
              [
                -71.94146369421347,
                42.24874616731192
              ],
              [
                -71.94158002321142,
                42.249088736326584
              ],
              [
                -71.94165059879299,
                42.24943812715333
              ],
              [
                -71.94167474053336,
                42.24979097505179
              ],
              [
                -71.94165221516054,
                42.250143881933155
              ],
              [
                -71.94158323883174,
                42.25049344908463
              ],
              [
                -71.94146847508138,
                42.250836309901786
              ],
              [
                -71.94130902845954,
                42.25116916231401
              ],
              [
                -71.94110643392095,
                42.251488800590394
              ],
              [
                -71.94086264206578,
                42.251792146219515
              ],
              [
                -71.94058000037329,
                42.25207627756575
              ],
              [
                -71.9402612306086,
                42.25233845801577
              ],
              [
                -71.93990940261938,
                42.252576162344255
              ],
              [
                -71.93952790477456,
                42.25278710104399
              ],
              [
                -71.93912041132978,
                42.25296924238609
              ],
              [
                -71.93869084703361,
                42.25312083199714
              ],
              [
                -71.93824334931618,
                42.25324040976454
              ],
              [
                -71.93778222842457,
                42.25332682390664
              ],
              [
                -71.9373119258897,
                42.25337924207213
              ],
              [
                -71.93683697172575,
                42.25339715936114
              ],
              [
                -71.9363619407749,
                42.25338040319106
              ],
              [
                -71.93589140861947,
                42.25332913495967
              ],
              [
                -71.93542990748674,
                42.25324384848975
              ],
              [
                -71.93498188257249,
                42.25312536527023
              ],
              [
                -71.9345516492049,
                42.25297482653961
              ],
              [
                -71.9341433512624,
                42.25279368228824
              ],
              [
                -71.93376092124674,
                42.25258367728574
              ],
              [
                -71.93340804239675,
                42.25234683426825
              ],
              [
                -71.93308811320786,
                42.2520854344478
              ],
              [
                -71.93280421469977,
                42.2518019955321
              ],
              [
                -71.93255908074727,
                42.25149924746673
              ],
              [
                -71.93235507176023,
                42.25118010613376
              ],
              [
                -71.93219415196546,
                42.250847645260386
              ],
              [
                -71.93207787050906,
                42.25050506680887
              ],
              [
                -71.93200734656037,
                42.25015567013285
              ],
              [
                -71.93198325855998,
                42.24980282019748
              ],
              [
                -71.93200583771468,
                42.2494499151698
              ],
              [
                -71.93206406684865,
                42.24915504034989
              ],
              [
                -71.93206407831615,
                42.24915495241366
              ],
              [
                -71.93206407812718,
                42.24915486406578
              ],
              [
                -71.93206406628362,
                42.249154776157084
              ],
              [
                -71.93206404289947,
                42.24915468953415
              ],
              [
                -71.93206400819997,
                42.24915460503125
              ],
              [
                -71.93206396251928,
                42.24915452346218
              ],
              [
                -71.93206390629736,
                42.24915444561248
              ],
              [
                -71.93206384007561,
                42.24915437223191
              ],
              [
                -71.93206376449182,
                42.24915430402713
              ],
              [
                -71.93206368027388,
                42.24915424165501
              ],
              [
                -71.93206358823288,
                42.249154185716236
              ],
              [
                -71.93206348925519,
                42.24915413674952
              ],
              [
                -71.93206338429405,
                42.24915409522643
              ],
              [
                -71.93206327436029,
                42.24915406154688
              ],
              [
                -71.9320631605126,
                42.249154036035186
              ],
              [
                -71.93206304384744,
                42.24915401893708
              ],
              [
                -71.93206292548832,
                42.24915401041718
              ],
              [
                -71.93190371923836,
                42.24914838779152
              ],
              [
                -71.93143322215523,
                42.24909710121433
              ],
              [
                -71.93097175789073,
                42.24901179672387
              ],
              [
                -71.93052377128537,
                42.24889329598261
              ],
              [
                -71.93009357729822,
                42.2487427403978
              ],
              [
                -71.92968531942829,
                42.24856158012216
              ],
              [
                -71.92930292979126,
                42.248351560079605
              ],
              [
                -71.92895009123694,
                42.24811470315108
              ],
              [
                -71.92863020187261,
                42.2478532906826
              ],
              [
                -71.9284935887285,
                42.24771687495763
              ],
              [
                -71.92849351315027,
                42.247716806750496
              ],
              [
                -71.92848920503987,
                42.247713286137795
              ],
              [
                -71.92820534676162,
                42.247429835602304
              ],
              [
                -71.9279602517662,
                42.24712707745757
              ],
              [
                -71.92775628008829,
                42.24680792768264
              ],
              [
                -71.92759539559538,
                42.24647546008601
              ],
              [
                -71.92747914709368,
                42.24613287669463
              ],
              [
                -71.92740865343521,
                42.24578347690963
              ],
              [
                -71.927384592769,
                42.24543062572609
              ],
              [
                -71.92740719603873,
                42.24507772132302
              ],
              [
                -71.92747624478827,
                42.24472816233595
              ],
              [
                -71.92759107329539,
                42.24438531512729
              ],
              [
                -71.92775057501164,
                42.24405248136944
              ],
              [
                -71.92795321324532,
                42.24373286625311
              ],
              [
                -71.92819703598394,
                42.24342954762654
              ],
              [
                -71.92847969471215,
                42.24314544636247
              ],
              [
                -71.92879846704344,
                42.24288329823835
              ],
              [
                -71.92915028294689,
                42.242645627599664
              ],
              [
                -71.92953175431641,
                42.242434723060136
              ],
              [
                -71.92993920759714,
                42.24225261547201
              ],
              [
                -71.93036871915527,
                42.2421010583783
              ]
            ]
          ],
          [
            [
              [
                -71.95760244893819,
                42.25299084910554
              ],
              [
                -71.95806354031318,
                42.252904355284564
              ],
              [
                -71.95853382212228,
                42.25285185202929
              ],
              [
                -71.959008766038,
                42.25283384489035
              ],
              [
                -71.95948379886464,
                42.252850507256774
              ],
              [
                -71.959954346551,
                42.25290167868737
              ],
              [
                -71.96041587821107,
                42.252986866454776
              ],
              [
                -71.96058089171632,
                42.253030464507475
              ],
              [
                -71.96058100558245,
                42.25303048999081
              ],
              [
                -71.9605938695282,
                42.253032864317994
              ],
              [
                -71.96104194170626,
                42.253151247454035
              ],
              [
                -71.96147223925094,
                42.253301686761795
              ],
              [
                -71.96188061865799,
                42.25348273364845
              ],
              [
                -71.9622631473804,
                42.253692644784806
              ],
              [
                -71.96261614168684,
                42.253929398884885
              ],
              [
                -71.96293620212904,
                42.25419071616155
              ],
              [
                -71.96322024627743,
                42.254474080271166
              ],
              [
                -71.96346553840927,
                42.254776762536366
              ],
              [
                -71.96366971586372,
                42.255095848214296
              ],
              [
                -71.96383081180959,
                42.25542826455735
              ],
              [
                -71.96394727420575,
                42.25577081039698
              ],
              [
                -71.96401798077125,
                42.25612018696563
              ],
              [
                -71.96404224981968,
                42.25647302966043
              ],
              [
                -71.9640198468529,
                42.25682594044293
              ],
              [
                -71.96395098684897,
                42.25717552056294
              ],
              [
                -71.96383633222167,
                42.25751840329132
              ],
              [
                -71.96367698646975,
                42.257851286346664
              ],
              [
                -71.96347448357601,
                42.258170963703016
              ],
              [
                -71.9632307732575,
                42.25847435647274
              ],
              [
                -71.9629482022077,
                42.25875854256629
              ],
              [
                -71.96262949151087,
                42.259020784843095
              ],
              [
                -71.96227771044529,
                42.259258557482404
              ],
              [
                -71.96189624692757,
                42.25946957031904
              ],
              [
                -71.9614887748823,
                42.259651790910056
              ],
              [
                -71.96105921885166,
                42.25980346411871
              ],
              [
                -71.96061171618594,
                42.25992312902711
              ],
              [
                -71.96015057717975,
                42.26000963301422
              ],
              [
                -71.95968024353844,
                42.26006214286326
              ],
              [
                -71.95920524557579,
                42.26008015279118
              ],
              [
                -71.95873015855601,
                42.26006348932302
              ],
              [
                -71.95825955860165,
                42.26001231296353
              ],
              [
                -71.9577979785933,
                42.25992711665058
              ],
              [
                -71.95763294901421,
                42.25988351465547
              ],
              [
                -71.95763283513692,
                42.25988348916923
              ],
              [
                -71.95761996990935,
                42.259881114513504
              ],
              [
                -71.95717185646176,
                42.25976271817075
              ],
              [
                -71.95674152518096,
                42.25961226291726
              ],
              [
                -71.95633312088879,
                42.2594311979394
              ],
              [
                -71.95595057711185,
                42.25922126724327
              ],
              [
                -71.95559757818499,
                42.258984492849365
              ],
              [
                -71.95527752376061,
                42.25872315530886
              ],
              [
                -71.95499349606494,
                42.25843977172973
              ],
              [
                -71.95474823021735,
                42.25813707152477
              ],
              [
                -71.95454408789821,
                42.25781797011519
              ],
              [
                -71.95438303461866,
                42.257485540843945
              ],
              [
                -71.95426662081043,
                42.2571429853691
              ],
              [
                -71.95419596691752,
                42.25679360282322
              ],
              [
                -71.95417175263192,
                42.25644075803559
              ],
              [
                -71.95419421037641,
                42.256087849123915
              ],
              [
                -71.95426312309593,
                42.25573827476738
              ],
              [
                -71.95437782637775,
                42.25539540147662
              ],
              [
                -71.9545372148788,
                42.25506253117542
              ],
              [
                -71.95473975299703,
                42.254742869406606
              ],
              [
                -71.95498348968343,
                42.25443949446776
              ],
              [
                -71.95526607725068,
                42.25415532777404
              ],
              [
                -71.95558479399689,
                42.253893105733
              ],
              [
                -71.95593657042589,
                42.25365535340198
              ],
              [
                -71.95631801881116,
                42.253444360181305
              ],
              [
                -71.95672546581874,
                42.253262157777144
              ],
              [
                -71.95715498787487,
                42.253110500645484
              ],
              [
                -71.95760244893819,
                42.25299084910554
              ]
            ]
          ],
          [
            [
              [
                -71.97957171337305,
                42.24744563042383
              ],
              [
                -71.98001978145976,
                42.24756393953049
              ],
              [
                -71.98045008608482,
                42.24771430777387
              ],
              [
                -71.98085848367596,
                42.24789528724541
              ],
              [
                -71.98124104151137,
                42.248105135265035
              ],
              [
                -71.98159407557965,
                42.24834183115456
              ],
              [
                -71.98191418605003,
                42.248603095687365
              ],
              [
                -71.98219829001155,
                42.24888641302773
              ],
              [
                -71.98244365116588,
                42.24918905494877
              ],
              [
                -71.98264790618794,
                42.24950810709617
              ],
              [
                -71.98280908749994,
                42.24984049704537
              ],
              [
                -71.98292564223908,
                42.25018302388211
              ],
              [
                -71.98299644723544,
                42.25053238902196
              ],
              [
                -71.98302081985497,
                42.25088522797229
              ],
              [
                -71.98299852460231,
                42.25123814273089
              ],
              [
                -71.98292977541837,
                42.251587734509464
              ],
              [
                -71.9828152336497,
                42.2519306364668
              ],
              [
                -71.98265600170814,
                42.25226354613642
              ],
              [
                -71.98245361248036,
                42.252583257236275
              ],
              [
                -71.98221001458847,
                42.25288669055387
              ],
              [
                -71.98192755364303,
                42.253170923609275
              ],
              [
                -71.98173863766289,
                42.2533264517151
              ],
              [
                -71.98173856241995,
                42.25332652013052
              ],
              [
                -71.98167355762271,
                42.253391931829626
              ],
              [
                -71.98135495148452,
                42.253654226315774
              ],
              [
                -71.98100327054885,
                42.25389205654429
              ],
              [
                -71.98062190176759,
                42.25410313179543
              ],
              [
                -71.98021451815251,
                42.25428541902512
              ],
              [
                -71.9797850433937,
                42.25443716245483
              ],
              [
                -71.97933761405835,
                42.25455690049029
              ],
              [
                -71.97887653973443,
                42.254643479806106
              ],
              [
                -71.97840626150402,
                42.2546960664599
              ],
              [
                -71.97793130914695,
                42.25471415392878
              ],
              [
                -71.977456257488,
                42.25469756799084
              ],
              [
                -71.97698568230905,
                42.25464646840403
              ],
              [
                -71.97652411625201,
                42.25456134736667
              ],
              [
                -71.97607600513838,
                42.2544430247741
              ],
              [
                -71.97564566512709,
                42.25429264031758
              ],
              [
                -71.97523724112433,
                42.25411164250152
              ],
              [
                -71.97485466684672,
                42.2539017746851
              ],
              [
                -71.97450162692324,
                42.253665058283154
              ],
              [
                -71.9741815214015,
                42.2534037732883
              ],
              [
                -71.97389743300022,
                42.2531204363025
              ],
              [
                -71.97365209742388,
                42.25281777628981
              ],
              [
                -71.97344787702482,
                42.25249870828443
              ],
              [
                -71.97328673806658,
                42.252166305307696
              ],
              [
                -71.97317023180642,
                42.25182376876457
              ],
              [
                -71.97309947957908,
                42.25147439760542
              ],
              [
                -71.97307516202383,
                42.25112155655005
              ],
              [
                -71.97309751255823,
                42.25076864368036
              ],
              [
                -71.97316631515986,
                42.25041905771389
              ],
              [
                -71.97328090647656,
                42.25007616527323
              ],
              [
                -71.97344018224346,
                42.24974326846675
              ],
              [
                -71.97364260794416,
                42.249423573092734
              ],
              [
                -71.97388623361203,
                42.24912015777251
              ],
              [
                -71.97416871262868,
                42.24883594431026
              ],
              [
                -71.97435763383076,
                42.24868042854894
              ],
              [
                -71.97435770907617,
                42.24868036013831
              ],
              [
                -71.97442271660564,
                42.24861495253038
              ],
              [
                -71.97474132615183,
                42.248352677069676
              ],
              [
                -71.97509299988752,
                42.24811486581769
              ],
              [
                -71.97547435107475,
                42.24790380874222
              ],
              [
                -71.97588170731515,
                42.24772153816434
              ],
              [
                -71.9763111459087,
                42.24756980919657
              ],
              [
                -71.97675853161729,
                42.247450082849824
              ],
              [
                -71.97721955647076,
                42.24736351197171
              ],
              [
                -71.9776897812318,
                42.24731093015089
              ],
              [
                -71.97816467812203,
                42.24729284369445
              ],
              [
                -71.97863967439838,
                42.24730942675517
              ],
              [
                -71.97911019636149,
                42.24736051965538
              ],
              [
                -71.97957171337305,
                42.24744563042383
              ]
            ]
          ],
          [
            [
              [
                -71.99574365622594,
                42.24035135384575
              ],
              [
                -71.99621414026286,
                42.24040237665743
              ],
              [
                -71.9966756295169,
                42.240487418714466
              ],
              [
                -71.99712368028207,
                42.24060566114837
              ],
              [
                -71.99755397818839,
                42.24075596539964
              ],
              [
                -71.99796237972848,
                42.24093688417585
              ],
              [
                -71.99834495214269,
                42.24114667538134
              ],
              [
                -71.99869801127952,
                42.24138331888494
              ],
              [
                -71.99901815706708,
                42.24164453596453
              ],
              [
                -71.99930230625473,
                42.24192781124133
              ],
              [
                -71.99954772210901,
                42.24223041689357
              ],
              [
                -71.99975204077849,
                42.24254943891625
              ],
              [
                -71.99991329407287,
                42.24288180517501
              ],
              [
                -72.0000299284365,
                42.2432243149838
              ],
              [
                -72.00010081993307,
                42.24357366992234
              ],
              [
                -72.00012528509582,
                42.24392650559638
              ],
              [
                -72.00010308753843,
                42.24427942403542
              ],
              [
                -72.00003444026112,
                42.24462902641585
              ],
              [
                -71.9999200036292,
                42.24497194579455
              ],
              [
                -71.99976087904197,
                42.245304879537436
              ],
              [
                -71.99955859835218,
                42.24562462113078
              ],
              [
                -71.99931510913659,
                42.24592809106853
              ],
              [
                -71.99903275595884,
                42.24621236651819
              ],
              [
                -71.99871425780432,
                42.24647470947889
              ],
              [
                -71.99836268190371,
                42.246712593160304
              ],
              [
                -71.9979814141969,
                42.246923726327914
              ],
              [
                -71.99757412672183,
                42.2471060753799
              ],
              [
                -71.9971447422423,
                42.24725788394227
              ],
              [
                -71.99669739645555,
                42.24737768979348
              ],
              [
                -71.99623639814452,
                42.247464338954906
              ],
              [
                -71.99576618765887,
                42.247516996811385
              ],
              [
                -71.99529129412564,
                42.24753515615421
              ],
              [
                -71.99481629180279,
                42.24751864206909
              ],
              [
                -71.99451906277292,
                42.2474864085484
              ],
              [
                -71.99451894440855,
                42.24748640009297
              ],
              [
                -71.99451882549867,
                42.24748640029812
              ],
              [
                -71.99451870718843,
                42.24748640916189
              ],
              [
                -71.99451859061723,
                42.24748642659889
              ],
              [
                -71.99451847690771,
                42.24748645244121
              ],
              [
                -71.99451836715497,
                42.24748648643995
              ],
              [
                -71.99411259411569,
                42.24762993313172
              ],
              [
                -71.9936652399643,
                42.247749727152915
              ],
              [
                -71.99320423479597,
                42.24783636412445
              ],
              [
                -71.99273401902639,
                42.247889009548565
              ],
              [
                -71.99225912183356,
                42.24790715633631
              ],
              [
                -71.99178411751072,
                42.24789062969434
              ],
              [
                -71.99131358138365,
                42.247839588809434
              ],
              [
                -71.9908520457181,
                42.247754525314406
              ],
              [
                -71.99040395604278,
                42.24763625855031
              ],
              [
                -71.98997362831018,
                42.24748592767062
              ],
              [
                -71.98956520730832,
                42.24730498066365
              ],
              [
                -71.98918262672508,
                42.24709516039915
              ],
              [
                -71.98882957125043,
                42.24685848783393
              ],
              [
                -71.98850944108202,
                42.24659724253839
              ],
              [
                -71.98844868215865,
                42.24653665926561
              ],
              [
                -71.98844860651725,
                42.24653659109801
              ],
              [
                -71.98842244276963,
                42.246515239733846
              ],
              [
                -71.98813832162206,
                42.24623193770744
              ],
              [
                -71.98789294474106,
                42.2459293078247
              ],
              [
                -71.98768867487719,
                42.24561026482969
              ],
              [
                -71.9875274787707,
                42.24527788150291
              ],
              [
                -71.98741090822968,
                42.24493535906017
              ],
              [
                -71.9873400852082,
                42.24458599631613
              ],
              [
                -71.98731569102772,
                42.2442331579097
              ],
              [
                -71.98733795984394,
                42.24388024189737
              ],
              [
                -71.98740667642168,
                42.24353064702708
              ],
              [
                -71.98752117823737,
                42.24318774000731
              ],
              [
                -71.98768036188815,
                42.24285482308701
              ],
              [
                -71.98788269374471,
                42.242535102258245
              ],
              [
                -71.98812622474415,
                42.242231656387666
              ],
              [
                -71.98840860917957,
                42.24194740757374
              ],
              [
                -71.98872712730478,
                42.24168509301505
              ],
              [
                -71.98907871153575,
                42.241447238660015
              ],
              [
                -71.98945997599621,
                42.24123613489163
              ],
              [
                -71.98986724912265,
                42.24105381448061
              ],
              [
                -71.99029660901505,
                42.24090203301936
              ],
              [
                -71.99074392119292,
                42.240782252024324
              ],
              [
                -71.99120487839384,
                42.240695624869275
              ],
              [
                -71.99167504203166,
                42.24064298568481
              ],
              [
                -71.99214988491636,
                42.24062484133034
              ],
              [
                -71.99243024828421,
                42.240634596401605
              ],
              [
                -71.99243036718124,
                42.240634596198625
              ],
              [
                -71.99243048547896,
                42.24063458733701
              ],
              [
                -71.99243060203813,
                42.24063456990213
              ],
              [
                -71.9924307157362,
                42.24063454406187
              ],
              [
                -71.9924308254782,
                42.24063451006508
              ],
              [
                -71.99267249476878,
                42.24054907152313
              ],
              [
                -71.99311979996067,
                42.2404292812577
              ],
              [
                -71.99358075134293,
                42.24034264455084
              ],
              [
                -71.9940509103855,
                42.24028999562505
              ],
              [
                -71.99452574994251,
                42.240271841433554
              ],
              [
                -71.99500069782282,
                42.24028835678128
              ],
              [
                -71.9954711807929,
                42.24033938264255
              ],
              [
                -71.99548777473834,
                42.24034244068571
              ],
              [
                -71.99548789140435,
                42.24034245771933
              ],
              [
                -71.99548800975548,
                42.24034246617378
              ],
              [
                -71.99574365622594,
                42.24035135384575
              ]
            ]
          ],
          [
            [
              [
                -72.0137636600161,
                42.22923583726158
              ],
              [
                -72.01423853013956,
                42.2292522730206
              ],
              [
                -72.01470894659589,
                42.229303220100114
              ],
              [
                -72.01517037976248,
                42.229388187932834
              ],
              [
                -72.0156183864733,
                42.229506358364915
              ],
              [
                -72.01604865278266,
                42.22965659353008
              ],
              [
                -72.01645703548749,
                42.22983744680106
              ],
              [
                -72.01683960200974,
                42.23004717671292
              ],
              [
                -72.01719266825488,
                42.23028376372468
              ],
              [
                -72.01751283408302,
                42.23054492965814
              ],
              [
                -72.01779701605088,
                42.23082815962706
              ],
              [
                -72.0180424771098,
                42.23113072624598
              ],
              [
                -72.01824685297358,
                42.23144971588582
              ],
              [
                -72.01840817490164,
                42.23178205672415
              ],
              [
                -72.01852488867796,
                42.232124548319845
              ],
              [
                -72.01859586960188,
                42.23247389242812
              ],
              [
                -72.01862043334599,
                42.232826724759164
              ],
              [
                -72.0185983425749,
                42.233179647374854
              ],
              [
                -72.01852980926084,
                42.23352926141155
              ],
              [
                -72.0184154926718,
                42.23387219981404
              ],
              [
                -72.01825649305118,
                42.234205159765224
              ],
              [
                -72.01805434104828,
                42.234524934499156
              ],
              [
                -72.01781098300043,
                42.234828444190796
              ],
              [
                -72.01752876220792,
                42.235112765624955
              ],
              [
                -72.0174588646031,
                42.23517037497059
              ],
              [
                -72.01745878942027,
                42.235170443409636
              ],
              [
                -72.01728276731305,
                42.235347773578475
              ],
              [
                -72.01696439928826,
                42.23561016761943
              ],
              [
                -72.01661295215682,
                42.23584810760048
              ],
              [
                -72.01649026550612,
                42.235916089730715
              ],
              [
                -72.01649017379894,
                42.23591614595418
              ],
              [
                -72.01649008994922,
                42.235916208586694
              ],
              [
                -72.01649001476447,
                42.23591627702508
              ],
              [
                -72.01648994896877,
                42.23591635061025
              ],
              [
                -72.01648989319575,
                42.23591642863353
              ],
              [
                -72.01631440751905,
                42.23619399887639
              ],
              [
                -72.01607103474183,
                42.236497504798066
              ],
              [
                -72.0157887987213,
                42.23678182187848
              ],
              [
                -72.01573894900028,
                42.23682290507104
              ],
              [
                -72.01573887381365,
                42.23682297350892
              ],
              [
                -72.01549580516397,
                42.23706783134886
              ],
              [
                -72.01517742110846,
                42.23733022036172
              ],
              [
                -72.01482595773587,
                42.23756815480664
              ],
              [
                -72.01445086815114,
                42.23777598074597
              ],
              [
                -72.01445077643945,
                42.23777603696779
              ],
              [
                -72.01445069258524,
                42.23777609959879
              ],
              [
                -72.01445061739608,
                42.237776168035836
              ],
              [
                -72.01445055159608,
                42.23777624161981
              ],
              [
                -72.01445049581893,
                42.23777631964207
              ],
              [
                -72.0144504506018,
                42.23777640135121
              ],
              [
                -72.01445041638014,
                42.23777648596035
              ],
              [
                -72.01445039348353,
                42.23777657265464
              ],
              [
                -72.01445038213248,
                42.23777666059917
              ],
              [
                -72.01445038243632,
                42.23777674894699
              ],
              [
                -72.01445581857001,
                42.23785490043421
              ],
              [
                -72.01443370291553,
                42.23820782195603
              ],
              [
                -72.01436514124711,
                42.238557433217615
              ],
              [
                -72.01425079310573,
                42.23890036719042
              ],
              [
                -72.01409175903854,
                42.239233321099995
              ],
              [
                -72.01388957002646,
                42.23955308823844
              ],
              [
                -72.01364617276323,
                42.23985658885391
              ],
              [
                -72.01336391092678,
                42.24014089981853
              ],
              [
                -72.01304550262263,
                42.24040328278944
              ],
              [
                -72.01269401421578,
                42.24064121059105
              ],
              [
                -72.01231283080324,
                42.24085239156404
              ],
              [
                -72.01190562361077,
                42.241034791646115
              ],
              [
                -72.01147631462862,
                42.24118665397186
              ],
              [
                -72.01102903882658,
                42.241306515801845
              ],
              [
                -72.01056810431324,
                42.24139322261831
              ],
              [
                -72.0100979508235,
                42.24144593925075
              ],
              [
                -72.00962310693524,
                42.24146415792426
              ],
              [
                -72.00914814642807,
                42.24144770315303
              ],
              [
                -72.00867764420562,
                42.241396733431536
              ],
              [
                -72.00821613220701,
                42.24131173970708
              ],
              [
                -72.007768055733,
                42.24119354064861
              ],
              [
                -72.00733773060902,
                42.24104327475744
              ],
              [
                -72.00692930159813,
                42.24086238939582
              ],
              [
                -72.00654670246557,
                42.240652626839754
              ],
              [
                -72.00619361808023,
                42.24041600749016
              ],
              [
                -72.00587344891854,
                42.24015481040494
              ],
              [
                -72.00558927831285,
                42.239871551339306
              ],
              [
                -72.0053438427601,
                42.23956895850692
              ],
              [
                -72.00513950557632,
                42.239249946295104
              ],
              [
                -72.00497823415053,
                42.23891758718796
              ],
              [
                -72.00486158101657,
                42.23857508216815
              ],
              [
                -72.00479066892433,
                42.23822572988267
              ],
              [
                -72.00476618005338,
                42.23787289486983
              ],
              [
                -72.0047883494716,
                42.23751997515365
              ],
              [
                -72.00485696290127,
                42.237170369517855
              ],
              [
                -72.00497135881227,
                42.236827444774804
              ],
              [
                -72.00513043482168,
                42.23649450334429
              ],
              [
                -72.00533265833676,
                42.236174751454584
              ],
              [
                -72.00557608133784,
                42.23587126827159
              ],
              [
                -72.0058583591579,
                42.23558697625323
              ],
              [
                -72.00617677307719,
                42.23532461301426
              ],
              [
                -72.0065282565149,
                42.235086704972005
              ],
              [
                -72.00690335619302,
                42.23487890484348
              ],
              [
                -72.00690344790722,
                42.234878848627666
              ],
              [
                -72.00690353176506,
                42.23487878600215
              ],
              [
                -72.00690360695894,
                42.23487871757001
              ],
              [
                -72.0069036727647,
                42.23487864399032
              ],
              [
                -72.00690372854861,
                42.2348785659717
              ],
              [
                -72.00690377377343,
                42.23487848426547
              ],
              [
                -72.0069038080036,
                42.23487839965855
              ],
              [
                -72.00690383090951,
                42.234878312965726
              ],
              [
                -72.00690384227053,
                42.23487822502188
              ],
              [
                -72.00690384197723,
                42.23487813667399
              ],
              [
                -72.00689841542817,
                42.234799984781105
              ],
              [
                -72.00692057193487,
                42.23444706447263
              ],
              [
                -72.0069891703109,
                42.234097457384316
              ],
              [
                -72.00710354917125,
                42.23375453034252
              ],
              [
                -72.00726260629725,
                42.23342158578921
              ],
              [
                -72.00746480927808,
                42.23310182998273
              ],
              [
                -72.00770821029187,
                42.232798342126756
              ],
              [
                -72.00799046488332,
                42.23251404472426
              ],
              [
                -72.00804031624655,
                42.23247296486815
              ],
              [
                -72.00804039143637,
                42.232472896435254
              ],
              [
                -72.00828347132249,
                42.232228054194415
              ],
              [
                -72.00860185834746,
                42.23196568408727
              ],
              [
                -72.00895331407025,
                42.23172776849251
              ],
              [
                -72.00907600070965,
                42.23165979437675
              ],
              [
                -72.00907609241727,
                42.23165973815918
              ],
              [
                -72.0090761762687,
                42.23165967553204
              ],
              [
                -72.00907625145643,
                42.231659607098464
              ],
              [
                -72.00907631725633,
                42.2316595335175
              ],
              [
                -72.00907637303473,
                42.231659455497756
              ],
              [
                -72.00925187792203,
                42.23138189609797
              ],
              [
                -72.00949526378618,
                42.23107840436864
              ],
              [
                -72.00977750271319,
                42.23079410249343
              ],
              [
                -72.00984740248585,
                42.23073649778457
              ],
              [
                -72.00984747767164,
                42.23073642935048
              ],
              [
                -72.01002350781545,
                42.23055911044679
              ],
              [
                -72.01034187926265,
                42.230296735443204
              ],
              [
                -72.01069331920655,
                42.23005881445754
              ],
              [
                -72.01107444315991,
                42.229847638514464
              ],
              [
                -72.01148158091183,
                42.22966524107983
              ],
              [
                -72.01191081186543,
                42.22951337848777
              ],
              [
                -72.01235800278137,
                42.22939351303602
              ],
              [
                -72.0128188475644,
                42.22930679891157
              ],
              [
                -72.01328890871048,
                42.22925407108245
              ],
              [
                -72.0137636600161,
                42.22923583726158
              ]
            ]
          ],
          [
            [
              [
                -72.02867414864308,
                42.22794771469095
              ],
              [
                -72.02913496056968,
                42.22786093499369
              ],
              [
                -72.02960499740007,
                42.227808140281574
              ],
              [
                -72.03007973316481,
                42.227789838911484
              ],
              [
                -72.03055459667178,
                42.22780620710548
              ],
              [
                -72.03102501549965,
                42.22785708725468
              ],
              [
                -72.03148646000307,
                42.227941989436204
              ],
              [
                -72.03151854099094,
                42.22795044654451
              ],
              [
                -72.03151865484047,
                42.22795047195755
              ],
              [
                -72.03151877149334,
                42.227950488954555
              ],
              [
                -72.03158898551297,
                42.22795808275763
              ],
              [
                -72.03205043150835,
                42.2280429826667
              ],
              [
                -72.0324984601786,
                42.22816108715155
              ],
              [
                -72.03292875736666,
                42.228311258980895
              ],
              [
                -72.03333717957241,
                42.22849205213733
              ],
              [
                -72.03371979383766,
                42.22870172573472
              ],
              [
                -72.03407291560846,
                42.22893826077441
              ],
              [
                -72.0343931442105,
                42.2291993795787
              ],
              [
                -72.03467739559632,
                42.22948256771522
              ],
              [
                -72.03492293204914,
                42.22978509820141
              ],
              [
                -72.03512738855699,
                42.23010405775627
              ],
              [
                -72.03528879560297,
                42.230436374847145
              ],
              [
                -72.03540559815158,
                42.23077884926176
              ],
              [
                -72.03547667064753,
                42.23112818292093
              ],
              [
                -72.03550132788156,
                42.23148101163563
              ],
              [
                -72.0354793316181,
                42.2318339375027
              ],
              [
                -72.03541089291917,
                42.23218356162736
              ],
              [
                -72.03529667014156,
                42.23252651685739
              ],
              [
                -72.03513776262504,
                42.2328595002138
              ],
              [
                -72.03493570013171,
                42.23317930470534
              ],
              [
                -72.03469242813662,
                42.23348285022052
              ],
              [
                -72.03441028911101,
                42.23376721319922
              ],
              [
                -72.03409199997728,
                42.234029654797745
              ],
              [
                -72.03374062595232,
                42.234267647275985
              ],
              [
                -72.03335955103111,
                42.234478898351696
              ],
              [
                -72.03295244539406,
                42.23466137328752
              ],
              [
                -72.03277196798365,
                42.234725262146206
              ],
              [
                -72.032771863291,
                42.234725304008954
              ],
              [
                -72.03277176462406,
                42.234725353295914
              ],
              [
                -72.03277167293305,
                42.23472540953238
              ],
              [
                -72.0324996028887,
                42.234909680357575
              ],
              [
                -72.03211851997146,
                42.235120927291796
              ],
              [
                -72.03171140663746,
                42.23530339780735
              ],
              [
                -72.03128218397255,
                42.2354553343604
              ],
              [
                -72.03083498611478,
                42.235575273496615
              ],
              [
                -72.03037412042167,
                42.23566205995358
              ],
              [
                -72.02990402596494,
                42.23571485779366
              ],
              [
                -72.02942923075365,
                42.23573315845974
              ],
              [
                -72.02895430809836,
                42.23571678567617
              ],
              [
                -72.02848383253807,
                42.235665897147655
              ],
              [
                -72.02802233575498,
                42.235580983039384
              ],
              [
                -72.02757426290341,
                42.23546286125336
              ],
              [
                -72.02714392977398,
                42.23531266954656
              ],
              [
                -72.02673548120708,
                42.23513185456666
              ],
              [
                -72.02635285115657,
                42.23492215791171
              ],
              [
                -72.02599972478943,
                42.234685599347905
              ],
              [
                -72.02567950298685,
                42.23442445734762
              ],
              [
                -72.02539526958857,
                42.23414124713563
              ],
              [
                -72.02514976169672,
                42.233838696455116
              ],
              [
                -72.02494534332446,
                42.233519719287465
              ],
              [
                -72.02478398264321,
                42.2331873877794
              ],
              [
                -72.02466723304678,
                42.23284490264792
              ],
              [
                -72.02459621821447,
                42.23249556234861
              ],
              [
                -72.02457162131553,
                42.232142731304535
              ],
              [
                -72.02459367845854,
                42.231789807501656
              ],
              [
                -72.02466217644714,
                42.23144018976327
              ],
              [
                -72.02477645486306,
                42.231097245018454
              ],
              [
                -72.02493541245491,
                42.230764275879835
              ],
              [
                -72.02513751777026,
                42.23044448884268
              ],
              [
                -72.02538082392752,
                42.23014096341154
              ],
              [
                -72.02566298738469,
                42.229856622451315
              ],
              [
                -72.02577464078459,
                42.229764572476675
              ],
              [
                -72.02577471595202,
                42.22976450403214
              ],
              [
                -72.02577478173058,
                42.229764430441584
              ],
              [
                -72.02577483748675,
                42.22976435241372
              ],
              [
                -72.0258145499677,
                42.22970151385918
              ],
              [
                -72.02605785003743,
                42.22939798695689
              ],
              [
                -72.02634000715572,
                42.229113644298806
              ],
              [
                -72.02665830376493,
                42.22885122398745
              ],
              [
                -72.02700967441358,
                42.22861325298986
              ],
              [
                -72.0273907352814,
                42.22840202281235
              ],
              [
                -72.0277978167647,
                42.22821956744307
              ],
              [
                -72.02822699880812,
                42.22806764377398
              ],
              [
                -72.02867414864308,
                42.22794771469095
              ]
            ]
          ],
          [
            [
              [
                -72.05680650942749,
                42.22146625356325
              ],
              [
                -72.05728118979478,
                42.22144783959724
              ],
              [
                -72.05754642970525,
                42.22145692034432
              ],
              [
                -72.05754654856604,
                42.221456920073855
              ],
              [
                -72.05760017166507,
                42.221454839659586
              ],
              [
                -72.05807499476951,
                42.22147109393009
              ],
              [
                -72.05854538861902,
                42.221521861245755
              ],
              [
                -72.05900682380872,
                42.221606652770134
              ],
              [
                -72.0594548571533,
                42.221724652046895
              ],
              [
                -72.05988517445097,
                42.22187472285777
              ],
              [
                -72.0602936320082,
                42.222055420157965
              ],
              [
                -72.06067629652678,
                42.22226500398442
              ],
              [
                -72.06102948296927,
                42.222501456202856
              ],
              [
                -72.0613497900391,
                42.2227624999331
              ],
              [
                -72.06163413293379,
                42.22304562146581
              ],
              [
                -72.06187977305585,
                42.22334809445987
              ],
              [
                -72.06208434439556,
                42.22366700618805
              ],
              [
                -72.06224587633072,
                42.22399928557844
              ],
              [
                -72.06236281262365,
                42.22434173278197
              ],
              [
                -72.06243402643146,
                42.22469104998174
              ],
              [
                -72.06245883118443,
                42.22504387314746
              ],
              [
                -72.06243698722653,
                42.22539680442969
              ],
              [
                -72.0623687041532,
                42.22574644488172
              ],
              [
                -72.0622546388225,
                42.22608942719437
              ],
              [
                -72.06209588905782,
                42.226422448128034
              ],
              [
                -72.06189398310181,
                42.22674230032984
              ],
              [
                -72.06165086492169,
                42.227045903229
              ],
              [
                -72.06136887550697,
                42.227330332712896
              ],
              [
                -72.06105073033869,
                42.2275928492975
              ],
              [
                -72.06069949324673,
                42.22783092452058
              ],
              [
                -72.0603185469067,
                42.22804226530306
              ],
              [
                -72.05991156026012,
                42.228224836043594
              ],
              [
                -72.05948245317207,
                42.22837687823307
              ],
              [
                -72.05903535866693,
                42.228496927399654
              ],
              [
                -72.05857458310629,
                42.22858382722113
              ],
              [
                -72.05810456469334,
                42.22863674066788
              ],
              [
                -72.05762983070436,
                42.22865515806917
              ],
              [
                -72.05736456063926,
                42.228646077554245
              ],
              [
                -72.05736444176497,
                42.228646077824536
              ],
              [
                -72.05731081257171,
                42.22864815813156
              ],
              [
                -72.05683593586174,
                42.22863190076589
              ],
              [
                -72.05636549056737,
                42.22858112654694
              ],
              [
                -72.05590400807931,
                42.228496324538774
              ],
              [
                -72.05545593341424,
                42.228378311563574
              ],
              [
                -72.05502558238048,
                42.22822822433013
              ],
              [
                -72.05461709999112,
                42.22804750847982
              ],
              [
                -72.05461059913394,
                42.22804394780803
              ],
              [
                -72.05461050009465,
                42.228043898946986
              ],
              [
                -72.05461039508829,
                42.22804385753598
              ],
              [
                -72.05461028512615,
                42.228043823973806
              ],
              [
                -72.05461017126719,
                42.22804379858371
              ],
              [
                -72.05461005460795,
                42.228043781610204
              ],
              [
                -72.05460993627194,
                42.228043773216754
              ],
              [
                -72.05460981739877,
                42.228043773484195
              ],
              [
                -72.05460969913328,
                42.22804378240993
              ],
              [
                -72.05460958261443,
                42.22804379990801
              ],
              [
                -72.05460946896434,
                42.22804382580994
              ],
              [
                -72.05460935927753,
                42.22804385986626
              ],
              [
                -72.05460925461036,
                42.228043901748975
              ],
              [
                -72.05460915597081,
                42.228043951054744
              ],
              [
                -72.05460906430883,
                42.228044007308725
              ],
              [
                -72.0546089805072,
                42.22804406996916
              ],
              [
                -72.05460890537297,
                42.22804413843258
              ],
              [
                -72.0546088396297,
                42.22804421203968
              ],
              [
                -72.05460878391055,
                42.228044290081534
              ],
              [
                -72.05456188086998,
                42.228118573647976
              ],
              [
                -72.05431872228982,
                42.22842216096312
              ],
              [
                -72.0540366938481,
                42.228706572380574
              ],
              [
                -72.05371851140184,
                42.228969068590246
              ],
              [
                -72.0533672391401,
                42.22920712132611
              ],
              [
                -72.05298626007732,
                42.22941843772566
              ],
              [
                -72.05257924347038,
                42.22960098242239
              ],
              [
                -72.052150109473,
                42.22975299715801
              ],
              [
                -72.05170299136893,
                42.22987301772514
              ],
              [
                -72.05124219574712,
                42.229959888077005
              ],
              [
                -72.05077216100409,
                42.23001277146789
              ],
              [
                -72.05029741457348,
                42.23003115851657
              ],
              [
                -72.0498225292959,
                42.23001487211532
              ],
              [
                -72.04935207935011,
                42.22996406913673
              ],
              [
                -72.04889059617165,
                42.229879238921875
              ],
              [
                -72.04844252478384,
                42.229761198564645
              ],
              [
                -72.04801218096334,
                42.22961108503762
              ],
              [
                -72.04760370965371,
                42.22943034423544
              ],
              [
                -72.04722104502815,
                42.229220717041635
              ],
              [
                -72.04686787258703,
                42.22898422255334
              ],
              [
                -72.04654759365563,
                42.228723138625845
              ],
              [
                -72.0462632926244,
                42.22843997992459
              ],
              [
                -72.04601770724729,
                42.2281374736967
              ],
              [
                -72.04581320228418,
                42.22781853349555
              ],
              [
                -72.0457346050173,
                42.227656767705106
              ],
              [
                -72.04573455920585,
                42.227656686181156
              ],
              [
                -72.04569021587331,
                42.22758752874473
              ],
              [
                -72.04552876156778,
                42.22725522617341
              ],
              [
                -72.04541191084711,
                42.226912761903804
              ],
              [
                -72.04534078836478,
                42.22656343419079
              ],
              [
                -72.04531607832719,
                42.22621060733636
              ],
              [
                -72.04533801793272,
                42.22585767928632
              ],
              [
                -72.04540639511711,
                42.225508048905084
              ],
              [
                -72.04552055062561,
                42.22516508324368
              ],
              [
                -72.04567938439043,
                42.22483208511635
              ],
              [
                -72.04588136615152,
                42.22451226129772
              ],
              [
                -72.046124550217,
                42.22420869164672
              ],
              [
                -72.04640659422036,
                42.223924299454254
              ],
              [
                -72.0467247816929,
                42.22366182330001
              ],
              [
                -72.04707604823378,
                42.22342379068883
              ],
              [
                -72.04745701102486,
                42.22321249372043
              ],
              [
                -72.04786400140654,
                42.22302996702616
              ],
              [
                -72.04829310020035,
                42.222877968184854
              ],
              [
                -72.04874017543898,
                42.222757960806206
              ],
              [
                -72.0492009221405,
                42.222671100443854
              ],
              [
                -72.04967090374491,
                42.22261822347383
              ],
              [
                -72.05014559481424,
                42.222599839045095
              ],
              [
                -72.05062042458663,
                42.222616124179375
              ],
              [
                -72.0510908209655,
                42.2226669220675
              ],
              [
                -72.05155225452162,
                42.222751743578684
              ],
              [
                -72.05200028208542,
                42.222869771967865
              ],
              [
                -72.05243058951066,
                42.223019870736465
              ],
              [
                -72.05283903319878,
                42.223200594570514
              ],
              [
                -72.05305086264319,
                42.22331663217623
              ],
              [
                -72.05305096167389,
                42.223316681038675
              ],
              [
                -72.05305106667137,
                42.22331672245116
              ],
              [
                -72.05305117662448,
                42.22331675601484
              ],
              [
                -72.05305129047431,
                42.223316781406524
              ],
              [
                -72.05305140712441,
                42.223316798381646
              ],
              [
                -72.0530515254514,
                42.223316806776715
              ],
              [
                -72.05305164431569,
                42.223316806510915
              ],
              [
                -72.05305176257258,
                42.22331679758677
              ],
              [
                -72.05305187908317,
                42.22331678009026
              ],
              [
                -72.05305199272544,
                42.22331675418987
              ],
              [
                -72.05305210240489,
                42.22331672013502
              ],
              [
                -72.0530522070653,
                42.223316678253695
              ],
              [
                -72.05305230569873,
                42.22331662894922
              ],
              [
                -72.05305239735524,
                42.223316572696454
              ],
              [
                -72.05305248115219,
                42.223316510037115
              ],
              [
                -72.05305255628251,
                42.22331644157466
              ],
              [
                -72.0530526220227,
                42.22331636796841
              ],
              [
                -72.05326039942516,
                42.22305694254829
              ],
              [
                -72.0535424062851,
                42.2227725327789
              ],
              [
                -72.05386055842456,
                42.22251003680102
              ],
              [
                -72.05421179178279,
                42.22227198231042
              ],
              [
                -72.0545927238611,
                42.222060661617554
              ],
              [
                -72.05499968629547,
                42.22187810958221
              ],
              [
                -72.05542876017645,
                42.22172608402727
              ],
              [
                -72.05587581377648,
                42.22160604881964
              ],
              [
                -72.05633654232193,
                42.221519159780904
              ],
              [
                -72.05680650942749,
                42.22146625356325
              ]
            ]
          ],
          [
            [
              [
                -72.09464007982014,
                42.21154689971292
              ],
              [
                -72.09506898869843,
                42.2113947257151
              ],
              [
                -72.0955158943545,
                42.21127453588651
              ],
              [
                -72.09597649343868,
                42.21118748753758
              ],
              [
                -72.09644635081172,
                42.21113441885441
              ],
              [
                -72.09692094223142,
                42.211115840831816
              ],
              [
                -72.09739569789507,
                42.21113193235556
              ],
              [
                -72.09786604641951,
                42.21118253848059
              ],
              [
                -72.0983274588363,
                42.21126717192244
              ],
              [
                -72.09877549217954,
                42.21138501774686
              ],
              [
                -72.09901936254282,
                42.211469978493135
              ],
              [
                -72.09901947249969,
                42.211470012012825
              ],
              [
                -72.09901958634661,
                42.2114700373589
              ],
              [
                -72.09901970298719,
                42.21147005428728
              ],
              [
                -72.09901982129813,
                42.21147006263495
              ],
              [
                -72.09901994013998,
                42.21147006232152
              ],
              [
                -72.0990200583683,
                42.21147005334998
              ],
              [
                -72.09902017484441,
                42.211470035806755
              ],
              [
                -72.09902028844662,
                42.211470009860776
              ],
              [
                -72.09927468735346,
                42.21140158281589
              ],
              [
                -72.09973528219706,
                42.21131451937132
              ],
              [
                -72.10020513736352,
                42.21126143528599
              ],
              [
                -72.10067972863186,
                42.211242841703054
              ],
              [
                -72.10115448620085,
                42.21125891765804
              ],
              [
                -72.10162483866897,
                42.21130950835585
              ],
              [
                -72.10208625702984,
                42.21139412666049
              ],
              [
                -72.10253429826035,
                42.2115119577835
              ],
              [
                -72.10296464808303,
                42.21166186712564
              ],
              [
                -72.10337316249169,
                42.21184241119686
              ],
              [
                -72.10375590764122,
                42.21205185150951
              ],
              [
                -72.10410919771847,
                42.21228817131124
              ],
              [
                -72.10442963042973,
                42.212549094997044
              ],
              [
                -72.10471411976344,
                42.21283211001362
              ],
              [
                -72.10495992571288,
                42.213134491045714
              ],
              [
                -72.1051646806723,
                42.21345332625187
              ],
              [
                -72.10532641225214,
                42.213785545297355
              ],
              [
                -72.10544356229283,
                42.21412794891451
              ],
              [
                -72.10551500189379,
                42.214477239706504
              ],
              [
                -72.1055400423114,
                42.21483005389777
              ],
              [
                -72.1055184416205,
                42.21518299372565
              ],
              [
                -72.10545040707399,
                42.21553266016159
              ],
              [
                -72.10533659313653,
                42.21587568564657
              ],
              [
                -72.10517809521039,
                42.21620876652561
              ],
              [
                -72.1049764391125,
                42.21652869486886
              ],
              [
                -72.10473356640335,
                42.216832389372556
              ],
              [
                -72.10445181570773,
                42.21711692504216
              ],
              [
                -72.10413390020692,
                42.217379561371196
              ],
              [
                -72.10378288151809,
                42.21761776874432
              ],
              [
                -72.10340214021247,
                42.21782925280981
              ],
              [
                -72.10299534325604,
                42.21801197658639
              ],
              [
                -72.10256640868603,
                42.21816418009095
              ],
              [
                -72.10211946786445,
                42.21828439729795
              ],
              [
                -72.10165882567193,
                42.218371470266575
              ],
              [
                -72.1011889190265,
                42.21842456029934
              ],
              [
                -72.10071427412744,
                42.218443156024556
              ],
              [
                -72.10023946283701,
                42.21842707832438
              ],
              [
                -72.09976905862118,
                42.218376482060975
              ],
              [
                -72.099307592475,
                42.21829185458418
              ],
              [
                -72.09885950925789,
                42.218174011034975
              ],
              [
                -72.09861561327341,
                42.21808905007562
              ],
              [
                -72.09861550330525,
                42.21808901655561
              ],
              [
                -72.09861538944658,
                42.21808899120918
              ],
              [
                -72.09861527279392,
                42.218088974280406
              ],
              [
                -72.09861515447069,
                42.21808896593235
              ],
              [
                -72.0986150356164,
                42.218088966245375
              ],
              [
                -72.0986149173757,
                42.2180889752165
              ],
              [
                -72.0986148008873,
                42.218088992759306
              ],
              [
                -72.09861468727307,
                42.21808901870486
              ],
              [
                -72.09836026083347,
                42.21815744423447
              ],
              [
                -72.09789961439789,
                42.218244502105264
              ],
              [
                -72.09742970554447,
                42.21829757673353
              ],
              [
                -72.09695506049376,
                42.21831615689593
              ],
              [
                -72.09648025110947,
                42.218300063624554
              ],
              [
                -72.09600985083922,
                42.21824945193155
              ],
              [
                -72.09554839064005,
                42.2181648093154
              ],
              [
                -72.09510031531406,
                42.2180469510629
              ],
              [
                -72.09466994067618,
                42.21789701239244
              ],
              [
                -72.09426141196727,
                42.21771643751436
              ],
              [
                -72.09387866391405,
                42.217506965714
              ],
              [
                -72.09352538282118,
                42.21727061459176
              ],
              [
                -72.0932049710613,
                42.21700966062209
              ],
              [
                -72.09292051430512,
                42.21672661721887
              ],
              [
                -72.09267475180741,
                42.21642421051885
              ],
              [
                -72.0924700500349,
                42.21610535311709
              ],
              [
                -72.09230837988984,
                42.21577311600716
              ],
              [
                -72.09219129774777,
                42.215430698997366
              ],
              [
                -72.09211993049179,
                42.215081399887794
              ],
              [
                -72.09209496468624,
                42.214728582705376
              ],
              [
                -72.09211663999318,
                42.21437564530321
              ],
              [
                -72.09218474689402,
                42.2140259866362
              ],
              [
                -72.09229862873705,
                42.213682974028245
              ],
              [
                -72.09245718808994,
                42.21334991074612
              ],
              [
                -72.09265889733501,
                42.21303000419233
              ],
              [
                -72.09290181340434,
                42.212726335022914
              ],
              [
                -72.09318359651165,
                42.21244182748749
              ],
              [
                -72.09350153269996,
                42.212179221276735
              ],
              [
                -72.09385255998741,
                42.211941045148144
              ],
              [
                -72.094233297859,
                42.21172959258363
              ],
              [
                -72.09464007982014,
                42.21154689971292
              ]
            ]
          ]
        ]
      }
    },
    {
      "type": "Feature",
      "properties": {
        "stop_id": "NON_CORRIDOR_BLUE",
        "corridor": "Blue",
        "tier": "0-400m",
        "range": "0-400m",
        "name": "Blue_0-400m",
        "region_type": "non_corridor_route_area"
      },
      "geometry": {
        "type": "MultiPolygon",
        "coordinates": [
          [
            [
              [
                -71.72251030636829,
                42.24380908571386
              ],
              [
                -71.72289247191513,
                42.243598869169965
              ],
              [
                -71.72330052579473,
                42.243417496313825
              ],
              [
                -71.72373053859319,
                42.243266713613544
              ],
              [
                -71.72417836954678,
                42.243147972968515
              ],
              [
                -71.72463970640071,
                42.24306241773534
              ],
              [
                -71.72511010691548,
                42.243010871723605
              ],
              [
                -71.72558504162157,
                42.2429938312673
              ],
              [
                -71.72605993741215,
                42.24301146044797
              ],
              [
                -71.72653022155484,
                42.243063589515664
              ],
              [
                -71.72699136569999,
                42.24314971652253
              ],
              [
                -71.72743892946245,
                42.243269012153675
              ],
              [
                -71.7278686031587,
                42.243420327708755
              ],
              [
                -71.72827624928831,
                42.2436022061575
              ],
              [
                -71.72865794236147,
                42.24381289616332
              ],
              [
                -71.7290100066896,
                42.2440503689399
              ],
              [
                -71.72932905177551,
                42.24431233777903
              ],
              [
                -71.72961200496295,
                42.244596280061835
              ],
              [
                -71.72985614103094,
                42.244899461542175
              ],
              [
                -71.73005910844779,
                42.24521896266837
              ],
              [
                -71.73021895203189,
                42.24555170669037
              ],
              [
                -71.73033413180006,
                42.24589448928219
              ],
              [
                -71.7304035378216,
                42.24624400939418
              ],
              [
                -71.7304265009339,
                42.24659690103898
              ],
              [
                -71.73040279921551,
                42.24694976570451
              ],
              [
                -71.73033266015302,
                42.24729920508251
              ],
              [
                -71.73021675848007,
                42.24764185379721
              ],
              [
                -71.73005620970784,
                42.247974411818895
              ],
              [
                -71.72985255940837,
                42.24829367625025
              ],
              [
                -71.72960776835306,
                42.24859657217895
              ],
              [
                -71.72932419364815,
                42.248880182299274
              ],
              [
                -71.72900456604866,
                42.24914177501708
              ],
              [
                -71.72865196366827,
                42.24937883076699
              ],
              [
                -71.72826978233837,
                42.24958906628822
              ],
              [
                -71.72786170290134,
                42.24977045662445
              ],
              [
                -71.72743165575316,
                42.249921254635815
              ],
              [
                -71.72698378297768,
                42.25004000783454
              ],
              [
                -71.72652239843681,
                42.2501255723816
              ],
              [
                -71.72605194620272,
                42.25017712410948
              ],
              [
                -71.72557695773241,
                42.250194166464524
              ],
              [
                -71.72510200819889,
                42.250176535292205
              ],
              [
                -71.72463167239978,
                42.25012440041903
              ],
              [
                -71.72417048066991,
                42.250038264015934
              ],
              [
                -71.72372287522306,
                42.2499189557589
              ],
              [
                -71.72329316734466,
                42.249767624833524
              ],
              [
                -71.72288549584877,
                42.24958572886069
              ],
              [
                -71.72250378719997,
                42.24937501985045
              ],
              [
                -71.72215171768545,
                42.249137527319434
              ],
              [
                -71.72183267800165,
                42.24887553873506
              ],
              [
                -71.72154974059728,
                42.24859157747493
              ],
              [
                -71.72130563008676,
                42.248288378514516
              ],
              [
                -71.7211026970196,
                42.24796886207724
              ],
              [
                -71.7209428952574,
                42.24763610550152
              ],
              [
                -71.72082776317613,
                42.24729331359583
              ],
              [
                -71.72075840887395,
                42.246943787767684
              ],
              [
                -71.72073549952586,
                42.246590894224155
              ],
              [
                -71.72075925498721,
                42.246238031550256
              ],
              [
                -71.72082944570612,
                42.24588859797775
              ],
              [
                -71.72094539496379,
                42.24554595865927
              ],
              [
                -71.72110598542041,
                42.245213413263464
              ],
              [
                -71.72130966990201,
                42.244894164202435
              ],
              [
                -71.72155448632363,
                42.244591285797824
              ],
              [
                -71.72183807660414,
                42.24430769468191
              ],
              [
                -71.72215770939005,
                42.24404612171852
              ],
              [
                -71.72251030636829,
                42.24380908571386
              ]
            ]
          ],
          [
            [
              [
                -71.76076289562785,
                42.23036826812027
              ],
              [
                -71.76111527190949,
                42.230131112833995
              ],
              [
                -71.76149722672389,
                42.2299207671188
              ],
              [
                -71.76190508186374,
                42.229739256445676
              ],
              [
                -71.76233490982813,
                42.22958832860985
              ],
              [
                -71.76278257163243,
                42.229469436908325
              ],
              [
                -71.76324375664997,
                42.229383726152214
              ],
              [
                -71.76371402410265,
                42.229332021648574
              ],
              [
                -71.76418884580175,
                42.22931482125744
              ],
              [
                -71.76466364972819,
                42.22933229060028
              ],
              [
                -71.76513386403396,
                42.229384261466095
              ],
              [
                -71.7655949610417,
                42.229470233430234
              ],
              [
                -71.76604250082026,
                42.229589378670546
              ],
              [
                -71.76647217391722,
                42.229740549934725
              ],
              [
                -71.76687984283834,
                42.229922291581815
              ],
              [
                -71.7672615818748,
                42.23013285359245
              ],
              [
                -71.76761371489604,
                42.23037020841277
              ],
              [
                -71.76793285074413,
                42.23063207047043
              ],
              [
                -71.76821591588961,
                42.23091591817489
              ],
              [
                -71.76846018403424,
                42.23121901819085
              ],
              [
                -71.76866330237534,
                42.231538451751284
              ],
              [
                -71.76882331427875,
                42.23187114275701
              ],
              [
                -71.7689386781412,
                42.232213887392824
              ],
              [
                -71.76900828225983,
                42.23256338497491
              ],
              [
                -71.76903145556503,
                42.23291626973321
              ],
              [
                -71.76900797411157,
                42.2332691432223
              ],
              [
                -71.76893806326517,
                42.233618607049365
              ],
              [
                -71.76892431184919,
                42.23365934855306
              ],
              [
                -71.76892428861808,
                42.23365943519815
              ],
              [
                -71.76892427692688,
                42.23365952311819
              ],
              [
                -71.7689242768882,
                42.233659611466464
              ],
              [
                -71.76892428850238,
                42.23365969939213
              ],
              [
                -71.7689243116576,
                42.23365978604843
              ],
              [
                -71.76892434613085,
                42.23365987060081
              ],
              [
                -71.76892439159012,
                42.23365995223499
              ],
              [
                -71.7691224643728,
                42.23397143443233
              ],
              [
                -71.76920132279008,
                42.23413538533997
              ],
              [
                -71.76920136825005,
                42.23413546697402
              ],
              [
                -71.76920142425833,
                42.23413554490366
              ],
              [
                -71.76925336395392,
                42.23419998953779
              ],
              [
                -71.76945649585006,
                42.23451942152781
              ],
              [
                -71.76961651944569,
                42.23485211125422
              ],
              [
                -71.76973189302484,
                42.2351948549141
              ],
              [
                -71.76980150479103,
                42.23554435183311
              ],
              [
                -71.76982468360089,
                42.235897236247546
              ],
              [
                -71.76980120545605,
                42.23625010971534
              ],
              [
                -71.7697312956903,
                42.23659957384385
              ],
              [
                -71.76961562682911,
                42.23694226301928
              ],
              [
                -71.76945531214145,
                42.23727487682267
              ],
              [
                -71.76925189494479,
                42.23759421181977
              ],
              [
                -71.76900733376513,
                42.237897192419005
              ],
              [
                -71.76872398349433,
                42.23818090049943
              ],
              [
                -71.76840457272525,
                42.23844260352371
              ],
              [
                -71.76817799085894,
                42.238595103313784
              ],
              [
                -71.76817790676043,
                42.23859516576451
              ],
              [
                -71.767940572826,
                42.23878961722648
              ],
              [
                -71.76758817391396,
                42.239026793126285
              ],
              [
                -71.76720618439829,
                42.239237158792456
              ],
              [
                -71.7667982832731,
                42.23941868801527
              ],
              [
                -71.76636839921626,
                42.239569632317234
              ],
              [
                -71.76592067274008,
                42.2396885378015
              ],
              [
                -71.76545941629668,
                42.2397742591622
              ],
              [
                -71.76498907272386,
                42.23982597072133
              ],
              [
                -71.7645141724316,
                42.23984317438565
              ],
              [
                -71.76403928974324,
                42.239825704446766
              ],
              [
                -71.76356899881237,
                42.23977372917803
              ],
              [
                -71.76310782954165,
                42.23968774921296
              ],
              [
                -71.76266022392865,
                42.2395685927206
              ],
              [
                -71.76244435805484,
                42.23949264836061
              ],
              [
                -71.76244424822828,
                42.239492614518454
              ],
              [
                -71.76244413446653,
                42.23949258883837
              ],
              [
                -71.7624440178652,
                42.2394925715677
              ],
              [
                -71.76244389954722,
                42.239492562872755
              ],
              [
                -71.76244378065202,
                42.23949256283728
              ],
              [
                -71.76244366232469,
                42.23949257146161
              ],
              [
                -71.7624435457047,
                42.23949258866267
              ],
              [
                -71.76219223062444,
                42.2395392861623
              ],
              [
                -71.76172188612934,
                42.239590984322454
              ],
              [
                -71.76124698671217,
                42.239608174456784
              ],
              [
                -71.7607721066878,
                42.239590690987235
              ],
              [
                -71.7603018201842,
                42.2395387023175
              ],
              [
                -71.75984065706133,
                42.2394527092102
              ],
              [
                -71.7593930592575,
                42.239333539960924
              ],
              [
                -71.75896333798478,
                42.23918234241625
              ],
              [
                -71.75855563218657,
                42.239000572912296
              ],
              [
                -71.75829443222568,
                42.238856488523474
              ],
              [
                -71.7582943333987,
                42.23885643940677
              ],
              [
                -71.75829422856879,
                42.23885639772463
              ],
              [
                -71.75829411874555,
                42.238856363878504
              ],
              [
                -71.75829400498664,
                42.2388563381943
              ],
              [
                -71.7582938883876,
                42.23885632091941
              ],
              [
                -71.75829377007136,
                42.23885631222017
              ],
              [
                -71.75829365117738,
                42.238856312180395
              ],
              [
                -71.75829353285064,
                42.238856320800444
              ],
              [
                -71.75829341623074,
                42.23885633799731
              ],
              [
                -71.75829330244075,
                42.238856363605365
              ],
              [
                -71.75829319257655,
                42.23885639737801
              ],
              [
                -71.75808871083747,
                42.23892817901249
              ],
              [
                -71.75808860595684,
                42.23892822062427
              ],
              [
                -71.75808850707011,
                42.238928269674645
              ],
              [
                -71.75808841512958,
                42.23892832569122
              ],
              [
                -71.75808833102067,
                42.23892838813453
              ],
              [
                -71.75808825555343,
                42.23892845640324
              ],
              [
                -71.75808818945467,
                42.23892852983985
              ],
              [
                -71.75808813336089,
                42.238928607737144
              ],
              [
                -71.75808808781235,
                42.23892868934492
              ],
              [
                -71.75808805324772,
                42.23892877387725
              ],
              [
                -71.75808802999984,
                42.23892886052006
              ],
              [
                -71.75808801829263,
                42.238928948438904
              ],
              [
                -71.75808801823881,
                42.238929036787106
              ],
              [
                -71.75810293266596,
                42.239156731534244
              ],
              [
                -71.75809619508519,
                42.239257710002654
              ],
              [
                -71.75797868639808,
                42.23913986328146
              ],
              [
                -71.7579786110139,
                42.239139794961936
              ],
              [
                -71.75765947347031,
                42.23887790558925
              ],
              [
                -71.75765938943803,
                42.238877843089035
              ],
              [
                -71.75730724643626,
                42.23864045805093
              ],
              [
                -71.7573071545651,
                42.23864040197189
              ],
              [
                -71.7569253973593,
                42.238429807131645
              ],
              [
                -71.75692529853403,
                42.23842975801376
              ],
              [
                -71.75651760342988,
                42.238247981241244
              ],
              [
                -71.75651749860215,
                42.23824793955749
              ],
              [
                -71.75608779156055,
                42.23809673121016
              ],
              [
                -71.75608768173981,
                42.238096697361904
              ],
              [
                -71.7556401005818,
                42.23797751343771
              ],
              [
                -71.75563998682553,
                42.237977487750875
              ],
              [
                -71.75517884140176,
                42.23789147587457
              ],
              [
                -71.75517872480535,
                42.237891458596486
              ],
              [
                -71.75470845551293,
                42.237839446974384
              ],
              [
                -71.75470833719908,
                42.23783943827146
              ],
              [
                -71.75423347224451,
                42.23782192772059
              ],
              [
                -71.75423335335246,
                42.23782192767659
              ],
              [
                -71.75375846517105,
                42.23783908680474
              ],
              [
                -71.7537583468456,
                42.23783909542011
              ],
              [
                -71.75328800809613,
                42.237890759003065
              ],
              [
                -71.75328789147665,
                42.237890776194845
              ],
              [
                -71.75282663103397,
                42.23797644676665
              ],
              [
                -71.75282651724334,
                42.23797647236928
              ],
              [
                -71.75237877661142,
                42.238095325009866
              ],
              [
                -71.75237866674537,
                42.23809535877684
              ],
              [
                -71.75194875730952,
                42.23824624905122
              ],
              [
                -71.75194865242598,
                42.23824629065739
              ],
              [
                -71.75154071395492,
                42.23842776563039
              ],
              [
                -71.75154061506387,
                42.23842781467511
              ],
              [
                -71.75115857586066,
                42.23863812689536
              ],
              [
                -71.75115848391441,
                42.23863818290639
              ],
              [
                -71.75080602299863,
                42.23887530722556
              ],
              [
                -71.75080593888264,
                42.23887536966354
              ],
              [
                -71.75048645056839,
                42.23913702272916
              ],
              [
                -71.75048637509272,
                42.23913709099285
              ],
              [
                -71.75020293630226,
                42.2394207532273
              ],
              [
                -71.75020287019382,
                42.23942082665936
              ],
              [
                -71.74995821082243,
                42.23972376651386
              ],
              [
                -71.74995815471797,
                42.239723844407166
              ],
              [
                -71.74975463133478,
                42.24004314465758
              ],
              [
                -71.74975458577471,
                42.240043226262024
              ],
              [
                -71.74959415891375,
                42.24037581209355
              ],
              [
                -71.749594124337,
                42.2403758966233
              ],
              [
                -71.74947833959712,
                42.240718565234246
              ],
              [
                -71.7494783163368,
                42.24071865187528
              ],
              [
                -71.74940828947376,
                42.24106810331466
              ],
              [
                -71.74940827775407,
                42.241068191232586
              ],
              [
                -71.74938468390879,
                42.241421060175476
              ],
              [
                -71.74938468384282,
                42.241421148523614
              ],
              [
                -71.74940775101084,
                42.24177403667759
              ],
              [
                -71.7494077625994,
                42.2417741246051
              ],
              [
                -71.74947726940546,
                42.24212363343679
              ],
              [
                -71.74947729253715,
                42.242123720096885
              ],
              [
                -71.74959257033733,
                42.24246648356266
              ],
              [
                -71.74959260478954,
                42.24246656812071
              ],
              [
                -71.74975254408204,
                42.24279928508662
              ],
              [
                -71.74975258952317,
                42.24279936672826
              ],
              [
                -71.7499556506072,
                42.243118832767124
              ],
              [
                -71.74995570659975,
                42.243118910706045
              ],
              [
                -71.75019993438033,
                42.24342204896457
              ],
              [
                -71.75020000038515,
                42.243422122450106
              ],
              [
                -71.75048304318288,
                42.24370601328932
              ],
              [
                -71.75048311856439,
                42.243706081613695
              ],
              [
                -71.75080225074919,
                42.243967990736195
              ],
              [
                -71.75080233478148,
                42.24396805324136
              ],
              [
                -71.75115448301325,
                42.24420545803475
              ],
              [
                -71.75115457488702,
                42.244205514118676
              ],
              [
                -71.7515363477106,
                42.24441612796046
              ],
              [
                -71.75153644654102,
                42.24441617708294
              ],
              [
                -71.75166020110989,
                42.244471356994566
              ],
              [
                -71.75166030510879,
                42.24447139838828
              ],
              [
                -71.75166041403288,
                42.244471432070384
              ],
              [
                -71.75166052684942,
                42.24447145772154
              ],
              [
                -71.75166064248873,
                42.24447147509854
              ],
              [
                -71.7516607598544,
                42.24447148403663
              ],
              [
                -71.75166087783361,
                42.24447148445105
              ],
              [
                -71.75166099530777,
                42.24447147633788
              ],
              [
                -71.75166111116305,
                42.24447145977404
              ],
              [
                -71.75166122430095,
                42.244471434916576
              ],
              [
                -71.75166133364878,
                42.24447140200118
              ],
              [
                -71.75166143816976,
                42.24447136133993
              ],
              [
                -71.75166153687286,
                42.24447131331838
              ],
              [
                -71.7516623213635,
                42.24447088971085
              ],
              [
                -71.75166222803149,
                42.244470945550546
              ],
              [
                -71.75166214257898,
                42.244471007967284
              ],
              [
                -71.75166206584208,
                42.24447107635039
              ],
              [
                -71.75166199857134,
                42.24447115003103
              ],
              [
                -71.75166194142469,
                42.244471228288546
              ],
              [
                -71.7516618949611,
                42.244471310357504
              ],
              [
                -71.751661859635,
                42.24447139543522
              ],
              [
                -71.75166183579194,
                42.24447148268956
              ],
              [
                -71.7516618236651,
                42.2444715712671
              ],
              [
                -71.7516618233731,
                42.24447166030148
              ],
              [
                -71.75166183491878,
                42.24447174892189
              ],
              [
                -71.75166185818922,
                42.24447183626153
              ],
              [
                -71.75166196091415,
                42.24447214165764
              ],
              [
                -71.75171844619534,
                42.24464006914661
              ],
              [
                -71.75171848065158,
                42.244640153704
              ],
              [
                -71.75187843659901,
                42.24497286758091
              ],
              [
                -71.75187848204443,
                42.24497294922169
              ],
              [
                -71.7519706321484,
                42.245117910513
              ],
              [
                -71.75156124990086,
                42.245072626601676
              ],
              [
                -71.75110005834983,
                42.24498659842191
              ],
              [
                -71.75065243788511,
                42.24486739516716
              ],
              [
                -71.75042098395309,
                42.24478594392568
              ],
              [
                -71.75042087412379,
                42.244785910072025
              ],
              [
                -71.75042076035741,
                42.24478588438006
              ],
              [
                -71.75042064374962,
                42.244785867097164
              ],
              [
                -71.75042052542338,
                42.24478585838982
              ],
              [
                -71.75006246158055,
                42.244772643077425
              ],
              [
                -71.74959214538818,
                42.24472061052777
              ],
              [
                -71.74913095907655,
                42.24463457442451
              ],
              [
                -71.7490672619843,
                42.24461761041963
              ],
              [
                -71.74906714821877,
                42.244617584726306
              ],
              [
                -71.74906703161165,
                42.24461756744205
              ],
              [
                -71.74906691328592,
                42.24461755873331
              ],
              [
                -71.74906679438112,
                42.24461755868396
              ],
              [
                -71.74871727403632,
                42.24463017092931
              ],
              [
                -71.74824235981323,
                42.24461263558065
              ],
              [
                -71.74777204630522,
                42.24456059556534
              ],
              [
                -71.74731086363232,
                42.24447455214052
              ],
              [
                -71.74686325392123,
                42.24435533408657
              ],
              [
                -71.74643352849861,
                42.244204089720164
              ],
              [
                -71.7460258263477,
                42.24402227582842
              ],
              [
                -71.74564407422874,
                42.24381164363076
              ],
              [
                -71.7452919488479,
                42.243574221904
              ],
              [
                -71.7452604821921,
                42.2435483940997
              ],
              [
                -71.74526039816584,
                42.24354833159046
              ],
              [
                -71.74526030629825,
                42.24354827550181
              ],
              [
                -71.74526020747403,
                42.24354822637392
              ],
              [
                -71.74526010264495,
                42.24354818467991
              ],
              [
                -71.74497848285,
                42.243449061119485
              ],
              [
                -71.74457078973741,
                42.24326724203234
              ],
              [
                -71.74418904700924,
                42.243056604964835
              ],
              [
                -71.74383693128128,
                42.24281917874068
              ],
              [
                -71.74351783369549,
                42.24255725018863
              ],
              [
                -71.74323482725869,
                42.242273342108156
              ],
              [
                -71.74299063725061,
                42.24197018896257
              ],
              [
                -71.74278761498695,
                42.24165071053416
              ],
              [
                -71.74262771518877,
                42.241317983795376
              ],
              [
                -71.7425124771767,
                42.24097521326749
              ],
              [
                -71.74244301006944,
                42.240625700152314
              ],
              [
                -71.74241998212875,
                42.24027281053465
              ],
              [
                -71.74244361435234,
                42.23991994296193
              ],
              [
                -71.74251367837532,
                42.239570495713245
              ],
              [
                -71.74262949869916,
                42.23922783407323
              ],
              [
                -71.74278995922569,
                42.23889525792561
              ],
              [
                -71.7429935140321,
                42.2385759699789
              ],
              [
                -71.74323820228203,
                42.23827304492936
              ],
              [
                -71.74352166712846,
                42.23798939985863
              ],
              [
                -71.74384117842543,
                42.23772776615023
              ],
              [
                -71.74419365902948,
                42.23749066319546
              ],
              [
                -71.74457571443709,
                42.2372803741411
              ],
              [
                -71.7449836654726,
                42.23709892391248
              ],
              [
                -71.7454135837121,
                42.236948059722764
              ],
              [
                -71.7458613293019,
                42.23682923425602
              ],
              [
                -71.74632259080897,
                42.23674359168562
              ],
              [
                -71.74679292671891,
                42.236691956662085
              ],
              [
                -71.74697388726648,
                42.2366854291485
              ],
              [
                -71.7469740055907,
                42.236685420540134
              ],
              [
                -71.74697412220969,
                42.23668540335478
              ],
              [
                -71.74697423600036,
                42.23668537775794
              ],
              [
                -71.74697434586685,
                42.23668534399615
              ],
              [
                -71.74697445075104,
                42.23668530239452
              ],
              [
                -71.7469745496429,
                42.23668525335372
              ],
              [
                -71.74697464159001,
                42.23668519734603
              ],
              [
                -71.74697472570688,
                42.23668513491083
              ],
              [
                -71.74697480118341,
                42.23668506664943
              ],
              [
                -71.74697486729275,
                42.236684993219185
              ],
              [
                -71.7469749233982,
                42.23668491532731
              ],
              [
                -71.74697496895942,
                42.23668483372391
              ],
              [
                -71.74697500353767,
                42.2366847491949
              ],
              [
                -71.74697502679993,
                42.23668466255431
              ],
              [
                -71.74697503852215,
                42.23668457463658
              ],
              [
                -71.74698985204053,
                42.236463133930386
              ],
              [
                -71.74705988714074,
                42.23611368368781
              ],
              [
                -71.74717567653202,
                42.235771017243614
              ],
              [
                -71.74733610441415,
                42.23543843452787
              ],
              [
                -71.74753962517873,
                42.23511913831235
              ],
              [
                -71.74778427831725,
                42.23481620337303
              ],
              [
                -71.74806770732079,
                42.2345325468868
              ],
              [
                -71.74818486571968,
                42.23443659581253
              ],
              [
                -71.74818494119225,
                42.234436527550294
              ],
              [
                -71.74842471428961,
                42.23419655840802
              ],
              [
                -71.74874418618685,
                42.23393491085782
              ],
              [
                -71.74909662731713,
                42.2336977926679
              ],
              [
                -71.74947864355693,
                42.23348748713179
              ],
              [
                -71.74988655610771,
                42.23330601933357
              ],
              [
                -71.75031643691597,
                42.233155136655604
              ],
              [
                -71.75076414648842,
                42.23303629196001
              ],
              [
                -71.75122537373862,
                42.232950629605305
              ],
              [
                -71.75169567748202,
                42.23289897443251
              ],
              [
                -71.75217052918053,
                42.23288182382667
              ],
              [
                -71.75264535652634,
                42.23289934292993
              ],
              [
                -71.75297887585522,
                42.23293623929972
              ],
              [
                -71.75297899415966,
                42.232936248004435
              ],
              [
                -71.75297911304254,
                42.23293624804974
              ],
              [
                -71.75297923135892,
                42.232936239435155
              ],
              [
                -71.75297934796937,
                42.23293622224368
              ],
              [
                -71.7529794617509,
                42.23293619664088
              ],
              [
                -71.75297957160765,
                42.232936162873294
              ],
              [
                -71.7529796764817,
                42.23293612126615
              ],
              [
                -71.75297977536306,
                42.23293607222013
              ],
              [
                -71.75297986729942,
                42.23293601620759
              ],
              [
                -71.7531464916443,
                42.23282390070322
              ],
              [
                -71.7531494860769,
                42.2328222520478
              ],
              [
                -71.75314957801294,
                42.23282219603512
              ],
              [
                -71.75331348973212,
                42.23271190512175
              ],
              [
                -71.7536954860216,
                42.23250158549756
              ],
              [
                -71.75410338013921,
                42.23232010266413
              ],
              [
                -71.75453324420886,
                42.232169204148626
              ],
              [
                -71.7549809388984,
                42.23205034296569
              ],
              [
                -71.75544215326462,
                42.23196466363258
              ],
              [
                -71.75591244624698,
                42.2319129911538
              ],
              [
                -71.75638728941098,
                42.23189582308101
              ],
              [
                -71.75686211053095,
                42.23191332472453
              ],
              [
                -71.75733233759335,
                42.23196532756235
              ],
              [
                -71.75779344279803,
                42.23205133086198
              ],
              [
                -71.75824098613487,
                42.2321705064996
              ],
              [
                -71.75867065811718,
                42.232321706930186
              ],
              [
                -71.75907832126131,
                42.232503476231955
              ],
              [
                -71.75926492400222,
                42.232606419525425
              ],
              [
                -71.75926502282022,
                42.23260646864133
              ],
              [
                -71.75926512764042,
                42.23260651032262
              ],
              [
                -71.75926523745333,
                42.232606544167865
              ],
              [
                -71.75926535120142,
                42.23260656985113
              ],
              [
                -71.75926546778922,
                42.232606587125055
              ],
              [
                -71.75926558609392,
                42.232606595823285
              ],
              [
                -71.75926570497617,
                42.23260659586206
              ],
              [
                -71.75926582329107,
                42.232606587240994
              ],
              [
                -71.75926593989922,
                42.23260657004313
              ],
              [
                -71.7592660536776,
                42.232606544434084
              ],
              [
                -71.75926616353044,
                42.232606510660474
              ],
              [
                -71.75936468727983,
                42.232571920043455
              ],
              [
                -71.75936479214907,
                42.23257187843046
              ],
              [
                -71.7593648910249,
                42.23257182937894
              ],
              [
                -71.75936498295508,
                42.23257177336127
              ],
              [
                -71.75936506705428,
                42.23257171091694
              ],
              [
                -71.75936514251255,
                42.23257164264733
              ],
              [
                -71.75936520860321,
                42.23257156920989
              ],
              [
                -71.75936526468976,
                42.2325714913119
              ],
              [
                -71.75936531023208,
                42.23257140970351
              ],
              [
                -71.75936534479155,
                42.2325713251707
              ],
              [
                -71.75936536803533,
                42.23257123852755
              ],
              [
                -71.7593653797396,
                42.232571150608464
              ],
              [
                -71.75936607981453,
                42.23256065406814
              ],
              [
                -71.75943604230315,
                42.23221119602058
              ],
              [
                -71.75955175759015,
                42.23186851683747
              ],
              [
                -71.75971211058899,
                42.23153591657176
              ],
              [
                -71.75991555641234,
                42.23121659816429
              ],
              [
                -71.76016013527331,
                42.23091363660485
              ],
              [
                -71.76044349137814,
                42.23062994932681
              ],
              [
                -71.76076289562785,
                42.23036826812027
              ]
            ]
          ],
          [
            [
              [
                -71.78212264043742,
                42.258263727846
              ],
              [
                -71.78212257458266,
                42.25826380128605
              ],
              [
                -71.78212251872282,
                42.25826387916261
              ],
              [
                -71.7821224733946,
                42.258263960727504
              ],
              [
                -71.78212243903349,
                42.258264045197095
              ],
              [
                -71.7821224159696,
                42.25826413175985
              ],
              [
                -71.78212240442451,
                42.25826421958408
              ],
              [
                -71.78212240450917,
                42.25826430782607
              ],
              [
                -71.78212241622273,
                42.25826439563801
              ],
              [
                -71.78212243945268,
                42.25826448217624
              ],
              [
                -71.78212247397583,
                42.258264566609355
              ],
              [
                -71.7821225194605,
                42.25826464812617
              ],
              [
                -71.7821225754697,
                42.25826472594354
              ],
              [
                -71.7821226414653,
                42.25826479931378
              ],
              [
                -71.78212271681329,
                42.25826486753203
              ],
              [
                -71.78241673460597,
                42.258505929554964
              ],
              [
                -71.78241681868876,
                42.25850599203681
              ],
              [
                -71.78276916633253,
                42.25874329914391
              ],
              [
                -71.78276925825541,
                42.25874335520234
              ],
              [
                -71.78315122391574,
                42.258953863259016
              ],
              [
                -71.78315132279339,
                42.25895391235412
              ],
              [
                -71.78355922770649,
                42.25913559377902
              ],
              [
                -71.7835593325866,
                42.25913563543793
              ],
              [
                -71.78398924803854,
                42.25928674028743
              ],
              [
                -71.78398935791097,
                42.25928677410884
              ],
              [
                -71.78443714308732,
                42.259405846939494
              ],
              [
                -71.78443725689375,
                42.259405872597654
              ],
              [
                -71.78446659376203,
                42.25941133467827
              ],
              [
                -71.78442531890703,
                42.2594158782566
              ],
              [
                -71.78408983667616,
                42.259428084763485
              ],
              [
                -71.78408971831449,
                42.259428093410115
              ],
              [
                -71.7840896016637,
                42.25942811063314
              ],
              [
                -71.78408948784717,
                42.2594281362667
              ],
              [
                -71.78368607977495,
                42.259535308245624
              ],
              [
                -71.78322470276576,
                42.259621100761734
              ],
              [
                -71.78275422623469,
                42.25967288500129
              ],
              [
                -71.78227918187272,
                42.25969016217088
              ],
              [
                -71.78180414539128,
                42.25967276585403
              ],
              [
                -71.78155365526,
                42.25964513103902
              ],
              [
                -71.78155353690171,
                42.259645122363814
              ],
              [
                -71.78155341796867,
                42.25964512234814
              ],
              [
                -71.78155329960624,
                42.259645130992155
              ],
              [
                -71.78155318295434,
                42.2596451482126
              ],
              [
                -71.78114458820906,
                42.25972111782622
              ],
              [
                -71.78067410923262,
                42.25977289353193
              ],
              [
                -71.7801990635523,
                42.25979016208551
              ],
              [
                -71.77979185148284,
                42.259775242308756
              ],
              [
                -71.77979173254957,
                42.25977524229127
              ],
              [
                -71.77979161418666,
                42.25977525093346
              ],
              [
                -71.77940403767334,
                42.259817898749134
              ],
              [
                -71.77892899130875,
                42.25983516204202
              ],
              [
                -71.7786119094361,
                42.259823541144634
              ],
              [
                -71.77861179050271,
                42.25982354112591
              ],
              [
                -71.77861167213956,
                42.25982354976689
              ],
              [
                -71.77835397848598,
                42.25985190306374
              ],
              [
                -71.77787893157975,
                42.25986916200725
              ],
              [
                -71.77740389496498,
                42.259851747465895
              ],
              [
                -71.77726857895948,
                42.25983681381007
              ],
              [
                -71.77726846060143,
                42.25983680513045
              ],
              [
                -71.77726834166802,
                42.25983680511034
              ],
              [
                -71.77726822330466,
                42.25983681374993
              ],
              [
                -71.77726810665123,
                42.259836830966016
              ],
              [
                -71.77726799283121,
                42.259836856592806
              ],
              [
                -71.77701372476109,
                42.25990438979067
              ],
              [
                -71.77655233601773,
                42.259990155459164
              ],
              [
                -71.7760818512851,
                42.26004191232417
              ],
              [
                -71.77560680233321,
                42.26005916185601
              ],
              [
                -71.77513176491775,
                42.26004173790443
              ],
              [
                -71.77510005505358,
                42.26003823774483
              ],
              [
                -71.77509993669545,
                42.260038229062964
              ],
              [
                -71.77509981776167,
                42.26003822904062
              ],
              [
                -71.77509969939764,
                42.26003823767797
              ],
              [
                -71.77482078009959,
                42.26006891751148
              ],
              [
                -71.77434573060135,
                42.26008616181994
              ],
              [
                -71.77406153732451,
                42.260075734972034
              ],
              [
                -71.77406141839066,
                42.26007573494859
              ],
              [
                -71.7740613000264,
                42.26007574358487
              ],
              [
                -71.7736687152563,
                42.26011892223356
              ],
              [
                -71.77319366506889,
                42.26013616177006
              ],
              [
                -71.77305478649546,
                42.26013106510869
              ],
              [
                -71.77305466756151,
                42.2601310650842
              ],
              [
                -71.77305454919703,
                42.26013107371944
              ],
              [
                -71.77305443254193,
                42.26013109093125
              ],
              [
                -71.77305431871966,
                42.26013111655385
              ],
              [
                -71.7730542088264,
                42.2601311503405
              ],
              [
                -71.77305410392047,
                42.260131191965804
              ],
              [
                -71.77279033452008,
                42.26024855727815
              ],
              [
                -71.7723603232672,
                42.260399523481965
              ],
              [
                -71.77191246069276,
                42.26051845191573
              ],
              [
                -71.77169622445243,
                42.26055863683276
              ],
              [
                -71.77169611062884,
                42.260558662454024
              ],
              [
                -71.77169600073411,
                42.26055869623936
              ],
              [
                -71.7716958958266,
                42.26055873786343
              ],
              [
                -71.77159165911472,
                42.26060511656063
              ],
              [
                -71.77159156020456,
                42.26060516562245
              ],
              [
                -71.77159146824448,
                42.26060522164964
              ],
              [
                -71.77159138412009,
                42.26060528410263
              ],
              [
                -71.77159130864156,
                42.26060535237996
              ],
              [
                -71.7715912425358,
                42.26060542582408
              ],
              [
                -71.77159118643944,
                42.260605503727675
              ],
              [
                -71.7715911408927,
                42.2606055853405
              ],
              [
                -71.77159110633424,
                42.260605669876604
              ],
              [
                -71.77159108309688,
                42.2606057565218
              ],
              [
                -71.7715910714044,
                42.26060584444169
              ],
              [
                -71.7715910713694,
                42.26060593278955
              ],
              [
                -71.77159108299222,
                42.26060602071453
              ],
              [
                -71.77159110616093,
                42.260606107369895
              ],
              [
                -71.7715911406524,
                42.26060619192107
              ],
              [
                -71.77168538635736,
                42.260802032557976
              ],
              [
                -71.77180081839238,
                42.26114477258499
              ],
              [
                -71.77187047007409,
                42.261494266664485
              ],
              [
                -71.7718936698738,
                42.26184714906012
              ],
              [
                -71.7718701935902,
                42.262200021349344
              ],
              [
                -71.7718002665382,
                42.26254948515085
              ],
              [
                -71.77168456140889,
                42.26289217485399
              ],
              [
                -71.77152419181971,
                42.26322479003462
              ],
              [
                -71.77132070161615,
                42.263544127245176
              ],
              [
                -71.77107605002669,
                42.26384711087263
              ],
              [
                -71.77079259281344,
                42.26413082276676
              ],
              [
                -71.77047305959884,
                42.26439253035329
              ],
              [
                -71.77012052758667,
                42.26462971296057
              ],
              [
                -71.76973839192978,
                42.26484008610594
              ],
              [
                -71.76933033302991,
                42.265021623507494
              ],
              [
                -71.76890028108481,
                42.2651725766088
              ],
              [
                -71.76845237822408,
                42.265291491428115
              ],
              [
                -71.76799093859925,
                42.26537722256956
              ],
              [
                -71.76752040681295,
                42.265428944260854
              ],
              [
                -71.76704531508862,
                42.26544615831111
              ],
              [
                -71.76657023959405,
                42.26542869891183
              ],
              [
                -71.76609975634057,
                42.26537673423493
              ],
              [
                -71.76563839708385,
                42.26529076481187
              ],
              [
                -71.76519060565192,
                42.26517161871026
              ],
              [
                -71.76476069512239,
                42.26502044355377
              ],
              [
                -71.76435280626193,
                42.26483869546302
              ],
              [
                -71.76397086762952,
                42.26462812502373
              ],
              [
                -71.76361855772828,
                42.26439076041803
              ],
              [
                -71.76329926957068,
                42.26412888788139
              ],
              [
                -71.76301607799914,
                42.263845029673945
              ],
              [
                -71.76277171007663,
                42.263541919778916
              ],
              [
                -71.76256851883221,
                42.263222477562266
              ],
              [
                -71.76240846061425,
                42.26288977964793
              ],
              [
                -71.76229307626869,
                42.26254703027981
              ],
              [
                -71.76222347632309,
                42.262197530456184
              ],
              [
                -71.7622003303179,
                42.261844646134044
              ],
              [
                -71.76222386038717,
                42.261491775810036
              ],
              [
                -71.76229383914902,
                42.261142317789925
              ],
              [
                -71.76240959192519,
                42.260799637462185
              ],
              [
                -71.76257000326719,
                42.260467034890695
              ],
              [
                -71.76277352772502,
                42.260147713038414
              ],
              [
                -71.76301820475378,
                42.25984474692818
              ],
              [
                -71.7633016776138,
                42.25956105403704
              ],
              [
                -71.76362121608126,
                42.259299366208985
              ],
              [
                -71.76397374275061,
                42.25906220335638
              ],
              [
                -71.76435586267426,
                42.258851849202706
              ],
              [
                -71.76460551601099,
                42.25874078738662
              ],
              [
                -71.76460561492364,
                42.25874073833081
              ],
              [
                -71.7646057068872,
                42.2587406823092
              ],
              [
                -71.764605791016,
                42.25874061986131
              ],
              [
                -71.76460586649983,
                42.25874055158856
              ],
              [
                -71.76460593261176,
                42.25874047814844
              ],
              [
                -71.76460598871506,
                42.258740400248236
              ],
              [
                -71.76460603426945,
                42.258740318638154
              ],
              [
                -71.76460606883622,
                42.258740234104145
              ],
              [
                -71.76460609208246,
                42.25874014746033
              ],
              [
                -71.7646061037843,
                42.25874005954112
              ],
              [
                -71.76460610382905,
                42.25873997119323
              ],
              [
                -71.76460609221627,
                42.25873988326751
              ],
              [
                -71.76460606905782,
                42.25873979661072
              ],
              [
                -71.76460603457669,
                42.25873971205741
              ],
              [
                -71.76451181384675,
                42.25854386553586
              ],
              [
                -71.76439642602345,
                42.25820111802275
              ],
              [
                -71.76432681923168,
                42.257851619208964
              ],
              [
                -71.76430366307804,
                42.257498735041835
              ],
              [
                -71.76432717979445,
                42.25714586401651
              ],
              [
                -71.76439714212778,
                42.25679640444553
              ],
              [
                -71.76445059221962,
                42.256638141037406
              ],
              [
                -71.7644506154653,
                42.256638054393584
              ],
              [
                -71.76446415835268,
                42.25657040719631
              ],
              [
                -71.76457989100643,
                42.25622772440186
              ],
              [
                -71.76474027934634,
                42.25589511852634
              ],
              [
                -71.76494377814404,
                42.25557579256462
              ],
              [
                -71.76518842710185,
                42.255272821579126
              ],
              [
                -71.7654718697504,
                42.25498912309388
              ],
              [
                -71.7657913761569,
                42.254727429006785
              ],
              [
                -71.76614386922445,
                42.25449025929051
              ],
              [
                -71.76652595432908,
                42.254279897734676
              ],
              [
                -71.76693395200888,
                42.25409836996266
              ],
              [
                -71.76718827142699,
                42.254009090783626
              ],
              [
                -71.7673068301129,
                42.25404063979216
              ],
              [
                -71.76730694390274,
                42.254040665467336
              ],
              [
                -71.76776822342806,
                42.25412662834006
              ],
              [
                -71.7677683400578,
                42.25412664560528
              ],
              [
                -71.76823874105933,
                42.25417860353198
              ],
              [
                -71.76823885940556,
                42.25417861222092
              ],
              [
                -71.76871385091992,
                42.254196064735034
              ],
              [
                -71.76871396984275,
                42.25419606476402
              ],
              [
                -71.76918897666755,
                42.25417884376004
              ],
              [
                -71.76918909502143,
                42.254178835128776
              ],
              [
                -71.7696595418068,
                42.254127106482144
              ],
              [
                -71.76965965845176,
                42.25412708927377
              ],
              [
                -71.77006866113116,
                42.25405108053834
              ],
              [
                -71.77006877176142,
                42.25405105576002
              ],
              [
                -71.7700688787121,
                42.25405102326656
              ],
              [
                -71.7700689810108,
                42.2540509833534
              ],
              [
                -71.77006907772747,
                42.2540509363834
              ],
              [
                -71.77006916798274,
                42.25405088278362
              ],
              [
                -71.77006925095606,
                42.25405082304139
              ],
              [
                -71.77006932589299,
                42.254050757699844
              ],
              [
                -71.77006939211228,
                42.2540506873531
              ],
              [
                -71.77006944901183,
                42.254050612640725
              ],
              [
                -71.77006949607433,
                42.254050534241976
              ],
              [
                -71.7700695328719,
                42.25405045286967
              ],
              [
                -71.77006955906997,
                42.25405036926361
              ],
              [
                -71.77006957443037,
                42.25405028418395
              ],
              [
                -71.77006985968431,
                42.25404781560229
              ],
              [
                -71.7700698553903,
                42.25404790660947
              ],
              [
                -71.77006986349366,
                42.254047997473364
              ],
              [
                -71.77006988391143,
                42.25404808726426
              ],
              [
                -71.77006991643474,
                42.254048175063446
              ],
              [
                -71.77006996073081,
                42.25404825997263
              ],
              [
                -71.77007001634641,
                42.25404834112303
              ],
              [
                -71.77007008271254,
                42.25404841768436
              ],
              [
                -71.77007015915014,
                42.25404848887329
              ],
              [
                -71.77007024487715,
                42.25404855396142
              ],
              [
                -71.77007033901643,
                42.25404861228281
              ],
              [
                -71.7700704406048,
                42.254048663240745
              ],
              [
                -71.77007054860285,
                42.25404870631383
              ],
              [
                -71.77007431322396,
                42.25405003014637
              ],
              [
                -71.77034018119389,
                42.25414352241341
              ],
              [
                -71.77034029105009,
                42.25414355624794
              ],
              [
                -71.77078801416144,
                42.25426268246844
              ],
              [
                -71.77078812795311,
                42.25426270814017
              ],
              [
                -71.77124941382365,
                42.25434865700846
              ],
              [
                -71.77124953045475,
                42.25434867427013
              ],
              [
                -71.77171993596329,
                42.25440061791661
              ],
              [
                -71.77172005431042,
                42.25440062660197
              ],
              [
                -71.77219504845014,
                42.254418064697724
              ],
              [
                -71.77219516737337,
                42.254418064723104
              ],
              [
                -71.77267017491661,
                42.25440082930152
              ],
              [
                -71.77267029327045,
                42.254400820666646
              ],
              [
                -71.77314073886033,
                42.25434907774201
              ],
              [
                -71.77314085550476,
                42.254349060530096
              ],
              [
                -71.77360220774818,
                42.25426330849783
              ],
              [
                -71.77360232155966,
                42.254263282874675
              ],
              [
                -71.77405013669573,
                42.254144347708326
              ],
              [
                -71.77405024657807,
                42.25414431392069
              ],
              [
                -71.7743882257777,
                42.25402564011305
              ],
              [
                -71.77438832927216,
                42.254025599108765
              ],
              [
                -71.77438842694575,
                42.25402555086342
              ],
              [
                -71.77438851788347,
                42.25402549582898
              ],
              [
                -71.7743886012334,
                42.254025434521026
              ],
              [
                -71.77438867621466,
                42.25402536751393
              ],
              [
                -71.77438874212478,
                42.254025295435426
              ],
              [
                -71.77438879834634,
                42.254025218960784
              ],
              [
                -71.77438884435261,
                42.254025138806426
              ],
              [
                -71.77438887971257,
                42.2540250557233
              ],
              [
                -71.77438890409499,
                42.254024970489716
              ],
              [
                -71.77438891727142,
                42.254024883904215
              ],
              [
                -71.77438891911842,
                42.25402479677794
              ],
              [
                -71.77438890961871,
                42.25402470992712
              ],
              [
                -71.77438888886124,
                42.25402462416542
              ],
              [
                -71.77438885704053,
                42.254024540296264
              ],
              [
                -71.77379979342088,
                42.25271776115265
              ],
              [
                -71.77438892819666,
                42.25402469814558
              ],
              [
                -71.77438897216513,
                42.25402478162804
              ],
              [
                -71.77438902709144,
                42.25402486144804
              ],
              [
                -71.77438909243102,
                42.25402493681415
              ],
              [
                -71.77438916753593,
                42.25402500697907
              ],
              [
                -71.77438925166153,
                42.25402507124709
              ],
              [
                -71.77438934397364,
                42.25402512898094
              ],
              [
                -71.77438944355696,
                42.254025179608185
              ],
              [
                -71.77438954942404,
                42.25402522262683
              ],
              [
                -71.7743896605252,
                42.25402525761032
              ],
              [
                -71.77438977575882,
                42.25402528421178
              ],
              [
                -71.7743898939823,
                42.25402530216744
              ],
              [
                -71.77439001402338,
                42.254025311299266
              ],
              [
                -71.7743901346918,
                42.25402531151672
              ],
              [
                -71.77439025479111,
                42.254025302817624
              ],
              [
                -71.77448330902085,
                42.25401506672927
              ],
              [
                -71.7744834256643,
                42.25401504951601
              ],
              [
                -71.77471117063843,
                42.25397271551754
              ],
              [
                -71.7747112146189,
                42.25397270734225
              ],
              [
                -71.77471132765936,
                42.253972681922264
              ],
              [
                -71.77471143683209,
                42.253972648448084
              ],
              [
                -71.77471154110007,
                42.25397260723767
              ],
              [
                -71.77471163947288,
                42.25397255868248
              ],
              [
                -71.77471173101611,
                42.25397250324374
              ],
              [
                -71.77471181486021,
                42.25397244144801
              ],
              [
                -71.77471189020879,
                42.253972373882284
              ],
              [
                -71.77471195634611,
                42.25397230118839
              ],
              [
                -71.77471201264393,
                42.25397222405677
              ],
              [
                -71.77471205856756,
                42.25397214322011
              ],
              [
                -71.77471209368072,
                42.25397205944624
              ],
              [
                -71.77471211764986,
                42.25397197353107
              ],
              [
                -71.77471201959314,
                42.25397243786346
              ],
              [
                -71.77471200690172,
                42.25397252631705
              ],
              [
                -71.77471200602257,
                42.25397261526931
              ],
              [
                -71.77471201696429,
                42.25397270385181
              ],
              [
                -71.77471203962001,
                42.25397279119966
              ],
              [
                -71.77471207376857,
                42.2539728764601
              ],
              [
                -71.77471211907655,
                42.25397295880067
              ],
              [
                -71.77471217510161,
                42.25397303741748
              ],
              [
                -71.77471224129677,
                42.25397311154296
              ],
              [
                -71.77471231701573,
                42.25397318045342
              ],
              [
                -71.77471240151924,
                42.253973243476054
              ],
              [
                -71.77471249398224,
                42.25397329999556
              ],
              [
                -71.77471259350203,
                42.253973349460125
              ],
              [
                -71.77498097947122,
                42.25409292558869
              ],
              [
                -71.77498108433734,
                42.25409296725545
              ],
              [
                -71.77541094506115,
                42.254244104388775
              ],
              [
                -71.77541105492024,
                42.25424413821843
              ],
              [
                -71.77585878828518,
                42.25436324464176
              ],
              [
                -71.7758589020791,
                42.25436327030847
              ],
              [
                -71.77632019556685,
                42.254449198780335
              ],
              [
                -71.77632031219952,
                42.25444921603685
              ],
              [
                -71.77679072261547,
                42.2545011388841
              ],
              [
                -71.77679084096349,
                42.25450114756422
              ],
              [
                -71.77726583725355,
                42.254518564658326
              ],
              [
                -71.77726595617698,
                42.25451856467844
              ],
              [
                -71.77774096309277,
                42.25450130825504
              ],
              [
                -71.7777410814461,
                42.254501299614965
              ],
              [
                -71.77821152363677,
                42.25444953589067
              ],
              [
                -71.77821164027999,
                42.25444951867361
              ],
              [
                -71.77843015374643,
                42.25440889340231
              ],
              [
                -71.77843027128863,
                42.254408866777766
              ],
              [
                -71.77843038459697,
                42.25440883144669
              ],
              [
                -71.77843049250635,
                42.25440878777238
              ],
              [
                -71.77843059390713,
                42.254408736203935
              ],
              [
                -71.77843068775664,
                42.25440867727159
              ],
              [
                -71.77843077308985,
                42.25440861158139
              ],
              [
                -71.77843084902929,
                42.254408539808786
              ],
              [
                -71.77843091479409,
                42.2544084626918
              ],
              [
                -71.778430969708,
                42.254408381023396
              ],
              [
                -71.77843101320636,
                42.25440829564338
              ],
              [
                -71.77843104484185,
                42.25440820742969
              ],
              [
                -71.77843106428924,
                42.254408117289415
              ],
              [
                -71.77843107134848,
                42.25440802614948
              ],
              [
                -71.77843106960981,
                42.25440821738514
              ],
              [
                -71.77843107431208,
                42.254408302929015
              ],
              [
                -71.7784310899313,
                42.25440838775421
              ],
              [
                -71.77843111632623,
                42.25440847109361
              ],
              [
                -71.77843115325817,
                42.254408552193446
              ],
              [
                -71.77843120039306,
                42.254408630320285
              ],
              [
                -71.77843125730466,
                42.254408704767535
              ],
              [
                -71.77843132347826,
                42.254408774861915
              ],
              [
                -71.77843139831536,
                42.25440883996947
              ],
              [
                -71.77843148113917,
                42.254408899501385
              ],
              [
                -71.77843157120058,
                42.25440895291925
              ],
              [
                -71.77843166768514,
                42.25440899973995
              ],
              [
                -71.77843176972021,
                42.25440903954005
              ],
              [
                -71.778431876383,
                42.2544090719596
              ],
              [
                -71.77843198670884,
                42.25440909670538
              ],
              [
                -71.77847354712846,
                42.254416837554075
              ],
              [
                -71.77847366173592,
                42.254416854583546
              ],
              [
                -71.77847377801864,
                42.254416863331684
              ],
              [
                -71.77847389489494,
                42.254416863717104
              ],
              [
                -71.77847401127762,
                42.254416855736224
              ],
              [
                -71.77847412608408,
                42.25441683946328
              ],
              [
                -71.7784742382464,
                42.25441681504967
              ],
              [
                -71.77847434672123,
                42.254416782722465
              ],
              [
                -71.77847445049952,
                42.25441674278237
              ],
              [
                -71.77847454861592,
                42.25441669560092
              ],
              [
                -71.77847464015777,
                42.254416641617
              ],
              [
                -71.77847472427354,
                42.25441658133278
              ],
              [
                -71.7784747994421,
                42.25441651595146
              ],
              [
                -71.77847239359865,
                42.254418825444716
              ],
              [
                -71.77847232442852,
                42.25441889917152
              ],
              [
                -71.77847226549737,
                42.254418977654154
              ],
              [
                -71.77847221739242,
                42.25441906011057
              ],
              [
                -71.778472180593,
                42.25441914571913
              ],
              [
                -71.77847215546583,
                42.25441923362675
              ],
              [
                -71.7784721422613,
                42.25441932295747
              ],
              [
                -71.77847214111095,
                42.25441941282111
              ],
              [
                -71.77847215202631,
                42.25441950232221
              ],
              [
                -71.77847217489854,
                42.254419590568936
              ],
              [
                -71.77847220949978,
                42.25441967668191
              ],
              [
                -71.7784722554852,
                42.25441975980307
              ],
              [
                -71.77847231239659,
                42.2544198391041
              ],
              [
                -71.77869061669065,
                42.254690546532075
              ],
              [
                -71.77869068274029,
                42.254690620001064
              ],
              [
                -71.77897390365864,
                42.25497443996098
              ],
              [
                -71.7789739790843,
                42.254974508266514
              ],
              [
                -71.77916913606359,
                42.25513453595632
              ],
              [
                -71.7791692209781,
                42.25513459900547
              ],
              [
                -71.77916931387357,
                42.255134655503404
              ],
              [
                -71.77916941383825,
                42.25513470489564
              ],
              [
                -71.77916951989101,
                42.25513474669737
              ],
              [
                -71.77916963099102,
                42.25513478049835
              ],
              [
                -71.77916974604784,
                42.25513480596685
              ],
              [
                -71.77916986393224,
                42.25513482285289
              ],
              [
                -71.77916998348725,
                42.25513483099074
              ],
              [
                -71.77917010353946,
                42.25513483030053
              ],
              [
                -71.77917022291061,
                42.25513482078903
              ],
              [
                -71.77917034042909,
                42.25513480254959
              ],
              [
                -71.77917045494154,
                42.25513477576125
              ],
              [
                -71.77917056532367,
                42.25513474068701
              ],
              [
                -71.7791704294166,
                42.25513478992367
              ],
              [
                -71.7791703261763,
                42.25513483205747
              ],
              [
                -71.77917022893011,
                42.255134881438444
              ],
              [
                -71.77917013859683,
                42.255134937600005
              ],
              [
                -71.77917005602993,
                42.25513500001155
              ],
              [
                -71.77916998200953,
                42.25513506808339
              ],
              [
                -71.779169917235,
                42.25513514117238
              ],
              [
                -71.77916986231834,
                42.25513521858795
              ],
              [
                -71.77916981777841,
                42.255135299598656
              ],
              [
                -71.77916978403601,
                42.25513538343912
              ],
              [
                -71.77916976140997,
                42.255135469317175
              ],
              [
                -71.7791697501141,
                42.255135556421436
              ],
              [
                -71.77916975025504,
                42.255135643928924
              ],
              [
                -71.77916976183151,
                42.25513573101286
              ],
              [
                -71.77919511116377,
                42.25526286413352
              ],
              [
                -71.77919513434094,
                42.255262950787404
              ],
              [
                -71.77931059694748,
                42.25560568358965
              ],
              [
                -71.77931063144653,
                42.25560576813857
              ],
              [
                -71.77947076010014,
                42.25593844289037
              ],
              [
                -71.77947080558901,
                42.255938524520055
              ],
              [
                -71.77967405876507,
                42.25625793720047
              ],
              [
                -71.7796741148058,
                42.2562580151247
              ],
              [
                -71.77991853555925,
                42.25656108939415
              ],
              [
                -71.77991860161225,
                42.25656116286242
              ],
              [
                -71.78020183640481,
                42.25684497969785
              ],
              [
                -71.78020191183403,
                42.25684504800254
              ],
              [
                -71.78052123318619,
                42.25710687381918
              ],
              [
                -71.78052131726525,
                42.257106936302435
              ],
              [
                -71.78084093843191,
                42.257322216592776
              ],
              [
                -71.7808410305409,
                42.25732227275743
              ],
              [
                -71.78084112962992,
                42.257322321930495
              ],
              [
                -71.78084123474088,
                42.25732236363651
              ],
              [
                -71.78084134485749,
                42.25732239747227
              ],
              [
                -71.78084145891503,
                42.2573224231106
              ],
              [
                -71.78084157581074,
                42.2573224403036
              ],
              [
                -71.78084169441432,
                42.257322448885034
              ],
              [
                -71.78084181357907,
                42.257322448771944
              ],
              [
                -71.78084193215275,
                42.25732243996542
              ],
              [
                -71.78084204898893,
                42.25732242255061
              ],
              [
                -71.78084216295792,
                42.257322396695876
              ],
              [
                -71.78084227295781,
                42.25732236265123
              ],
              [
                -71.78084237792498,
                42.25732232074582
              ],
              [
                -71.78084247684453,
                42.257322271384844
              ],
              [
                -71.78084256876005,
                42.257322215045555
              ],
              [
                -71.78708898236756,
                42.253092869773766
              ],
              [
                -71.78084334913895,
                42.257321686720424
              ],
              [
                -71.7808432654328,
                42.25732174923236
              ],
              [
                -71.7808431903599,
                42.257321817527355
              ],
              [
                -71.78084312464037,
                42.25732189095028
              ],
              [
                -71.78084306890463,
                42.25732196879684
              ],
              [
                -71.78084302368732,
                42.257322050320326
              ],
              [
                -71.78084298942217,
                42.25732213473869
              ],
              [
                -71.78084296643786,
                42.25732222124221
              ],
              [
                -71.78084295495488,
                42.25732230900109
              ],
              [
                -71.78084295508334,
                42.25732239717354
              ],
              [
                -71.78084296682206,
                42.25732248491376
              ],
              [
                -71.78084299005842,
                42.2573225713801
              ],
              [
                -71.78084302456949,
                42.25732265574319
              ],
              [
                -71.78084307002429,
                42.25732273719374
              ],
              [
                -71.78084312598676,
                42.25732281495049
              ],
              [
                -71.7808431919201,
                42.25732288826756
              ],
              [
                -71.7808457678661,
                42.257325469431805
              ],
              [
                -71.78108332632095,
                42.25756350796583
              ],
              [
                -71.78108340175197,
                42.25756357626992
              ],
              [
                -71.78140273037513,
                42.25782539959978
              ],
              [
                -71.781402814456,
                42.25782546208237
              ],
              [
                -71.78175515450975,
                42.25806277233247
              ],
              [
                -71.78175524643073,
                42.258062828391736
              ],
              [
                -71.78212059781195,
                42.258264187276524
              ],
              [
                -71.78212069681015,
                42.258264236427046
              ],
              [
                -71.78212080182351,
                42.258264278123406
              ],
              [
                -71.78212091183826,
                42.258264311963096
              ],
              [
                -71.78212102579236,
                42.25826433761944
              ],
              [
                -71.78212114258577,
                42.25826435484474
              ],
              [
                -71.78212126109096,
                42.25826436347275
              ],
              [
                -71.78212138016394,
                42.25826436342011
              ],
              [
                -71.78212149865526,
                42.258264354687405
              ],
              [
                -71.78212161542098,
                42.25826433735889
              ],
              [
                -71.78212172933391,
                42.258264311601856
              ],
              [
                -71.7821218392944,
                42.25826427766496
              ],
              [
                -71.7821219442409,
                42.25826423587583
              ],
              [
                -71.78212204316031,
                42.25826418663785
              ],
              [
                -71.7821221350977,
                42.25826413042637
              ],
              [
                -71.7821222191655,
                42.258264067784026
              ],
              [
                -71.78478689455972,
                42.256072942163435
              ],
              [
                -71.78212271565444,
                42.25826365954804
              ],
              [
                -71.78212264043742,
                42.258263727846
              ]
            ]
          ],
          [
            [
              [
                -71.77987908003787,
                42.25306847455654
              ],
              [
                -71.77993120649474,
                42.25301843567876
              ],
              [
                -71.77993126751942,
                42.25301837149249
              ],
              [
                -71.77993132077728,
                42.25301830359718
              ],
              [
                -71.77993136586255,
                42.253018232510165
              ],
              [
                -71.78028649652732,
                42.25238835799302
              ],
              [
                -71.77993248432261,
                42.253016248784455
              ],
              [
                -71.77993244337016,
                42.253016332927096
              ],
              [
                -71.77993241386257,
                42.25301641967419
              ],
              [
                -71.77993239609125,
                42.25301650816887
              ],
              [
                -71.77993239023176,
                42.25301659753702
              ],
              [
                -71.77993239634202,
                42.253016686895904
              ],
              [
                -71.77993241436162,
                42.253016775362866
              ],
              [
                -71.7799324441126,
                42.25301686206407
              ],
              [
                -71.77993248530107,
                42.2530169461431
              ],
              [
                -71.7799325375202,
                42.253017026769456
              ],
              [
                -71.7799326002542,
                42.25301710314675
              ],
              [
                -71.77993267288339,
                42.25301717452056
              ],
              [
                -71.77993275469036,
                42.253017240185876
              ],
              [
                -71.77993284486706,
                42.25301729949406
              ],
              [
                -71.77993294252276,
                42.25301735185931
              ],
              [
                -71.77993304669286,
                42.25301739676439
              ],
              [
                -71.7799331563484,
                42.253017433765734
              ],
              [
                -71.77993327040623,
                42.25301746249785
              ],
              [
                -71.77993338773977,
                42.253017482676945
              ],
              [
                -71.77993350719,
                42.25301749410369
              ],
              [
                -71.77993362757705,
                42.253017496665215
              ],
              [
                -71.77993374771178,
                42.25301749033622
              ],
              [
                -71.77993386640756,
                42.25301747517923
              ],
              [
                -71.77993398249195,
                42.25301745134394
              ],
              [
                -71.77993409481827,
                42.25301741906581
              ],
              [
                -71.77993158298185,
                42.25301824969976
              ],
              [
                -71.77993147631142,
                42.253018289768235
              ],
              [
                -71.77993137547342,
                42.253018337449106
              ],
              [
                -71.77993128144894,
                42.25301839227841
              ],
              [
                -71.77993119515281,
                42.25301845372273
              ],
              [
                -71.77993111742464,
                42.25301852118422
              ],
              [
                -71.77987908003787,
                42.25306847455654
              ]
            ]
          ]
        ]
      }
    },
    {
      "type": "Feature",
      "properties": {
        "stop_id": "NON_CORRIDOR_GREEN",
        "corridor": "Green",
        "tier": "0-400m",
        "range": "0-400m",
        "name": "Green_0-400m",
        "region_type": "non_corridor_route_area"
      },
      "geometry": {
        "type": "Polygon",
        "coordinates": [
          [
            [
              -71.78062234106254,
              42.2975635849866
            ],
            [
              -71.7806856651843,
              42.29766302968712
            ],
            [
              -71.78068572126296,
              42.29766310761029
            ],
            [
              -71.78068578735979,
              42.29766318107758
            ],
            [
              -71.78091778192818,
              42.297895495625475
            ],
            [
              -71.78116236953932,
              42.29819856504514
            ],
            [
              -71.78136576704891,
              42.29851797237328
            ],
            [
              -71.781526015133,
              42.29885064176377
            ],
            [
              -71.78164156991213,
              42.29919336960992
            ],
            [
              -71.78171131784296,
              42.29954285538991
            ],
            [
              -71.7817345864687,
              42.2998957334476
            ],
            [
              -71.78171115092385,
              42.30024860540225
            ],
            [
              -71.78164123612972,
              42.300598072875886
            ],
            [
              -71.78152551465797,
              42.300940770222475
            ],
            [
              -71.78136510028222,
              42.30127339694426
            ],
            [
              -71.78118706679827,
              42.301552698605605
            ],
            [
              -71.78118702123442,
              42.301552780221655
            ],
            [
              -71.78118698666638,
              42.301552864760026
            ],
            [
              -71.78118696342712,
              42.30155295140656
            ],
            [
              -71.78118695174038,
              42.3015530393268
            ],
            [
              -71.78118695171877,
              42.301553127674026
            ],
            [
              -71.78120974013095,
              42.30189875564396
            ],
            [
              -71.78118630091144,
              42.30225162736751
            ],
            [
              -71.78112012347191,
              42.30258238922277
            ],
            [
              -71.7811201117849,
              42.30258247714299
            ],
            [
              -71.78112011176317,
              42.30258256549021
            ],
            [
              -71.78112012340695,
              42.30258265341359
            ],
            [
              -71.78112014660408,
              42.302582740066384
            ],
            [
              -71.78112018113117,
              42.302582824614085
            ],
            [
              -71.78112022665573,
              42.302582906242435
            ],
            [
              -71.7811202827393,
              42.30258298416532
            ],
            [
              -71.78122567339541,
              42.30271356405012
            ],
            [
              -71.7814290857484,
              42.30303297101444
            ],
            [
              -71.78157230186308,
              42.30333026065534
            ],
            [
              -71.78157234738875,
              42.30333034228351
            ],
            [
              -71.78157240347355,
              42.30333042020616
            ],
            [
              -71.78157246957731,
              42.30333049367287
            ],
            [
              -71.78157254506347,
              42.303330561976104
            ],
            [
              -71.78164466638228,
              42.30338965190348
            ],
            [
              -71.7819281186528,
              42.30367346216156
            ],
            [
              -71.78217273346007,
              42.30397652912233
            ],
            [
              -71.78237615466197,
              42.30429593433752
            ],
            [
              -71.78249400081789,
              42.30454054742681
            ],
            [
              -71.78249404634562,
              42.3045406290546
            ],
            [
              -71.78249410243262,
              42.30454070697678
            ],
            [
              -71.78249416853873,
              42.30454078044295
            ],
            [
              -71.78249424402732,
              42.30454084874556
            ],
            [
              -71.78252570438833,
              42.30456662358512
            ],
            [
              -71.782809165892,
              42.304850431608685
            ],
            [
              -71.78305378947773,
              42.30515349662914
            ],
            [
              -71.78325721891885,
              42.30547290021692
            ],
            [
              -71.78341749458373,
              42.305805566561965
            ],
            [
              -71.78343946680226,
              42.30587072161853
            ],
            [
              -71.78343950133426,
              42.30587080616548
            ],
            [
              -71.78343954686416,
              42.30587088779287
            ],
            [
              -71.78343960295351,
              42.30587096571458
            ],
            [
              -71.78343966906212,
              42.30587103918019
            ],
            [
              -71.78343974455332,
              42.30587110748216
            ],
            [
              -71.78363075115384,
              42.30602758806039
            ],
            [
              -71.78391422417054,
              42.30631139328195
            ],
            [
              -71.78415885870837,
              42.30661445586945
            ],
            [
              -71.78436229843511,
              42.30693385741681
            ],
            [
              -71.7844450301322,
              42.307105563813266
            ],
            [
              -71.7844450756643,
              42.30710564544024
            ],
            [
              -71.78444513175597,
              42.307105723361445
            ],
            [
              -71.78444519786703,
              42.30710579682645
            ],
            [
              -71.7844452733608,
              42.30710586512775
            ],
            [
              -71.78444978576543,
              42.30710956172986
            ],
            [
              -71.784733267312,
              42.30739336487462
            ],
            [
              -71.78497790996441,
              42.30769642565886
            ],
            [
              -71.78518135731235,
              42.308015825693865
            ],
            [
              -71.78527640224507,
              42.308213078246304
            ],
            [
              -71.78527644777904,
              42.308213159872935
            ],
            [
              -71.78527650387274,
              42.308213237793716
            ],
            [
              -71.78527656998591,
              42.30821331125823
            ],
            [
              -71.78553631083345,
              42.30847333702887
            ],
            [
              -71.78578096151642,
              42.308776396043996
            ],
            [
              -71.78598441639866,
              42.30909579459506
            ],
            [
              -71.78614471560351,
              42.30942845692054
            ],
            [
              -71.786260314759,
              42.30977117948185
            ],
            [
              -71.78633009989414,
              42.310120661808185
            ],
            [
              -71.78635339819348,
              42.31047353827669
            ],
            [
              -71.78632998450544,
              42.310826410521976
            ],
            [
              -71.78626008354044,
              42.31117588016331
            ],
            [
              -71.78614436773661,
              42.31151858153384
            ],
            [
              -71.78598395081256,
              42.31185121409701
            ],
            [
              -71.78578037706812,
              42.3121705742378
            ],
            [
              -71.78553560653503,
              42.31247358612217
            ],
            [
              -71.7852519961198,
              42.31275733132757
            ],
            [
              -71.78493227691952,
              42.31301907695867
            ],
            [
              -71.78457952792861,
              42.31325630197712
            ],
            [
              -71.78419714638939,
              42.313466721491466
            ],
            [
              -71.78398741224737,
              42.313559991781275
            ],
            [
              -71.78398731326396,
              42.31356004085333
            ],
            [
              -71.78398722123782,
              42.31356009688994
            ],
            [
              -71.78398713705519,
              42.31356015935144
            ],
            [
              -71.78398706152682,
              42.313560227636295
            ],
            [
              -71.78376500317067,
              42.31378237949967
            ],
            [
              -71.783445272624,
              42.31404412094019
            ],
            [
              -71.78309251232787,
              42.314281341344426
            ],
            [
              -71.78271011963352,
              42.31449175586536
            ],
            [
              -71.78230177741837,
              42.31467333782229
            ],
            [
              -71.78187141860916,
              42.31482433822935
            ],
            [
              -71.78142318829165,
              42.31494330264893
            ],
            [
              -71.78119251057424,
              42.314986154335536
            ],
            [
              -71.78119239665648,
              42.31498617996597
            ],
            [
              -71.78119228667221,
              42.31498621376009
            ],
            [
              -71.7811921816806,
              42.314986255392434
            ],
            [
              -71.78119208269278,
              42.31498630446206
            ],
            [
              -71.7811919906621,
              42.31498636049642
            ],
            [
              -71.7811919064748,
              42.31498642295585
            ],
            [
              -71.7811918309417,
              42.31498649123884
            ],
            [
              -71.78119176479021,
              42.31498656468779
            ],
            [
              -71.78119170865739,
              42.31498664259534
            ],
            [
              -71.78119166308385,
              42.3149867242112
            ],
            [
              -71.78119162850848,
              42.31498680874938
            ],
            [
              -71.78119160526427,
              42.31498689539571
            ],
            [
              -71.78119159357506,
              42.314986983315734
            ],
            [
              -71.78119159355343,
              42.314987071662756
            ],
            [
              -71.78119160519958,
              42.31498715958594
            ],
            [
              -71.78119162840136,
              42.31498724623854
            ],
            [
              -71.78119166293534,
              42.314987330786025
            ],
            [
              -71.7811917084689,
              42.31498741241419
            ],
            [
              -71.78119176456357,
              42.31498749033685
            ],
            [
              -71.78119183067909,
              42.31498756380364
            ],
            [
              -71.78119190617876,
              42.31498763210699
            ],
            [
              -71.78119199033546,
              42.31498769458911
            ],
            [
              -71.78119208233872,
              42.314987750648285
            ],
            [
              -71.78119218130249,
              42.3149877997446
            ],
            [
              -71.78144878266248,
              42.31510199427504
            ],
            [
              -71.78183108445216,
              42.31531250467035
            ],
            [
              -71.7821837465094,
              42.315549811233524
            ],
            [
              -71.78250337258198,
              42.315811628857425
            ],
            [
              -71.78278688441932,
              42.316095436380046
            ],
            [
              -71.78303155142075,
              42.316398500853595
            ],
            [
              -71.78323501694126,
              42.31671790385388
            ],
            [
              -71.78339532100158,
              42.31705056957656
            ],
            [
              -71.78351091918267,
              42.31739329445034
            ],
            [
              -71.78358069752271,
              42.31774277798209
            ],
            [
              -71.7836039832714,
              42.318095654537395
            ],
            [
              -71.78358055139778,
              42.31844852575
            ],
            [
              -71.7835106267871,
              42.31879799324907
            ],
            [
              -71.78339488210501,
              42.31914069138834
            ],
            [
              -71.78323443134805,
              42.319473319662386
            ],
            [
              -71.78303081914167,
              42.31979267449735
            ],
            [
              -71.78278600588794,
              42.3200956801103
            ],
            [
              -71.7825023489047,
              42.32037941813902
            ],
            [
              -71.78218257973748,
              42.320641155757215
            ],
            [
              -71.78182977786197,
              42.32087837200368
            ],
            [
              -71.78144734102987,
              42.3210887820714
            ],
            [
              -71.78103895254375,
              42.321270359322554
            ],
            [
              -71.78060854577613,
              42.32142135481653
            ],
            [
              -71.7801602662748,
              42.321540314163
            ],
            [
              -71.77969843181985,
              42.32162609153695
            ],
            [
              -71.77922749081797,
              42.32167786072057
            ],
            [
              -71.77875197943537,
              42.32169512306539
            ],
            [
              -71.77827647788325,
              42.3216777122977
            ],
            [
              -71.77780556627813,
              42.32162579612091
            ],
            [
              -71.77734378050282,
              42.321539874599495
            ],
            [
              -71.77689556849484,
              42.321420775339746
            ],
            [
              -71.77679884779712,
              42.321386806998355
            ],
            [
              -71.77679873782061,
              42.32138677317042
            ],
            [
              -71.77679862390566,
              42.32138674750494
            ],
            [
              -71.77679850714934,
              42.32138673024911
            ],
            [
              -71.7767983886761,
              42.32138672156908
            ],
            [
              -71.77679826962687,
              42.32138672154848
            ],
            [
              -71.77679815114816,
              42.32138673018748
            ],
            [
              -71.77679803438102,
              42.32138674740289
            ],
            [
              -71.7765052505917,
              42.32144111794267
            ],
            [
              -71.7760343083525,
              42.32149287402408
            ],
            [
              -71.7755587974901,
              42.32151012313855
            ],
            [
              -71.77508329821082,
              42.321492699139796
            ],
            [
              -71.77461239060915,
              42.32144076985872
            ],
            [
              -71.77415061052942,
              42.321354835485984
            ],
            [
              -71.7737024058542,
              42.321235723751705
            ],
            [
              -71.77327209364245,
              42.32108458194876
            ],
            [
              -71.77286381853065,
              42.320902865876754
            ],
            [
              -71.77248151279872,
              42.32069232581337
            ],
            [
              -71.77212885848583,
              42.32045498964848
            ],
            [
              -71.77180925192171,
              42.320193143344014
            ],
            [
              -71.77152577101522,
              42.319909308907846
            ],
            [
              -71.77128114561539,
              42.31960622009464
            ],
            [
              -71.77107773123018,
              42.319286796067644
            ],
            [
              -71.7709755932738,
              42.319074748903965
            ],
            [
              -71.77097554775048,
              42.31907466727182
            ],
            [
              -71.7709754916648,
              42.3190745893442
            ],
            [
              -71.77097542555687,
              42.319074515871584
            ],
            [
              -71.77097535006338,
              42.31907444756156
            ],
            [
              -71.77097526591135,
              42.31907438507198
            ],
            [
              -71.7709751739112,
              42.319074329004664
            ],
            [
              -71.77097507494896,
              42.31907427989959
            ],
            [
              -71.77097496997769,
              42.319074238229604
            ],
            [
              -71.77097486000831,
              42.31907420439608
            ],
            [
              -71.7709747460999,
              42.31907417872481
            ],
            [
              -71.77097462934944,
              42.31907416146303
            ],
            [
              -71.77097451088133,
              42.319074152777
            ],
            [
              -71.77097439183646,
              42.31907415275035
            ],
            [
              -71.7709742733613,
              42.319074161383355
            ],
            [
              -71.77097415659684,
              42.31907417859284
            ],
            [
              -71.77097404266758,
              42.319074204213116
            ],
            [
              -71.77063769411436,
              42.31916343229974
            ],
            [
              -71.77017586410949,
              42.319249171387526
            ],
            [
              -71.76970493302613,
              42.31930090151592
            ],
            [
              -71.76922943693496,
              42.31931812441262
            ],
            [
              -71.76875395589987,
              42.31930067418395
            ],
            [
              -71.76828306983964,
              42.319248718913435
            ],
            [
              -71.76782131439099,
              42.3191627590421
            ],
            [
              -71.76737313719916,
              42.31904362254567
            ],
            [
              -71.76694285505829,
              42.318892456955545
            ],
            [
              -71.76653461231511,
              42.31871071830042
            ],
            [
              -71.76615234093762,
              42.31850015707548
            ],
            [
              -71.76579972263401,
              42.31826280137444
            ],
            [
              -71.76548015338707,
              42.318000937347314
            ],
            [
              -71.76519671074615,
              42.31771708717266
            ],
            [
              -71.76495212419164,
              42.31741398475667
            ],
            [
              -71.7647487488573,
              42.31709454939358
            ],
            [
              -71.76458854286325,
              42.31676185764162
            ],
            [
              -71.76447304847719,
              42.316419113685555
            ],
            [
              -71.76440337728475,
              42.31606961847172
            ],
            [
              -71.76438019951084,
              42.31571673791285
            ],
            [
              -71.76440373759358,
              42.31536387046939
            ],
            [
              -71.76447376407202,
              42.315014414419366
            ],
            [
              -71.76458960380661,
              42.314671735132194
            ],
            [
              -71.76475014050969,
              42.31433913266156
            ],
            [
              -71.76495382752252,
              42.31401980996928
            ],
            [
              -71.76512940292596,
              42.313802582498454
            ],
            [
              -71.76512945907753,
              42.31380250459875
            ],
            [
              -71.76512950467097,
              42.313802422989234
            ],
            [
              -71.76512953926716,
              42.3138023384559
            ],
            [
              -71.76512956253296,
              42.31380225181281
            ],
            [
              -71.7651295742443,
              42.3138021638944
            ],
            [
              -71.76513686113465,
              42.31369290121563
            ],
            [
              -71.76520688170324,
              42.31334344461538
            ],
            [
              -71.7653227143953,
              42.313000764487164
            ],
            [
              -71.76548324299107,
              42.312668160892756
            ],
            [
              -71.7656869209099,
              42.31234883680486
            ],
            [
              -71.76593178612781,
              42.31204586726756
            ],
            [
              -71.76621548009184,
              42.311762169790605
            ],
            [
              -71.76653527044826,
              42.31150047626188
            ],
            [
              -71.76688807736538,
              42.3112633066483
            ],
            [
              -71.76727050319685,
              42.31105294473812
            ],
            [
              -71.76767886519995,
              42.31087141615781
            ],
            [
              -71.76810923099363,
              42.310720468874585
            ],
            [
              -71.76855745641531,
              42.310601556372276
            ],
            [
              -71.76901922541248,
              42.31051582366193
            ],
            [
              -71.76949009158542,
              42.31046409626181
            ],
            [
              -71.76982689500866,
              42.31045189464312
            ],
            [
              -71.76982701346779,
              42.31045188601131
            ],
            [
              -71.76982713021664,
              42.31045186880295
            ],
            [
              -71.76982724413084,
              42.310451843183785
            ],
            [
              -71.7698273541133,
              42.31045180940053
            ],
            [
              -71.76982745910486,
              42.31045176777855
            ],
            [
              -71.76982755809439,
              42.31045171871869
            ],
            [
              -71.76982765012856,
              42.310451662693396
            ],
            [
              -71.77001398526022,
              42.310326389976666
            ],
            [
              -71.77039639501541,
              42.31011601761287
            ],
            [
              -71.77080474198411,
              42.30993447787726
            ],
            [
              -71.77091416871201,
              42.30989609334639
            ],
            [
              -71.77091427370193,
              42.30989605172342
            ],
            [
              -71.77091437268976,
              42.3098960026626
            ],
            [
              -71.77091446472215,
              42.309895946636445
            ],
            [
              -71.77091454891281,
              42.3098958841845
            ],
            [
              -71.77091462445094,
              42.309895815908206
            ],
            [
              -71.77091469060905,
              42.30989574246511
            ],
            [
              -71.77091474675001,
              42.309895664562525
            ],
            [
              -71.77091479233314,
              42.30989558295067
            ],
            [
              -71.77091482691947,
              42.30989549841553
            ],
            [
              -71.77091485017591,
              42.3098954117712
            ],
            [
              -71.77091486187847,
              42.30989532385213
            ],
            [
              -71.77091486191446,
              42.30989523550503
            ],
            [
              -71.77091485028353,
              42.30989514758073
            ],
            [
              -71.77091482709771,
              42.30989506092599
            ],
            [
              -71.77091479258027,
              42.30989497637534
            ],
            [
              -71.77091474706363,
              42.30989489474304
            ],
            [
              -71.77091469098617,
              42.30989481681527
            ],
            [
              -71.77091462488792,
              42.3098947433425
            ],
            [
              -71.77091454940546,
              42.309894675032325
            ],
            [
              -71.7709144652657,
              42.3098946125426
            ],
            [
              -71.77091437327897,
              42.30989455647515
            ],
            [
              -71.77091427433115,
              42.309894507369926
            ],
            [
              -71.77091416937516,
              42.30989446569984
            ],
            [
              -71.7709140594218,
              42.30989443186619
            ],
            [
              -71.77072857342631,
              42.30984512373509
            ],
            [
              -71.77072845953464,
              42.309845098063526
            ],
            [
              -71.7707283428013,
              42.309845080801466
            ],
            [
              -71.77072822435052,
              42.30984507211517
            ],
            [
              -71.77072810532304,
              42.30984507208827
            ],
            [
              -71.77058851477422,
              42.309850130403696
            ],
            [
              -71.77011310460223,
              42.30983268578393
            ],
            [
              -71.76964228797253,
              42.309780736011014
            ],
            [
              -71.7691805998529,
              42.30969478147299
            ],
            [
              -71.76914595094217,
              42.309685570089066
            ],
            [
              -71.76914583705144,
              42.30968554441593
            ],
            [
              -71.76898058984435,
              42.309654779039526
            ],
            [
              -71.76853247789201,
              42.309535646878835
            ],
            [
              -71.76810225770829,
              42.309384485390396
            ],
            [
              -71.76769407304303,
              42.309202750563365
            ],
            [
              -71.76731185530484,
              42.30899219285596
            ],
            [
              -71.76695928568519,
              42.308754840327985
            ],
            [
              -71.76663975969807,
              42.308492979098816
            ],
            [
              -71.76660425634277,
              42.308457420481346
            ],
            [
              -71.76660418086668,
              42.30845735216833
            ],
            [
              -71.76660409673309,
              42.30845728967544
            ],
            [
              -71.7666040047523,
              42.30845723360451
            ],
            [
              -71.76660390581007,
              42.30845718449556
            ],
            [
              -71.76660380085931,
              42.30845714282152
            ],
            [
              -71.76660369091076,
              42.30845710898373
            ],
            [
              -71.76637239776042,
              42.30839561256632
            ],
            [
              -71.7659421905029,
              42.30824444295042
            ],
            [
              -71.76553401941105,
              42.308062700404754
            ],
            [
              -71.76540901936923,
              42.30799383524895
            ],
            [
              -71.76540892042867,
              42.30799378613896
            ],
            [
              -71.76538401572239,
              42.307982696921904
            ],
            [
              -71.76500181305745,
              42.307772131476554
            ],
            [
              -71.76464925891776,
              42.30753477180189
            ],
            [
              -71.76432974866815,
              42.30727290408611
            ],
            [
              -71.76416337124587,
              42.30710625454913
            ],
            [
              -71.76416329577401,
              42.307106186234485
            ],
            [
              -71.76416321164466,
              42.307106123739786
            ],
            [
              -71.76384926145792,
              42.30689474816787
            ],
            [
              -71.76352975775737,
              42.306632878195934
            ],
            [
              -71.76324637484039,
              42.30634902264628
            ],
            [
              -71.76300184161227,
              42.30604591547677
            ],
            [
              -71.76279851269338,
              42.30572647602736
            ],
            [
              -71.76263834575701,
              42.30539378089556
            ],
            [
              -71.76252845959839,
              42.30506758915899
            ],
            [
              -71.7625284250948,
              42.30506750460574
            ],
            [
              -71.76252837959247,
              42.305067422970055
            ],
            [
              -71.76252832352964,
              42.30506734503811
            ],
            [
              -71.76252825744616,
              42.30506727156046
            ],
            [
              -71.76251562632689,
              42.30505461881643
            ],
            [
              -71.76251555085928,
              42.30505455050067
            ],
            [
              -71.76225481806024,
              42.304840837247724
            ],
            [
              -71.76200452492071,
              42.30459011180199
            ],
            [
              -71.76200444945421,
              42.3045900434859
            ],
            [
              -71.76200436533031,
              42.30458998098959
            ],
            [
              -71.76200427335921,
              42.30458992491495
            ],
            [
              -71.76197183558969,
              42.304572051752025
            ],
            [
              -71.76161931067335,
              42.30433468263857
            ],
            [
              -71.76129982914804,
              42.304072806342866
            ],
            [
              -71.76101646771829,
              42.30378894516156
            ],
            [
              -71.7607719550824,
              42.30348583310671
            ],
            [
              -71.76056864566242,
              42.30316638956529
            ],
            [
              -71.7604084969439,
              42.30283369117423
            ],
            [
              -71.76029305064327,
              42.30249094218212
            ],
            [
              -71.76022341788347,
              42.302141443583714
            ],
            [
              -71.7602002685197,
              42.301788561324294
            ],
            [
              -71.7602238247169,
              42.30143569388064
            ],
            [
              -71.76029385884026,
              42.30108623953071
            ],
            [
              -71.76037220365109,
              42.30085447534686
            ],
            [
              -71.76037222691866,
              42.300854388704536
            ],
            [
              -71.7603838796562,
              42.300796243228596
            ],
            [
              -71.76049971547283,
              42.30045356721705
            ],
            [
              -71.760660237553,
              42.30012096963882
            ],
            [
              -71.76074290865938,
              42.29999135213532
            ],
            [
              -71.7607429542485,
              42.299991270527386
            ],
            [
              -71.760742988843,
              42.29999118599514
            ],
            [
              -71.76074301210973,
              42.29999109935274
            ],
            [
              -71.7607430238246,
              42.29999101143456
            ],
            [
              -71.76074302387481,
              42.29999092308731
            ],
            [
              -71.76072043283725,
              42.29964658332578
            ],
            [
              -71.76074398532721,
              42.29929371564258
            ],
            [
              -71.76081401419667,
              42.2989442608435
            ],
            [
              -71.76092984428357,
              42.29860158428591
            ],
            [
              -71.7610903593937,
              42.298268985997254
            ],
            [
              -71.76129401307678,
              42.29794966889908
            ],
            [
              -71.76153884354258,
              42.29764670796827
            ],
            [
              -71.76182249257313,
              42.297363020631735
            ],
            [
              -71.76214222824773,
              42.297101338679745
            ],
            [
              -71.76249497126138,
              42.29686418196784
            ],
            [
              -71.7628341416162,
              42.296677590966496
            ],
            [
              -71.76283423363651,
              42.29667753494669
            ],
            [
              -71.76283431781754,
              42.29667747250053
            ],
            [
              -71.7628343933486,
              42.296677404229406
            ],
            [
              -71.76283445950226,
              42.29667733079079
            ],
            [
              -71.76283451564142,
              42.29667725289197
            ],
            [
              -71.76283456122545,
              42.29667717128314
            ],
            [
              -71.76283459581535,
              42.296677086750236
            ],
            [
              -71.76289996711412,
              42.296483663585164
            ],
            [
              -71.76306046647744,
              42.29615106241519
            ],
            [
              -71.76326410338284,
              42.295831741699814
            ],
            [
              -71.76350891620172,
              42.29552877645075
            ],
            [
              -71.76379254688605,
              42.295245084136525
            ],
            [
              -71.76411226369177,
              42.29498339659536
            ],
            [
              -71.76446498749561,
              42.29474623373666
            ],
            [
              -71.76484732145167,
              42.29453587928371
            ],
            [
              -71.76525558370189,
              42.29435435879126
            ],
            [
              -71.76563273736231,
              42.29422205013365
            ],
            [
              -71.76563284232968,
              42.294222008515376
            ],
            [
              -71.76563294129706,
              42.29422195945897
            ],
            [
              -71.7656330333113,
              42.2942219034369
            ],
            [
              -71.7656331174863,
              42.294221840988655
            ],
            [
              -71.76564815180146,
              42.29420953476582
            ],
            [
              -71.76564822732651,
              42.29420946649281
            ],
            [
              -71.76567254175623,
              42.29418514511769
            ],
            [
              -71.76599224541903,
              42.293923452287736
            ],
            [
              -71.76634495625613,
              42.29368628360397
            ],
            [
              -71.76672727754647,
              42.29347592284582
            ],
            [
              -71.76713552755389,
              42.29329439562876
            ],
            [
              -71.76714631087715,
              42.29329061249343
            ],
            [
              -71.76714641584196,
              42.29329057087378
            ],
            [
              -71.76714651480671,
              42.293290521816076
            ],
            [
              -71.76714660681826,
              42.29329046579277
            ],
            [
              -71.76714669099053,
              42.2932904033434
            ],
            [
              -71.76714676651287,
              42.2932903350694
            ],
            [
              -71.76714683265796,
              42.29329026162828
            ],
            [
              -71.76714688878882,
              42.29329018372728
            ],
            [
              -71.76714693436483,
              42.2932901021167
            ],
            [
              -71.7671469689471,
              42.29329001758245
            ],
            [
              -71.76723014788942,
              42.29304383809002
            ],
            [
              -71.76739061573468,
              42.292711230659364
            ],
            [
              -71.76759421968544,
              42.29239190206313
            ],
            [
              -71.76783899843036,
              42.29208892738896
            ],
            [
              -71.76812259424963,
              42.29180522419621
            ],
            [
              -71.76844227573488,
              42.29154352442791
            ],
            [
              -71.7687949641029,
              42.29130634811117
            ],
            [
              -71.76917726284896,
              42.291095979099
            ],
            [
              -71.76958549045393,
              42.290914443086294
            ],
            [
              -71.77001571583077,
              42.29076348811202
            ],
            [
              -71.7700409222908,
              42.29075679838402
            ],
            [
              -71.77004103223891,
              42.29075676460044
            ],
            [
              -71.77004113719761,
              42.29075672297812
            ],
            [
              -71.77004123615613,
              42.29075667391789
            ],
            [
              -71.77004132816144,
              42.29075661789224
            ],
            [
              -71.77004141232747,
              42.29075655544073
            ],
            [
              -71.77004148784367,
              42.29075648716478
            ],
            [
              -71.77004155398275,
              42.290756413721944
            ],
            [
              -71.77015901921598,
              42.29061100838692
            ],
            [
              -71.7704425979951,
              42.29032729938443
            ],
            [
              -71.77076226240443,
              42.2900655930824
            ],
            [
              -71.7711149338252,
              42.289828409570916
            ],
            [
              -71.77149721591583,
              42.2896180327722
            ],
            [
              -71.7719054273175,
              42.28943648845623
            ],
            [
              -71.77233563709919,
              42.289285524741864
            ],
            [
              -71.77278370260022,
              42.289166595271226
            ],
            [
              -71.77324530930758,
              42.28908084521889
            ],
            [
              -71.77371601238382,
              42.28902910027013
            ],
            [
              -71.77419127944677,
              42.28901185867422
            ],
            [
              -71.77466653419035,
              42.28902928644937
            ],
            [
              -71.77513720042694,
              42.28908121578482
            ],
            [
              -71.77559874612895,
              42.28916714665589
            ],
            [
              -71.77604672704591,
              42.28928625163632
            ],
            [
              -71.77647682947878,
              42.28943738386166
            ],
            [
              -71.7767879771909,
              42.28957592684016
            ],
            [
              -71.77673969780356,
              42.289608401016196
            ],
            [
              -71.77673961307082,
              42.28960846394367
            ],
            [
              -71.77673953711876,
              42.289608532774494
            ],
            [
              -71.7767394706894,
              42.28960860683617
            ],
            [
              -71.77673941443173,
              42.28960868540519
            ],
            [
              -71.77673936889533,
              42.289608767713986
            ],
            [
              -71.77673933452508,
              42.28960885295842
            ],
            [
              -71.77673931165675,
              42.28960894030575
            ],
            [
              -71.77673930051377,
              42.28960902890257
            ],
            [
              -71.776739301205,
              42.28960911788337
            ],
            [
              -71.77673931372367,
              42.289609206378884
            ],
            [
              -71.77673933794748,
              42.28960929352453
            ],
            [
              -71.77673937363978,
              42.289609378468924
            ],
            [
              -71.77673942045189,
              42.28960946038224
            ],
            [
              -71.77673947792647,
              42.28960953846421
            ],
            [
              -71.77674134101856,
              42.28961179666636
            ],
            [
              -71.7767412744764,
              42.28961172419249
            ],
            [
              -71.77674119875093,
              42.28961165687037
            ],
            [
              -71.77674111456123,
              42.28961159533929
            ],
            [
              -71.77674102270645,
              42.28961154018329
            ],
            [
              -71.77674092405853,
              42.289611491925974
            ],
            [
              -71.77674081955392,
              42.28961145102543
            ],
            [
              -71.77674071018461,
              42.2896114178699
            ],
            [
              -71.77674059698884,
              42.28961139277412
            ],
            [
              -71.77674048104112,
              42.28961137597633
            ],
            [
              -71.77674036344209,
              42.28961136763597
            ],
            [
              -71.77674024530806,
              42.28961136783222
            ],
            [
              -71.77674012776048,
              42.2896113765632
            ],
            [
              -71.77674001191515,
              42.28961139374605
            ],
            [
              -71.77673989887174,
              42.28961141921766
            ],
            [
              -71.77673215391917,
              42.2896134752561
            ],
            [
              -71.77639400315834,
              42.28970324288171
            ],
            [
              -71.77639389321547,
              42.28970327667137
            ],
            [
              -71.77596369028042,
              42.28985425559325
            ],
            [
              -71.7759635853271,
              42.289854297221
            ],
            [
              -71.77555538287926,
              42.29003585596382
            ],
            [
              -71.77555528392615,
              42.29003590502881
            ],
            [
              -71.77517301281043,
              42.29024629533489
            ],
            [
              -71.7751729208104,
              42.29024635136465
            ],
            [
              -71.77482026227986,
              42.29048354733404
            ],
            [
              -71.77482017811892,
              42.29048360978907
            ],
            [
              -71.77450052839106,
              42.29074532737962
            ],
            [
              -71.77450045287969,
              42.29074539565849
            ],
            [
              -71.77446369942541,
              42.29078216958967
            ],
            [
              -71.77446283907219,
              42.2907830304216
            ],
            [
              -71.77446277244736,
              42.290783104475196
            ],
            [
              -71.77446271600289,
              42.29078318305383
            ],
            [
              -71.77446267029113,
              42.29078326538858
            ],
            [
              -71.77446263575942,
              42.29078335067371
            ],
            [
              -71.77446261274562,
              42.290783438074705
            ],
            [
              -71.77446260147498,
              42.290783526736256
            ],
            [
              -71.77446260205777,
              42.2907836157908
            ],
            [
              -71.77446261448827,
              42.29078370436686
            ],
            [
              -71.77446263864488,
              42.290783791597676
            ],
            [
              -71.77446267429119,
              42.29078387662964
            ],
            [
              -71.77446272107836,
              42.29078395863069
            ],
            [
              -71.77446277787692,
              42.29078403588477
            ],
            [
              -71.77446203099059,
              42.29078312978369
            ],
            [
              -71.77446196450727,
              42.29078305730197
            ],
            [
              -71.77446188884127,
              42.290782989966694
            ],
            [
              -71.77446180471061,
              42.29078292841678
            ],
            [
              -71.77446171291352,
              42.290782873236246
            ],
            [
              -71.77446161432103,
              42.2907828249487
            ],
            [
              -71.77446150986863,
              42.29078278401228
            ],
            [
              -71.77446140054747,
              42.29078275081546
            ],
            [
              -71.7744612873948,
              42.290782725673175
            ],
            [
              -71.77446117148429,
              42.29078270882403
            ],
            [
              -71.77446105391577,
              42.2907827004279
            ],
            [
              -71.77446093580478,
              42.29078270056442
            ],
            [
              -71.77446081827205,
              42.290782709232325
            ],
            [
              -71.77446070243276,
              42.29078272634937
            ],
            [
              -71.7740273047656,
              42.29086323891576
            ],
            [
              -71.7740271908884,
              42.29086326453918
            ],
            [
              -71.77357911570262,
              42.29098219883021
            ],
            [
              -71.77357900575603,
              42.29098223261718
            ],
            [
              -71.77314878739779,
              42.291133200948515
            ],
            [
              -71.7731486824405,
              42.29113324257368
            ],
            [
              -71.77274046365291,
              42.2913147912588
            ],
            [
              -71.77274036469561,
              42.29131484032135
            ],
            [
              -71.77235807648083,
              42.291525221199386
            ],
            [
              -71.77235798447646,
              42.29152527722688
            ],
            [
              -71.77200530825213,
              42.2917624644887
            ],
            [
              -71.77200522408671,
              42.29176252694165
            ],
            [
              -71.7716855562407,
              42.29202423662892
            ],
            [
              -71.77168548072477,
              42.29202430490594
            ],
            [
              -71.77140189990905,
              42.292308016896094
            ],
            [
              -71.77140183376993,
              42.29230809033969
            ],
            [
              -71.77115707124844,
              42.29261107260504
            ],
            [
              -71.77115701512314,
              42.29261115050799
            ],
            [
              -71.77095342845976,
              42.2929304854161
            ],
            [
              -71.77095338288892,
              42.292930567028215
            ],
            [
              -71.77079293322853,
              42.293263179430724
            ],
            [
              -71.77079289865115,
              42.29326326396608
            ],
            [
              -71.77067713181395,
              42.293605950805414
            ],
            [
              -71.77067710856319,
              42.29360603744993
            ],
            [
              -71.77060714013432,
              42.29395549859958
            ],
            [
              -71.77060712843429,
              42.29395558651886
            ],
            [
              -71.77058363299383,
              42.294308456560216
            ],
            [
              -71.77058363295738,
              42.294308544907565
            ],
            [
              -71.77060683755505,
              42.29466142553751
            ],
            [
              -71.77060684918274,
              42.294661513462096
            ],
            [
              -71.77067653112151,
              42.29501100621948
            ],
            [
              -71.77067655430155,
              42.2950110928745
            ],
            [
              -71.77079204325248,
              42.295353831870194
            ],
            [
              -71.77079207776181,
              42.2953539164211
            ],
            [
              -71.77095226219107,
              42.29568660075656
            ],
            [
              -71.77095230769753,
              42.29568668238903
            ],
            [
              -71.77115564554458,
              42.29600610795085
            ],
            [
              -71.77115570161003,
              42.29600618587868
            ],
            [
              -71.77140023511534,
              42.296309276203054
            ],
            [
              -71.77140030119995,
              42.29630934967571
            ],
            [
              -71.77168367574022,
              42.296593185584854
            ],
            [
              -71.77168375120765,
              42.296593253894684
            ],
            [
              -71.7720032379581,
              42.29685510161987
            ],
            [
              -71.77200332208159,
              42.29685516410892
            ],
            [
              -71.77235584428716,
              42.297092501628676
            ],
            [
              -71.77235593625653,
              42.297092557695095
            ],
            [
              -71.7727380988598,
              42.29730309903452
            ],
            [
              -71.77273819778934,
              42.29730314813828
            ],
            [
              -71.77314632012973,
              42.297484865395234
            ],
            [
              -71.77314642506657,
              42.29748490706338
            ],
            [
              -71.77357657633576,
              42.297636049948885
            ],
            [
              -71.77357668626922,
              42.29763608378005
            ],
            [
              -71.77402472338105,
              42.297755196484125
            ],
            [
              -71.77402483725228,
              42.297755222152446
            ],
            [
              -71.77448644476205,
              42.297841157372964
            ],
            [
              -71.77448656147425,
              42.29784117463121
            ],
            [
              -71.7749572931618,
              42.29789310462985
            ],
            [
              -71.77495741159078,
              42.297893113311794
            ],
            [
              -71.77543273330662,
              42.297910537891056
            ],
            [
              -71.77543285231164,
              42.29791053791307
            ],
            [
              -71.77590818567182,
              42.29789328923646
            ],
            [
              -71.77590830410661,
              42.29789328059834
            ],
            [
              -71.77637907061502,
              42.297841524807914
            ],
            [
              -71.77637918733879,
              42.29784150759286
            ],
            [
              -71.77684085251025,
              42.29775574320801
            ],
            [
              -71.77684096639871,
              42.29775571758181
            ],
            [
              -71.77728908345736,
              42.297636770695235
            ],
            [
              -71.77728919341355,
              42.29763673690476
            ],
            [
              -71.77771944614413,
              42.297485753221395
            ],
            [
              -71.77771955110894,
              42.297485711592095
            ],
            [
              -71.77812779544749,
              42.29730414538846
            ],
            [
              -71.77812789440999,
              42.29730409632132
            ],
            [
              -71.77851019837239,
              42.2970936964315
            ],
            [
              -71.77851029037942,
              42.29709364039912
            ],
            [
              -71.77886297194289,
              42.29685643336289
            ],
            [
              -71.77886305610832,
              42.296856370904976
            ],
            [
              -71.77918271867978,
              42.29659464144052
            ],
            [
              -71.77918279419306,
              42.296594573158636
            ],
            [
              -71.77922040864925,
              42.29655693688638
            ],
            [
              -71.7792204752746,
              42.296556862830094
            ],
            [
              -71.77922053171831,
              42.29655678424919
            ],
            [
              -71.77922057742805,
              42.29655670191265
            ],
            [
              -71.77922061195652,
              42.296556616626155
            ],
            [
              -71.77922063496582,
              42.296556529224304
            ],
            [
              -71.77922064623084,
              42.29655644056237
            ],
            [
              -71.77922064564129,
              42.296556351507945
            ],
            [
              -71.77922063320298,
              42.29655626293249
            ],
            [
              -71.77922060903761,
              42.29655617570276
            ],
            [
              -71.77922057338165,
              42.29655609067235
            ],
            [
              -71.77922052658403,
              42.29655600867332
            ],
            [
              -71.77922046910267,
              42.2965559305081
            ],
            [
              -71.77684134443864,
              42.293669644659566
            ],
            [
              -71.77922121679717,
              42.29655683749086
            ],
            [
              -71.77922128329202,
              42.296556909969766
            ],
            [
              -71.77922135896998,
              42.29655697730184
            ],
            [
              -71.77922144311297,
              42.2965570388482
            ],
            [
              -71.77922153492261,
              42.29655709402487
            ],
            [
              -71.77922163352773,
              42.29655714230828
            ],
            [
              -71.77922173799274,
              42.29655718324033
            ],
            [
              -71.7792218473264,
              42.2965572164326
            ],
            [
              -71.7792219604913,
              42.29655724157014
            ],
            [
              -71.77922207641366,
              42.296557258414445
            ],
            [
              -71.77922219399355,
              42.2965572668057
            ],
            [
              -71.77922231211531,
              42.29655726666427
            ],
            [
              -71.77922242965813,
              42.2965572579915
            ],
            [
              -71.77922254550671,
              42.29655724086967
            ],
            [
              -71.77965597559113,
              42.29647670875974
            ],
            [
              -71.77965608947615,
              42.29647668313074
            ],
            [
              -71.7798876996413,
              42.296415197810276
            ],
            [
              -71.77987962985085,
              42.29653665933487
            ],
            [
              -71.77987962982739,
              42.296536747682175
            ],
            [
              -71.77987964146833,
              42.29653683560577
            ],
            [
              -71.77987966466155,
              42.29653692225891
            ],
            [
              -71.77987969918368,
              42.296537006807064
            ],
            [
              -71.77997588554125,
              42.29673670406805
            ],
            [
              -71.78004238840415,
              42.29693396954853
            ],
            [
              -71.78004242292673,
              42.29693405409664
            ],
            [
              -71.78004246844583,
              42.29693413572548
            ],
            [
              -71.78004252452304,
              42.29693421364898
            ],
            [
              -71.78004259061835,
              42.296934287116656
            ],
            [
              -71.78004266609523,
              42.29693435542098
            ],
            [
              -71.78009434193416,
              42.2969766999779
            ],
            [
              -71.78037775849627,
              42.297260514382344
            ],
            [
              -71.78062234106254,
              42.2975635849866
            ]
          ],
          [
            [
              -71.7709599620664,
              42.30074132040425
            ],
            [
              -71.77127967700675,
              42.30047961314213
            ],
            [
              -71.7715937244738,
              42.30026843829692
            ],
            [
              -71.77159380865095,
              42.300268375844375
            ],
            [
              -71.77159388417682,
              42.300268307567535
            ],
            [
              -71.77159395032407,
              42.30026823412392
            ],
            [
              -71.77159400645564,
              42.30026815622086
            ],
            [
              -71.77159405203095,
              42.30026807460859
            ],
            [
              -71.7715940866111,
              42.300267990073095
            ],
            [
              -71.77159410986306,
              42.30026790342849
            ],
            [
              -71.7715941215629,
              42.30026781550921
            ],
            [
              -71.77159412159791,
              42.30026772716196
            ],
            [
              -71.77159410996782,
              42.30026763923758
            ],
            [
              -71.7715940867846,
              42.30026755258283
            ],
            [
              -71.77152093706209,
              42.300050490781075
            ],
            [
              -71.77152090254921,
              42.30005040623044
            ],
            [
              -71.77152085703888,
              42.300050324598246
            ],
            [
              -71.7715208009694,
              42.30005024667064
            ],
            [
              -71.77152073488074,
              42.30005017319808
            ],
            [
              -71.77152065940936,
              42.3000501048882
            ],
            [
              -71.77140475221846,
              42.29995511279161
            ],
            [
              -71.77140466809146,
              42.29995505030213
            ],
            [
              -71.77140457611875,
              42.29995499423498
            ],
            [
              -71.77140447718611,
              42.29995494513011
            ],
            [
              -71.77140437224631,
              42.29995490346039
            ],
            [
              -71.77140426230996,
              42.29995486962715
            ],
            [
              -71.77140414843583,
              42.299954843956236
            ],
            [
              -71.77140403172056,
              42.29995482669485
            ],
            [
              -71.77140391328824,
              42.29995481800923
            ],
            [
              -71.77140379427938,
              42.29995481798302
            ],
            [
              -71.7714036758401,
              42.299954826616506
            ],
            [
              -71.77140355911108,
              42.2999548438265
            ],
            [
              -71.77140344521646,
              42.29995486944727
            ],
            [
              -71.7714033352531,
              42.299954903232106
            ],
            [
              -71.77140323028001,
              42.29995494485561
            ],
            [
              -71.77140313130815,
              42.299954993916934
            ],
            [
              -71.77140303929065,
              42.29995504994357
            ],
            [
              -71.77140295511373,
              42.29995511239599
            ],
            [
              -71.77121802412313,
              42.300106492402854
            ],
            [
              -71.77086529573937,
              42.30034367579939
            ],
            [
              -71.7706485961158,
              42.300462907570044
            ],
            [
              -71.77064850409693,
              42.300462963596075
            ],
            [
              -71.77064841991856,
              42.300463026047936
            ],
            [
              -71.77064834439143,
              42.30046309432416
            ],
            [
              -71.77064827824289,
              42.30046316776723
            ],
            [
              -71.77064822210998,
              42.300463245669825
            ],
            [
              -71.7706481765333,
              42.3004633272817
            ],
            [
              -71.77064814195178,
              42.30046341181692
            ],
            [
              -71.77063030320124,
              42.300516210922815
            ],
            [
              -71.77046983257478,
              42.30084882242997
            ],
            [
              -71.77042384591759,
              42.30092094388849
            ],
            [
              -71.7704238003403,
              42.30092102550028
            ],
            [
              -71.77042376575822,
              42.30092111003542
            ],
            [
              -71.77042374250443,
              42.30092119667977
            ],
            [
              -71.77042373080285,
              42.30092128459893
            ],
            [
              -71.77042373076618,
              42.300921372946156
            ],
            [
              -71.77042374239477,
              42.30092146087065
            ],
            [
              -71.77042376557662,
              42.30092154752563
            ],
            [
              -71.77042380008852,
              42.30092163207656
            ],
            [
              -71.77042384559806,
              42.30092171370918
            ],
            [
              -71.77042390166697,
              42.300921791637315
            ],
            [
              -71.77056685013127,
              42.30109896097301
            ],
            [
              -71.77058780727508,
              42.30113188047486
            ],
            [
              -71.77058786334436,
              42.30113195840293
            ],
            [
              -71.77058792943306,
              42.30113203187598
            ],
            [
              -71.77058800490474,
              42.301132100186486
            ],
            [
              -71.7705880890325,
              42.301132162676545
            ],
            [
              -71.77058818100619,
              42.301132218744335
            ],
            [
              -71.77058827994004,
              42.301132267849916
            ],
            [
              -71.77058838488126,
              42.30113230952037
            ],
            [
              -71.77058849481922,
              42.30113234335437
            ],
            [
              -71.77058860869514,
              42.30113236902611
            ],
            [
              -71.77058872541235,
              42.30113238628832
            ],
            [
              -71.7705888438468,
              42.301132394974765
            ],
            [
              -71.77058896285787,
              42.30113239500183
            ],
            [
              -71.77058908129945,
              42.30113238636919
            ],
            [
              -71.77058919803086,
              42.30113236916002
            ],
            [
              -71.77058931192794,
              42.301132343540054
            ],
            [
              -71.77058942189379,
              42.30113230975602
            ],
            [
              -71.77058952686937,
              42.30113226813327
            ],
            [
              -71.7705896258437,
              42.30113221907267
            ],
            [
              -71.77058971786363,
              42.301132163046674
            ],
            [
              -71.77058980204295,
              42.30113210059488
            ],
            [
              -71.77058987757093,
              42.30113203231869
            ],
            [
              -71.77058994372024,
              42.30113195887567
            ],
            [
              -71.77067633887881,
              42.30102503016437
            ],
            [
              -71.7709599620664,
              42.30074132040425
            ]
          ]
        ]
      }
    }
  ]
}