{
  "type": "FeatureCollection",
  "metadata": {
    "distance_tiers_used": [
      200,
      400
    ],
    "include_external_tier": false,
    "total_regions": 116
  },
  "features": [
    {
      "type": "Feature",
      "properties": {
        "stop_id": "415;448",
        "tier": "0-200m",
        "name": "415;448_0-200m"
      },
      "geometry": {
        "type": "Polygon",
        "coordinates": [
          [
            [
              -71.81686146926617,
              42.255205637739145
            ],
            [
              -71.81674950348527,
              42.255344486514865
            ],
            [
              -71.81660793207668,
              42.25548636364941
            ],
            [
              -71.8164483223358,
              42.255617248774826
            ],
            [
              -71.81627221137255,
              42.25573588132473
            ],
            [
              -71.81608129525067,
              42.255841118731745
            ],
            [
              -71.81587741265317,
              42.25593194743375
            ],
            [
              -71.81566252717245,
              42.256007492637686
            ],
            [
              -71.81543870839641,
              42.25606702674669
            ],
            [
              -71.81520811197247,
              42.2561099763694
            ],
            [
              -71.81497295884164,
              42.256135927843786
            ],
            [
              -71.81473551384315,
              42.25614463122217
            ],
            [
              -71.81463665136684,
              42.256141038781415
            ],
            [
              -71.8124504227958,
              42.25375295698767
            ],
            [
              -71.81249678391407,
              42.25365664162949
            ],
            [
              -71.81259838405212,
              42.253496976271116
            ],
            [
              -71.8127205601455,
              42.25334547792285
            ],
            [
              -71.8128621354799,
              42.25320360553361
            ],
            [
              -71.81302174655102,
              42.253072725343756
            ],
            [
              -71.81319785619776,
              42.25295409772998
            ],
            [
              -71.813388768407,
              42.25284886507
            ],
            [
              -71.81359264464608,
              42.25275804074349
            ],
            [
              -71.81380752156697,
              42.25268249937536
            ],
            [
              -71.81400202711416,
              42.252630762720614
            ],
            [
              -71.81686146926617,
              42.255205637739145
            ]
          ]
        ]
      }
    },
    {
      "type": "Feature",
      "properties": {
        "stop_id": "415;448",
        "tier": "200-400m",
        "name": "415;448_200-400m"
      },
      "geometry": {
        "type": "MultiPolygon",
        "coordinates": [
          [
            [
              [
                -71.81130770393385,
                42.25179978756416
              ],
              [
                -71.81166001011424,
                42.25156247786112
              ],
              [
                -71.81204192623578,
                42.25135196458525
              ],
              [
                -71.8124014315692,
                42.25119181092587
              ],
              [
                -71.81240327257431,
                42.251190990783655
              ],
              [
                -71.81400038766103,
                42.25262928634237
              ],
              [
                -71.81380664857703,
                42.252680819124
              ],
              [
                -71.81380653871845,
                42.252680852949744
              ],
              [
                -71.81359155417995,
                42.2527564321511
              ],
              [
                -71.81359144931292,
                42.25275647381353
              ],
              [
                -71.81338747096484,
                42.25284734362756
              ],
              [
                -71.8133873720992,
                42.25284739272549
              ],
              [
                -71.81319636427286,
                42.252952678089265
              ],
              [
                -71.81319627236073,
                42.252952734149886
              ],
              [
                -71.81302007450945,
                42.25307142117626
              ],
              [
                -71.81301999043595,
                42.25307148365972
              ],
              [
                -71.8128602994224,
                42.253202429398925
              ],
              [
                -71.81286022399723,
                42.2532024977035
              ],
              [
                -71.8127185777523,
                42.25334444114767
              ],
              [
                -71.81271851170186,
                42.25334451461557
              ],
              [
                -71.81259627441294,
                42.253496088840166
              ],
              [
                -71.81259621837336,
                42.25349616676392
              ],
              [
                -71.8124945673442,
                42.25365591208936
              ],
              [
                -71.81249452185523,
                42.25365599371852
              ],
              [
                -71.81244873587258,
                42.253751114225715
              ],
              [
                -71.81094341932425,
                42.2521066829705
              ],
              [
                -71.81094591168011,
                42.25210418545166
              ],
              [
                -71.81098840051978,
                42.25206160855659
              ],
              [
                -71.81130770393385,
                42.25179978756416
              ]
            ]
          ],
          [
            [
              [
                -71.81846072087208,
                42.256645611420765
              ],
              [
                -71.81816257172561,
                42.25689010885603
              ],
              [
                -71.81781026027656,
                42.2571274383135
              ],
              [
                -71.81742832849662,
                42.25733797058702
              ],
              [
                -71.81702045482304,
                42.257519677862064
              ],
              [
                -71.81659056766865,
                42.257670809946084
              ],
              [
                -71.81614559308974,
                42.25778917021192
              ],
              [
                -71.81463835855168,
                42.25614290350253
              ],
              [
                -71.81473545489403,
                42.25614643176513
              ],
              [
                -71.8147355738205,
                42.2561464317464
              ],
              [
                -71.81497313775093,
                42.256137724008646
              ],
              [
                -71.8149732561022,
                42.256137715330134
              ],
              [
                -71.81520852701684,
                42.25611175085714
              ],
              [
                -71.81520864365305,
                42.25611173360246
              ],
              [
                -71.81543935557805,
                42.25606876246708
              ],
              [
                -71.81543946937583,
                42.2560687368024
              ],
              [
                -71.81566340025758,
                42.256009172873945
              ],
              [
                -71.81566351012093,
                42.25600913904645
              ],
              [
                -71.81587850323211,
                42.2559335560035
              ],
              [
                -71.8158786081029,
                42.255933514339
              ],
              [
                -71.81608259281897,
                42.25584264014291
              ],
              [
                -71.81608269168717,
                42.25584259104267
              ],
              [
                -71.81627370343205,
                42.25573730092474
              ],
              [
                -71.8162737953455,
                42.25573724486168
              ],
              [
                -71.81644999451525,
                42.25561855289174
              ],
              [
                -71.81645007858874,
                42.2556184904058
              ],
              [
                -71.81660976827008,
                42.25548753972361
              ],
              [
                -71.81660984369393,
                42.255487471416615
              ],
              [
                -71.81675148600712,
                42.25534552322
              ],
              [
                -71.81675155205498,
                42.255345449749804
              ],
              [
                -71.81686310608437,
                42.255207111583054
              ],
              [
                -71.81846072087208,
                42.256645611420765
              ]
            ]
          ]
        ]
      }
    },
    {
      "type": "Feature",
      "properties": {
        "stop_id": "408;455",
        "tier": "0-200m",
        "name": "408;455_0-200m"
      },
      "geometry": {
        "type": "Polygon",
        "coordinates": [
          [
            [
              -71.82907872901293,
              42.248538551637736
            ],
            [
              -71.82898948361061,
              42.24864927271508
            ],
            [
              -71.82884795460257,
              42.24879116511927
            ],
            [
              -71.8286883870455,
              42.24892206742674
            ],
            [
              -71.828512317643,
              42.24904071890566
            ],
            [
              -71.82832144205854,
              42.24914597680634
            ],
            [
              -71.82811759858458,
              42.24923682736929
            ],
            [
              -71.82790275043668,
              42.249312395590934
            ],
            [
              -71.82767896684312,
              42.249371953652734
            ],
            [
              -71.82744840311241,
              42.24941492793262
            ],
            [
              -71.82721327987063,
              42.24944090453106
            ],
            [
              -71.82707185042896,
              42.249446104272074
            ],
            [
              -71.82471003806234,
              42.24701769088777
            ],
            [
              -71.82473688754555,
              42.24696187972452
            ],
            [
              -71.82483844607393,
              42.24680220334074
            ],
            [
              -71.82496057996065,
              42.24665069178065
            ],
            [
              -71.82510211289781,
              42.24650880412048
            ],
            [
              -71.82526168178934,
              42.246377906747625
            ],
            [
              -71.82543774988034,
              42.24625926020431
            ],
            [
              -71.82562862155778,
              42.246154007050535
            ],
            [
              -71.82583245867936,
              42.246063160863365
            ],
            [
              -71.82604729827358,
              42.24598759647822
            ],
            [
              -71.82627107144089,
              42.245928041566245
            ],
            [
              -71.826434466583,
              42.24589758683774
            ],
            [
              -71.82907872901293,
              42.248538551637736
            ]
          ]
        ]
      }
    },
    {
      "type": "Feature",
      "properties": {
        "stop_id": "408;455",
        "tier": "200-400m",
        "name": "408;455_200-400m"
      },
      "geometry": {
        "type": "MultiPolygon",
        "coordinates": [
          [
            [
              [
                -71.82492705418989,
                42.244391927851694
              ],
              [
                -71.82643290032067,
                42.245896022444946
              ],
              [
                -71.82627042406602,
                42.24592630590391
              ],
              [
                -71.82627031029087,
                42.245926331579376
              ],
              [
                -71.82604642505115,
                42.2459859163181
              ],
              [
                -71.82604631521075,
                42.24598595015559
              ],
              [
                -71.82583136801759,
                42.2460615523855
              ],
              [
                -71.82583126316972,
                42.24606159405918
              ],
              [
                -71.82562732395876,
                42.246152485744815
              ],
              [
                -71.82562722511307,
                42.24615253485335
              ],
              [
                -71.82543625783879,
                42.24625784072117
              ],
              [
                -71.82543616594722,
                42.246257896791676
              ],
              [
                -71.8252600096725,
                42.24637660275708
              ],
              [
                -71.82525992561997,
                42.246376665249564
              ],
              [
                -71.82510027680712,
                42.24650762818038
              ],
              [
                -71.82510020140313,
                42.246507696493076
              ],
              [
                -71.8249585975767,
                42.24664965521583
              ],
              [
                -71.82495853154742,
                42.246649728690876
              ],
              [
                -71.82483633648633,
                42.2468013161339
              ],
              [
                -71.82483628046772,
                42.246801394063716
              ],
              [
                -71.82473467106908,
                42.246961150420084
              ],
              [
                -71.82473462560067,
                42.24696123205422
              ],
              [
                -71.82470831625723,
                42.2470159204432
              ],
              [
                -71.82316576908269,
                42.24542974727116
              ],
              [
                -71.82322835534127,
                42.245367005793085
              ],
              [
                -71.82354757437933,
                42.24510515042514
              ],
              [
                -71.82389979743247,
                42.244867802853
              ],
              [
                -71.8242816324758,
                42.24465724857915
              ],
              [
                -71.82468940245434,
                42.24447551508286
              ],
              [
                -71.82492705418989,
                42.244391927851694
              ]
            ]
          ],
          [
            [
              [
                -71.83058630568969,
                42.250044121752246
              ],
              [
                -71.83040270117868,
                42.25019474603142
              ],
              [
                -71.830050472877,
                42.25043211335586
              ],
              [
                -71.82966862219781,
                42.250642686626826
              ],
              [
                -71.82926082679693,
                42.25082443763503
              ],
              [
                -71.82883101433306,
                42.250975615766706
              ],
              [
                -71.82861750451467,
                42.25103244000559
              ],
              [
                -71.8286153590946,
                42.25103301099253
              ],
              [
                -71.82707354327681,
                42.24944784477209
              ],
              [
                -71.82721345910824,
                42.2494427006789
              ],
              [
                -71.82721357744533,
                42.249442691987745
              ],
              [
                -71.82744881845595,
                42.2494167023781
              ],
              [
                -71.82744893507648,
                42.24941668511095
              ],
              [
                -71.82767961429188,
                42.24937368930605
              ],
              [
                -71.82767972807267,
                42.2493736636292
              ],
              [
                -71.8279036237543,
                42.249314075735946
              ],
              [
                -71.82790373359947,
                42.249314041896696
              ],
              [
                -71.82811868935916,
                42.2492384358245
              ],
              [
                -71.8281187942108,
                42.249238394148755
              ],
              [
                -71.8283227397837,
                42.24914749808076
              ],
              [
                -71.82832283863196,
                42.24914744896995
              ],
              [
                -71.82851380981913,
                42.24904213834806
              ],
              [
                -71.82851390171201,
                42.24904208227513
              ],
              [
                -71.82869005930019,
                42.24892337136671
              ],
              [
                -71.8286901433527,
                42.24892330887173
              ],
              [
                -71.8288497908291,
                42.24879234099888
              ],
              [
                -71.82884986623176,
                42.248792272683744
              ],
              [
                -71.82899146612318,
                42.248650309209836
              ],
              [
                -71.82899153214984,
                42.248650235732505
              ],
              [
                -71.82908029398881,
                42.24854011457828
              ],
              [
                -71.83058630568969,
                42.250044121752246
              ]
            ]
          ]
        ]
      }
    },
    {
      "type": "Feature",
      "properties": {
        "stop_id": "412;451",
        "tier": "0-200m",
        "name": "412;451_0-200m"
      },
      "geometry": {
        "type": "Polygon",
        "coordinates": [
          [
            [
              -71.82245431354897,
              42.25159310941175
            ],
            [
              -71.8224259263733,
              42.25173558180849
            ],
            [
              -71.822368235347,
              42.25190690960061
            ],
            [
              -71.82228821789685,
              42.252073211297116
            ],
            [
              -71.82218664448429,
              42.252232885276456
            ],
            [
              -71.82206449319332,
              42.252384393735795
            ],
            [
              -71.82192294031596,
              42.25252627750286
            ],
            [
              -71.82176334902717,
              42.25265717009111
            ],
            [
              -71.82158725625912,
              42.25277581086231
            ],
            [
              -71.82139635790037,
              42.252881057169844
            ],
            [
              -71.82119249246273,
              42.25297189536595
            ],
            [
              -71.82097762337335,
              42.25304745056609
            ],
            [
              -71.82075382006224,
              42.25310699507716
            ],
            [
              -71.82052323802782,
              42.2531499554076
            ],
            [
              -71.82048258434581,
              42.253154444117285
            ],
            [
              -71.81792396007971,
              42.25052399381999
            ],
            [
              -71.81803557043733,
              42.250385570824925
            ],
            [
              -71.81817712724195,
              42.250243691802595
            ],
            [
              -71.8183367198628,
              42.25011280414948
            ],
            [
              -71.81851281131651,
              42.24999416831419
            ],
            [
              -71.81870370576509,
              42.24988892675361
            ],
            [
              -71.81890756484695,
              42.24979809293311
            ],
            [
              -71.8191224253792,
              42.24972254156909
            ],
            [
              -71.81934621826066,
              42.24966300020719
            ],
            [
              -71.81957678839375,
              42.249620042217984
            ],
            [
              -71.81981191543336,
              42.24959408127668
            ],
            [
              -71.82004933516357,
              42.24958536738052
            ],
            [
              -71.82028676129599,
              42.249593984442065
            ],
            [
              -71.82052190748061,
              42.249619849481235
            ],
            [
              -71.82053271911582,
              42.24962185914434
            ],
            [
              -71.82245431354897,
              42.25159310941175
            ]
          ]
        ]
      }
    },
    {
      "type": "Feature",
      "properties": {
        "stop_id": "412;451",
        "tier": "200-400m",
        "name": "412;451_200-400m"
      },
      "geometry": {
        "type": "MultiPolygon",
        "coordinates": [
          [
            [
              [
                -71.81735680091273,
                42.24839208791784
              ],
              [
                -71.81776461481948,
                42.248210379160945
              ],
              [
                -71.81819443493455,
                42.2480592424313
              ],
              [
                -71.8186421223484,
                42.24794013303725
              ],
              [
                -71.81885484559244,
                42.24790050045491
              ],
              [
                -71.82053050956002,
                42.249619592401906
              ],
              [
                -71.82052243792953,
                42.24961809204982
              ],
              [
                -71.82052232129374,
                42.249618074838246
              ],
              [
                -71.82028705734173,
                42.2495921968452
              ],
              [
                -71.82028693899693,
                42.24959218820996
              ],
              [
                -71.82004939395549,
                42.24958356683277
              ],
              [
                -71.82004927504134,
                42.24958356685702
              ],
              [
                -71.81981173640531,
                42.249592285117316
              ],
              [
                -71.81981161806692,
                42.24959229380082
              ],
              [
                -71.81957637326953,
                42.249618267744054
              ],
              [
                -71.81957625664646,
                42.2496182850032
              ],
              [
                -71.81934557103743,
                42.249661264506905
              ],
              [
                -71.81934545725274,
                42.249661290175496
              ],
              [
                -71.819121552289,
                42.24972086135731
              ],
              [
                -71.81912144243842,
                42.24972089518815
              ],
              [
                -71.81890647429677,
                42.24979648439046
              ],
              [
                -71.81890636943812,
                42.249796526057764
              ],
              [
                -71.81870240825589,
                42.24988740537051
              ],
              [
                -71.81870230939901,
                42.24988745447305
              ],
              [
                -71.81851131934219,
                42.249992748741896
              ],
              [
                -71.81851122743907,
                42.24999280480681
              ],
              [
                -71.81833504778994,
                42.25011150005881
              ],
              [
                -71.81833496372563,
                42.25011156254619
              ],
              [
                -71.81817529117157,
                42.25024251575238
              ],
              [
                -71.81817521575564,
                42.25024258406049
              ],
              [
                -71.81803358804981,
                42.25038453414107
              ],
              [
                -71.8180335220086,
                42.250384607612084
              ],
              [
                -71.81792241546276,
                42.250522405758716
              ],
              [
                -71.81643539655536,
                42.24899351571067
              ],
              [
                -71.81662265053151,
                42.24883994514987
              ],
              [
                -71.81697492031893,
                42.248602618999435
              ],
              [
                -71.81735680091273,
                42.24839208791784
              ]
            ]
          ],
          [
            [
              [
                -71.82413456132058,
                42.25331664882066
              ],
              [
                -71.82408005900493,
                42.25338425236494
              ],
              [
                -71.82379688628441,
                42.25366809571044
              ],
              [
                -71.82347762510913,
                42.25392995138399
              ],
              [
                -71.82312535006183,
                42.2541672972879
              ],
              [
                -71.82274345381944,
                42.2543778473669
              ],
              [
                -71.82233561447683,
                42.254559573635014
              ],
              [
                -71.82197337016076,
                42.254686951775234
              ],
              [
                -71.82048418330953,
                42.25315608788072
              ],
              [
                -71.82052365320176,
                42.253151729877004
              ],
              [
                -71.82052376983108,
                42.25315171261691
              ],
              [
                -71.82075446735934,
                42.25310873076845
              ],
              [
                -71.82075458114966,
                42.25310870509849
              ],
              [
                -71.82097849655871,
                42.25304913076276
              ],
              [
                -71.82097860641407,
                42.253049096930155
              ],
              [
                -71.82119358312573,
                42.25297350388599
              ],
              [
                -71.82119368798811,
                42.2529734622166
              ],
              [
                -71.82139765553569,
                42.25288257852166
              ],
              [
                -71.82139775439516,
                42.25288252941683
              ],
              [
                -71.82158874836803,
                42.25277723039388
              ],
              [
                -71.82158884027248,
                42.25277717432653
              ],
              [
                -71.82176502123791,
                42.25265847413121
              ],
              [
                -71.8217651053022,
                42.25265841164134
              ],
              [
                -71.82192477652222,
                42.252527453492576
              ],
              [
                -71.8219248519368,
                42.25252738518204
              ],
              [
                -71.82206647570949,
                42.25238543034958
              ],
              [
                -71.82206654174809,
                42.25238535687628
              ],
              [
                -71.82218875421579,
                42.25223377253118
              ],
              [
                -71.82218881024245,
                42.25223369460274
              ],
              [
                -71.82229043452415,
                42.25207394064816
              ],
              [
                -71.82229047999935,
                42.252073859015084
              ],
              [
                -71.82237053752132,
                42.2519074740242
              ],
              [
                -71.8223705720072,
                42.2519073894727
              ],
              [
                -71.8224282919223,
                42.25173597586924
              ],
              [
                -71.82242831508681,
                42.2517358892136
              ],
              [
                -71.82245634774357,
                42.251595196089404
              ],
              [
                -71.82413456132058,
                42.25331664882066
              ]
            ]
          ]
        ]
      }
    },
    {
      "type": "Feature",
      "properties": {
        "stop_id": "416;447",
        "tier": "0-200m",
        "name": "416;447_0-200m"
      },
      "geometry": {
        "type": "Polygon",
        "coordinates": [
          [
            [
              -71.8101704709369,
              42.25476935079605
            ],
            [
              -71.81021337548201,
              42.25470193206188
            ],
            [
              -71.81033555960884,
              42.25455043628596
            ],
            [
              -71.81047714298327,
              42.25440856687048
            ],
            [
              -71.81063676202353,
              42.25427769002712
            ],
            [
              -71.81081287949186,
              42.25415906610035
            ],
            [
              -71.81100379929975,
              42.25405383743237
            ],
            [
              -71.81120768284148,
              42.253963017364434
            ],
            [
              -71.81142256669862,
              42.25388748048041
            ],
            [
              -71.81164638154544,
              42.2538279541866
            ],
            [
              -71.81187697207287,
              42.25378501170838
            ],
            [
              -71.81211211773942,
              42.25375906657165
            ],
            [
              -71.81234955414985,
              42.25375036862143
            ],
            [
              -71.81244841276242,
              42.25375396303541
            ],
            [
              -71.81463464129239,
              42.25614204486705
            ],
            [
              -71.81458828160763,
              42.25623836104745
            ],
            [
              -71.81448668209029,
              42.256398028092015
            ],
            [
              -71.81436450433358,
              42.25654952824092
            ],
            [
              -71.8142229248843,
              42.25669140240194
            ],
            [
              -71.81406330717344,
              42.25682228418104
            ],
            [
              -71.81388718838761,
              42.25694091304405
            ],
            [
              -71.81369626466598,
              42.25704614645906
            ],
            [
              -71.81349237476473,
              42.257136970902444
            ],
            [
              -71.8132774823466,
              42.25721251162211
            ],
            [
              -71.81305365706635,
              42.257272041064425
            ],
            [
              -71.81282305463401,
              42.257314985882964
            ],
            [
              -71.81258789604851,
              42.25734093246196
            ],
            [
              -71.81257815018617,
              42.25734128948933
            ],
            [
              -71.8101704709369,
              42.25476935079605
            ]
          ]
        ]
      }
    },
    {
      "type": "Feature",
      "properties": {
        "stop_id": "416;447",
        "tier": "200-400m",
        "name": "416;447_200-400m"
      },
      "geometry": {
        "type": "MultiPolygon",
        "coordinates": [
          [
            [
              [
                -71.80869412631985,
                42.25319215634246
              ],
              [
                -71.80892273473584,
                42.253004716870365
              ],
              [
                -71.80927505656234,
                42.25276741454327
              ],
              [
                -71.80965698788397,
                42.25255690925342
              ],
              [
                -71.81006485071893,
                42.2523752280083
              ],
              [
                -71.81049471749164,
                42.252224120245515
              ],
              [
                -71.81093966351796,
                42.25210578179025
              ],
              [
                -71.81244670570655,
                42.253752098280906
              ],
              [
                -71.81234961316461,
                42.25374856807894
              ],
              [
                -71.81234949424265,
                42.253748568095205
              ],
              [
                -71.81211193891805,
                42.25375727040157
              ],
              [
                -71.81211182057082,
                42.25375727907712
              ],
              [
                -71.81187655713714,
                42.25378323720786
              ],
              [
                -71.8118764405043,
                42.253783254459165
              ],
              [
                -71.81164573449074,
                42.2538262184441
              ],
              [
                -71.81164562069546,
                42.25382624410503
              ],
              [
                -71.81142169375534,
                42.25388580021124
              ],
              [
                -71.81142158389342,
                42.253885834034676
              ],
              [
                -71.8112065924152,
                42.2539614087497
              ],
              [
                -71.8112064875446,
                42.253961450409946
              ],
              [
                -71.81100250189023,
                42.25405231596327
              ],
              [
                -71.8110024030209,
                42.25405236505913
              ],
              [
                -71.81081138759204,
                42.25415764642891
              ],
              [
                -71.81081129567606,
                42.2541577024876
              ],
              [
                -71.81063508999928,
                42.25427638582513
              ],
              [
                -71.81063500592184,
                42.25427644830682
              ],
              [
                -71.81047530693513,
                42.254407390697885
              ],
              [
                -71.81047523150595,
                42.254407459000845
              ],
              [
                -71.81033357721698,
                42.25454939946979
              ],
              [
                -71.81033351116251,
                42.2545494729363
              ],
              [
                -71.81021126583612,
                42.25470104458725
              ],
              [
                -71.81021120979253,
                42.25470112250981
              ],
              [
                -71.81016887502231,
                42.25476764591671
              ],
              [
                -71.80869412631985,
                42.25319215634246
              ]
            ]
          ],
          [
            [
              [
                -71.81613934449759,
                42.25779076683224
              ],
              [
                -71.81613934449759,
                42.257790766832244
              ],
              [
                -71.81609685527785,
                42.25783334559296
              ],
              [
                -71.81577754124248,
                42.258095179643355
              ],
              [
                -71.81542521414345,
                42.25833250172527
              ],
              [
                -71.81504326715908,
                42.2585430260128
              ],
              [
                -71.81463537887319,
                42.258724724768385
              ],
              [
                -71.81420547783937,
                42.2588758478815
              ],
              [
                -71.81405282942572,
                42.258916447221964
              ],
              [
                -71.81257978189836,
                42.25734303243364
              ],
              [
                -71.81258807489354,
                42.257342728630164
              ],
              [
                -71.81258819324741,
                42.257342719954124
              ],
              [
                -71.81282346961942,
                42.257316760378956
              ],
              [
                -71.81282358625852,
                42.2573167431267
              ],
              [
                -71.8130543041949,
                42.25727377679792
              ],
              [
                -71.81305441799584,
                42.257273751135614
              ],
              [
                -71.81327835538505,
                42.25721419187617
              ],
              [
                -71.81327846525176,
                42.25721415805097
              ],
              [
                -71.81349346530385,
                42.25713857949453
              ],
              [
                -71.81349357017818,
                42.25713853783221
              ],
              [
                -71.81369756220167,
                42.25704766789689
              ],
              [
                -71.81369766107362,
                42.25704761879874
              ],
              [
                -71.81388868042204,
                42.25694233267478
              ],
              [
                -71.81388877233937,
                42.25694227661364
              ],
              [
                -71.81406497933558,
                42.25682358833245
              ],
              [
                -71.81406506341303,
                42.25682352584828
              ],
              [
                -71.81422476106836,
                42.25669257851409
              ],
              [
                -71.81422483649621,
                42.25669251020867
              ],
              [
                -71.81436648685411,
                42.256550564987066
              ],
              [
                -71.814366552906,
                42.25655049151823
              ],
              [
                -71.81448879185271,
                42.25639891548772
              ],
              [
                -71.81448884789255,
                42.256398837563104
              ],
              [
                -71.81459049829206,
                42.256239090546785
              ],
              [
                -71.81459054378021,
                42.25623900891682
              ],
              [
                -71.81463632834301,
                42.256143887596075
              ],
              [
                -71.81614183687219,
                42.25778826920296
              ],
              [
                -71.81613934449759,
                42.25779076683224
              ]
            ]
          ]
        ]
      }
    },
    {
      "type": "Feature",
      "properties": {
        "stop_id": "410;452",
        "tier": "0-200m",
        "name": "410;452_0-200m"
      },
      "geometry": {
        "type": "Polygon",
        "coordinates": [
          [
            [
              -71.82512788102488,
              42.25059725710671
            ],
            [
              -71.82507663084596,
              42.250677831639166
            ],
            [
              -71.82495448947112,
              42.25082934321682
            ],
            [
              -71.82481294654725,
              42.25097123058853
            ],
            [
              -71.82465336515344,
              42.251102127233
            ],
            [
              -71.82447728212657,
              42.25122077247295
            ],
            [
              -71.82428639326132,
              42.251326023618766
            ],
            [
              -71.82408253697811,
              42.25141686697603
            ],
            [
              -71.82386767661586,
              42.25149242761052
            ],
            [
              -71.82364388152057,
              42.251551977776785
            ],
            [
              -71.82341330711145,
              42.251594943928836
            ],
            [
              -71.82317817411752,
              42.251620912245386
            ],
            [
              -71.822940747184,
              42.25162963261658
            ],
            [
              -71.82270331305551,
              42.25162102105342
            ],
            [
              -71.82246815854596,
              42.25159516049688
            ],
            [
              -71.82245734651227,
              42.25159315101696
            ],
            [
              -71.82053575198343,
              42.24962190080039
            ],
            [
              -71.8205641424667,
              42.249479428818574
            ],
            [
              -71.82062183616537,
              42.249308101861
            ],
            [
              -71.82070185450026,
              42.24914180124666
            ],
            [
              -71.82080342670073,
              42.24898212849612
            ],
            [
              -71.8209255744476,
              42.24883062129007
            ],
            [
              -71.82106712129952,
              42.24868873866281
            ],
            [
              -71.82122670402637,
              42.24855784695326
            ],
            [
              -71.82140278574012,
              42.24843920664909
            ],
            [
              -71.82159367069652,
              42.2483339602502
            ],
            [
              -71.82179752062535,
              42.24824312126863
            ],
            [
              -71.82201237243189,
              42.24816756447041
            ],
            [
              -71.82223615709898,
              42.248108017453575
            ],
            [
              -71.82246671960809,
              42.24806505364312
            ],
            [
              -71.82261510046901,
              42.248048666386104
            ],
            [
              -71.82512788102488,
              42.25059725710671
            ]
          ]
        ]
      }
    },
    {
      "type": "Feature",
      "properties": {
        "stop_id": "410;452",
        "tier": "200-400m",
        "name": "410;452_200-400m"
      },
      "geometry": {
        "type": "MultiPolygon",
        "coordinates": [
          [
            [
              [
                -71.81919337198576,
                42.24754687484192
              ],
              [
                -71.81951261870003,
                42.24728503080371
              ],
              [
                -71.81986486900378,
                42.24704769571316
              ],
              [
                -71.82024673060977,
                42.246837154952544
              ],
              [
                -71.82065452620732,
                42.246655435870956
              ],
              [
                -71.82108432886807,
                42.246504288270415
              ],
              [
                -71.82109083983137,
                42.24650255578488
              ],
              [
                -71.82261348204047,
                42.248047024808756
              ],
              [
                -71.82246630441307,
                42.248063279179156
              ],
              [
                -71.82246618779365,
                42.24806329644124
              ],
              [
                -71.82223550981243,
                42.248106281769125
              ],
              [
                -71.82223539603172,
                42.24810630744059
              ],
              [
                -71.82201149928646,
                42.24816588428019
              ],
              [
                -71.8220113894401,
                42.24816591811381
              ],
              [
                -71.82179643002854,
                42.24824151275301
              ],
              [
                -71.82179632517438,
                42.24824155442298
              ],
              [
                -71.82159237314973,
                42.24833243889941
              ],
              [
                -71.82159227429752,
                42.24833248800444
              ],
              [
                -71.82140129373767,
                42.24843778711399
              ],
              [
                -71.82140120183935,
                42.24843784318123
              ],
              [
                -71.82122503193509,
                42.24855654290436
              ],
              [
                -71.82122494787568,
                42.24855660539388
              ],
              [
                -71.82106528522054,
                42.24868756265855
              ],
              [
                -71.82106520980962,
                42.24868763096857
              ],
              [
                -71.82092359206146,
                42.248829584655894
              ],
              [
                -71.82092352602523,
                42.24882965812859
              ],
              [
                -71.82080131709704,
                42.2489812412154
              ],
              [
                -71.82080126107154,
                42.248981319143205
              ],
              [
                -71.82069963799394,
                42.24914107186452
              ],
              [
                -71.82069959251879,
                42.249141153497
              ],
              [
                -71.82061953410117,
                42.24930753740206
              ],
              [
                -71.82061949961437,
                42.24930762195306
              ],
              [
                -71.82056177701362,
                42.249479034719215
              ],
              [
                -71.82056175384736,
                42.24947912137449
              ],
              [
                -71.82053371791557,
                42.24961981408795
              ],
              [
                -71.81885570028464,
                42.24789830753732
              ],
              [
                -71.81891020345802,
                42.24783070641093
              ],
              [
                -71.81919337198576,
                42.24754687484192
              ]
            ]
          ],
          [
            [
              [
                -71.82665126898864,
                42.2521422278976
              ],
              [
                -71.82636765721904,
                42.25237486567118
              ],
              [
                -71.82601540166013,
                42.25261222051471
              ],
              [
                -71.82563352441086,
                42.252822780272616
              ],
              [
                -71.82522570338308,
                42.253004516865715
              ],
              [
                -71.82479586648242,
                42.25315567981906
              ],
              [
                -71.82434815376624,
                42.253274813129664
              ],
              [
                -71.82413697763322,
                42.25331416484607
              ],
              [
                -71.82413541590294,
                42.2533144558658
              ],
              [
                -71.82245955620597,
                42.25159541772149
              ],
              [
                -71.82246762813452,
                42.25159691793667
              ],
              [
                -71.8224677447745,
                42.25159693514627
              ],
              [
                -71.82270301706853,
                42.25162280865588
              ],
              [
                -71.82270313541744,
                42.25162281728863
              ],
              [
                -71.82294068847244,
                42.25163143316516
              ],
              [
                -71.82294080739042,
                42.251631433137916
              ],
              [
                -71.82317835324683,
                42.25162270839885
              ],
              [
                -71.82317847158856,
                42.25162269971187
              ],
              [
                -71.82341372235621,
                42.251596718388264
              ],
              [
                -71.82341383898188,
                42.251596701125216
              ],
              [
                -71.82364452888098,
                42.251553713452246
              ],
              [
                -71.82364464266733,
                42.2515536877794
              ],
              [
                -71.82386854985648,
                42.251494107785625
              ],
              [
                -71.8238686597076,
                42.25149407395025
              ],
              [
                -71.82408362768774,
                42.251418475469
              ],
              [
                -71.82408373254565,
                42.251418433796964
              ],
              [
                -71.82428769093421,
                42.251327544938285
              ],
              [
                -71.82428778978903,
                42.25132749583094
              ],
              [
                -71.82447877426361,
                42.25122219196732
              ],
              [
                -71.82447886616323,
                42.251222135897635
              ],
              [
                -71.82465503738261,
                42.25110343123131
              ],
              [
                -71.824655121442,
                42.251103368739315
              ],
              [
                -71.82481478276208,
                42.250972406532284
              ],
              [
                -71.82481485817169,
                42.25097233821984
              ],
              [
                -71.82495647198591,
                42.25083037978093
              ],
              [
                -71.82495653801953,
                42.25083030630595
              ],
              [
                -71.82507874056613,
                42.25067871884096
              ],
              [
                -71.82507879658786,
                42.250678640911076
              ],
              [
                -71.82512951040907,
                42.25059890962676
              ],
              [
                -71.82665126898864,
                42.2521422278976
              ]
            ]
          ]
        ]
      }
    },
    {
      "type": "Feature",
      "properties": {
        "stop_id": "414;449",
        "tier": "0-200m",
        "name": "414;449_0-200m"
      },
      "geometry": {
        "type": "Polygon",
        "coordinates": [
          [
            [
              -71.81400359856946,
              42.25262934850085
            ],
            [
              -71.8141155655723,
              42.25249050233986
            ],
            [
              -71.81425713586843,
              42.25234862820765
            ],
            [
              -71.81441674189989,
              42.25221774605708
            ],
            [
              -71.81459284655416,
              42.25209911628374
            ],
            [
              -71.81478375386612,
              42.251993881286154
            ],
            [
              -71.81498762535035,
              42.2519030544665
            ],
            [
              -71.81520249770458,
              42.2518275104737
            ],
            [
              -71.81542630171376,
              42.25176797678249
            ],
            [
              -71.81565688217317,
              42.25172502668953
            ],
            [
              -71.81589201863834,
              42.251699073793965
            ],
            [
              -71.81607325023705,
              42.25169242861966
            ],
            [
              -71.81840927734453,
              42.254093034936396
            ],
            [
              -71.81836824995078,
              42.254178287546324
            ],
            [
              -71.8182666632738,
              42.254337957995936
            ],
            [
              -71.81814449853961,
              42.254489462225195
            ],
            [
              -71.81800293216966,
              42.25463134110255
            ],
            [
              -71.8178433274689,
              42.25476222818856
            ],
            [
              -71.81766722149871,
              42.25488086289796
            ],
            [
              -71.81747631027476,
              42.254986102642555
            ],
            [
              -71.81727243243282,
              42.255076933837735
            ],
            [
              -71.81705755151953,
              42.25515248166639
            ],
            [
              -71.81686304072149,
              42.25520422348084
            ],
            [
              -71.81400359856946,
              42.25262934850085
            ]
          ]
        ]
      }
    },
    {
      "type": "Feature",
      "properties": {
        "stop_id": "414;449",
        "tier": "200-400m",
        "name": "414;449_200-400m"
      },
      "geometry": {
        "type": "MultiPolygon",
        "coordinates": [
          [
            [
              [
                -71.81240454984449,
                42.251189311646435
              ],
              [
                -71.81270269438492,
                42.250944828936575
              ],
              [
                -71.81305499057842,
                42.25070751491327
              ],
              [
                -71.81343689690367,
                42.25049699696098
              ],
              [
                -71.8138447356195,
                42.250315302209145
              ],
              [
                -71.81427457938247,
                42.250164180225475
              ],
              [
                -71.81452157602516,
                42.2500984775829
              ],
              [
                -71.81452215306699,
                42.25009832408541
              ],
              [
                -71.81607155652227,
                42.251690687998625
              ],
              [
                -71.81589183971555,
                42.25169727762914
              ],
              [
                -71.81589172137268,
                42.2516972863086
              ],
              [
                -71.81565646714502,
                42.25172325220205
              ],
              [
                -71.815656350517,
                42.251723269457194
              ],
              [
                -71.81542565457647,
                42.251766241060714
              ],
              [
                -71.81542554078642,
                42.2517662667254
              ],
              [
                -71.8152016246894,
                42.251825830232704
              ],
              [
                -71.81520151483306,
                42.251825864059775
              ],
              [
                -71.81498653486352,
                42.25190144588713
              ],
              [
                -71.81498642999883,
                42.25190148755085
              ],
              [
                -71.81478245640797,
                42.251992359859265
              ],
              [
                -71.81478235754477,
                42.2519924089584
              ],
              [
                -71.81459135461812,
                42.25209769666097
              ],
              [
                -71.81459126270846,
                42.25209775272271
              ],
              [
                -71.81441506985217,
                42.252216441909724
              ],
              [
                -71.8144149857812,
                42.252216504394205
              ],
              [
                -71.81425529980982,
                42.25234745209512
              ],
              [
                -71.81425522438718,
                42.25234752040062
              ],
              [
                -71.81411358318304,
                42.25248946558864
              ],
              [
                -71.81411351713511,
                42.252489539057365
              ],
              [
                -71.81400196188451,
                42.25262787461546
              ],
              [
                -71.81240454984449,
                42.251189311646435
              ]
            ]
          ],
          [
            [
              [
                -71.81955758175005,
                42.2560350676086
              ],
              [
                -71.81920528029019,
                42.25627240138608
              ],
              [
                -71.81882335830919,
                42.25648293833589
              ],
              [
                -71.81846383917672,
                42.25664311197897
              ],
              [
                -71.81846199809159,
                42.256643932217706
              ],
              [
                -71.8168646803081,
                42.255205699817495
              ],
              [
                -71.81705842462988,
                42.25515416189228
              ],
              [
                -71.817058534491,
                42.255154128063445
              ],
              [
                -71.81727352303248,
                42.25507854239445
              ],
              [
                -71.81727362790093,
                42.25507850072867
              ],
              [
                -71.81747760785905,
                42.25498762403816
              ],
              [
                -71.81747770672484,
                42.254987574936735
              ],
              [
                -71.81766871356935,
                42.25488228248003
              ],
              [
                -71.81766880548032,
                42.254882226415845
              ],
              [
                -71.81784499965451,
                42.25476353228534
              ],
              [
                -71.81784508372549,
                42.25476346979837
              ],
              [
                -71.81800476836418,
                42.2546325171546
              ],
              [
                -71.81800484378549,
                42.254632448846664
              ],
              [
                -71.81814648105751,
                42.254490498906364
              ],
              [
                -71.81814654710287,
                42.254490425435336
              ],
              [
                -71.81826877302052,
                42.254338845322444
              ],
              [
                -71.81826882905388,
                42.254338767395936
              ],
              [
                -71.81837046660664,
                42.25417901697286
              ],
              [
                -71.81837051208842,
                42.25417893534137
              ],
              [
                -71.81841099955274,
                42.25409480466976
              ],
              [
                -71.81996167863427,
                42.2556882245897
              ],
              [
                -71.81987686975731,
                42.25577322294199
              ],
              [
                -71.81955758175005,
                42.2560350676086
              ]
            ]
          ]
        ]
      }
    },
    {
      "type": "Feature",
      "properties": {
        "stop_id": "407;456",
        "tier": "0-200m",
        "name": "407;456_0-200m"
      },
      "geometry": {
        "type": "Polygon",
        "coordinates": [
          [
            [
              -71.83081004539507,
              42.247406727682005
            ],
            [
              -71.8307781479096,
              42.24747304639618
            ],
            [
              -71.83067660328653,
              42.24763272801948
            ],
            [
              -71.83055448118583,
              42.247784245639544
            ],
            [
              -71.83041295761828,
              42.24792613999595
            ],
            [
              -71.83025339547663,
              42.24805704450014
            ],
            [
              -71.83007733141227,
              42.248175698399116
            ],
            [
              -71.82988646103725,
              42.24828095891993
            ],
            [
              -71.82968262259386,
              42.24837181227784
            ],
            [
              -71.82946777924921,
              42.24844738344234
            ],
            [
              -71.82924400018534,
              42.248506944566536
            ],
            [
              -71.82908059966088,
              42.24853740328482
            ],
            [
              -71.82643633720089,
              42.24589643852743
            ],
            [
              -71.82652558318965,
              42.245785719383605
            ],
            [
              -71.82666711068673,
              42.24564382977106
            ],
            [
              -71.82682667416339,
              42.24551293020138
            ],
            [
              -71.82700273691692,
              42.24539428123792
            ],
            [
              -71.82719360338564,
              42.24528902546401
            ],
            [
              -71.8273974354774,
              42.24519817648191
            ],
            [
              -71.82761227026914,
              42.24512260915401
            ],
            [
              -71.82783603890758,
              42.245063051179734
            ],
            [
              -71.82806658652848,
              42.2450200760896
            ],
            [
              -71.82830169300352,
              42.24499409772346
            ],
            [
              -71.82853909431479,
              42.24498536624641
            ],
            [
              -71.82869734789709,
              42.2449910985809
            ],
            [
              -71.83081004539507,
              42.247406727682005
            ]
          ]
        ]
      }
    },
    {
      "type": "Feature",
      "properties": {
        "stop_id": "407;456",
        "tier": "200-400m",
        "name": "407;456_200-400m"
      },
      "geometry": {
        "type": "MultiPolygon",
        "coordinates": [
          [
            [
              [
                -71.82546477109376,
                42.24400284466574
              ],
              [
                -71.82584659571776,
                42.24379228515028
              ],
              [
                -71.82625435563494,
                42.24361054606279
              ],
              [
                -71.8266841242604,
                42.243459377397926
              ],
              [
                -71.82713176318019,
                42.24334023477151
              ],
              [
                -71.82723174653044,
                42.24332159763985
              ],
              [
                -71.82723654321707,
                42.2433207035237
              ],
              [
                -71.82869571978513,
                42.2449892369337
              ],
              [
                -71.82853915286104,
                42.2449835656929
              ],
              [
                -71.82853903395555,
                42.244983565725946
              ],
              [
                -71.82830151374769,
                42.24499230157594
              ],
              [
                -71.82830139541906,
                42.244992310268216
              ],
              [
                -71.82806617119651,
                42.245018301645
              ],
              [
                -71.82806605458424,
                42.245018318912784
              ],
              [
                -71.82783539149867,
                42.245061315525994
              ],
              [
                -71.8278352777257,
                42.24506134120302
              ],
              [
                -71.82761139701712,
                42.24512092900555
              ],
              [
                -71.82761128717905,
                42.24512096284455
              ],
              [
                -71.82739634479078,
                42.2451965680187
              ],
              [
                -71.82739623994536,
                42.24519660969381
              ],
              [
                -71.82719230576673,
                42.24528750417576
              ],
              [
                -71.82719220692361,
                42.24528755328564
              ],
              [
                -71.82700124486067,
                42.24539286177493
              ],
              [
                -71.82700115297173,
                42.245392917846694
              ],
              [
                -71.82682500203718,
                42.24551162623345
              ],
              [
                -71.82682491798737,
                42.2455116887271
              ],
              [
                -71.82666527459206,
                42.245642653855846
              ],
              [
                -71.8266651991908,
                42.24564272216958
              ],
              [
                -71.82652360080718,
                42.24578468284569
              ],
              [
                -71.82652353478063,
                42.24578475632164
              ],
              [
                -71.82643477235568,
                42.245894875550064
              ],
              [
                -71.82492895801025,
                42.24439081274763
              ],
              [
                -71.82511255871763,
                42.24424019707945
              ],
              [
                -71.82546477109376,
                42.24400284466574
              ]
            ]
          ],
          [
            [
              [
                -71.83227296067668,
                42.24907927333607
              ],
              [
                -71.83196771763915,
                42.24932969990178
              ],
              [
                -71.83161550001708,
                42.24956707206751
              ],
              [
                -71.83123365976009,
                42.24977765058003
              ],
              [
                -71.83082587442365,
                42.24995940717957
              ],
              [
                -71.8305882095803,
                42.25004300655532
              ],
              [
                -71.82908216605401,
                42.248538967640705
              ],
              [
                -71.82924464766813,
                42.24850868021128
              ],
              [
                -71.82924476144673,
                42.24850865453287
              ],
              [
                -71.82946865259642,
                42.24844906357568
              ],
              [
                -71.82946876243926,
                42.24844902973492
              ],
              [
                -71.82968371339328,
                42.2483734207184
              ],
              [
                -71.82968381824246,
                42.248373379041226
              ],
              [
                -71.82988775878226,
                42.248282480176876
              ],
              [
                -71.82988785762797,
                42.248282431064695
              ],
              [
                -71.83007882360309,
                42.24817711782138
              ],
              [
                -71.83007891549333,
                42.248177061747185
              ],
              [
                -71.8302550677407,
                42.24805834841747
              ],
              [
                -71.83025515179051,
                42.24805828592134
              ],
              [
                -71.83041479384879,
                42.24792731585067
              ],
              [
                -71.83041486924873,
                42.2479272475345
              ],
              [
                -71.83055646369692,
                42.2477852821074
              ],
              [
                -71.83055652972087,
                42.24778520862916
              ],
              [
                -71.83067871298368,
                42.24763361511873
              ],
              [
                -71.83067876899584,
                42.247633537186076
              ],
              [
                -71.83078036447361,
                42.24747377558372
              ],
              [
                -71.83078040993459,
                42.24747369394723
              ],
              [
                -71.83081170579764,
                42.24740862607511
              ],
              [
                -71.83227296067668,
                42.24907927333607
              ]
            ]
          ]
        ]
      }
    },
    {
      "type": "Feature",
      "properties": {
        "stop_id": "413;450",
        "tier": "0-200m",
        "name": "413;450_0-200m"
      },
      "geometry": {
        "type": "Polygon",
        "coordinates": [
          [
            [
              -71.82048110578849,
              42.253155998147435
            ],
            [
              -71.82036949589566,
              42.25329442345535
            ],
            [
              -71.82022793718471,
              42.253436305108195
            ],
            [
              -71.82006834009727,
              42.25356719531736
            ],
            [
              -71.81989224162132,
              42.25368583346752
            ],
            [
              -71.8197013377004,
              42.253791076937325
            ],
            [
              -71.81949746689992,
              42.2538819121063
            ],
            [
              -71.81928259269866,
              42.25395746411909
            ],
            [
              -71.8190587845759,
              42.25401700531326
            ],
            [
              -71.81882819807637,
              42.25405996222923
            ],
            [
              -71.81859305404558,
              42.25408592113468
            ],
            [
              -71.8184118158588,
              42.25409257028867
            ],
            [
              -71.8160757886722,
              42.25169196402346
            ],
            [
              -71.81611681754276,
              42.25160671219645
            ],
            [
              -71.81621840526113,
              42.25144704357477
            ],
            [
              -71.81634056873557,
              42.25129554131666
            ],
            [
              -71.81648213137329,
              42.25115366440873
            ],
            [
              -71.81664172979221,
              42.25102277913484
            ],
            [
              -71.81681782695316,
              42.25090414592067
            ],
            [
              -71.81700872696311,
              42.25079890719784
            ],
            [
              -71.81721259140697,
              42.250708076404436
            ],
            [
              -71.81742745705026,
              42.250632528227655
            ],
            [
              -71.81765125474256,
              42.250572990182526
            ],
            [
              -71.81788182933991,
              42.25053003560758
            ],
            [
              -71.81792248152098,
              42.25052554781787
            ],
            [
              -71.82048110578849,
              42.253155998147435
            ]
          ]
        ]
      }
    },
    {
      "type": "Feature",
      "properties": {
        "stop_id": "413;450",
        "tier": "200-400m",
        "name": "413;450_200-400m"
      },
      "geometry": {
        "type": "MultiPolygon",
        "coordinates": [
          [
            [
              [
                -71.81492766989865,
                42.24974989500357
              ],
              [
                -71.81527995110264,
                42.24951257409674
              ],
              [
                -71.81566184282123,
                42.2493020486921
              ],
              [
                -71.81606966745387,
                42.24912034599087
              ],
              [
                -71.81643189179837,
                42.24899298637528
              ],
              [
                -71.81792088269025,
                42.250523904017946
              ],
              [
                -71.81788141425724,
                42.25052826112778
              ],
              [
                -71.81788129763204,
                42.25052827838521
              ],
              [
                -71.81765060755649,
                42.25057125447292
              ],
              [
                -71.81765049376946,
                42.25057128013983
              ],
              [
                -71.8174265839925,
                42.250630848003254
              ],
              [
                -71.81742647413944,
                42.25063088183246
              ],
              [
                -71.81721150088418,
                42.2507064678459
              ],
              [
                -71.81721139602294,
                42.250706509511666
              ],
              [
                -71.81700742947598,
                42.250797385795806
              ],
              [
                -71.81700733061638,
                42.25079743489688
              ],
              [
                -71.81681633499538,
                42.25090272632654
              ],
              [
                -71.81681624308943,
                42.25090278239007
              ],
              [
                -71.81664005773024,
                42.25102147501966
              ],
              [
                -71.81663997366304,
                42.25102153750579
              ],
              [
                -71.816480295308,
                42.25115248833158
              ],
              [
                -71.81648021988917,
                42.251152556638566
              ],
              [
                -71.8163385863473,
                42.25129450460369
              ],
              [
                -71.81633852030319,
                42.251294578073704
              ],
              [
                -71.81621629563953,
                42.25144615621009
              ],
              [
                -71.8162162396062,
                42.251446234135635
              ],
              [
                -71.81611460100295,
                42.25160598272602
              ],
              [
                -71.81611455552012,
                42.25160606435665
              ],
              [
                -71.81607406659465,
                42.25169019425427
              ],
              [
                -71.8145235833322,
                42.250096720644876
              ],
              [
                -71.81460839179401,
                42.250011726166896
              ],
              [
                -71.81492766989865,
                42.24974989500357
              ]
            ]
          ],
          [
            [
              [
                -71.82196986504222,
                42.254686422609645
              ],
              [
                -71.82196594307473,
                42.2546896392063
              ],
              [
                -71.8217826067482,
                42.25484000174462
              ],
              [
                -71.82143032028154,
                42.255077342405215
              ],
              [
                -71.82104841291125,
                42.25528788680732
              ],
              [
                -71.82064056283943,
                42.25546960701961
              ],
              [
                -71.8202106982515,
                42.25562075272496
              ],
              [
                -71.81996368596752,
                42.25568646755817
              ],
              [
                -71.81996310888798,
                42.255686621082894
              ],
              [
                -71.8184135097022,
                42.25409431087441
              ],
              [
                -71.81859323305179,
                42.25408771729454
              ],
              [
                -71.81859335139875,
                42.254087708612296
              ],
              [
                -71.8188286132088,
                42.254061736704486
              ],
              [
                -71.81882872984025,
                42.25406171944612
              ],
              [
                -71.81905943183584,
                42.254018741013844
              ],
              [
                -71.81905954562846,
                42.25401871534556
              ],
              [
                -71.81928346585158,
                42.25395914432838
              ],
              [
                -71.81928357570945,
                42.2539591104974
              ],
              [
                -71.81949855753552,
                42.25388352064219
              ],
              [
                -71.81949866240053,
                42.25388347897436
              ],
              [
                -71.81970263531365,
                42.25379259830808
              ],
              [
                -71.81970273417586,
                42.253792549204704
              ],
              [
                -71.8198937337137,
                42.25368725302092
              ],
              [
                -71.81989382562095,
                42.25368719695494
              ],
              [
                -71.82007001229712,
                42.25356849938196
              ],
              [
                -71.82007009636433,
                42.253568436893346
              ],
              [
                -71.8202297733859,
                42.25343748112486
              ],
              [
                -71.8202298488034,
                42.25343741281545
              ],
              [
                -71.82037147841258,
                42.25329546009827
              ],
              [
                -71.82037154445409,
                42.253295386625965
              ],
              [
                -71.82048265053389,
                42.253157586173494
              ],
              [
                -71.82196986504222,
                42.254686422609645
              ]
            ]
          ]
        ]
      }
    },
    {
      "type": "Feature",
      "properties": {
        "stop_id": "419;444;420",
        "tier": "0-200m",
        "name": "419;444;420_0-200m"
      },
      "geometry": {
        "type": "Polygon",
        "coordinates": [
          [
            [
              -71.8102196420382,
              42.25835403990276
            ],
            [
              -71.81019837413733,
              42.258417155235946
            ],
            [
              -71.81011831648584,
              42.25858344825274
            ],
            [
              -71.81001670192883,
              42.25874311127255
            ],
            [
              -71.80989450894663,
              42.25889460659801
            ],
            [
              -71.80975291423267,
              42.25903647518338
            ],
            [
              -71.80959328136498,
              42.25916735068825
            ],
            [
              -71.80941714767619,
              42.259285972638914
            ],
            [
              -71.80922620944898,
              42.25939119857004
            ],
            [
              -71.80902230557925,
              42.25948201503003
            ],
            [
              -71.80880739986432,
              42.259557547343725
            ],
            [
              -71.80858356208704,
              42.259617068038395
            ],
            [
              -71.8083529480778,
              42.25966000385194
            ],
            [
              -71.80811777894709,
              42.25968594125524
            ],
            [
              -71.80788031968824,
              42.25969463043619
            ],
            [
              -71.80764285735724,
              42.25968598770621
            ],
            [
              -71.80740767903968,
              42.25966009630648
            ],
            [
              -71.80717704981743,
              42.25961720560604
            ],
            [
              -71.80695319094751,
              42.25955772869943
            ],
            [
              -71.80673825846354,
              42.259482238427054
            ],
            [
              -71.80653432240626,
              42.25939146185675
            ],
            [
              -71.80634334688311,
              42.25928627327944
            ],
            [
              -71.80616717114923,
              42.25916768578701
            ],
            [
              -71.80600749189237,
              42.25903684151291
            ],
            [
              -71.80586584689208,
              42.25889500063009
            ],
            [
              -71.80574360021072,
              42.25874352921218
            ],
            [
              -71.80564192905902,
              42.25858388607473
            ],
            [
              -71.80556181246243,
              42.25841760872364
            ],
            [
              -71.80550402183731,
              42.258246298546005
            ],
            [
              -71.80546911356748,
              42.25807160538621
            ],
            [
              -71.80545742365263,
              42.25789521165562
            ],
            [
              -71.80546906447951,
              42.25771881612931
            ],
            [
              -71.80550392374707,
              42.25754411758564
            ],
            [
              -71.80556166555544,
              42.257372798446376
            ],
            [
              -71.80564173364796,
              42.25720650857483
            ],
            [
              -71.80574335677477,
              42.257046849388075
            ],
            [
              -71.80586555612625,
              42.25689535843618
            ],
            [
              -71.80600715476413,
              42.25675349459683
            ],
            [
              -71.80616678895966,
              42.25662262402799
            ],
            [
              -71.80634292132915,
              42.25650400701377
            ],
            [
              -71.8065338556406,
              42.25639878582972
            ],
            [
              -71.80673775314861,
              42.25630797374503
            ],
            [
              -71.80695265030035,
              42.25623244526675
            ],
            [
              -71.80717647764203,
              42.25617292772014
            ],
            [
              -71.80740707974428,
              42.256129994246436
            ],
            [
              -71.80764223595423,
              42.256104058284734
            ],
            [
              -71.80787968177508,
              42.25609536959178
            ],
            [
              -71.80805313698319,
              42.256101682756906
            ],
            [
              -71.8102196420382,
              42.25835403990276
            ]
          ]
        ]
      }
    },
    {
      "type": "Feature",
      "properties": {
        "stop_id": "419;444;420",
        "tier": "200-400m",
        "name": "419;444;420_200-400m"
      },
      "geometry": {
        "type": "Polygon",
        "coordinates": [
          [
            [
              -71.81095513214281,
              42.26067762069451
            ],
            [
              -71.81057315613798,
              42.260888130010535
            ],
            [
              -71.81016523990597,
              42.26106981279524
            ],
            [
              -71.8097353122697,
              42.2612209190919
            ],
            [
              -71.8092875141608,
              42.26133999344323
            ],
            [
              -71.80892584439745,
              42.26140732954586
            ],
            [
              -71.80325440944338,
              42.25682494851598
            ],
            [
              -71.80340239426606,
              42.25651762822063
            ],
            [
              -71.80360569999287,
              42.25619823371741
            ],
            [
              -71.80385016627241,
              42.25589518031576
            ],
            [
              -71.80413343839393,
              42.25561138633356
            ],
            [
              -71.80445278806606,
              42.25534958458852
            ],
            [
              -71.80480513970046,
              42.25511229609014
            ],
            [
              -71.80518710003442,
              42.25490180577194
            ],
            [
              -71.80559499080682,
              42.25472014049722
            ],
            [
              -71.80602488417315,
              42.25456904954982
            ],
            [
              -71.80646617582273,
              42.254451706823694
            ],
            [
              -71.80805134018101,
              42.25609981466895
            ],
            [
              -71.80787974091916,
              42.25609356905232
            ],
            [
              -71.8078796219928,
              42.25609356906396
            ],
            [
              -71.80764205725306,
              42.25610226210842
            ],
            [
              -71.80764193890084,
              42.25610227077936
            ],
            [
              -71.8074066649185,
              42.256128219730456
            ],
            [
              -71.80740654828013,
              42.256128236977204
            ],
            [
              -71.80717583068592,
              42.25617119195315
            ],
            [
              -71.8071757168846,
              42.25617121760964
            ],
            [
              -71.80695177744337,
              42.256230764964236
            ],
            [
              -71.80695166757498,
              42.25623079878338
            ],
            [
              -71.80673666279552,
              42.25630636508847
            ],
            [
              -71.8067365579181,
              42.25630640674461
            ],
            [
              -71.80653255829044,
              42.25639726431067
            ],
            [
              -71.80653245941394,
              42.25639731340266
            ],
            [
              -71.80634142947429,
              42.25650258728475
            ],
            [
              -71.80634133755095,
              42.256502643339836
            ],
            [
              -71.80616511696556,
              42.256621319761386
            ],
            [
              -71.80616503288059,
              42.25662138223977
            ],
            [
              -71.80600531873104,
              42.25675231835312
            ],
            [
              -71.80600524329424,
              42.25675238665314
            ],
            [
              -71.80586357373419,
              42.25689432154316
            ],
            [
              -71.80586350767207,
              42.25689439500706
            ],
            [
              -71.8057412471134,
              42.25704596183159
            ],
            [
              -71.80574119106224,
              42.257046039751934
            ],
            [
              -71.8056395170328,
              42.25720577890266
            ],
            [
              -71.80563947153243,
              42.257205860529055
            ],
            [
              -71.80555936333228,
              42.25737223368592
            ],
            [
              -71.80555932882095,
              42.257372318232285
            ],
            [
              -71.8055015580864,
              42.25754372317621
            ],
            [
              -71.80550153489659,
              42.257543809828334
            ],
            [
              -71.80546665816316,
              42.2577185958697
            ],
            [
              -71.80546664651827,
              42.25771868379308
            ],
            [
              -71.8054549998543,
              42.2578951676675
            ],
            [
              -71.80545499986657,
              42.25789525601541
            ],
            [
              -71.80546669562965,
              42.25807173809372
            ],
            [
              -71.80546670729906,
              42.2580718260153
            ],
            [
              -71.80550163304633,
              42.258246606671534
            ],
            [
              -71.80550165626062,
              42.258246693320075
            ],
            [
              -71.80555947582442,
              42.2584180893002
            ],
            [
              -71.80555951036008,
              42.258418173841186
            ],
            [
              -71.80563966707813,
              42.258584534474494
            ],
            [
              -71.80563971260264,
              42.25858461609375
            ],
            [
              -71.80574143467241,
              42.25874433919099
            ],
            [
              -71.80574149074745,
              42.258744417102434
            ],
            [
              -71.80586379865333,
              42.25889596438757
            ],
            [
              -71.8058638647389,
              42.258896037840856
            ],
            [
              -71.80600558068066,
              42.25903794976758
            ],
            [
              -71.80600565614036,
              42.25903801805528
            ],
            [
              -71.80616541537249,
              42.25916892786569
            ],
            [
              -71.8061654994796,
              42.259168990330124
            ],
            [
              -71.80634176345241,
              42.25928763722002
            ],
            [
              -71.80634185539695,
              42.25928769325956
            ],
            [
              -71.80653292657288,
              42.259392934523326
            ],
            [
              -71.80653302546936,
              42.25939298359827
            ],
            [
              -71.80673706367196,
              42.25948380563656
            ],
            [
              -71.80673716856792,
              42.25948384727424
            ],
            [
              -71.80695220870591,
              42.25955937535813
            ],
            [
              -71.80695231859106,
              42.259559409157525
            ],
            [
              -71.80717628958678,
              42.259618915854944
            ],
            [
              -71.80717640340282,
              42.25961894149054
            ],
            [
              -71.80740714814254,
              42.25966185367412
            ],
            [
              -71.80740726479327,
              42.259661870899016
            ],
            [
              -71.80764256090724,
              42.25968777526729
            ],
            [
              -71.80764267926918,
              42.25968778391555
            ],
            [
              -71.80788026054081,
              42.25969643097452
            ],
            [
              -71.80788037947396,
              42.25969643096288
            ],
            [
              -71.8081179576719,
              42.25968773742968
            ],
            [
              -71.80811807603075,
              42.25968772875825
            ],
            [
              -71.80835336295328,
              42.25966177836337
            ],
            [
              -71.80835347959791,
              42.25966176111567
            ],
            [
              -71.80858420911699,
              42.259618803796414
            ],
            [
              -71.80858432292393,
              42.259618778138545
            ],
            [
              -71.80880827281645,
              42.259559227631115
            ],
            [
              -71.80880838268962,
              42.25955919381021
            ],
            [
              -71.80902339604516,
              42.25948362366396
            ],
            [
              -71.80902350092634,
              42.25948358200576
            ],
            [
              -71.80922750692527,
              42.25939272005781
            ],
            [
              -71.80922760580435,
              42.259392670963514
            ],
            [
              -71.80941863966565,
              42.259287392327224
            ],
            [
              -71.80941873159033,
              42.25928733626969
            ],
            [
              -71.809594953497,
              42.25916865490431
            ],
            [
              -71.80959503758197,
              42.25916859242343
            ],
            [
              -71.80975475040171,
              42.259037651366604
            ],
            [
              -71.80975482583717,
              42.25903758306415
            ],
            [
              -71.8098964914674,
              42.25889564342099
            ],
            [
              -71.80989655752691,
              42.258895569954795
            ],
            [
              -71.81001881170675,
              42.25874399875013
            ],
            [
              -71.81001886775417,
              42.25874392082772
            ],
            [
              -71.8101205332009,
              42.25858417783816
            ],
            [
              -71.8101205786965,
              42.25858409621
            ],
            [
              -71.81020067643992,
              42.258417719903164
            ],
            [
              -71.8102007109456,
              42.25841763535542
            ],
            [
              -71.81022149242729,
              42.2583559635308
            ],
            [
              -71.8118039624668,
              42.26000101423868
            ],
            [
              -71.81162683341526,
              42.260178490941385
            ],
            [
              -71.81130748905711,
              42.26044031244056
            ],
            [
              -71.81095513214281,
              42.26067762069451
            ]
          ]
        ]
      }
    },
    {
      "type": "Feature",
      "properties": {
        "stop_id": "417;445",
        "tier": "0-200m",
        "name": "417;445_0-200m"
      },
      "geometry": {
        "type": "Polygon",
        "coordinates": [
          [
            [
              -71.80805542477194,
              42.25610096426195
            ],
            [
              -71.80807669403178,
              42.25603784930052
            ],
            [
              -71.80815675382847,
              42.255871557634705
            ],
            [
              -71.80825836846836,
              42.25571189618256
            ],
            [
              -71.80838055922351,
              42.25556040251598
            ],
            [
              -71.80852214923847,
              42.25541853553881
            ],
            [
              -71.8086817748675,
              42.255287661439226
            ],
            [
              -71.8088578988094,
              42.25516904053532
            ],
            [
              -71.80904882491335,
              42.25506381514015
            ],
            [
              -71.80925271451297,
              42.254972998563446
            ],
            [
              -71.80946760413151,
              42.254897465355484
            ],
            [
              -71.80969142438781,
              42.254837942887136
            ],
            [
              -71.80992201992063,
              42.25479500434697
            ],
            [
              -71.81015717014041,
              42.25476906322291
            ],
            [
              -71.81016691562034,
              42.254768706401116
            ],
            [
              -71.81257459470066,
              42.25734064516933
            ],
            [
              -71.81253169088248,
              42.257408064755644
            ],
            [
              -71.81240950649706,
              42.25755956279548
            ],
            [
              -71.81226792040671,
              42.2577014345184
            ],
            [
              -71.8121082961064,
              42.257832313553855
            ],
            [
              -71.81193217084619,
              42.25795093939407
            ],
            [
              -71.81174124082764,
              42.2580561695363
            ],
            [
              -71.81153734486755,
              42.25814699048838
            ],
            [
              -71.81132244668703,
              42.25822252753188
            ],
            [
              -71.81109861599637,
              42.25828205314854
            ],
            [
              -71.81086800855772,
              42.25832499402881
            ],
            [
              -71.81063284541823,
              42.25835093659484
            ],
            [
              -71.81039539151354,
              42.25835963098474
            ],
            [
              -71.81022192988377,
              42.25835332136486
            ],
            [
              -71.80805542477194,
              42.25610096426195
            ]
          ]
        ]
      }
    },
    {
      "type": "Feature",
      "properties": {
        "stop_id": "417;445",
        "tier": "200-400m",
        "name": "417;445_200-400m"
      },
      "geometry": {
        "type": "MultiPolygon",
        "coordinates": [
          [
            [
              [
                -71.80647129951953,
                42.25445393701585
              ],
              [
                -71.80664842700926,
                42.25427646809769
              ],
              [
                -71.80696775954499,
                42.254014659289204
              ],
              [
                -71.80732009432107,
                42.253777363009426
              ],
              [
                -71.80770203823705,
                42.25356686426685
              ],
              [
                -71.80810991318988,
                42.25338519000591
              ],
              [
                -71.80853979148735,
                42.253234089596965
              ],
              [
                -71.80869242973395,
                42.25319349755417
              ],
              [
                -71.81016528404098,
                42.25476696342168
              ],
              [
                -71.81015699137166,
                42.25476726705009
              ],
              [
                -71.81015687302227,
                42.254767275723644
              ],
              [
                -71.80992160503311,
                42.25479322983968
              ],
              [
                -71.80992148839788,
                42.254793247089005
              ],
              [
                -71.80969077737637,
                42.25483620713392
              ],
              [
                -71.80969066357846,
                42.2548362327929
              ],
              [
                -71.8094667312262,
                42.25489578507173
              ],
              [
                -71.80946662136147,
                42.25489581889329
              ],
              [
                -71.80925162411894,
                42.254971389930425
              ],
              [
                -71.8092515192454,
                42.25497143158887
              ],
              [
                -71.8090475275301,
                42.255062293649196
              ],
              [
                -71.80904742865765,
                42.255062342743365
              ],
              [
                -71.8088564069296,
                42.25516762083869
              ],
              [
                -71.80885631501043,
                42.2551676768958
              ],
              [
                -71.80868010285684,
                42.25528635720897
              ],
              [
                -71.80868001877613,
                42.25528641968921
              ],
              [
                -71.80852031319735,
                42.255417359335084
              ],
              [
                -71.80852023776485,
                42.25541742763678
              ],
              [
                -71.80837857683204,
                42.2555593656662
              ],
              [
                -71.80837851077423,
                42.25555943913157
              ],
              [
                -71.8082562588162,
                42.25571100867212
              ],
              [
                -71.8082562027693,
                42.25571108659372
              ],
              [
                -71.80815453723106,
                42.25587082801097
              ],
              [
                -71.80815449173488,
                42.25587090963838
              ],
              [
                -71.80807439183472,
                42.25603728459043
              ],
              [
                -71.8080743573275,
                42.256037369137566
              ],
              [
                -71.80805357451462,
                42.25609904059819
              ],
              [
                -71.80647129951953,
                42.25445393701585
              ]
            ]
          ],
          [
            [
              [
                -71.81308821858353,
                42.259553071787856
              ],
              [
                -71.81268031817598,
                42.25973476355905
              ],
              [
                -71.81225040561355,
                42.25988587931786
              ],
              [
                -71.81180908680092,
                42.26000324419016
              ],
              [
                -71.810223726814,
                42.25835518941807
              ],
              [
                -71.8103953324389,
                42.2583614315248
              ],
              [
                -71.81039545136953,
                42.25836143151056
              ],
              [
                -71.81063302421063,
                42.25835273276577
              ],
              [
                -71.81063314256666,
                42.25835272409175
              ],
              [
                -71.81086842349497,
                42.25832676853158
              ],
              [
                -71.81086854013645,
                42.2583267512813
              ],
              [
                -71.81109926308166,
                42.25828378889276
              ],
              [
                -71.8110993768852,
                42.258283763232406
              ],
              [
                -71.81132331968752,
                42.25822420780053
              ],
              [
                -71.81132342955702,
                42.2582241739772
              ],
              [
                -71.81153843537437,
                42.25814859909876
              ],
              [
                -71.81153854025169,
                42.258148557438254
              ],
              [
                -71.81174253833703,
                42.258057690995976
              ],
              [
                -71.81174263721208,
                42.258057641899505
              ],
              [
                -71.8119336628606,
                42.25795235905
              ],
              [
                -71.81193375478111,
                42.257952302990425
              ],
              [
                -71.81210996825496,
                42.25783361773354
              ],
              [
                -71.81211005233565,
                42.25783355525081
              ],
              [
                -71.81226975658375,
                42.25770261066164
              ],
              [
                -71.81226983201492,
                42.257702542357514
              ],
              [
                -71.81241148901721,
                42.25756059957523
              ],
              [
                -71.81241155507242,
                42.25756052610756
              ],
              [
                -71.81253380065115,
                42.25740895218717
              ],
              [
                -71.81253385669429,
                42.257408874263504
              ],
              [
                -71.81257619074492,
                42.25734235001442
              ],
              [
                -71.81405113279997,
                42.25891778851161
              ],
              [
                -71.81382251821763,
                42.25910523801263
              ],
              [
                -71.81347017816579,
                42.25934255404755
              ],
              [
                -71.81308821858353,
                42.259553071787856
              ]
            ]
          ]
        ]
      }
    },
    {
      "type": "Feature",
      "properties": {
        "stop_id": "405;457",
        "tier": "0-200m",
        "name": "405;457_0-200m"
      },
      "geometry": {
        "type": "Polygon",
        "coordinates": [
          [
            [
              -71.8286995188414,
              42.24499027641582
            ],
            [
              -71.82873141725443,
              42.2449239582509
            ],
            [
              -71.82883296244184,
              42.244764278274275
            ],
            [
              -71.8289550828404,
              42.24461276240759
            ],
            [
              -71.82909660227212,
              42.244470869768556
            ],
            [
              -71.82925615777097,
              42.24433996679252
            ],
            [
              -71.82943221271101,
              42.24422131407569
            ],
            [
              -71.82962307160585,
              42.244116054237494
            ],
            [
              -71.82982689643623,
              42.24402520091939
            ],
            [
              -71.830041724349,
              42.243949629025465
            ],
            [
              -71.83026548655714,
              42.24389006629915
            ],
            [
              -71.83049602825828,
              42.2438470863167
            ],
            [
              -71.83073112938116,
              42.24382110296512
            ],
            [
              -71.83096852595932,
              42.243812366457476
            ],
            [
              -71.8312059319273,
              42.24382096092404
            ],
            [
              -71.83144106112924,
              42.24384680360232
            ],
            [
              -71.83167164932841,
              42.24388964563384
            ],
            [
              -71.83189547600587,
              42.24394907446
            ],
            [
              -71.83211038573867,
              42.244024517793946
            ],
            [
              -71.83231430895205,
              42.244115249130274
            ],
            [
              -71.83250528184576,
              42.24422039473954
            ],
            [
              -71.83260505639139,
              42.24428752943407
            ],
            [
              -71.83330058873534,
              42.24609513697575
            ],
            [
              -71.8332876149818,
              42.24613369019825
            ],
            [
              -71.83320763350551,
              42.24629999967597
            ],
            [
              -71.83310609689003,
              42.2464596834822
            ],
            [
              -71.83298398286502,
              42.24661120371947
            ],
            [
              -71.8328424673635,
              42.24675310110212
            ],
            [
              -71.83268291320051,
              42.24688400901249
            ],
            [
              -71.83250685695062,
              42.24700266666478
            ],
            [
              -71.83231599415059,
              42.24710793124984
            ],
            [
              -71.83211216296974,
              42.247198788943855
            ],
            [
              -71.83189732650523,
              42.247274364674524
            ],
            [
              -71.83167355387278,
              42.24733393055099
            ],
            [
              -71.83144300027529,
              42.24737691287594
            ],
            [
              -71.83120788624126,
              42.24740289767236
            ],
            [
              -71.83097047623328,
              42.24741163467166
            ],
            [
              -71.83081221639478,
              42.24740590547727
            ],
            [
              -71.8286995188414,
              42.24499027641582
            ]
          ]
        ]
      }
    },
    {
      "type": "Feature",
      "properties": {
        "stop_id": "405;457",
        "tier": "200-400m",
        "name": "405;457_200-400m"
      },
      "geometry": {
        "type": "MultiPolygon",
        "coordinates": [
          [
            [
              [
                -71.83174904955686,
                42.24206271903236
              ],
              [
                -71.83260379523831,
                42.244284251745974
              ],
              [
                -71.83250686433597,
                42.24421903043434
              ],
              [
                -71.83250677239018,
                42.24421897441562
              ],
              [
                -71.83231570384895,
                42.24411377614615
              ],
              [
                -71.83231560495635,
                42.244113727093314
              ],
              [
                -71.83211157961047,
                42.24402295031604
              ],
              [
                -71.83211147472346,
                42.244022908701446
              ],
              [
                -71.83189645735662,
                42.24394742758334
              ],
              [
                -71.83189634748523,
                42.24394739380774
              ],
              [
                -71.8316724087086,
                42.243887935218
              ],
              [
                -71.8316722949109,
                42.243887909606634
              ],
              [
                -71.83144159122675,
                42.243845046118686
              ],
              [
                -71.83144147459862,
                42.2438450289182
              ],
              [
                -71.83120622763782,
                42.24381917329724
              ],
              [
                -71.83120610930233,
                42.24381916467325
              ],
              [
                -71.83096858443541,
                42.24381056590237
              ],
              [
                -71.83096846553214,
                42.24381056593793
              ],
              [
                -71.83073095005975,
                42.243819306821045
              ],
              [
                -71.83073083173365,
                42.24381931551582
              ],
              [
                -71.83049561286596,
                42.243845311880534
              ],
              [
                -71.8304954962565,
                42.2438453291508
              ],
              [
                -71.83026483909364,
                42.24388833065876
              ],
              [
                -71.83026472532374,
                42.2438883563382
              ],
              [
                -71.83004085104872,
                42.243947948895155
              ],
              [
                -71.83004074121398,
                42.243947982736486
              ],
              [
                -71.82982580570813,
                42.24402359247894
              ],
              [
                -71.82982570086624,
                42.244023634156285
              ],
              [
                -71.82962177395262,
                42.244114532976425
              ],
              [
                -71.82962167511323,
                42.24411458208842
              ],
              [
                -71.82943072062797,
                42.24421989464402
              ],
              [
                -71.82943062874288,
                42.24421995071773
              ],
              [
                -71.8292544856257,
                42.24433866285977
              ],
              [
                -71.82925440157983,
                42.2443387253552
              ],
              [
                -71.82909476616636,
                42.244469693892
              ],
              [
                -71.8290946907691,
                42.244469762207345
              ],
              [
                -71.82895310045487,
                42.24461172591147
              ],
              [
                -71.82895303443239,
                42.244611799388835
              ],
              [
                -71.82883085286618,
                42.2447633911406
              ],
              [
                -71.82883079685429,
                42.244763469072396
              ],
              [
                -71.8287292008033,
                42.244923229023414
              ],
              [
                -71.82872915534152,
                42.244923310659146
              ],
              [
                -71.82869785856562,
                42.24498837799132
              ],
              [
                -71.82723679247898,
                42.243317683961614
              ],
              [
                -71.8275420252543,
                42.24306726972599
              ],
              [
                -71.82789422200057,
                42.24282990980354
              ],
              [
                -71.82827603147408,
                42.24261934215748
              ],
              [
                -71.82868377686601,
                42.24243759439585
              ],
              [
                -71.82911353173125,
                42.24228641659682
              ],
              [
                -71.82956115778835,
                42.24216726446417
              ],
              [
                -71.83002234475428,
                42.242081285316615
              ],
              [
                -71.83049265183192,
                42.24202930704535
              ],
              [
                -71.83096755045088,
                42.242011830146296
              ],
              [
                -71.83144246785162,
                42.24202902290326
              ],
              [
                -71.83174904955686,
                42.24206271903236
              ]
            ]
          ],
          [
            [
              [
                -71.83366322533517,
                42.24860459467182
              ],
              [
                -71.8332554545286,
                42.24878635994579
              ],
              [
                -71.83282566543929,
                42.248937553099516
              ],
              [
                -71.832377997664,
                42.24905671783911
              ],
              [
                -71.83227800677233,
                42.249075359439956
              ],
              [
                -71.83227320972095,
                42.24907625376611
              ],
              [
                -71.83081384463114,
                42.24740776709361
              ],
              [
                -71.83097041775395,
                42.24741343522565
              ],
              [
                -71.830970536664,
                42.24741343519008
              ],
              [
                -71.8312080655864,
                42.24740469381458
              ],
              [
                -71.83120818391913,
                42.24740468511931
              ],
              [
                -71.83144341571737,
                42.247378687307574
              ],
              [
                -71.83144353233308,
                42.24737867003635
              ],
              [
                -71.83167420141017,
                42.247335666182366
              ],
              [
                -71.83167431518568,
                42.247335640501525
              ],
              [
                -71.8318981999007,
                42.24727604478969
              ],
              [
                -71.83189830974023,
                42.2472760109466
              ],
              [
                -71.83211325381066,
                42.24720039736164
              ],
              [
                -71.8321133586563,
                42.24720035568222
              ],
              [
                -71.83231729192994,
                42.24710945247959
              ],
              [
                -71.83231739077192,
                42.24710940336531
              ],
              [
                -71.83250834916825,
                42.247004086055696
              ],
              [
                -71.83250844105464,
                42.24700402997956
              ],
              [
                -71.83268458548363,
                42.24688531289467
              ],
              [
                -71.8326846695295,
                42.24688525039674
              ],
              [
                -71.83284430360511,
                42.24675427691818
              ],
              [
                -71.83284437900103,
                42.2467542086004
              ],
              [
                -71.83298596537915,
                42.246612240145545
              ],
              [
                -71.83298603139906,
                42.246612166665884
              ],
              [
                -71.83310820658212,
                42.246460570536954
              ],
              [
                -71.83310826259026,
                42.24646049260308
              ],
              [
                -71.83320985005642,
                42.246300728816706
              ],
              [
                -71.83320989551342,
                42.24630064717922
              ],
              [
                -71.8332899170435,
                42.24613425440321
              ],
              [
                -71.83328995151166,
                42.246134169848354
              ],
              [
                -71.83330192129759,
                42.246098600046075
              ],
              [
                -71.83415634428721,
                42.24831899769539
              ],
              [
                -71.83404505043731,
                42.248394008028725
              ],
              [
                -71.83366322533517,
                42.24860459467182
              ]
            ]
          ]
        ]
      }
    },
    {
      "type": "Feature",
      "properties": {
        "stop_id": "404;459",
        "tier": "0-200m",
        "name": "404;459_0-200m"
      },
      "geometry": {
        "type": "Polygon",
        "coordinates": [
          [
            [
              -71.83260694921302,
              42.24428589849688
            ],
            [
              -71.83261992300294,
              42.2442473453389
            ],
            [
              -71.8326999034325,
              42.24408103621148
            ],
            [
              -71.83280143726068,
              42.24392135269879
            ],
            [
              -71.8329235465378,
              42.2437698325852
            ],
            [
              -71.83306505519298,
              42.243627935029316
            ],
            [
              -71.8332246003639,
              42.243497026513836
            ],
            [
              -71.83340064552412,
              42.24337836768834
            ],
            [
              -71.83359149528138,
              42.24327310123107
            ],
            [
              -71.83379531170438,
              42.243182240847226
            ],
            [
              -71.83401013202098,
              42.24310666150895
            ],
            [
              -71.83423388751721,
              42.24304709103137
            ],
            [
              -71.83446442345542,
              42.24300410306536
            ],
            [
              -71.83469951981974,
              42.24297811157481
            ],
            [
              -71.83493691268956,
              42.24296936685116
            ],
            [
              -71.83517431603512,
              42.242977953103804
            ],
            [
              -71.83540944372582,
              42.24300378764934
            ],
            [
              -71.8356400315395,
              42.24304662170761
            ],
            [
              -71.83586385896089,
              42.24310604279678
            ],
            [
              -71.83607877055991,
              42.24318147870453
            ],
            [
              -71.83628269674384,
              42.243272202996934
            ],
            [
              -71.83647367368384,
              42.24337734201239
            ],
            [
              -71.83664986222419,
              42.243495883273006
            ],
            [
              -71.83680956559219,
              42.24362668523269
            ],
            [
              -71.83695124573829,
              42.24376848826812
            ],
            [
              -71.83707353814906,
              42.2439199268069
            ],
            [
              -71.8371752649903,
              42.24407954247615
            ],
            [
              -71.83725544645382,
              42.24424579814494
            ],
            [
              -71.83731331019824,
              42.24441709272568
            ],
            [
              -71.8373482987928,
              42.244591776591676
            ],
            [
              -71.83736007509232,
              42.244768167462624
            ],
            [
              -71.8373485254912,
              42.244944566605064
            ],
            [
              -71.83731376102504,
              42.245119275191975
            ],
            [
              -71.83725611630857,
              42.245290610663496
            ],
            [
              -71.83717614632047,
              42.2454569229318
            ],
            [
              -71.83707462106506,
              42.245616610273615
            ],
            [
              -71.83695251816259,
              42.245768134757405
            ],
            [
              -71.83681101343893,
              42.24591003705663
            ],
            [
              -71.83665146960533,
              42.24604095050628
            ],
            [
              -71.83647542313682,
              42.24615961426719
            ],
            [
              -71.83628456947595,
              42.24626488547144
            ],
            [
              -71.83608074670403,
              42.246355750231416
            ],
            [
              -71.83586591783718,
              42.24643133340676
            ],
            [
              -71.835642151918,
              42.246490907034946
            ],
            [
              -71.83541160408461,
              42.246533897344
            ],
            [
              -71.83517649481006,
              42.24655989028
            ],
            [
              -71.83493908851106,
              42.24656863549592
            ],
            [
              -71.83470167173347,
              42.24656004876349
            ],
            [
              -71.83446653112405,
              42.24653421278455
            ],
            [
              -71.83423593140147,
              42.2464913763943
            ],
            [
              -71.83401209353859,
              42.246431952164244
            ],
            [
              -71.83379717336679,
              42.24635651242738
            ],
            [
              -71.83359324080823,
              42.246265783764784
            ],
            [
              -71.83340225993672,
              42.24616064000599
            ],
            [
              -71.8333024815931,
              42.246093506027584
            ],
            [
              -71.83260694921302,
              42.24428589849688
            ]
          ]
        ]
      }
    },
    {
      "type": "Feature",
      "properties": {
        "stop_id": "404;459",
        "tier": "200-400m",
        "name": "404;459_200-400m"
      },
      "geometry": {
        "type": "Polygon",
        "coordinates": [
          [
            [
              -71.83265210786405,
              42.241594673659705
            ],
            [
              -71.83308184753463,
              42.241443480968584
            ],
            [
              -71.83352946016593,
              42.241324313329955
            ],
            [
              -71.83399063560421,
              42.24123831821179
            ],
            [
              -71.83446093316329,
              42.24118632365911
            ],
            [
              -71.83493582436436,
              42.2411688303246
            ],
            [
              -71.83541073651932,
              42.241186006650246
            ],
            [
              -71.83588109673839,
              42.241237687246326
            ],
            [
              -71.83634237593985,
              42.241323374483
            ],
            [
              -71.83679013243898,
              42.2414422432797
            ],
            [
              -71.83722005469757,
              42.241593149045904
            ],
            [
              -71.83762800282322,
              42.2417746386972
            ],
            [
              -71.83801004841983,
              42.24198496464083
            ],
            [
              -71.8383625124061,
              42.24222210159626
            ],
            [
              -71.8386820004383,
              42.24248376608931
            ],
            [
              -71.83896543559672,
              42.24276743843223
            ],
            [
              -71.83921008802109,
              42.243070386978836
            ],
            [
              -71.83941360120909,
              42.243389694421204
            ],
            [
              -71.8395740147249,
              42.24372228587523
            ],
            [
              -71.83968978309815,
              42.24406495848498
            ],
            [
              -71.83975979073075,
              42.24441441226095
            ],
            [
              -71.83978336266702,
              42.244767281855594
            ],
            [
              -71.83976027112249,
              42.24512016897023
            ],
            [
              -71.83969073770726,
              42.24546967508144
            ],
            [
              -71.83957543132162,
              42.24581243417172
            ],
            [
              -71.83941546174272,
              42.24614514514934
            ],
            [
              -71.8392123689632,
              42.24646460364473
            ],
            [
              -71.83896810838343,
              42.24676773287728
            ],
            [
              -71.83868503199878,
              42.24705161329495
            ],
            [
              -71.83836586576287,
              42.24731351070077
            ],
            [
              -71.83801368334385,
              42.24755090259517
            ],
            [
              -71.83763187652622,
              42.247761502480024
            ],
            [
              -71.8372241225433,
              42.247943281889675
            ],
            [
              -71.83679434865465,
              42.248094489936854
            ],
            [
              -71.83634669431055,
              42.248213670184214
            ],
            [
              -71.83588547126773,
              42.24829967467924
            ],
            [
              -71.83541512204187,
              42.248351675016565
            ],
            [
              -71.8349401770972,
              42.24836917032121
            ],
            [
              -71.8344652111872,
              42.248351992075456
            ],
            [
              -71.83415859757974,
              42.24831830324936
            ],
            [
              -71.83330374281843,
              42.24609678370694
            ],
            [
              -71.83340067741729,
              42.246162004323104
            ],
            [
              -71.83340076936672,
              42.24616206034108
            ],
            [
              -71.83359184589366,
              42.24626725676389
            ],
            [
              -71.83359194479061,
              42.246267305815614
            ],
            [
              -71.83379597949276,
              42.2463580799222
            ],
            [
              -71.83379608438474,
              42.24635812153523
            ],
            [
              -71.83401111220441,
              42.246433599058285
            ],
            [
              -71.83401122208123,
              42.246433632831845
            ],
            [
              -71.83423517205937,
              42.24649308682634
            ],
            [
              -71.83423528586276,
              42.24649311243516
            ],
            [
              -71.83446600108805,
              42.24653597028132
            ],
            [
              -71.83446611772195,
              42.24653598747872
            ],
            [
              -71.8347013761089,
              42.24656183639844
            ],
            [
              -71.83470149444997,
              42.246561845018824
            ],
            [
              -71.83493903014538,
              42.24657043605218
            ],
            [
              -71.83493914905384,
              42.246570436012505
            ],
            [
              -71.8351766742654,
              42.24656168641625
            ],
            [
              -71.83517679259602,
              42.24656167771688
            ],
            [
              -71.83541201963239,
              42.24653567176151
            ],
            [
              -71.83541213624545,
              42.246535654486244
            ],
            [
              -71.83564279955553,
              42.246492642644164
            ],
            [
              -71.8356429133279,
              42.246492616959394
            ],
            [
              -71.83586679132634,
              42.24643301349195
            ],
            [
              -71.83586690116226,
              42.24643297964505
            ],
            [
              -71.83608183763124,
              42.24635735861166
            ],
            [
              -71.83608194247286,
              42.246357316928616
            ],
            [
              -71.83628586733336,
              42.2462664066565
            ],
            [
              -71.83628596617093,
              42.246266357538794
            ],
            [
              -71.83647691542353,
              42.246161033606676
            ],
            [
              -71.83647700730519,
              42.246160977527346
            ],
            [
              -71.83665314194788,
              42.24604225433076
            ],
            [
              -71.83665322598871,
              42.246042191829915
            ],
            [
              -71.83681284972977,
              42.24591121280931
            ],
            [
              -71.83681292512041,
              42.245911144488915
            ],
            [
              -71.83695450071527,
              42.245769171115015
            ],
            [
              -71.83695456672969,
              42.245769097633065
            ],
            [
              -71.83707673078466,
              42.245617497255495
            ],
            [
              -71.83707678678715,
              42.24561741931967
            ],
            [
              -71.83717836288757,
              42.24545765199594
            ],
            [
              -71.83717840833884,
              42.24545757035688
            ],
            [
              -71.83725841837497,
              42.24529117478887
            ],
            [
              -71.83725845283739,
              42.2452910902328
            ],
            [
              -71.83731612641944,
              42.2451196689461
            ],
            [
              -71.83731614956116,
              42.245119582287366
            ],
            [
              -71.83735093143277,
              42.24494478619631
            ],
            [
              -71.83735094303104,
              42.24494469826949
            ],
            [
              -71.83736249841007,
              42.244768210776634
            ],
            [
              -71.83736249835329,
              42.24476812242853
            ],
            [
              -71.83735071614883,
              42.24459164321182
            ],
            [
              -71.83735070443764,
              42.24459155529328
            ],
            [
              -71.83731569831244,
              42.24441678393695
            ],
            [
              -71.8373156750597,
              42.244416697294646
            ],
            [
              -71.83725778232804,
              42.24424531692156
            ],
            [
              -71.8372577477578,
              42.2442452323899
            ],
            [
              -71.83717752612985,
              42.244078893452915
            ],
            [
              -71.83717748057512,
              42.244078811845974
            ],
            [
              -71.83707570277933,
              42.243919116234565
            ],
            [
              -71.83707564667888,
              42.24391903833824
            ],
            [
              -71.83695329301433,
              42.24376752395309
            ],
            [
              -71.8369532269085,
              42.243767450517524
            ],
            [
              -71.83681147579941,
              42.24362557646191
            ],
            [
              -71.8368114003249,
              42.2436255081943
            ],
            [
              -71.83665161696821,
              42.24349464072444
            ],
            [
              -71.83665153285185,
              42.2434945782822
            ],
            [
              -71.83647525606747,
              42.24337597765223
            ],
            [
              -71.83647516411939,
              42.243375921636684
            ],
            [
              -71.83628409152985,
              42.24327072996434
            ],
            [
              -71.83628399263552,
              42.243270680914904
            ],
            [
              -71.83607996431759,
              42.24317991118509
            ],
            [
              -71.83607985942936,
              42.24317986957413
            ],
            [
              -71.83586484019536,
              42.24310439588594
            ],
            [
              -71.83586473032332,
              42.24310436211414
            ],
            [
              -71.83564079080237,
              42.24304491126525
            ],
            [
              -71.8356406770046,
              42.24304488565783
            ],
            [
              -71.83540997370613,
              42.24300203014714
            ],
            [
              -71.83540985707847,
              42.24300201295067
            ],
            [
              -71.83517461162967,
              42.24297616546652
            ],
            [
              -71.83517449329521,
              42.24297615684663
            ],
            [
              -71.83493697105203,
              42.24296756629377
            ],
            [
              -71.83493685215032,
              42.24296756633346
            ],
            [
              -71.83469934038813,
              42.242976315436685
            ],
            [
              -71.83469922206415,
              42.24297632413556
            ],
            [
              -71.83446400795742,
              42.24300232864332
            ],
            [
              -71.8344638913506,
              42.24300234591763
            ],
            [
              -71.83423323995358,
              42.24304535541315
            ],
            [
              -71.8342331261868,
              42.24304538109654
            ],
            [
              -71.83400925862703,
              42.24310498140864
            ],
            [
              -71.83400914879587,
              42.243105015253775
            ],
            [
              -71.83379422089,
              42.24318063244432
            ],
            [
              -71.83379411605213,
              42.243180674125284
            ],
            [
              -71.83359019755008,
              42.2432715800147
            ],
            [
              -71.83359009871509,
              42.24327162913012
            ],
            [
              -71.83339915337199,
              42.24337694830811
            ],
            [
              -71.83339906149163,
              42.243377004385
            ],
            [
              -71.83322292815919,
              42.24349572263876
            ],
            [
              -71.83322284411835,
              42.24349578513712
            ],
            [
              -71.83306321903797,
              42.24362675921613
            ],
            [
              -71.833063143646,
              42.24362682753408
            ],
            [
              -71.83292156411372,
              42.243768796157525
            ],
            [
              -71.83292149809671,
              42.24376886963719
            ],
            [
              -71.83279932765753,
              42.24392046563799
            ],
            [
              -71.83279927165127,
              42.24392054357173
            ],
            [
              -71.83269768696518,
              42.2440803070606
            ],
            [
              -71.83269764150913,
              42.2440803886979
            ],
            [
              -71.83261762101581,
              42.244246781120296
            ],
            [
              -71.83261758654778,
              42.24424686567498
            ],
            [
              -71.83260561672698,
              42.24428243541736
            ],
            [
              -71.83175130265317,
              42.242062024632894
            ],
            [
              -71.83186258809414,
              42.241987016443545
            ],
            [
              -71.8322443792895,
              42.24177643555611
            ],
            [
              -71.83265210786405,
              42.241594673659705
            ]
          ]
        ]
      }
    },
    {
      "type": "Feature",
      "properties": {
        "stop_id": "421;442",
        "tier": "0-200m",
        "name": "421;442_0-200m"
      },
      "geometry": {
        "type": "Polygon",
        "coordinates": [
          [
            [
              -71.80189692498679,
              42.26012395775402
            ],
            [
              -71.80192385442172,
              42.25998904413575
            ],
            [
              -71.80198160815104,
              42.25981772687206
            ],
            [
              -71.80206168874238,
              42.25965143957083
            ],
            [
              -71.80216332482556,
              42.25949178362438
            ],
            [
              -71.80228553746616,
              42.25934029655154
            ],
            [
              -71.80242714959795,
              42.259198437192666
            ],
            [
              -71.80258679736218,
              42.25906757166256
            ],
            [
              -71.80276294324456,
              42.25894896019677
            ],
            [
              -71.80295389088297,
              42.25884374501742
            ],
            [
              -71.80315780140371,
              42.25875293933592
            ],
            [
              -71.8033727111286,
              42.258677417597546
            ],
            [
              -71.80359655048285,
              42.25861790706277
            ],
            [
              -71.8038271639214,
              42.25857498080524
            ],
            [
              -71.80406233068223,
              42.25854905219458
            ],
            [
              -71.80429978616694,
              42.25854037091675
            ],
            [
              -71.80453724374294,
              42.258549020570165
            ],
            [
              -71.80477241675742,
              42.25857491786094
            ],
            [
              -71.80500304055181,
              42.25861781340471
            ],
            [
              -71.80522689426442,
              42.25867729412759
            ],
            [
              -71.80544182221195,
              42.258752787243004
            ],
            [
              -71.80564575464416,
              42.25884356576616
            ],
            [
              -71.80583672767196,
              42.258948755513266
            ],
            [
              -71.8060129021772,
              42.25906734351787
            ],
            [
              -71.8061725815222,
              42.259198187783724
            ],
            [
              -71.80631422788856,
              42.25934002828016
            ],
            [
              -71.80643647708797,
              42.25949149907395
            ],
            [
              -71.80653815170218,
              42.259651141481584
            ],
            [
              -71.80661827242577,
              42.259817418114615
            ],
            [
              -71.8066760675021,
              42.25998872768352
            ],
            [
              -71.80671098016148,
              42.26016342041719
            ],
            [
              -71.80672267398991,
              42.260339813949855
            ],
            [
              -71.80671103617586,
              42.26051620952237
            ],
            [
              -71.80667617860432,
              42.26069090834201
            ],
            [
              -71.80661843678666,
              42.260862227942916
            ],
            [
              -71.8065383666366,
              42.26102851839001
            ],
            [
              -71.80643673912311,
              42.2611881781701
            ],
            [
              -71.80631453285127,
              42.26133966961702
            ],
            [
              -71.80617292464255,
              42.26148153372234
            ],
            [
              -71.80601327820492,
              42.261612404188824
            ],
            [
              -71.80583713100172,
              42.26173102059126
            ],
            [
              -71.80564617944582,
              42.261836240517766
            ],
            [
              -71.80544226256146,
              42.261927050574556
            ],
            [
              -71.80522734427139,
              42.262002576148134
            ],
            [
              -71.80500349447955,
              42.26206208983072
            ],
            [
              -71.8047728691321,
              42.26210501842767
            ],
            [
              -71.80453768944868,
              42.26213094847945
            ],
            [
              -71.80430022052437,
              42.26213963024475
            ],
            [
              -71.80424017114868,
              42.26213744292802
            ],
            [
              -71.8020938674854,
              42.26074917292112
            ],
            [
              -71.80189692498679,
              42.26012395775402
            ]
          ]
        ]
      }
    },
    {
      "type": "Feature",
      "properties": {
        "stop_id": "421;442",
        "tier": "200-400m",
        "name": "421;442_200-400m"
      },
      "geometry": {
        "type": "Polygon",
        "coordinates": [
          [
            [
              -71.8012251809277,
              42.25755720186746
            ],
            [
              -71.80160716792055,
              42.25734672356179
            ],
            [
              -71.80201508472298,
              42.257165071096566
            ],
            [
              -71.80244500323995,
              42.25701399363226
            ],
            [
              -71.80289278361467,
              42.256894945906495
            ],
            [
              -71.80325236097454,
              42.25682801465149
            ],
            [
              -71.80325443401112,
              42.25682762877552
            ],
            [
              -71.8089258692072,
              42.26141000980201
            ],
            [
              -71.80877789976962,
              42.261717336960224
            ],
            [
              -71.80857460241964,
              42.26203674032287
            ],
            [
              -71.80833013504346,
              42.26233980346905
            ],
            [
              -71.80804685162838,
              42.26262360748289
            ],
            [
              -71.80772748012232,
              42.262885418903075
            ],
            [
              -71.80737509617094,
              42.26312271605801
            ],
            [
              -71.8069930935003,
              42.263333213361875
            ],
            [
              -71.80658515123068,
              42.263514883336924
            ],
            [
              -71.80644567384198,
              42.26356389834825
            ],
            [
              -71.80424312459431,
              42.262139353202926
            ],
            [
              -71.8043001612728,
              42.262141430780474
            ],
            [
              -71.80430028021054,
              42.262141430772544
            ],
            [
              -71.8045378680788,
              42.26213274465872
            ],
            [
              -71.80453798644272,
              42.26213273599099
            ],
            [
              -71.80477328392323,
              42.262106792951315
            ],
            [
              -71.80477340057334,
              42.26210677570725
            ],
            [
              -71.80500414143631,
              42.26206382560818
            ],
            [
              -71.80500425524912,
              42.26206379995388
            ],
            [
              -71.8052282171622,
              42.26200425646207
            ],
            [
              -71.80522832704152,
              42.262004222644606
            ],
            [
              -71.80544335297851,
              42.261928659241825
            ],
            [
              -71.8054434578661,
              42.26192861758692
            ],
            [
              -71.80564747688618,
              42.26183776204538
            ],
            [
              -71.80564757577184,
              42.2618377129542
            ],
            [
              -71.80583862296852,
              42.26173244032553
            ],
            [
              -71.8058387148999,
              42.26173238427089
            ],
            [
              -71.80601495032775,
              42.261613708456515
            ],
            [
              -71.80601503441952,
              42.26161364597831
            ],
            [
              -71.80617476081599,
              42.26148270996238
            ],
            [
              -71.80617483625824,
              42.2614826416623
            ],
            [
              -71.80631651539,
              42.261340706501436
            ],
            [
              -71.80631658145622,
              42.261340633037314
            ],
            [
              -71.80643884893233,
              42.26118906571315
            ],
            [
              -71.80643890498631,
              42.26118898779252
            ],
            [
              -71.80654058339604,
              42.26102924804431
            ],
            [
              -71.80654062889799,
              42.261029166417615
            ],
            [
              -71.80662073914624,
              42.260862792681756
            ],
            [
              -71.80662077365805,
              42.26086270813513
            ],
            [
              -71.80667854438995,
              42.260691302727
            ],
            [
              -71.8066785675793,
              42.26069121607469
            ],
            [
              -71.8067134426029,
              42.26051642975577
            ],
            [
              -71.80671345424658,
              42.260516341832314
            ],
            [
              -71.80672509788273,
              42.260339857911156
            ],
            [
              -71.80672509786868,
              42.26033976956329
            ],
            [
              -71.80671339817664,
              42.260163287683504
            ],
            [
              -71.80671338650511,
              42.26016319976208
            ],
            [
              -71.8066784563531,
              42.25998841953363
            ],
            [
              -71.80667843313657,
              42.25998833288536
            ],
            [
              -71.80662060910741,
              42.2598169375166
            ],
            [
              -71.80662057456956,
              42.25981685297594
            ],
            [
              -71.80654041371199,
              42.259650493064214
            ],
            [
              -71.80654036818554,
              42.259650411445335
            ],
            [
              -71.80643864264293,
              42.259490689082135
            ],
            [
              -71.80643858656637,
              42.25949061117102
            ],
            [
              -71.80631627613481,
              42.25933906451471
            ],
            [
              -71.80631621004827,
              42.259338991061696
            ],
            [
              -71.80617449273583,
              42.25919707952632
            ],
            [
              -71.80617441727577,
              42.259197011238726
            ],
            [
              -71.80601465795412,
              42.25906610144149
            ],
            [
              -71.80601457384729,
              42.259066038976954
            ],
            [
              -71.80583831110506,
              42.25894739157958
            ],
            [
              -71.80583821916146,
              42.25894733553964
            ],
            [
              -71.80564715048608,
              42.25884209311023
            ],
            [
              -71.80564705159114,
              42.258842044034516
            ],
            [
              -71.8054430170218,
              42.25875122004678
            ],
            [
              -71.80544291212793,
              42.258751178407906
            ],
            [
              -71.80522787653723,
              42.258675647483415
            ],
            [
              -71.80522776665453,
              42.25867561368235
            ],
            [
              -71.80500380082918,
              42.25861610316989
            ],
            [
              -71.80500368701583,
              42.25861607753213
            ],
            [
              -71.8047729477186,
              42.25857316050515
            ],
            [
              -71.8047728310706,
              42.25857314327757
            ],
            [
              -71.8045375402753,
              42.25854723301676
            ],
            [
              -71.80453742191592,
              42.25854722436528
            ],
            [
              -71.80429984541516,
              42.25853857037989
            ],
            [
              -71.80429972648419,
              42.25853857038781
            ],
            [
              -71.80406215207574,
              42.258547256013465
            ],
            [
              -71.80406203371845,
              42.2585472646807
            ],
            [
              -71.80382674917995,
              42.25857320627707
            ],
            [
              -71.8038266325361,
              42.25857322352018
            ],
            [
              -71.80359590359993,
              42.25861617127633
            ],
            [
              -71.80359578979275,
              42.25861619692924
            ],
            [
              -71.80337183833295,
              42.25867573726852
            ],
            [
              -71.80337172845842,
              42.25867577108422
            ],
            [
              -71.80315671109948,
              42.258751330645985
            ],
            [
              -71.80315660621565,
              42.25875137229884
            ],
            [
              -71.80295259356876,
              42.25884222345853
            ],
            [
              -71.80295249468568,
              42.258842272547426
            ],
            [
              -71.80276145141238,
              42.25894754042179
            ],
            [
              -71.8027613594823,
              42.25894759647398
            ],
            [
              -71.80258512537726,
              42.25906626734431
            ],
            [
              -71.80258504128551,
              42.25906632982006
            ],
            [
              -71.80242531356042,
              42.259197260892165
            ],
            [
              -71.80242523811685,
              42.259197329189796
            ],
            [
              -71.80228355505615,
              42.2593392595971
            ],
            [
              -71.80228348898733,
              42.259339333058904
            ],
            [
              -71.8021612151329,
              42.25949089600242
            ],
            [
              -71.80216115907514,
              42.25949097392098
            ],
            [
              -71.80205947208286,
              42.2596507098298
            ],
            [
              -71.80205942657611,
              42.259650791454725
            ],
            [
              -71.80197930587086,
              42.259817162039994
            ],
            [
              -71.80197927135343,
              42.259817246585236
            ],
            [
              -71.80192148869197,
              42.25998864965265
            ],
            [
              -71.80192146549636,
              42.259988736304
            ],
            [
              -71.80189542507128,
              42.26011919606181
            ],
            [
              -71.80111236679193,
              42.257633166610496
            ],
            [
              -71.8012251809277,
              42.25755720186746
            ]
          ]
        ]
      }
    },
    {
      "type": "Feature",
      "properties": {
        "stop_id": "196;24",
        "tier": "0-200m",
        "name": "196;24_0-200m"
      },
      "geometry": {
        "type": "Polygon",
        "coordinates": [
          [
            [
              -71.80209288106111,
              42.2607509223616
            ],
            [
              -71.8042380818475,
              42.26213847902645
            ],
            [
              -71.80426105958551,
              42.26225347171865
            ],
            [
              -71.8042727469721,
              42.26242986543671
            ],
            [
              -71.80426110194554,
              42.262606260696295
            ],
            [
              -71.80422623646028,
              42.26278095870762
            ],
            [
              -71.80416848610383,
              42.262952277012644
            ],
            [
              -71.8040884068722,
              42.263118565688764
            ],
            [
              -71.80398676982175,
              42.26327822323981
            ],
            [
              -71.80386455364943,
              42.26342971202111
            ],
            [
              -71.80372293527209,
              42.26357157304988
            ],
            [
              -71.8035632784956,
              42.26370244005851
            ],
            [
              -71.8033871208829,
              42.2638210526551
            ],
            [
              -71.8031961589471,
              42.263926268464395
            ],
            [
              -71.8029922318125,
              42.26401707413227
            ],
            [
              -71.80277730350049,
              42.264092595087504
            ],
            [
              -71.80255344401156,
              42.26415210396679
            ],
            [
              -71.80232280938533,
              42.264195027621724
            ],
            [
              -71.80208762093083,
              42.2642209526404
            ],
            [
              -71.80185014382755,
              42.26422962932996
            ],
            [
              -71.80161266530338,
              42.264220974122104
            ],
            [
              -71.80137747259991,
              42.26419507037823
            ],
            [
              -71.80114683093755,
              42.26415216758627
            ],
            [
              -71.80092296169316,
              42.264092678957205
            ],
            [
              -71.80070802100028,
              42.2640171774444
            ],
            [
              -71.80050407897869,
              42.263926390223894
            ],
            [
              -71.80031309979327,
              42.263821191689246
            ],
            [
              -71.80013692273445,
              42.26370259502821
            ],
            [
              -71.79997724450267,
              42.26357174246256
            ],
            [
              -71.79983560286755,
              42.26342989424509
            ],
            [
              -71.79971336185903,
              42.26327841652008
            ],
            [
              -71.79961169863316,
              42.26311876816381
            ],
            [
              -71.799531592139,
              42.26295248673245
            ],
            [
              -71.79951004720758,
              42.26288860612495
            ],
            [
              -71.80209288106111,
              42.2607509223616
            ]
          ]
        ]
      }
    },
    {
      "type": "Feature",
      "properties": {
        "stop_id": "196;24",
        "tier": "200-400m",
        "name": "196;24_200-400m"
      },
      "geometry": {
        "type": "Polygon",
        "coordinates": [
          [
            [
              -71.80612467087784,
              42.264126830746974
            ],
            [
              -71.80588018369554,
              42.26442988856094
            ],
            [
              -71.80559687993758,
              42.264713686420485
            ],
            [
              -71.80527748774784,
              42.26497549092351
            ],
            [
              -71.8049250829712,
              42.26521278046503
            ],
            [
              -71.80454305953434,
              42.265423269532505
            ],
            [
              -71.8041350967576,
              42.265604930727555
            ],
            [
              -71.80370512391231,
              42.26575601430138
            ],
            [
              -71.80325728236573,
              42.265875065015514
            ],
            [
              -71.80283373787206,
              42.26595389152182
            ],
            [
              -71.80047533343331,
              42.26468926219901
            ],
            [
              -71.79948240688519,
              42.26291148155211
            ],
            [
              -71.79950809361692,
              42.262890222938275
            ],
            [
              -71.79952925528778,
              42.2629529671858
            ],
            [
              -71.79952928981785,
              42.26295305172853
            ],
            [
              -71.7996094364284,
              42.26311941644414
            ],
            [
              -71.7996094819484,
              42.26311949806573
            ],
            [
              -71.79971119608838,
              42.2632792263844
            ],
            [
              -71.79971125216001,
              42.26327930429873
            ],
            [
              -71.7998335543902,
              42.263430857894114
            ],
            [
              -71.79983362047349,
              42.263430931350804
            ],
            [
              -71.79997533304841,
              42.26357285061586
            ],
            [
              -71.79997540850698,
              42.263572918907464
            ],
            [
              -71.80013516671355,
              42.263703837013594
            ],
            [
              -71.80013525082073,
              42.263703899482394
            ],
            [
              -71.80031151611917,
              42.263822555545495
            ],
            [
              -71.80031160806496,
              42.26382261158982
            ],
            [
              -71.80050268290498,
              42.26392786281593
            ],
            [
              -71.80050278180386,
              42.26392791189603
            ],
            [
              -71.80070682597375,
              42.264018744589855
            ],
            [
              -71.80070693087325,
              42.264018786233024
            ],
            [
              -71.80092197922427,
              42.26409432556296
            ],
            [
              -71.80092208911407,
              42.26409435936812
            ],
            [
              -71.80114607048945,
              42.26415387779385
            ],
            [
              -71.80114618431121,
              42.264153903435414
            ],
            [
              -71.80137694149727,
              42.26419682771659
            ],
            [
              -71.80137705815473,
              42.26419684494759
            ],
            [
              -71.80161236866182,
              42.264222761666176
            ],
            [
              -71.80161248703143,
              42.26422277032067
            ],
            [
              -71.80185008450432,
              42.26423142986375
            ],
            [
              -71.80185020344598,
              42.26423142985837
            ],
            [
              -71.8020877994973,
              42.264222748822824
            ],
            [
              -71.80208791786546,
              42.26422274015763
            ],
            [
              -71.80232322412145,
              42.26419680215358
            ],
            [
              -71.80232334077608,
              42.264196784912016
            ],
            [
              -71.80255409092251,
              42.26415383975743
            ],
            [
              -71.80255420474005,
              42.26415381410556
            ],
            [
              -71.80277817635508,
              42.26409427541946
            ],
            [
              -71.80277828623933,
              42.26409424160436
            ],
            [
              -71.80299332220328,
              42.26401868282226
            ],
            [
              -71.80299342709596,
              42.2640186411696
            ],
            [
              -71.80319745637142,
              42.26392779001918
            ],
            [
              -71.80319755526227,
              42.26392774093013
            ],
            [
              -71.803388612844,
              42.26382247242072
            ],
            [
              -71.80338870478063,
              42.263822416368065
            ],
            [
              -71.80356495062317,
              42.26370374436145
            ],
            [
              -71.80356503472012,
              42.26370368188504
            ],
            [
              -71.80372477146062,
              42.26357274932871
            ],
            [
              -71.80372484690801,
              42.26357268103027
            ],
            [
              -71.8038665362135,
              42.26343074894749
            ],
            [
              -71.80386660228474,
              42.26343067548481
            ],
            [
              -71.80398887966628,
              42.263279110827604
            ],
            [
              -71.80398893572513,
              42.263279032908194
            ],
            [
              -71.80409062367657,
              42.26311929539014
            ],
            [
              -71.80409066918321,
              42.26311921376444
            ],
            [
              -71.80417078851761,
              42.26295284180044
            ],
            [
              -71.80417082303381,
              42.262952757254595
            ],
            [
              -71.80422860230877,
              42.26278135314299
            ],
            [
              -71.80422862550225,
              42.26278126649121
            ],
            [
              -71.80426350844355,
              42.262606480981006
            ],
            [
              -71.80426352009101,
              42.262606393057816
            ],
            [
              -71.80427517094328,
              42.262429909449764
            ],
            [
              -71.80427517093266,
              42.26242982110193
            ],
            [
              -71.80426347768568,
              42.26225333903667
            ],
            [
              -71.80426346601715,
              42.26225325111502
            ],
            [
              -71.804240896071,
              42.26214029925319
            ],
            [
              -71.80644447904382,
              42.263565513010704
            ],
            [
              -71.80632798730643,
              42.26380743184306
            ],
            [
              -71.80612467087784,
              42.264126830746974
            ]
          ]
        ]
      }
    },
    {
      "type": "Feature",
      "properties": {
        "stop_id": "409;453",
        "tier": "0-200m",
        "name": "409;453_0-200m"
      },
      "geometry": {
        "type": "Polygon",
        "coordinates": [
          [
            [
              -71.82707003279964,
              42.24944730963175
            ],
            [
              -71.82704318432,
              42.24950312131686
            ],
            [
              -71.82694162702224,
              42.24966279957752
            ],
            [
              -71.82681949206842,
              42.24981431316768
            ],
            [
              -71.8266779555932,
              42.24995620286568
            ],
            [
              -71.8265183806136,
              42.25008710212787
            ],
            [
              -71.8263423039047,
              42.25020575025173
            ],
            [
              -71.82615142120032,
              42.2503110045199
            ],
            [
              -71.82594757086153,
              42.25040185120785
            ],
            [
              -71.82573271617001,
              42.25047741534933
            ],
            [
              -71.82550892641709,
              42.25053696916509
            ],
            [
              -71.82527835697059,
              42.25057993907397
            ],
            [
              -71.82512997086641,
              42.25059632977015
            ],
            [
              -71.82261719026322,
              42.248047739094936
            ],
            [
              -71.82266844144435,
              42.24796716562442
            ],
            [
              -71.82279058277054,
              42.24781565640564
            ],
            [
              -71.8229321231743,
              42.24767377145186
            ],
            [
              -71.82309169948759,
              42.24754287712447
            ],
            [
              -71.82326777488414,
              42.2474242339363
            ],
            [
              -71.82345865368052,
              42.24731898441506
            ],
            [
              -71.82366249766585,
              42.247228142102834
            ],
            [
              -71.82387734380261,
              42.24715258179774
            ],
            [
              -71.82410112312822,
              42.24709303113157
            ],
            [
              -71.8243316806756,
              42.24705006356448
            ],
            [
              -71.82456679622086,
              42.24702409286388
            ],
            [
              -71.82470822045775,
              42.24701889621051
            ],
            [
              -71.82707003279964,
              42.24944730963175
            ]
          ]
        ]
      }
    },
    {
      "type": "Feature",
      "properties": {
        "stop_id": "409;453",
        "tier": "200-400m",
        "name": "409;453_200-400m"
      },
      "geometry": {
        "type": "MultiPolygon",
        "coordinates": [
          [
            [
              [
                -71.82211169110373,
                42.24582220075846
              ],
              [
                -71.82251947481218,
                42.24564047501394
              ],
              [
                -71.82294926613146,
                42.24548932039799
              ],
              [
                -71.82316490762489,
                42.24543193577263
              ],
              [
                -71.82470652773992,
                42.24701715567483
              ],
              [
                -71.82456661706519,
                42.24702229671115
              ],
              [
                -71.82456649873225,
                42.24702230539957
              ],
              [
                -71.82433126543498,
                42.24704828910697
              ],
              [
                -71.82433114881793,
                42.24704830637097
              ],
              [
                -71.82410047580092,
                42.247091295457345
              ],
              [
                -71.82410036202279,
                42.24709132113067
              ],
              [
                -71.82387647062167,
                42.24715090162143
              ],
              [
                -71.8238763607781,
                42.24715093545684
              ],
              [
                -71.82366140703914,
                42.247226533604675
              ],
              [
                -71.8236613021879,
                42.24722657527635
              ],
              [
                -71.82345735610974,
                42.24731746308509
              ],
              [
                -71.82345725726056,
                42.24731751219174
              ],
              [
                -71.82326628286378,
                42.24742281442522
              ],
              [
                -71.82326619096861,
                42.24742287049396
              ],
              [
                -71.8230900273847,
                42.24754157310254
              ],
              [
                -71.8230899433285,
                42.24754163559343
              ],
              [
                -71.82293028709012,
                42.24767259547726
              ],
              [
                -71.82293021168239,
                42.24767266378852
              ],
              [
                -71.82278860038564,
                42.24781461980352
              ],
              [
                -71.82278853435264,
                42.2478146932773
              ],
              [
                -71.82266633184834,
                42.24796627837784
              ],
              [
                -71.82266627582602,
                42.24796635630659
              ],
              [
                -71.82261556101031,
                42.24804608653843
              ],
              [
                -71.82109399930351,
                42.24650271359557
              ],
              [
                -71.82137760415301,
                42.24627008862545
              ],
              [
                -71.82172984181997,
                42.24603274776539
              ],
              [
                -71.82211169110373,
                42.24582220075846
              ]
            ]
          ],
          [
            [
              [
                -71.828614497749,
                42.251035199532815
              ],
              [
                -71.82855191122702,
                42.25109794388813
              ],
              [
                -71.82823268267994,
                42.25135981291255
              ],
              [
                -71.82788043976089,
                42.251597173525276
              ],
              [
                -71.82749857483729,
                42.25180773952941
              ],
              [
                -71.82709076570227,
                42.251989482785625
              ],
              [
                -71.8266609401468,
                42.25214065275479
              ],
              [
                -71.82665442875613,
                42.252142385554905
              ],
              [
                -71.8251315894254,
                42.25059797131124
              ],
              [
                -71.82527877226094,
                42.25058171352696
              ],
              [
                -71.82527888888423,
                42.25058169626202
              ],
              [
                -71.82550957381827,
                42.25053870483032
              ],
              [
                -71.82550968760204,
                42.25053867915562
              ],
              [
                -71.82573358944612,
                42.25047909551053
              ],
              [
                -71.82573369929447,
                42.250479061673346
              ],
              [
                -71.82594866160105,
                42.250403459683376
              ],
              [
                -71.82594876645604,
                42.250403418009626
              ],
              [
                -71.8261527188972,
                42.250312525818565
              ],
              [
                -71.82615281774898,
                42.25031247670962
              ],
              [
                -71.82634379605963,
                42.25020716972208
              ],
              [
                -71.82634388795613,
                42.25020711365091
              ],
              [
                -71.82652005285438,
                42.250088406099216
              ],
              [
                -71.82652013691057,
                42.250088343605846
              ],
              [
                -71.82667979181323,
                42.2499573787798
              ],
              [
                -71.82667986721962,
                42.2499573104661
              ],
              [
                -71.82682147458195,
                42.24981534969973
              ],
              [
                -71.82682154061234,
                42.249815276223664
              ],
              [
                -71.82694373673472,
                42.24966368674516
              ],
              [
                -71.82694379275326,
                42.249663608814366
              ],
              [
                -71.82704540091208,
                42.249503850576325
              ],
              [
                -71.82704544637934,
                42.249503768941345
              ],
              [
                -71.82707175473695,
                42.24944908004011
              ],
              [
                -71.828614497749,
                42.251035199532815
              ]
            ]
          ]
        ]
      }
    },
    {
      "type": "Feature",
      "properties": {
        "stop_id": "1503",
        "tier": "0-200m",
        "name": "1503_0-200m"
      },
      "geometry": {
        "type": "Polygon",
        "coordinates": [
          [
            [
              -71.7971313928129,
              42.259132591873914
            ],
            [
              -71.7971346306008,
              42.259132948633415
            ],
            [
              -71.79736525125112,
              42.25917585953109
            ],
            [
              -71.79758909975855,
              42.2592353551554
            ],
            [
              -71.7978040204899,
              42.25931086257626
            ],
            [
              -71.7980079437644,
              42.2594016546711
            ],
            [
              -71.79819890578112,
              42.259506857125444
            ],
            [
              -71.79837506752791,
              42.25962545685048
            ],
            [
              -71.79842498164408,
              42.25966636450535
            ],
            [
              -71.79812012134646,
              42.26221183759884
            ],
            [
              -71.79565368809557,
              42.26253212173203
            ],
            [
              -71.79551992222818,
              42.26248512561115
            ],
            [
              -71.79531599258735,
              42.262394329141564
            ],
            [
              -71.79512502665025,
              42.262289121940356
            ],
            [
              -71.79494886357973,
              42.26217051727877
            ],
            [
              -71.79478919994148,
              42.26203965745558
            ],
            [
              -71.79472416014289,
              42.26197451301358
            ],
            [
              -71.7971313928129,
              42.259132591873914
            ]
          ]
        ]
      }
    },
    {
      "type": "Feature",
      "properties": {
        "stop_id": "1503",
        "tier": "200-400m",
        "name": "1503_200-400m"
      },
      "geometry": {
        "type": "MultiPolygon",
        "coordinates": [
          [
            [
              [
                -71.79407856647936,
                42.26273663316885
              ],
              [
                -71.79472277495846,
                42.26197614824068
              ],
              [
                -71.79478728844265,
                42.26204076552272
              ],
              [
                -71.7947873638938,
                42.262040833817764
              ],
              [
                -71.79494710749952,
                42.262171759185044
              ],
              [
                -71.79494719159956,
                42.262171821657674
              ],
              [
                -71.79512344290268,
                42.26229048572533
              ],
              [
                -71.79512353484165,
                42.26229054177385
              ],
              [
                -71.7953145964267,
                42.26239580167084
              ],
              [
                -71.79531469531916,
                42.26239585075543
              ],
              [
                -71.79551872710212,
                42.26248669270295
              ],
              [
                -71.79551883199566,
                42.26248673435088
              ],
              [
                -71.79564954871353,
                42.26253265921329
              ],
              [
                -71.79407856647936,
                42.26273663316885
              ]
            ]
          ],
          [
            [
              [
                -71.7985166151128,
                42.257571869585675
              ],
              [
                -71.7986693843087,
                42.25762554147868
              ],
              [
                -71.79842527403183,
                42.25966392307426
              ],
              [
                -71.79837682347019,
                42.25962421489116
              ],
              [
                -71.79837673937017,
                42.25962415242102
              ],
              [
                -71.79820048939278,
                42.259505493297354
              ],
              [
                -71.79820039745513,
                42.259505437251285
              ],
              [
                -71.79800933979634,
                42.25940018210829
              ],
              [
                -71.79800924090647,
                42.259400133025984
              ],
              [
                -71.79780521549942,
                42.259309295459765
              ],
              [
                -71.79780511060964,
                42.25930925381391
              ],
              [
                -71.79759008223874,
                42.25923370857681
              ],
              [
                -71.79758997235913,
                42.259233674768424
              ],
              [
                -71.79736601174159,
                42.259174149347096
              ],
              [
                -71.79736589793032,
                42.25917412370174
              ],
              [
                -71.79713516177873,
                42.259131191313145
              ],
              [
                -71.79713504513177,
                42.2591311740778
              ],
              [
                -71.79713280294185,
                42.25913092701946
              ],
              [
                -71.79846491965812,
                42.25755812985324
              ],
              [
                -71.7985166151128,
                42.257571869585675
              ]
            ]
          ]
        ]
      }
    },
    {
      "type": "Feature",
      "properties": {
        "stop_id": "1508",
        "tier": "0-200m",
        "name": "1508_0-200m"
      },
      "geometry": {
        "type": "Polygon",
        "coordinates": [
          [
            [
              -71.79950838665567,
              42.26288728478949
            ],
            [
              -71.79941673361071,
              42.26287718839763
            ],
            [
              -71.79812251587674,
              42.262212163216525
            ],
            [
              -71.7984273473675,
              42.25966692986244
            ],
            [
              -71.79852397590328,
              42.2596136923622
            ],
            [
              -71.7987278952603,
              42.259522894568875
            ],
            [
              -71.79894281288547,
              42.259447381141484
            ],
            [
              -71.79916665912798,
              42.25938787926038
            ],
            [
              -71.79939727837639,
              42.25934496191591
            ],
            [
              -71.79963244981278,
              42.25931904239189
            ],
            [
              -71.79986990879374,
              42.25931037028676
            ],
            [
              -71.80010736865297,
              42.25931902911061
            ],
            [
              -71.80034254271575,
              42.259344935481245
            ],
            [
              -71.8005731663134,
              42.25938783992688
            ],
            [
              -71.80079701858605,
              42.25944732928791
            ],
            [
              -71.8010119438643,
              42.25952283069456
            ],
            [
              -71.80121587242363,
              42.25961361708221
            ],
            [
              -71.8014068404122,
              42.25971881419134
            ],
            [
              -71.80158300876036,
              42.25983740898457
            ],
            [
              -71.80174268088972,
              42.259968259400324
            ],
            [
              -71.80188431905135,
              42.26011010534866
            ],
            [
              -71.80189375556868,
              42.260121798770506
            ],
            [
              -71.80209145249513,
              42.26074940905242
            ],
            [
              -71.79950838665567,
              42.26288728478949
            ]
          ]
        ]
      }
    },
    {
      "type": "Feature",
      "properties": {
        "stop_id": "1508",
        "tier": "200-400m",
        "name": "1508_200-400m"
      },
      "geometry": {
        "type": "MultiPolygon",
        "coordinates": [
          [
            [
              [
                -71.80111008532103,
                42.257633826265774
              ],
              [
                -71.80189194623419,
                42.26011605478302
              ],
              [
                -71.80188636738998,
                42.26010914166247
              ],
              [
                -71.80188630130777,
                42.260109068206894
              ],
              [
                -71.80174459220419,
                42.25996715121688
              ],
              [
                -71.80174451674797,
                42.25996708292638
              ],
              [
                -71.80158476464558,
                42.25983616697618
              ],
              [
                -71.8015846805421,
                42.25983610450841
              ],
              [
                -71.80140842396003,
                42.259717450318995
              ],
              [
                -71.80140833201924,
                42.2597173942755
              ],
              [
                -71.80121726838559,
                42.2596121444804
              ],
              [
                -71.80121716949289,
                42.25961209540087
              ],
              [
                -71.80101313879838,
                42.259521263544706
              ],
              [
                -71.80101303390614,
                42.25952122190178
              ],
              [
                -71.80079800098605,
                42.259445682681886
              ],
              [
                -71.80079789110437,
                42.259445648876586
              ],
              [
                -71.80057392671971,
                42.25938612972167
              ],
              [
                -71.80057381290675,
                42.25938610407951
              ],
              [
                -71.8003430738064,
                42.259343178146196
              ],
              [
                -71.80034295715818,
                42.25934316091412
              ],
              [
                -71.80010766531407,
                42.2593172415689
              ],
              [
                -71.80010754695385,
                42.259317232912856
              ],
              [
                -71.79986996816868,
                42.259308569752434
              ],
              [
                -71.79986984923627,
                42.25930856975576
              ],
              [
                -71.79963227132983,
                42.2593172462041
              ],
              [
                -71.7996321529705,
                42.25931725486677
              ],
              [
                -71.79939686375408,
                42.259343187371975
              ],
              [
                -71.79939674710762,
                42.259343204610566
              ],
              [
                -71.79916601235865,
                42.259386143449184
              ],
              [
                -71.79916589854831,
                42.25938616909769
              ],
              [
                -71.79894194019683,
                42.259445700778954
              ],
              [
                -71.79894183031858,
                42.259445734590415
              ],
              [
                -71.7987268050554,
                42.25952128583707
              ],
              [
                -71.79872670016736,
                42.25952132748586
              ],
              [
                -71.79852267867977,
                42.25961217075341
              ],
              [
                -71.79852257979205,
                42.25961221983846
              ],
              [
                -71.79842763480202,
                42.25966452978995
              ],
              [
                -71.79867175756645,
                42.2576260432965
              ],
              [
                -71.79892434637613,
                42.257579037310364
              ],
              [
                -71.79939479410368,
                42.25752718672178
              ],
              [
                -71.79986981754907,
                42.25750983865511
              ],
              [
                -71.80034484275123,
                42.25752716015363
              ],
              [
                -71.80081529573216,
                42.25757898442985
              ],
              [
                -71.80111008532103,
                42.257633826265774
              ]
            ]
          ],
          [
            [
              [
                -71.79942124276205,
                42.26287950534499
              ],
              [
                -71.79950644564305,
                42.26288889119307
              ],
              [
                -71.79948080600815,
                42.262910110828706
              ],
              [
                -71.79942124276205,
                42.26287950534499
              ]
            ]
          ]
        ]
      }
    },
    {
      "type": "Feature",
      "properties": {
        "stop_id": "1125;1163;1162",
        "tier": "0-200m",
        "name": "1125;1163;1162_0-200m"
      },
      "geometry": {
        "type": "Polygon",
        "coordinates": [
          [
            [
              -71.75659913710925,
              42.24180601244833
            ],
            [
              -71.75683062490485,
              42.24183160965042
            ],
            [
              -71.75706115519647,
              42.24187460170538
            ],
            [
              -71.75728490464023,
              42.24193417615524
            ],
            [
              -71.75749971855673,
              42.242009759310875
            ],
            [
              -71.7577035282936,
              42.242100623320376
            ],
            [
              -71.75789437114311,
              42.24220589317671
            ],
            [
              -71.75807040924046,
              42.24232455514194
            ],
            [
              -71.7582299472614,
              42.24245546650757
            ],
            [
              -71.7583714487483,
              42.242597366596584
            ],
            [
              -71.75849355090793,
              42.24274888890188
            ],
            [
              -71.75859507773792,
              42.24290857424374
            ],
            [
              -71.75867505135601,
              42.243074884820174
            ],
            [
              -71.75873270142218,
              42.24324621901463
            ],
            [
              -71.75876747256332,
              42.24342092681874
            ],
            [
              -71.75877902972832,
              42.243597325721474
            ],
            [
              -71.75876726142195,
              42.24377371691189
            ],
            [
              -71.7587322807861,
              42.24394840163931
            ],
            [
              -71.75871372320128,
              42.24400334546765
            ],
            [
              -71.75705147420612,
              42.245320285790484
            ],
            [
              -71.75682840412952,
              42.24536172004
            ],
            [
              -71.75659326704651,
              42.24538755186222
            ],
            [
              -71.7563558543904,
              42.2453961343942
            ],
            [
              -71.75611845276829,
              42.24538738497454
            ],
            [
              -71.75588334868094,
              42.245361387872016
            ],
            [
              -71.75565280649512,
              42.24531839347379
            ],
            [
              -71.75542904662942,
              42.24525881587315
            ],
            [
              -71.75521422416372,
              42.24518322888033
            ],
            [
              -71.75501040807895,
              42.24509236049465
            ],
            [
              -71.75481956132678,
              42.24498708589137
            ],
            [
              -71.75464352192198,
              42.244868418990805
            ],
            [
              -71.75448398523906,
              42.24473750269118
            ],
            [
              -71.7543424876842,
              42.24459559785904
            ],
            [
              -71.75422039189957,
              42.24444407118382
            ],
            [
              -71.7541188736425,
              42.244284382013156
            ],
            [
              -71.75403891046585,
              42.24411806829616
            ],
            [
              -71.75398127230834,
              42.24394673177011
            ],
            [
              -71.75394651408546,
              42.24377202253294
            ],
            [
              -71.75393497035186,
              42.24359562315076
            ],
            [
              -71.75394675208662,
              42.24341923245295
            ],
            [
              -71.75398174563179,
              42.24324454917124
            ],
            [
              -71.75399208950815,
              42.2432139306834
            ],
            [
              -71.75659913710925,
              42.24180601244833
            ]
          ]
        ]
      }
    },
    {
      "type": "Feature",
      "properties": {
        "stop_id": "1125;1163;1162",
        "tier": "200-400m",
        "name": "1125;1163;1162_200-400m"
      },
      "geometry": {
        "type": "MultiPolygon",
        "coordinates": [
          [
            [
              [
                -71.75292911672575,
                42.246140949096905
              ],
              [
                -71.75260996479551,
                42.245879045989845
              ],
              [
                -71.75232690275256,
                42.24559516050531
              ],
              [
                -71.75208265641238,
                42.245292026889054
              ],
              [
                -71.75187957763323,
                42.244972564735356
              ],
              [
                -71.75171962168058,
                42.244639850860004
              ],
              [
                -71.75166313639644,
                42.2444719233716
              ],
              [
                -71.75166303367152,
                42.2444716179755
              ],
              [
                -71.7539890335946,
                42.24321558093688
              ],
              [
                -71.7539793808268,
                42.24324415369828
              ],
              [
                -71.75397935757172,
                42.243244240340175
              ],
              [
                -71.75394434649341,
                42.243419011111925
              ],
              [
                -71.75394433477962,
                42.24341909903028
              ],
              [
                -71.75393254713721,
                42.24359557807379
              ],
              [
                -71.75393254707758,
                42.24359566642189
              ],
              [
                -71.75394409658617,
                42.243772154154605
              ],
              [
                -71.75394410818141,
                42.24377224208164
              ],
              [
                -71.7539788838066,
                42.24394703882329
              ],
              [
                -71.75397890694512,
                42.243947125482435
              ],
              [
                -71.75403657396494,
                42.24411854782422
              ],
              [
                -71.75403660842399,
                42.24411863238091
              ],
              [
                -71.75411661164527,
                42.24428502939831
              ],
              [
                -71.75411665709309,
                42.244285111038195
              ],
              [
                -71.75421822619164,
                42.24444488019171
              ],
              [
                -71.7542182821906,
                42.244444958128526
              ],
              [
                -71.75434043912416,
                42.24459656069863
              ],
              [
                -71.754340505135,
                42.24459663418177
              ],
              [
                -71.75448207355748,
                42.244738610089854
              ],
              [
                -71.75448214894453,
                42.24473867841159
              ],
              [
                -71.75464176553135,
                42.244869660283626
              ],
              [
                -71.7546418495686,
                42.244869722785964
              ],
              [
                -71.75481797714404,
                42.24498844912375
              ],
              [
                -71.7548180690222,
                42.24498850520474
              ],
              [
                -71.75500901136263,
                42.24509383253758
              ],
              [
                -71.75500911019682,
                42.245093881657056
              ],
              [
                -71.75521302836682,
                42.24518479555668
              ],
              [
                -71.75521313320517,
                42.245184837241595
              ],
              [
                -71.75542806326979,
                42.24526046209436
              ],
              [
                -71.7554281731026,
                42.245260495943214
              ],
              [
                -71.75565204504447,
                42.2453201033851
              ],
              [
                -71.75565215881393,
                42.245320129071885
              ],
              [
                -71.75588281647363,
                42.2453631450052
              ],
              [
                -71.75588293308398,
                42.24536316228253
              ],
              [
                -71.75611815493056,
                42.245389172406504
              ],
              [
                -71.7561182732587,
                42.245389181107974
              ],
              [
                -71.75635579379104,
                42.24539793491006
              ],
              [
                -71.7563559126973,
                42.245397934951846
              ],
              [
                -71.75659344426916,
                42.245389348121044
              ],
              [
                -71.75659356260833,
                42.245389339502765
              ],
              [
                -71.7568288174671,
                42.24536349474185
              ],
              [
                -71.75682893409939,
                42.24536347754651
              ],
              [
                -71.75704841408138,
                42.24532271014464
              ],
              [
                -71.75675211811244,
                42.24555744648195
              ],
              [
                -71.75374237835523,
                42.24662430933949
              ],
              [
                -71.75366307800881,
                42.24658895395667
              ],
              [
                -71.75328128501297,
                42.24637834727206
              ],
              [
                -71.75292911672575,
                42.246140949096905
              ]
            ]
          ],
          [
            [
              [
                -71.75892691385668,
                42.24054880921537
              ],
              [
                -71.75905066730878,
                42.240603981188514
              ],
              [
                -71.75943244468613,
                42.2408145688758
              ],
              [
                -71.75978460774093,
                42.2410519472998
              ],
              [
                -71.76010376502589,
                42.2413138306609
              ],
              [
                -71.76038684280492,
                42.24159769716349
              ],
              [
                -71.76063111465781,
                42.241900813291295
              ],
              [
                -71.76083422774587,
                42.24222026012206
              ],
              [
                -71.76086956780652,
                42.24229374700918
              ],
              [
                -71.76087008388,
                42.24229482014223
              ],
              [
                -71.75871713445595,
                42.24400064277137
              ],
              [
                -71.75873464564708,
                42.24394879701422
              ],
              [
                -71.75873466889593,
                42.24394871037136
              ],
              [
                -71.75876966704547,
                42.24377393815173
              ],
              [
                -71.75876967875266,
                42.243773850232884
              ],
              [
                -71.75878145294648,
                42.24359737069604
              ],
              [
                -71.75878145299933,
                42.24359728234792
              ],
              [
                -71.75876989003915,
                42.243420795095375
              ],
              [
                -71.75876987843728,
                42.24342070716882
              ],
              [
                -71.7587350898744,
                42.24324591186239
              ],
              [
                -71.75873506672964,
                42.24324582520417
              ],
              [
                -71.75867738778327,
                42.24307440519751
              ],
              [
                -71.75867735331857,
                42.2430743206422
              ],
              [
                -71.75859733964018,
                42.24290792677008
              ],
              [
                -71.75859729418758,
                42.242907845131946
              ],
              [
                -71.75849571650319,
                42.242748079813
              ],
              [
                -71.75849566050047,
                42.24274800187825
              ],
              [
                -71.75837349718235,
                42.24259640368463
              ],
              [
                -71.7583734311689,
                42.24259633020379
              ],
              [
                -71.75823185880847,
                42.24245435904596
              ],
              [
                -71.75823178342009,
                42.24245429072665
              ],
              [
                -71.75807216549326,
                42.24232331379605
              ],
              [
                -71.758072081456,
                42.24232325129619
              ],
              [
                -71.75789595518997,
                42.24220452990114
              ],
              [
                -71.75789586331312,
                42.2422044738226
              ],
              [
                -71.75770492488122,
                42.24209915124385
              ],
              [
                -71.75770482604962,
                42.242099102126666
              ],
              [
                -71.75750091423706,
                42.24200819260977
              ],
              [
                -71.75750080940247,
                42.242008150926935
              ],
              [
                -71.7572858878999,
                42.241932529917136
              ],
              [
                -71.75728577807186,
                42.241932496070035
              ],
              [
                -71.75706191656758,
                42.24187289178368
              ],
              [
                -71.75706180280373,
                42.241872866098284
              ],
              [
                -71.75683115705613,
                42.24182985251176
              ],
              [
                -71.75683104045201,
                42.24182983523538
              ],
              [
                -71.75660193489675,
                42.24180450145666
              ],
              [
                -71.75892691385668,
                42.24054880921537
              ]
            ]
          ]
        ]
      }
    },
    {
      "type": "Feature",
      "properties": {
        "stop_id": "1134;1153",
        "tier": "0-200m",
        "name": "1134;1153_0-200m"
      },
      "geometry": {
        "type": "Polygon",
        "coordinates": [
          [
            [
              -71.77213403844594,
              42.249019304033055
            ],
            [
              -71.77219382428085,
              42.24898638068255
            ],
            [
              -71.77239774715831,
              42.24889562953746
            ],
            [
              -71.77261266010035,
              42.24882016531051
            ],
            [
              -71.77283649350125,
              42.24876071470831
            ],
            [
              -71.77306709187333,
              42.248717850227415
            ],
            [
              -71.77330223459968,
              42.24869198464256
            ],
            [
              -71.77353965731335,
              42.24868336703284
            ],
            [
              -71.77377707369723,
              42.24869208038357
            ],
            [
              -71.7739709413009,
              42.24871348565986
            ],
            [
              -71.77494104529138,
              42.25194832013379
            ],
            [
              -71.77488423929152,
              42.25197960315418
            ],
            [
              -71.7746803100429,
              42.252070358671205
            ],
            [
              -71.77446538853037,
              42.25214582672935
            ],
            [
              -71.774241544689,
              42.25220528047476
            ],
            [
              -71.77401093440768,
              42.25224814729011
            ],
            [
              -71.77377577876102,
              42.252274014310935
            ],
            [
              -71.77360385993028,
              42.25228025440551
            ],
            [
              -71.77213403844594,
              42.249019304033055
            ]
          ]
        ]
      }
    },
    {
      "type": "Feature",
      "properties": {
        "stop_id": "1134;1153",
        "tier": "200-400m",
        "name": "1134;1153_200-400m"
      },
      "geometry": {
        "type": "MultiPolygon",
        "coordinates": [
          [
            [
              [
                -71.77342326054678,
                42.246887080991215
              ],
              [
                -71.7739703767397,
                42.24871160301819
              ],
              [
                -71.77377737105196,
                42.24869029290675
              ],
              [
                -71.77377725271522,
                42.24869028422351
              ],
              [
                -71.77353971742718,
                42.248681566508914
              ],
              [
                -71.77353959851474,
                42.24868156648493
              ],
              [
                -71.77330205689378,
                42.248690188410585
              ],
              [
                -71.7733019385507,
                42.24869019704611
              ],
              [
                -71.77306667805871,
                42.2487160755851
              ],
              [
                -71.77306656142466,
                42.24871609279695
              ],
              [
                -71.77283584756249,
                42.24875897874553
              ],
              [
                -71.77283573376057,
                42.24875900436797
              ],
              [
                -71.77261178825711,
                42.248818484744646
              ],
              [
                -71.77261167838326,
                42.248818518530925
              ],
              [
                -71.77239665780556,
                42.2488940205525
              ],
              [
                -71.77239655291784,
                42.24889406217729
              ],
              [
                -71.77219252790803,
                42.24898485877325
              ],
              [
                -71.7721924290165,
                42.24898490783569
              ],
              [
                -71.77213322917595,
                42.249017508486
              ],
              [
                -71.77134795734509,
                42.247275155804346
              ],
              [
                -71.77168590493446,
                42.247156489814955
              ],
              [
                -71.77213367339662,
                42.24703756197975
              ],
              [
                -71.77259497371989,
                42.246951813885055
              ],
              [
                -71.77306536401619,
                42.246900071197395
              ],
              [
                -71.77342326054678,
                42.246887080991215
              ]
            ]
          ],
          [
            [
              [
                -71.77439007729336,
                42.254024412260655
              ],
              [
                -71.77360465942421,
                42.25228202806816
              ],
              [
                -71.77377595649041,
                42.25227581054106
              ],
              [
                -71.7737760748401,
                42.25227580190505
              ],
              [
                -71.77401134827183,
                42.25224992192791
              ],
              [
                -71.77401146491216,
                42.25224990471511
              ],
              [
                -71.77424219070144,
                42.252207016428585
              ],
              [
                -71.77424230450899,
                42.252206990804765
              ],
              [
                -71.77446626046861,
                42.25214750728015
              ],
              [
                -71.77446637034726,
                42.252147473492094
              ],
              [
                -71.77468139950832,
                42.25207196763359
              ],
              [
                -71.77468150439981,
                42.252071926006735
              ],
              [
                -71.77488553579036,
                42.25198112503228
              ],
              [
                -71.77488563468448,
                42.251981075967535
              ],
              [
                -71.77494162218407,
                42.2519502436947
              ],
              [
                -71.77505675637806,
                42.25233413873577
              ],
              [
                -71.77471092047323,
                42.25397183399932
              ],
              [
                -71.77471087649302,
                42.25397184217456
              ],
              [
                -71.77448313152182,
                42.25401417617245
              ],
              [
                -71.77439007729336,
                42.254024412260655
              ]
            ]
          ]
        ]
      }
    },
    {
      "type": "Feature",
      "properties": {
        "stop_id": "21;28",
        "tier": "0-200m",
        "name": "21;28_0-200m"
      },
      "geometry": {
        "type": "Polygon",
        "coordinates": [
          [
            [
              -71.7935251383836,
              42.261516968783944
            ],
            [
              -71.79349744947203,
              42.261515957593296
            ],
            [
              -71.79326227014448,
              42.26149003719676
            ],
            [
              -71.7930316438434,
              42.2614471180662
            ],
            [
              -71.79280779179766,
              42.26138761356997
            ],
            [
              -71.79259286997512,
              42.261312096814244
            ],
            [
              -71.79238894831379,
              42.261221295121864
            ],
            [
              -71.7921979907824,
              42.26111608302577
            ],
            [
              -71.7920218364628,
              42.26099747384431
            ],
            [
              -71.79186218183638,
              42.26086660991984
            ],
            [
              -71.79172056444541,
              42.26072475161458
            ],
            [
              -71.7915983480863,
              42.2605732651699
            ],
            [
              -71.79149670967769,
              42.26041360954606
            ],
            [
              -71.7914166279296,
              42.2602473223692
            ],
            [
              -71.79135887392273,
              42.26007600512105
            ],
            [
              -71.79132400368822,
              42.25990130771402
            ],
            [
              -71.79131235285936,
              42.25972491260033
            ],
            [
              -71.7913240334465,
              42.259548518568394
            ],
            [
              -71.79135893276569,
              42.2593738243821
            ],
            [
              -71.79141671453131,
              42.25920251242125
            ],
            [
              -71.79146516549498,
              42.259101942470274
            ],
            [
              -71.79358286863638,
              42.25793092083579
            ],
            [
              -71.7937350832233,
              42.25792536987478
            ],
            [
              -71.7939725370463,
              42.25793404140228
            ],
            [
              -71.79420770345112,
              42.25795996035844
            ],
            [
              -71.79443831784278,
              42.2580028771503
            ],
            [
              -71.79466215945007,
              42.25806237849935
            ],
            [
              -71.79487707270627,
              42.2581378914204
            ],
            [
              -71.79508098800257,
              42.258228688737944
            ],
            [
              -71.79527194161486,
              42.25833389608715
            ],
            [
              -71.79539707883663,
              42.25841815135931
            ],
            [
              -71.7935251383836,
              42.261516968783944
            ]
          ]
        ]
      }
    },
    {
      "type": "Feature",
      "properties": {
        "stop_id": "21;28",
        "tier": "200-400m",
        "name": "21;28_200-400m"
      },
      "geometry": {
        "type": "MultiPolygon",
        "coordinates": [
          [
            [
              [
                -71.79250636633557,
                42.26320330688967
              ],
              [
                -71.79249216298409,
                42.26320066366003
              ],
              [
                -71.79232789711475,
                42.26317009380056
              ],
              [
                -71.79188007045894,
                42.26305105185519
              ],
              [
                -71.79145011059623,
                42.26289997668295
              ],
              [
                -71.79104215876882,
                42.26271832344131
              ],
              [
                -71.79066014414262,
                42.26250784180248
              ],
              [
                -71.7903077459531,
                42.26227055909326
              ],
              [
                -71.78998835806358,
                42.262008760760395
              ],
              [
                -71.78970505627758,
                42.261724968349405
              ],
              [
                -71.78946056872003,
                42.26142191520992
              ],
              [
                -71.78925724957273,
                42.26110252016141
              ],
              [
                -71.7890970564163,
                42.26076985937373
              ],
              [
                -71.78899523089207,
                42.26046777858299
              ],
              [
                -71.78899518933339,
                42.26046765529229
              ],
              [
                -71.79146165630435,
                42.25910388287107
              ],
              [
                -71.79141441236781,
                42.25920194737704
              ],
              [
                -71.7914143778366,
                42.25920203191913
              ],
              [
                -71.7913565671248,
                42.25937342968104
              ],
              [
                -71.79135654391496,
                42.25937351633028
              ],
              [
                -71.79132162710985,
                42.25954829801208
              ],
              [
                -71.79132161544497,
                42.25954838593399
              ],
              [
                -71.79130992900082,
                42.259724868313306
              ],
              [
                -71.79130992899336,
                42.25972495666118
              ],
              [
                -71.79132158565083,
                42.25990144012325
              ],
              [
                -71.79132159730094,
                42.25990152804625
              ],
              [
                -71.79135648499387,
                42.26007631295186
              ],
              [
                -71.79135650818945,
                42.26007639960323
              ],
              [
                -71.79141429111667,
                42.26024780265743
              ],
              [
                -71.79141432563442,
                42.26024788720265
              ],
              [
                -71.7914944474865,
                42.26041425766664
              ],
              [
                -71.79149449299409,
                42.26041433929148
              ],
              [
                -71.7915961823044,
                42.260574074881355
              ],
              [
                -71.79159623836364,
                42.2605741527997
              ],
              [
                -71.79171851593209,
                42.26072571511912
              ],
              [
                -71.79171858200314,
                42.26072578858053
              ],
              [
                -71.79186027032173,
                42.260867717938424
              ],
              [
                -71.79186034576834,
                42.26086778623541
              ],
              [
                -71.79202008035769,
                42.26099871570604
              ],
              [
                -71.79202016445328,
                42.26099877818081
              ],
              [
                -71.7921964070011,
                42.261117446770584
              ],
              [
                -71.79219649893577,
                42.26111750282146
              ],
              [
                -71.79238755211091,
                42.26122276761579
              ],
              [
                -71.79238765099927,
                42.261222816702926
              ],
              [
                -71.79259167479873,
                42.26131366387587
              ],
              [
                -71.79259177968838,
                42.261313705526476
              ],
              [
                -71.79280680915961,
                42.26138926010698
              ],
              [
                -71.79280691904039,
                42.26138929391993
              ],
              [
                -71.7930308832085,
                42.261448828220786
              ],
              [
                -71.79303099702211,
                42.26144885387041
              ],
              [
                -71.79326173883919,
                42.26149179449836
              ],
              [
                -71.79326185548946,
                42.261491811737635
              ],
              [
                -71.79349715261392,
                42.2615177451172
              ],
              [
                -71.79349727097735,
                42.261517753780076
              ],
              [
                -71.79352407285019,
                42.26151873257647
              ],
              [
                -71.79250636633557,
                42.26320330688967
              ]
            ]
          ],
          [
            [
              [
                -71.79539812232052,
                42.258416423878444
              ],
              [
                -71.79527352526023,
                42.2583325322992
              ],
              [
                -71.79527343332688,
                42.25833247625077
              ],
              [
                -71.79508238407672,
                42.25822721621044
              ],
              [
                -71.79508228519096,
                42.25822716712561
              ],
              [
                -71.79487826776611,
                42.25813632433409
              ],
              [
                -71.7948781628802,
                42.25813628268554
              ],
              [
                -71.79466314198818,
                42.258060731945484
              ],
              [
                -71.7946630321122,
                42.2580606981343
              ],
              [
                -71.79443907839823,
                42.258001166985345
              ],
              [
                -71.79443896459026,
                42.2580011413371
              ],
              [
                -71.79420823470048,
                42.257958203051366
              ],
              [
                -71.79420811805649,
                42.25795818581307
              ],
              [
                -71.79397283387418,
                42.25793225387601
              ],
              [
                -71.7939727155174,
                42.25793224521362
              ],
              [
                -71.79373514277148,
                42.25792356934321
              ],
              [
                -71.79373502384166,
                42.257923569340164
              ],
              [
                -71.79358635872391,
                42.25792899086153
              ],
              [
                -71.7960530921448,
                42.25656486232223
              ],
              [
                -71.79641829975961,
                42.2567274767874
              ],
              [
                -71.79539812232052,
                42.258416423878444
              ]
            ]
          ]
        ]
      }
    },
    {
      "type": "Feature",
      "properties": {
        "stop_id": "1131;1158",
        "tier": "0-200m",
        "name": "1131;1158_0-200m"
      },
      "geometry": {
        "type": "Polygon",
        "coordinates": [
          [
            [
              -71.76683023137286,
              42.25172540202545
            ],
            [
              -71.76669521980642,
              42.25183599263714
            ],
            [
              -71.76651902615146,
              42.25195454884562
            ],
            [
              -71.7663280387529,
              42.25205970348217
            ],
            [
              -71.76612409698038,
              42.25215044378181
            ],
            [
              -71.76590916499642,
              42.252225895802944
            ],
            [
              -71.765685312837,
              42.25228533284618
            ],
            [
              -71.76545469647112,
              42.25232818245505
            ],
            [
              -71.76521953703202,
              42.2523540319308
            ],
            [
              -71.76498209941973,
              42.2523626323082
            ],
            [
              -71.76474467048168,
              42.25235390075397
            ],
            [
              -71.7645095369818,
              42.252327921364824
            ],
            [
              -71.76427896357023,
              42.25228494435729
            ],
            [
              -71.7640551709663,
              42.25222538365718
            ],
            [
              -71.76384031456531,
              42.252149812911966
            ],
            [
              -71.76363646367501,
              42.252058959964494
            ],
            [
              -71.7634455815824,
              42.251953699841316
            ],
            [
              -71.76326950664262,
              42.251835046323315
            ],
            [
              -71.76310993457247,
              42.25170414217983
            ],
            [
              -71.76296840211897,
              42.2515622481604
            ],
            [
              -71.76284627226042,
              42.251410730850296
            ],
            [
              -71.76274472108229,
              42.25125104950697
            ],
            [
              -71.7626647264545,
              42.25108474200424
            ],
            [
              -71.76260705861864,
              42.25091341001948
            ],
            [
              -71.762572272776,
              42.25073870360697
            ],
            [
              -71.76256070374717,
              42.25056230530562
            ],
            [
              -71.76257150094808,
              42.25040034158369
            ],
            [
              -71.76463542979057,
              42.248784173702276
            ],
            [
              -71.76474647640426,
              42.24877196704825
            ],
            [
              -71.76498390058133,
              42.24876336715178
            ],
            [
              -71.7652213160865,
              42.24877209821474
            ],
            [
              -71.7654564366721,
              42.2487980761593
            ],
            [
              -71.76568699818424,
              42.24884105082443
            ],
            [
              -71.7659107803609,
              42.24890060837437
            ],
            [
              -71.7661256282075,
              42.248976175282685
            ],
            [
              -71.76632947274504,
              42.249067023854
            ],
            [
              -71.76652035093065,
              42.2491722792299
            ],
            [
              -71.7666964245593,
              42.24929092781195
            ],
            [
              -71.7668559979646,
              42.249421827020505
            ],
            [
              -71.76686585788623,
              42.24943171155217
            ],
            [
              -71.76683023137286,
              42.25172540202545
            ]
          ]
        ]
      }
    },
    {
      "type": "Feature",
      "properties": {
        "stop_id": "1131;1158",
        "tier": "200-400m",
        "name": "1131;1158_200-400m"
      },
      "geometry": {
        "type": "MultiPolygon",
        "coordinates": [
          [
            [
              [
                -71.76679645104713,
                42.25390007580531
              ],
              [
                -71.76638801562183,
                42.254008523496225
              ],
              [
                -71.76592665546407,
                42.25409424651059
              ],
              [
                -71.7654562058729,
                42.254145959844784
              ],
              [
                -71.76498119827983,
                42.25416316538844
              ],
              [
                -71.764506208042,
                42.254145697415034
              ],
              [
                -71.76403581034931,
                42.254093724179036
              ],
              [
                -71.76357453613304,
                42.25400774629438
              ],
              [
                -71.76312682840187,
                42.25388859191008
              ],
              [
                -71.76269699942696,
                42.25373740872962
              ],
              [
                -71.76228918918932,
                42.25355565295077
              ],
              [
                -71.76190732549054,
                42.25334507523332
              ],
              [
                -71.76155508611191,
                42.25310770382937
              ],
              [
                -71.76123586338662,
                42.252845825039806
              ],
              [
                -71.76095273152698,
                42.25256196118493
              ],
              [
                -71.76070841702095,
                42.25225884630224
              ],
              [
                -71.76053872206194,
                42.25199199992877
              ],
              [
                -71.7625689408369,
                42.250402346214585
              ],
              [
                -71.76255828025971,
                42.250562260410945
              ],
              [
                -71.76255828021213,
                42.250562348758955
              ],
              [
                -71.76256985502863,
                42.25073883541028
              ],
              [
                -71.76256986663711,
                42.250738923336336
              ],
              [
                -71.76260466989591,
                42.25091371725193
              ],
              [
                -71.76260469304876,
                42.250913803909235
              ],
              [
                -71.7626623897618,
                42.25108522170742
              ],
              [
                -71.76266242423617,
                42.25108530626142
              ],
              [
                -71.76274245892432,
                42.25125169706148
              ],
              [
                -71.76274250438826,
                42.25125177869784
              ],
              [
                -71.76284410642437,
                42.25141154002007
              ],
              [
                -71.7628441624401,
                42.251411617952584
              ],
              [
                -71.76296635346468,
                42.25156321115289
              ],
              [
                -71.76296641949278,
                42.25156328463098
              ],
              [
                -71.76310802283137,
                42.25170524972094
              ],
              [
                -71.76310809823603,
                42.25170531803693
              ],
              [
                -71.76326775022777,
                42.25183628774672
              ],
              [
                -71.7632678342828,
                42.25183635024267
              ],
              [
                -71.76344399741103,
                42.25195506319119
              ],
              [
                -71.76344408930693,
                42.2519551192652
              ],
              [
                -71.76363506700551,
                42.25206043211067
              ],
              [
                -71.76363516585728,
                42.252060481222664
              ],
              [
                -71.76383911885021,
                42.25215137967638
              ],
              [
                -71.76383922370579,
                42.25215142135335
              ],
              [
                -71.76405418772269,
                42.252227029950376
              ],
              [
                -71.7640542975722,
                42.25222706379093
              ],
              [
                -71.7642782022687,
                42.252286654323804
              ],
              [
                -71.76427831605419,
                42.252286680002015
              ],
              [
                -71.76450900495527,
                42.252329678535915
              ],
              [
                -71.7645091215808,
                42.25232969580445
              ],
              [
                -71.76474437285464,
                42.25235568820618
              ],
              [
                -71.76474449119698,
                42.252355696898746
              ],
              [
                -71.76498203905892,
                42.25236443282645
              ],
              [
                -71.76498215797828,
                42.252364432859295
              ],
              [
                -71.76521971451885,
                42.25235582817413
              ],
              [
                -71.76521983286987,
                42.25235581954696
              ],
              [
                -71.76545511009593,
                42.252329957123685
              ],
              [
                -71.76545522673872,
                42.25232993991958
              ],
              [
                -71.76568595861562,
                42.25228706884816
              ],
              [
                -71.76568607242677,
                42.252287043232826
              ],
              [
                -71.76591003670862,
                42.25222757641876
              ],
              [
                -71.76591014659196,
                42.252227542638906
              ],
              [
                -71.76612518622969,
                42.25215205282543
              ],
              [
                -71.76612529112694,
                42.2521520112064
              ],
              [
                -71.76632933504766,
                42.25206122545695
              ],
              [
                -71.76632943394854,
                42.25206117639957
              ],
              [
                -71.76652051700583,
                42.25195596909356
              ],
              [
                -71.76652060895782,
                42.251955913070354
              ],
              [
                -71.76669689086071,
                42.25183729748009
              ],
              [
                -71.76669697497826,
                42.2518372350306
              ],
              [
                -71.7668301892066,
                42.251728116654895
              ],
              [
                -71.76679645104713,
                42.25390007580531
              ]
            ]
          ],
          [
            [
              [
                -71.76689898862433,
                42.247258483751494
              ],
              [
                -71.76689960752037,
                42.247258701431434
              ],
              [
                -71.76686590413408,
                42.24942873393361
              ],
              [
                -71.76685790957116,
                42.249420719416456
              ],
              [
                -71.76685783416518,
                42.24942065110291
              ],
              [
                -71.76669818083627,
                42.249289686335466
              ],
              [
                -71.76669809678124,
                42.249289623842
              ],
              [
                -71.76652193496611,
                42.24917091583684
              ],
              [
                -71.76652184307153,
                42.249170859765286
              ],
              [
                -71.76633086928582,
                42.24906555167422
              ],
              [
                -71.76633077043665,
                42.24906550256453
              ],
              [
                -71.76612682380602,
                42.24897460849356
              ],
              [
                -71.76612671895421,
                42.24897456681866
              ],
              [
                -71.76591176350453,
                42.24889896206431
              ],
              [
                -71.7659116536598,
                42.248898928225515
              ],
              [
                -71.76568775940623,
                42.24883934084753
              ],
              [
                -71.76568764562639,
                42.24883931517072
              ],
              [
                -71.7654569686426,
                42.24879631898273
              ],
              [
                -71.7654568520233,
                42.248796301715146
              ],
              [
                -71.76522161368318,
                42.248770310760165
              ],
              [
                -71.76522149534748,
                42.2487703020681
              ],
              [
                -71.7649839609386,
                42.2487615666324
              ],
              [
                -71.764983842026,
                42.248761566599555
              ],
              [
                -71.76474629894088,
                42.24877017080307
              ],
              [
                -71.76474618059649,
                42.248770179429755
              ],
              [
                -71.76463813365673,
                42.248782056350066
              ],
              [
                -71.76666854438382,
                42.24719201757164
              ],
              [
                -71.76667094472998,
                42.24719265639805
              ],
              [
                -71.76683897659028,
                42.24723737612002
              ],
              [
                -71.76689898862433,
                42.247258483751494
              ]
            ]
          ]
        ]
      }
    },
    {
      "type": "Feature",
      "properties": {
        "stop_id": "1135;1152",
        "tier": "0-200m",
        "name": "1135;1152_0-200m"
      },
      "geometry": {
        "type": "Polygon",
        "coordinates": [
          [
            [
              -71.77530976945285,
              42.251976243464036
            ],
            [
              -71.77513746595564,
              42.25196992249118
            ],
            [
              -71.77494358798506,
              42.251948519198294
            ],
            [
              -71.7739734838616,
              42.24871368474596
            ],
            [
              -71.77403028738053,
              42.24868240215863
            ],
            [
              -71.77423420664614,
              42.24859164774288
            ],
            [
              -71.77444911636701,
              42.248516180070126
            ],
            [
              -71.7746729469685,
              42.24845672588018
            ],
            [
              -71.77490354298979,
              42.24841385770409
            ],
            [
              -71.77513868383666,
              42.248387988352256
            ],
            [
              -71.77537610516022,
              42.248379366939965
            ],
            [
              -71.77561352065678,
              42.248388076489206
            ],
            [
              -71.77584864407869,
              42.24841403312928
            ],
            [
              -71.77607921124489,
              42.24845698690438
            ],
            [
              -71.77630300183883,
              42.2485165241798
            ],
            [
              -71.77651786078495,
              42.24859207162442
            ],
            [
              -71.77672171899734,
              42.24868290173028
            ],
            [
              -71.77691261330153,
              42.248788139816774
            ],
            [
              -71.7770887053373,
              42.24890677245197
            ],
            [
              -71.77724829926106,
              42.249037657209776
            ],
            [
              -71.77733025819789,
              42.24911980015354
            ],
            [
              -71.77530976945285,
              42.251976243464036
            ]
          ]
        ]
      }
    },
    {
      "type": "Feature",
      "properties": {
        "stop_id": "1135;1152",
        "tier": "200-400m",
        "name": "1135;1152_200-400m"
      },
      "geometry": {
        "type": "MultiPolygon",
        "coordinates": [
          [
            [
              [
                -71.77342556733973,
                42.24688649407879
              ],
              [
                -71.77352231739066,
                42.246852519323475
              ],
              [
                -71.77397008025312,
                42.246733584311166
              ],
              [
                -71.77443137587414,
                42.24664782882452
              ],
              [
                -71.77490176241086,
                42.24659607860124
              ],
              [
                -71.77537671052823,
                42.24657883194153
              ],
              [
                -71.77585164699023,
                42.246596254912326
              ],
              [
                -71.77632199867308,
                42.24664817974912
              ],
              [
                -71.77678323657707,
                42.24673410647047
              ],
              [
                -71.77723091941476,
                42.24685320768994
              ],
              [
                -71.77766073635664,
                42.24700433657912
              ],
              [
                -71.77806854852368,
                42.24718603790516
              ],
              [
                -71.77845042882807,
                42.24739656203707
              ],
              [
                -71.77850620891502,
                42.247434140451
              ],
              [
                -71.77849294209928,
                42.24747593516065
              ],
              [
                -71.7773315096101,
                42.24911803089219
              ],
              [
                -71.77725021067418,
                42.249036549432425
              ],
              [
                -71.77725013525745,
                42.249036481125714
              ],
              [
                -71.77709046139981,
                42.24890553081624
              ],
              [
                -71.77709037733503,
                42.24890546833038
              ],
              [
                -71.77691419710355,
                42.24878677628008
              ],
              [
                -71.77691410520032,
                42.248786720216835
              ],
              [
                -71.77672311528798,
                42.248681429423826
              ],
              [
                -71.77672301643135,
                42.2486813803231
              ],
              [
                -71.776519056119,
                42.24859050472684
              ],
              [
                -71.77651895126098,
                42.24859046306143
              ],
              [
                -71.77630398470625,
                42.24851487778052
              ],
              [
                -71.77630387485662,
                42.24851484395168
              ],
              [
                -71.77607997218156,
                42.24845527685835
              ],
              [
                -71.77607985839819,
                42.24845525119185
              ],
              [
                -71.77584917575754,
                42.248412275904386
              ],
              [
                -71.77584905913614,
                42.24841225864737
              ],
              [
                -71.77561381795822,
                42.24838628900753
              ],
              [
                -71.7756136996218,
                42.24838628032618
              ],
              [
                -71.77537616522154,
                42.24837756641497
              ],
              [
                -71.77537604630967,
                42.24837756639291
              ],
              [
                -71.77513850607949,
                42.24838619212303
              ],
              [
                -71.77513838773723,
                42.24838620076042
              ],
              [
                -71.77490312912569,
                42.24841208306832
              ],
              [
                -71.77490301249267,
                42.24841210028204
              ],
              [
                -71.77467230098247,
                42.24845498992762
              ],
              [
                -71.77467218718184,
                42.24845501555189
              ],
              [
                -71.77444824447923,
                42.24851449951813
              ],
              [
                -71.77444813460689,
                42.24851453330618
              ],
              [
                -71.77423311725195,
                42.248590038775276
              ],
              [
                -71.77423301236593,
                42.24859008040174
              ],
              [
                -71.77402899096978,
                42.248680880269994
              ],
              [
                -71.77402889208015,
                42.24868092933403
              ],
              [
                -71.7739729070278,
                42.2487117611791
              ],
              [
                -71.77342556733973,
                42.24688649407879
              ]
            ]
          ],
          [
            [
              [
                -71.77494415260405,
                42.25195040183412
              ],
              [
                -71.77513716862387,
                42.2519717099705
              ],
              [
                -71.77513728696692,
                42.251971718652335
              ],
              [
                -71.77530852649276,
                42.251978000594164
              ],
              [
                -71.77505845341705,
                42.252331518073504
              ],
              [
                -71.77494415260405,
                42.25195040183412
              ]
            ]
          ]
        ]
      }
    },
    {
      "type": "Feature",
      "properties": {
        "stop_id": "584;604",
        "tier": "0-200m",
        "name": "584;604_0-200m"
      },
      "geometry": {
        "type": "Polygon",
        "coordinates": [
          [
            [
              -71.78167363981507,
              42.24993026195495
            ],
            [
              -71.7818894871705,
              42.249906502776284
            ],
            [
              -71.78212691326888,
              42.24989786739042
            ],
            [
              -71.7823643353881,
              42.24990656296189
            ],
            [
              -71.78259946721673,
              42.24993250575457
            ],
            [
              -71.78283004449273,
              42.24997544594598
            ],
            [
              -71.78305384680226,
              42.25003497003225
            ],
            [
              -71.78326871895696,
              42.250110504809285
            ],
            [
              -71.78347259174376,
              42.25020132289104
            ],
            [
              -71.78366350184784,
              42.250306549712775
            ],
            [
              -71.7838396107569,
              42.250425171951015
            ],
            [
              -71.78399922246486,
              42.25055604727981
            ],
            [
              -71.78414079980458,
              42.25069791536927
            ],
            [
              -71.78426297925242,
              42.25084941002048
            ],
            [
              -71.78436458406182,
              42.25100907232008
            ],
            [
              -71.78444463559954,
              42.251175364688024
            ],
            [
              -71.78450236277526,
              42.251346685683195
            ],
            [
              -71.78453210564403,
              42.25149579805014
            ],
            [
              -71.78031612307245,
              42.25289010061807
            ],
            [
              -71.78025371008377,
              42.252838921972625
            ],
            [
              -71.7801131787929,
              42.25269809346976
            ],
            [
              -71.78167363981507,
              42.24993026195495
            ]
          ]
        ]
      }
    },
    {
      "type": "Feature",
      "properties": {
        "stop_id": "584;604",
        "tier": "200-400m",
        "name": "584;604_200-400m"
      },
      "geometry": {
        "type": "MultiPolygon",
        "coordinates": [
          [
            [
              [
                -71.77993360203294,
                42.25301659659859
              ],
              [
                -71.780112089597,
                42.25270002531323
              ],
              [
                -71.78025179860836,
                42.252840029799295
              ],
              [
                -71.78025187403287,
                42.252840098103995
              ],
              [
                -71.78031379256741,
                42.25289087129878
              ],
              [
                -71.77993360203294,
                42.25301659659859
              ]
            ]
          ],
          [
            [
              [
                -71.78307264487559,
                42.24816662497365
              ],
              [
                -71.78353390300225,
                42.24825252452175
              ],
              [
                -71.78398160927466,
                42.24837159935707
              ],
              [
                -71.78441145263777,
                42.24852270290526
              ],
              [
                -71.78481929395821,
                42.248704380177486
              ],
              [
                -71.78520120586758,
                42.2489148817744
              ],
              [
                -71.78555351057099,
                42.24915218072401
              ],
              [
                -71.78587281525762,
                42.24941399199212
              ],
              [
                -71.78615604477228,
                42.249697794477484
              ],
              [
                -71.78640047123396,
                42.25000085528044
              ],
              [
                -71.78660374031536,
                42.25032025601178
              ],
              [
                -71.7867638939305,
                42.25065292088871
              ],
              [
                -71.78679563710324,
                42.25074711735367
              ],
              [
                -71.78453440402618,
                42.251495037874
              ],
              [
                -71.784504751408,
                42.251346377994686
              ],
              [
                -71.78450472822499,
                42.2513462913418
              ],
              [
                -71.78444697213044,
                42.25117488454102
              ],
              [
                -71.78444693762694,
                42.25117479999357
              ],
              [
                -71.78436684598985,
                42.25100842433904
              ],
              [
                -71.7843668004982,
                42.25100834271124
              ],
              [
                -71.78426514479537,
                42.25084860044611
              ],
              [
                -71.78426508875377,
                42.25084852252406
              ],
              [
                -71.7841428481087,
                42.25069695199838
              ],
              [
                -71.78414278205692,
                42.25069687853248
              ],
              [
                -71.78400113380569,
                42.25055493939023
              ],
              [
                -71.78400105837984,
                42.25055487108795
              ],
              [
                -71.78384136672912,
                42.250423930212236
              ],
              [
                -71.78384128265564,
                42.25042386773135
              ],
              [
                -71.78366508554245,
                42.25030518608321
              ],
              [
                -71.78366499363105,
                42.25030513002539
              ],
              [
                -71.78347398791088,
                42.25019985050279
              ],
              [
                -71.78347388904665,
                42.25019980140788
              ],
              [
                -71.7832699141526,
                42.25010893784174
              ],
              [
                -71.78326980928762,
                42.25010889618251
              ],
              [
                -71.7830548295177,
                42.250033323575536
              ],
              [
                -71.78305471966185,
                42.25003328975318
              ],
              [
                -71.7828308052653,
                42.24997373585561
              ],
              [
                -71.78283069147646,
                42.24997371019581
              ],
              [
                -71.78259999872094,
                42.24993074849882
              ],
              [
                -71.7825998820949,
                42.249930731248675
              ],
              [
                -71.78236463250607,
                42.249904775463165
              ],
              [
                -71.78236451416588,
                42.24990476678879
              ],
              [
                -71.78212697313967,
                42.24989606686238
              ],
              [
                -71.78212685422494,
                42.249896066847306
              ],
              [
                -71.78188930921753,
                42.249904706557984
              ],
              [
                -71.78188919087337,
                42.24990471520236
              ],
              [
                -71.78167473384995,
                42.249928321343106
              ],
              [
                -71.78269157491528,
                42.24812458056219
              ],
              [
                -71.78307264487559,
                42.24816662497365
              ]
            ]
          ]
        ]
      }
    },
    {
      "type": "Feature",
      "properties": {
        "stop_id": "1139;1149",
        "tier": "0-200m",
        "name": "1139;1149_0-200m"
      },
      "geometry": {
        "type": "Polygon",
        "coordinates": [
          [
            [
              -71.78453182594093,
              42.251497861458915
            ],
            [
              -71.78459424106629,
              42.25154903778821
            ],
            [
              -71.78473582195994,
              42.251690905118615
            ],
            [
              -71.78485800474792,
              42.251842399109705
            ],
            [
              -71.7849596126515,
              42.25200206085453
            ],
            [
              -71.78503966700764,
              42.252168352778355
            ],
            [
              -71.78509739669886,
              42.25233967344435
            ],
            [
              -71.78513224558519,
              42.25251437297449
            ],
            [
              -71.78514387786673,
              42.252690768937484
            ],
            [
              -71.78513218132485,
              42.25286716255078
            ],
            [
              -71.78510922186466,
              42.25298204408244
            ],
            [
              -71.78155891837783,
              42.254268445266206
            ],
            [
              -71.78137533759981,
              42.25418666772814
            ],
            [
              -71.78118441959849,
              42.25408143716836
            ],
            [
              -71.78100830549435,
              42.25396281092839
            ],
            [
              -71.78084869138146,
              42.25383193151486
            ],
            [
              -71.78070711441183,
              42.25369005943914
            ],
            [
              -71.78058493799256,
              42.25353856107518
            ],
            [
              -71.7804833386576,
              42.25337889549803
            ],
            [
              -71.78040329474074,
              42.25321260042967
            ],
            [
              -71.78034557695825,
              42.25304127742778
            ],
            [
              -71.78031584322575,
              42.252892164016046
            ],
            [
              -71.78453182594093,
              42.251497861458915
            ]
          ]
        ]
      }
    },
    {
      "type": "Feature",
      "properties": {
        "stop_id": "1139;1149",
        "tier": "200-400m",
        "name": "1139;1149_200-400m"
      },
      "geometry": {
        "type": "MultiPolygon",
        "coordinates": [
          [
            [
              [
                -71.77847335194969,
                42.254419376439536
              ],
              [
                -71.77993207576719,
                42.253019072166964
              ],
              [
                -71.78031354474223,
                42.252892924107435
              ],
              [
                -71.78034318824136,
                42.25304158502959
              ],
              [
                -71.7803432114193,
                42.25304167168329
              ],
              [
                -71.78040095810397,
                42.253213080494106
              ],
              [
                -71.78040099260316,
                42.25321316504275
              ],
              [
                -71.78048107660511,
                42.2533795434022
              ],
              [
                -71.78048112209345,
                42.2533796250315
              ],
              [
                -71.7805827723105,
                42.25353937057967
              ],
              [
                -71.78058282834995,
                42.253539448503474
              ],
              [
                -71.78070506595856,
                42.25369102274814
              ],
              [
                -71.78070513200947,
                42.25369109621599
              ],
              [
                -71.78084677988649,
                42.25383303935125
              ],
              [
                -71.78084685531283,
                42.25383310765556
              ],
              [
                -71.78100654936837,
                42.25396405262301
              ],
              [
                -71.78100663344374,
                42.25396411510594
              ],
              [
                -71.78118283575596,
                42.25408280076277
              ],
              [
                -71.78118292767064,
                42.254082856822535
              ],
              [
                -71.78137394129593,
                42.254188140089816
              ],
              [
                -71.78137404016476,
                42.254188189186486
              ],
              [
                -71.78155631935583,
                42.254269386924754
              ],
              [
                -71.77917003414662,
                42.25513393151138
              ],
              [
                -71.77897487716692,
                42.25497390382308
              ],
              [
                -71.77869165624662,
                42.25469008386553
              ],
              [
                -71.77847335194969,
                42.254419376439536
              ]
            ]
          ],
          [
            [
              [
                -71.78679759903628,
                42.25074843932413
              ],
              [
                -71.7869955222837,
                42.25099383342757
              ],
              [
                -71.78719879755522,
                42.25131323304893
              ],
              [
                -71.78735895680892,
                42.25164589703724
              ],
              [
                -71.78747445702218,
                42.25198862183769
              ],
              [
                -71.78749982177416,
                42.2521157531929
              ],
              [
                -71.78511186332626,
                42.25298108692649
              ],
              [
                -71.78513458738595,
                42.2528673832372
              ],
              [
                -71.78513459905818,
                42.25286729531581
              ],
              [
                -71.7851463014516,
                42.252690813354874
              ],
              [
                -71.78514630146769,
                42.25269072500689
              ],
              [
                -71.78513466335332,
                42.252514240695554
              ],
              [
                -71.78513465171314,
                42.252514152771795
              ],
              [
                -71.78509978536617,
                42.252339365743474
              ],
              [
                -71.78509976218199,
                42.252339279090734
              ],
              [
                -71.78504200357067,
                42.25216787261932
              ],
              [
                -71.78504196906584,
                42.252167788072065
              ],
              [
                -71.78496187460892,
                42.25200141286189
              ],
              [
                -71.7849618291158,
                42.25200133123434
              ],
              [
                -71.78486017031723,
                42.251841589524254
              ],
              [
                -71.78486011427403,
                42.251841511602514
              ],
              [
                -71.78473787028716,
                42.251689941737276
              ],
              [
                -71.78473780423363,
                42.251689868271725
              ],
              [
                -71.7845961524267,
                42.25154792988892
              ],
              [
                -71.78459607699904,
                42.25154786158705
              ],
              [
                -71.78453415634333,
                42.25149709069228
              ],
              [
                -71.78679759903628,
                42.25074843932413
              ]
            ]
          ]
        ]
      }
    },
    {
      "type": "Feature",
      "properties": {
        "stop_id": "1138;1150;1137",
        "tier": "0-200m",
        "name": "1138;1150;1137_0-200m"
      },
      "geometry": {
        "type": "Polygon",
        "coordinates": [
          [
            [
              -71.77847817917976,
              42.24935950771667
            ],
            [
              -71.77851708561674,
              42.24934219056387
            ],
            [
              -71.77873199277991,
              42.24926671487486
            ],
            [
              -71.77895582201268,
              42.24920725233345
            ],
            [
              -71.77918641786746,
              42.249164375551146
            ],
            [
              -71.7794215597516,
              42.24913849742116
            ],
            [
              -71.7796589833062,
              42.249129867143346
            ],
            [
              -71.77989640220612,
              42.24913856782504
            ],
            [
              -71.78013153017098,
              42.24916451568098
            ],
            [
              -71.78036210297586,
              42.24920746083987
            ],
            [
              -71.78058590025002,
              42.24926698975006
            ],
            [
              -71.78080076685359,
              42.24934252916093
            ],
            [
              -71.78100463362689,
              42.24943335164188
            ],
            [
              -71.78119553731304,
              42.24953858258577
            ],
            [
              -71.78137163946153,
              42.24965720862941
            ],
            [
              -71.78153124413133,
              42.24978808741024
            ],
            [
              -71.78167177211819,
              42.24992891424697
            ],
            [
              -71.78011131104758,
              42.252696745737005
            ],
            [
              -71.77989545351046,
              42.25272050155669
            ],
            [
              -71.77965801652094,
              42.252729132317825
            ],
            [
              -71.77942058418738,
              42.25272043114725
            ],
            [
              -71.7791854433064,
              42.25269448184902
            ],
            [
              -71.77895485859926,
              42.252651534349845
            ],
            [
              -71.77873105089411,
              42.25259200229131
            ],
            [
              -71.77851617573172,
              42.25251645904504
            ],
            [
              -71.77844974931268,
              42.25248686569558
            ],
            [
              -71.77847817917976,
              42.24935950771667
            ]
          ]
        ]
      }
    },
    {
      "type": "Feature",
      "properties": {
        "stop_id": "1138;1150;1137",
        "tier": "200-400m",
        "name": "1138;1150;1137_200-400m"
      },
      "geometry": {
        "type": "MultiPolygon",
        "coordinates": [
          [
            [
              [
                -71.77846954054564,
                42.254415163178024
              ],
              [
                -71.77843228141064,
                42.254408223465624
              ],
              [
                -71.77844973030318,
                42.2524889566836
              ],
              [
                -71.77851498037296,
                42.25251802596237
              ],
              [
                -71.77851508523878,
                42.252518067625914
              ],
              [
                -71.77873006802649,
                42.252593648710224
              ],
              [
                -71.77873017788448,
                42.252593682536705
              ],
              [
                -71.77895409768978,
                42.252653244413665
              ],
              [
                -71.77895421148186,
                42.2526532700773
              ],
              [
                -71.77918491168417,
                42.25269623908807
              ],
              [
                -71.7791850283144,
                42.252696256341686
              ],
              [
                -71.77942028697304,
                42.25272221863744
              ],
              [
                -71.77942040531808,
                42.25272222731486
              ],
              [
                -71.77965795657724,
                42.25273093284368
              ],
              [
                -71.77965807549728,
                42.252730932861326
              ],
              [
                -71.77989563141476,
                42.252722297777204
              ],
              [
                -71.77989574976446,
                42.25272228913489
              ],
              [
                -71.7801102169169,
                42.252698686333
              ],
              [
                -71.77993024815221,
                42.25301788469601
              ],
              [
                -71.77847384182971,
                42.25441596431421
              ],
              [
                -71.77846954054564,
                42.254415163178024
              ]
            ]
          ],
          [
            [
              [
                -71.77849529692158,
                42.24747636062457
              ],
              [
                -71.77850788203517,
                42.24743671349129
              ],
              [
                -71.77871412569085,
                42.24739836453054
              ],
              [
                -71.7791845143027,
                42.247346596747285
              ],
              [
                -71.77965946688298,
                42.247329332352784
              ],
              [
                -71.78013441015281,
                42.24734673758476
              ],
              [
                -71.78060477092285,
                42.247398644849504
              ],
              [
                -71.78106602010592,
                42.247484554334754
              ],
              [
                -71.78151371630604,
                42.24760363882004
              ],
              [
                -71.78194354856505,
                42.24775475163805
              ],
              [
                -71.78235137785654,
                42.24793643771073
              ],
              [
                -71.78268983696042,
                42.24812300277416
              ],
              [
                -71.78167286121878,
                42.249926982387734
              ],
              [
                -71.78153315549217,
                42.24978697956164
              ],
              [
                -71.78153308006992,
                42.249786911257736
              ],
              [
                -71.78137339546085,
                42.24965596692826
              ],
              [
                -71.78137331139082,
                42.249655904445554
              ],
              [
                -71.7811971210416,
                42.2495372189901
              ],
              [
                -71.78119702913348,
                42.249537162930295
              ],
              [
                -71.78100602983447,
                42.24943187928348
              ],
              [
                -71.78100593097336,
                42.249431830186445
              ],
              [
                -71.7808019620958,
                42.2493409622189
              ],
              [
                -71.78080185723373,
                42.24934092055742
              ],
              [
                -71.78058688301772,
                42.24926534331428
              ],
              [
                -71.78058677316452,
                42.249265309489545
              ],
              [
                -71.78036286380588,
                42.24920575076566
              ],
              [
                -71.78036275001942,
                42.24920572510341
              ],
              [
                -71.78013206173722,
                42.24916275843645
              ],
              [
                -71.78013194511325,
                42.24916274118378
              ],
              [
                -71.77989669939019,
                42.2491367803325
              ],
              [
                -71.77989658105176,
                42.249136771655564
              ],
              [
                -71.77965904324645,
                42.24912806661634
              ],
              [
                -71.77965892433315,
                42.249128066598715
              ],
              [
                -71.7794213818708,
                42.249136701198786
              ],
              [
                -71.77942126352775,
                42.24913670984062
              ],
              [
                -71.7791860038784,
                42.249162600931044
              ],
              [
                -71.77918588724518,
                42.249162618149114
              ],
              [
                -71.77895517590156,
                42.24920551640526
              ],
              [
                -71.77895506210133,
                42.24920554203378
              ],
              [
                -71.7787311207681,
                42.24926503435565
              ],
              [
                -71.77873101089673,
                42.2492650681478
              ],
              [
                -71.77851599610081,
                42.249340581637156
              ],
              [
                -71.77851589121636,
                42.24934062326754
              ],
              [
                -71.77847819833696,
                42.24935740026927
              ],
              [
                -71.77849529692158,
                42.24747636062457
              ]
            ]
          ]
        ]
      }
    },
    {
      "type": "Feature",
      "properties": {
        "stop_id": "1124;1164",
        "tier": "0-200m",
        "name": "1124;1164_0-200m"
      },
      "geometry": {
        "type": "Polygon",
        "coordinates": [
          [
            [
              -71.7539887973454,
              42.24321348268102
            ],
            [
              -71.7537573056471,
              42.24318787974781
            ],
            [
              -71.75352677281802,
              42.243144881060545
            ],
            [
              -71.75330302263272,
              42.24308529929038
            ],
            [
              -71.75308821007789,
              42.24300970828771
            ],
            [
              -71.75288440403891,
              42.24291883609045
            ],
            [
              -71.75269356737076,
              42.242813557910594
            ],
            [
              -71.75251753799103,
              42.242694887702896
            ],
            [
              -71.75235801117766,
              42.242563968397384
            ],
            [
              -71.75221652324181,
              42.24242206088961
            ],
            [
              -71.75209443673302,
              42.242270531894725
            ],
            [
              -71.75199292731925,
              42.24211084078272
            ],
            [
              -71.7519129724682,
              42.24194452552144
            ],
            [
              -71.75185534203844,
              42.24177318786291
            ],
            [
              -71.75182059087102,
              42.241598477916085
            ],
            [
              -71.75180905345267,
              42.24142207825384
            ],
            [
              -71.75182084070167,
              42.241245687708265
            ],
            [
              -71.751855838907,
              42.24107100500963
            ],
            [
              -71.75191371083098,
              42.240899712426994
            ],
            [
              -71.75199389896409,
              42.2407334595678
            ],
            [
              -71.75209563090074,
              42.24057384749261
            ],
            [
              -71.75221792678371,
              42.24042241329769
            ],
            [
              -71.75235960874544,
              42.24028061531411
            ],
            [
              -71.752519312255,
              42.24014981906564
            ],
            [
              -71.7526954992615,
              42.240031284120555
            ],
            [
              -71.75288647300704,
              42.23992615196416
            ],
            [
              -71.75309039436671,
              42.239835435008295
            ],
            [
              -71.75330529955814,
              42.23976000684394
            ],
            [
              -71.75352911905024,
              42.2397005938304
            ],
            [
              -71.75375969748933,
              42.23965776810227
            ],
            [
              -71.75399481445042,
              42.23963194206117
            ],
            [
              -71.75423220581466,
              42.23962336440537
            ],
            [
              -71.7544695855668,
              42.23963211773548
            ],
            [
              -71.75470466780338,
              42.23965811775924
            ],
            [
              -71.75493518873981,
              42.23970111410304
            ],
            [
              -71.75515892850467,
              42.23976069272231
            ],
            [
              -71.75537373251177,
              42.23983627988774
            ],
            [
              -71.75557753220417,
              42.23992714770887
            ],
            [
              -71.75576836497082,
              42.240032421141926
            ],
            [
              -71.75594439304403,
              42.24015108641453
            ],
            [
              -71.75610392119607,
              42.240282000786266
            ],
            [
              -71.75624541306436,
              42.240423903551275
            ],
            [
              -71.75636750594825,
              42.24057542817659
            ],
            [
              -71.75646902393474,
              42.2407351154602
            ],
            [
              -71.75654898922672,
              42.24090142758136
            ],
            [
              -71.75660663156438,
              42.241072762908686
            ],
            [
              -71.75664139564904,
              42.241247471422874
            ],
            [
              -71.75665294649757,
              42.241423870606035
            ],
            [
              -71.75664117267559,
              42.24160026164453
            ],
            [
              -71.75660618737811,
              42.24177494578915
            ],
            [
              -71.75659584500124,
              42.2418055645207
            ],
            [
              -71.7539887973454,
              42.24321348268102
            ]
          ]
        ]
      }
    },
    {
      "type": "Feature",
      "properties": {
        "stop_id": "1124;1164",
        "tier": "200-400m",
        "name": "1124;1164_200-400m"
      },
      "geometry": {
        "type": "Polygon",
        "coordinates": [
          [
            [
              -71.75115529717567,
              42.244204791303154
            ],
            [
              -71.75080314894454,
              42.243967386512246
            ],
            [
              -71.75048401675907,
              42.24370547739222
            ],
            [
              -71.75020097395937,
              42.243421586555385
            ],
            [
              -71.74995674617558,
              42.24311844829904
            ],
            [
              -71.74975368508726,
              42.2427989822621
            ],
            [
              -71.74959374578951,
              42.24246626529776
            ],
            [
              -71.74947846798337,
              42.242123501833156
            ],
            [
              -71.74940896117086,
              42.241773993002184
            ],
            [
              -71.7493858939961,
              42.24142110484844
            ],
            [
              -71.74940948783468,
              42.24106823590532
            ],
            [
              -71.74947951469127,
              42.2407187844652
            ],
            [
              -71.74959529942518,
              42.24037611585309
            ],
            [
              -71.74975572628092,
              42.24004353001999
            ],
            [
              -71.74995924965982,
              42.23972422976765
            ],
            [
              -71.75020390902803,
              42.23942128991096
            ],
            [
              -71.75048734781652,
              42.23913762767412
            ],
            [
              -71.75080683613011,
              42.238875974606024
            ],
            [
              -71.75115929704654,
              42.23863885028439
            ],
            [
              -71.75154133625175,
              42.23842853806177
            ],
            [
              -71.751949274726,
              42.23824706308658
            ],
            [
              -71.75237918416617,
              42.23809617281028
            ],
            [
              -71.75282692480333,
              42.237977320168135
            ],
            [
              -71.75328818525196,
              42.23789164959514
            ],
            [
              -71.75375852400789,
              42.23783998601146
            ],
            [
              -71.75423341219604,
              42.23782282688307
            ],
            [
              -71.75470827715735,
              42.237840337434186
            ],
            [
              -71.75517854645624,
              42.23789234905703
            ],
            [
              -71.75563969188597,
              42.23797836093452
            ],
            [
              -71.7560872730492,
              42.2380975448603
            ],
            [
              -71.7565169800951,
              42.23824875320955
            ],
            [
              -71.75692467520243,
              42.23843052998425
            ],
            [
              -71.75730643241018,
              42.23864112482688
            ],
            [
              -71.7576585754126,
              42.23887850986745
            ],
            [
              -71.75797771295552,
              42.239140399242615
            ],
            [
              -71.75826077149289,
              42.23942427109883
            ],
            [
              -71.75850502478977,
              42.23972739186821
            ],
            [
              -71.7587081201862,
              42.24004684258386
            ],
            [
              -71.7588681012686,
              42.240379546981394
            ],
            [
              -71.7589246020151,
              42.24054747104283
            ],
            [
              -71.75892470476869,
              42.24054777643264
            ],
            [
              -71.75659890077878,
              42.24180391419733
            ],
            [
              -71.75660855214464,
              42.24177534120804
            ],
            [
              -71.75660857539559,
              42.24177525456559
            ],
            [
              -71.75664357820912,
              42.241600482929044
            ],
            [
              -71.75664358991885,
              42.24160039501039
            ],
            [
              -71.75665536963105,
              42.241423915625525
            ],
            [
              -71.75665536968687,
              42.24142382727738
            ],
            [
              -71.75664381304632,
              42.24124733974426
            ],
            [
              -71.75664380144781,
              42.24124725181747
            ],
            [
              -71.75660901994495,
              42.2410724558006
            ],
            [
              -71.75660899680388,
              42.24107236914192
            ],
            [
              -71.75655132558987,
              42.24090094800184
            ],
            [
              -71.75655129112921,
              42.24090086344586
            ],
            [
              -71.75647128578109,
              42.2407344680282
            ],
            [
              -71.75647124033279,
              42.24073438638921
            ],
            [
              -71.75636967149633,
              42.24057461912755
            ],
            [
              -71.75636961549814,
              42.240574541191734
            ],
            [
              -71.75624746146039,
              42.24042294067692
            ],
            [
              -71.75624739545168,
              42.24042286719482
            ],
            [
              -71.7561058327147,
              42.240280893359675
            ],
            [
              -71.75610575733118,
              42.240280825038944
            ],
            [
              -71.75594614927822,
              42.2401498451007
            ],
            [
              -71.75594606524592,
              42.24014978259927
            ],
            [
              -71.75576994900905,
              42.2400310578952
            ],
            [
              -71.75576985713725,
              42.24003100181494
            ],
            [
              -71.75557892879324,
              42.23992567565769
            ],
            [
              -71.75557882996668,
              42.23992562653866
            ],
            [
              -71.75537492820364,
              42.239834713208225
            ],
            [
              -71.75537482337403,
              42.239834671523425
            ],
            [
              -71.75515991178581,
              42.2397590465018
            ],
            [
              -71.75515980196269,
              42.23975901265267
            ],
            [
              -71.75493595014215,
              42.2396994041948
            ],
            [
              -71.75493583638308,
              42.23969937850728
            ],
            [
              -71.75470519999536,
              42.23965636062979
            ],
            [
              -71.75470508339583,
              42.23965634335124
            ],
            [
              -71.75446988342391,
              42.23963033030599
            ],
            [
              -71.75446976510676,
              42.239630321602824
            ],
            [
              -71.7542322664688,
              42.23962156388883
            ],
            [
              -71.75423214757338,
              42.239621563844835
            ],
            [
              -71.75399463731752,
              42.23963014579655
            ],
            [
              -71.75399451898878,
              42.239630154412154
            ],
            [
              -71.75375928427493,
              42.23965599338759
            ],
            [
              -71.7537591676523,
              42.23965601057985
            ],
            [
              -71.75352847373313,
              42.239698857756224
            ],
            [
              -71.75352835993968,
              42.239698883359544
            ],
            [
              -71.75330442835198,
              42.23975832612873
            ],
            [
              -71.75330431848354,
              42.239758359896584
            ],
            [
              -71.75308930566037,
              42.23983382583752
            ],
            [
              -71.75308920077497,
              42.23983386744471
            ],
            [
              -71.75288517728372,
              42.239924629834306
            ],
            [
              -71.7528850783914,
              42.239924678880186
            ],
            [
              -71.75269400899789,
              42.24002986369004
            ],
            [
              -71.75269391705099,
              42.24002991970229
            ],
            [
              -71.75251764180123,
              42.240148514013555
            ],
            [
              -71.75251755768522,
              42.240148576452775
            ],
            [
              -71.7523577741869,
              42.240279438208574
            ],
            [
              -71.75235769871188,
              42.2402795064735
            ],
            [
              -71.75221594578626,
              42.24042137547473
            ],
            [
              -71.75221587967911,
              42.24042144890794
            ],
            [
              -71.75209352254062,
              42.24057295894704
            ],
            [
              -71.75209346643803,
              42.24057303684138
            ],
            [
              -71.75199168354425,
              42.240732728856955
            ],
            [
              -71.75199163798659,
              42.24073281046228
            ],
            [
              -71.7519114096857,
              42.24089914658826
            ],
            [
              -71.75191137511176,
              42.2408992311187
            ],
            [
              -71.75185347419645,
              42.24107060949269
            ],
            [
              -71.75185345093927,
              42.241070696134194
            ],
            [
              -71.75181843519849,
              42.241245466322574
            ],
            [
              -71.75181842348213,
              42.24124555424075
            ],
            [
              -71.75180663032272,
              42.24142203313194
            ],
            [
              -71.75180663026013,
              42.2414221214801
            ],
            [
              -71.7518181734503,
              42.24159860949299
            ],
            [
              -71.75181818504218,
              42.24159869742027
            ],
            [
              -71.75185295360839,
              42.24177349487196
            ],
            [
              -71.7518529767432,
              42.24177358153157
            ],
            [
              -71.75191063603143,
              42.24194500500635
            ],
            [
              -71.75191067048644,
              42.24194508956371
            ],
            [
              -71.75199066537795,
              42.242111488126206
            ],
            [
              -71.75199071082145,
              42.242111569766976
            ],
            [
              -71.7520922710723,
              42.24227134086279
            ],
            [
              -71.7520923270667,
              42.24227141880067
            ],
            [
              -71.7522144747198,
              42.24242302369159
            ],
            [
              -71.75221454072593,
              42.24242309717598
            ],
            [
              -71.75235609952455,
              42.24256507576104
            ],
            [
              -71.75235617490674,
              42.24256514408421
            ],
            [
              -71.75251578161901,
              42.24269612896361
            ],
            [
              -71.75251586565129,
              42.24269619146754
            ],
            [
              -71.75269198319664,
              42.24281492111414
            ],
            [
              -71.75269207506976,
              42.24281497719683
            ],
            [
              -71.75288300732115,
              42.24292030810804
            ],
            [
              -71.75288310615029,
              42.24292035722937
            ],
            [
              -71.75308701426947,
              42.24301127494249
            ],
            [
              -71.75308711910282,
              42.24301131662936
            ],
            [
              -71.7533020392516,
              42.24308694549399
            ],
            [
              -71.7533021490795,
              42.243086979344895
            ],
            [
              -71.75352601133613,
              42.24314659095839
            ],
            [
              -71.75352612510082,
              42.24314661664729
            ],
            [
              -71.75375677339908,
              42.243189636871776
            ],
            [
              -71.75375689000485,
              42.24318965415127
            ],
            [
              -71.75398599943328,
              42.24321499360856
            ],
            [
              -71.75166082456518,
              42.244470585053534
            ],
            [
              -71.75153706999728,
              42.244415405142576
            ],
            [
              -71.75115529717567,
              42.244204791303154
            ]
          ]
        ]
      }
    },
    {
      "type": "Feature",
      "properties": {
        "stop_id": "343;349",
        "tier": "0-200m",
        "name": "343;349_0-200m"
      },
      "geometry": {
        "type": "Polygon",
        "coordinates": [
          [
            [
              -71.78716556422827,
              42.25445255895388
            ],
            [
              -71.78732765175907,
              42.25442241079689
            ],
            [
              -71.78756280984624,
              42.25439651599854
            ],
            [
              -71.78780025201137,
              42.2543878688745
            ],
            [
              -71.7880376917501,
              42.25439655269432
            ],
            [
              -71.78827284258142,
              42.25442248383509
            ],
            [
              -71.7885034400603,
              42.2544654125865
            ],
            [
              -71.78872726357838,
              42.254524925554875
            ],
            [
              -71.78894215774311,
              42.25460044964315
            ],
            [
              -71.78914605312951,
              42.254691257568254
            ],
            [
              -71.78920604439553,
              42.2547243169661
            ],
            [
              -71.78818162747079,
              42.257962579798544
            ],
            [
              -71.78803720364913,
              42.257978483202045
            ],
            [
              -71.78779974804623,
              42.2579871308108
            ],
            [
              -71.78756229487041,
              42.257978446503365
            ],
            [
              -71.78732713111906,
              42.25795251392142
            ],
            [
              -71.78709652173367,
              42.257909582830614
            ],
            [
              -71.7868726877802,
              42.25785006671457
            ],
            [
              -71.78665778505223,
              42.25777453879129
            ],
            [
              -71.78648162877528,
              42.25769608360725
            ],
            [
              -71.78716556422827,
              42.25445255895388
            ]
          ]
        ]
      }
    },
    {
      "type": "Feature",
      "properties": {
        "stop_id": "343;349",
        "tier": "200-400m",
        "name": "343;349_200-400m"
      },
      "geometry": {
        "type": "MultiPolygon",
        "coordinates": [
          [
            [
              [
                -71.78639265277192,
                42.25963252320776
              ],
              [
                -71.7860902313596,
                42.259552111142995
              ],
              [
                -71.78648122408933,
                42.25769800270701
              ],
              [
                -71.7866565897957,
                42.25777610579203
              ],
              [
                -71.7866566946756,
                42.25777614744809
              ],
              [
                -71.7868717050427,
                42.25785171320173
              ],
              [
                -71.78687181491416,
                42.257851747020396
              ],
              [
                -71.78709576098093,
                42.2579112929469
              ],
              [
                -71.78709587478576,
                42.257911318602446
              ],
              [
                -71.78732659967868,
                42.257954271196596
              ],
              [
                -71.7873267163208,
                42.25795428844191
              ],
              [
                -71.78756199786129,
                42.257980234013026
              ],
              [
                -71.78756211621729,
                42.257980242682024
              ],
              [
                -71.78779968832913,
                42.257988931339256
              ],
              [
                -71.78779980725908,
                42.25798893134844
              ],
              [
                -71.78803738179921,
                42.257980279408265
              ],
              [
                -71.78803750015763,
                42.25798027075756
              ],
              [
                -71.78818103083738,
                42.25796446570412
              ],
              [
                -71.78760645276272,
                42.2597806024082
              ],
              [
                -71.7873244571775,
                42.25977028882772
              ],
              [
                -71.78685399896091,
                42.25971840923293
              ],
              [
                -71.78639265277192,
                42.25963252320776
              ]
            ]
          ],
          [
            [
              [
                -71.78725089761522,
                42.2540478465128
              ],
              [
                -71.78805502696544,
                42.2525966445485
              ],
              [
                -71.78827548904438,
                42.252604707204874
              ],
              [
                -71.78874589555491,
                42.25265658103203
              ],
              [
                -71.78920719409406,
                42.252742457694985
              ],
              [
                -71.78965494279073,
                42.25286151028935
              ],
              [
                -71.78978124880952,
                42.25290590026554
              ],
              [
                -71.78920664828372,
                42.25472240792686
              ],
              [
                -71.78914744926371,
                42.25468978511209
              ],
              [
                -71.78914735038805,
                42.25468973602211
              ],
              [
                -71.7889433528831,
                42.25459888261771
              ],
              [
                -71.78894324800694,
                42.254598840963716
              ],
              [
                -71.78872824621597,
                42.254523279050844
              ],
              [
                -71.78872813634929,
                42.25452324523395
              ],
              [
                -71.78850420073358,
                42.25446370245985
              ],
              [
                -71.78850408693438,
                42.2544636768057
              ],
              [
                -71.78827337396585,
                42.25442072655443
              ],
              [
                -71.78827325732998,
                42.25442070931006
              ],
              [
                -71.78803798872897,
                42.254394765182305
              ],
              [
                -71.78803787037961,
                42.25439475651379
              ],
              [
                -71.78780031172504,
                42.25438606834489
              ],
              [
                -71.78780019280187,
                42.254386068335705
              ],
              [
                -71.78756263171968,
                42.254394719790454
              ],
              [
                -71.7875625133679,
                42.25439472844068
              ],
              [
                -71.78732723750741,
                42.25442063620782
              ],
              [
                -71.78732712086672,
                42.25442065343415
              ],
              [
                -71.78716597156499,
                42.254450627082036
              ],
              [
                -71.78725089761522,
                42.2540478465128
              ]
            ]
          ]
        ]
      }
    },
    {
      "type": "Feature",
      "properties": {
        "stop_id": "1136;1151",
        "tier": "0-200m",
        "name": "1136;1151_0-200m"
      },
      "geometry": {
        "type": "Polygon",
        "coordinates": [
          [
            [
              -71.7773326740341,
              42.249120255211984
            ],
            [
              -71.7775049699945,
              42.24912657288937
            ],
            [
              -71.77774009693454,
              42.24915252564839
            ],
            [
              -71.77797066807344,
              42.249195475615345
            ],
            [
              -71.77819446305647,
              42.249255009192325
            ],
            [
              -71.7784093267658,
              42.24933055308375
            ],
            [
              -71.77847574985438,
              42.249360146472746
            ],
            [
              -71.778447319867,
              42.25248750445069
            ],
            [
              -71.7784084114776,
              42.25250482157017
            ],
            [
              -71.77819349293468,
              42.25258029660928
            ],
            [
              -71.77796965105854,
              42.25263975762687
            ],
            [
              -71.77773904171914,
              42.252682631935585
            ],
            [
              -71.77750388598203,
              42.25270850659874
            ],
            [
              -71.77726644871152,
              42.252717132408506
            ],
            [
              -71.7770290167518,
              42.252708426286674
            ],
            [
              -71.77679387689591,
              42.252682472084985
            ],
            [
              -71.77656329385519,
              42.25263951977739
            ],
            [
              -71.77633948844176,
              42.25257998305177
            ],
            [
              -71.77612461617431,
              42.252504435324695
            ],
            [
              -71.77592074651348,
              42.25241360421733
            ],
            [
              -71.77572984292705,
              42.252308364545875
            ],
            [
              -71.77555374397728,
              42.25218972989426
            ],
            [
              -71.77539414561222,
              42.25205884285011
            ],
            [
              -71.77531218538354,
              42.25197669856484
            ],
            [
              -71.7773326740341,
              42.249120255211984
            ]
          ]
        ]
      }
    },
    {
      "type": "Feature",
      "properties": {
        "stop_id": "1136;1151",
        "tier": "200-400m",
        "name": "1136;1151_200-400m"
      },
      "geometry": {
        "type": "MultiPolygon",
        "coordinates": [
          [
            [
              [
                -71.77842985954767,
                42.25440802006892
              ],
              [
                -71.77821134608408,
                42.254448645339686
              ],
              [
                -71.77774090389987,
                42.25450040906324
              ],
              [
                -71.77726589699081,
                42.254517665486404
              ],
              [
                -71.77679090070747,
                42.254500248392546
              ],
              [
                -71.77632049029798,
                42.25444832554601
              ],
              [
                -71.77585919681619,
                42.25436239707532
              ],
              [
                -71.77541146345645,
                42.254243290653555
              ],
              [
                -71.77498160273693,
                42.25409215352216
              ],
              [
                -71.77471321676983,
                42.25397257739505
              ],
              [
                -71.77505915518407,
                42.252334396419705
              ],
              [
                -71.77531093385838,
                42.25197846780324
              ],
              [
                -71.77539223407535,
                42.252059950595914
              ],
              [
                -71.77539230949368,
                42.25206001890384
              ],
              [
                -71.7755519877935,
                42.252190971505726
              ],
              [
                -71.77555207186113,
                42.25219103399267
              ],
              [
                -71.77572825901139,
                42.25230972806536
              ],
              [
                -71.77572835091868,
                42.25230978412952
              ],
              [
                -71.77591935012184,
                42.25241507651303
              ],
              [
                -71.77591944898367,
                42.252415125614434
              ],
              [
                -71.77612342075659,
                42.2525060022171
              ],
              [
                -71.7761235256208,
                42.25250604388283
              ],
              [
                -71.77633850551213,
                42.2525816294502
              ],
              [
                -71.77633861536881,
                42.25258166327897
              ],
              [
                -71.77656253288124,
                42.25264122982536
              ],
              [
                -71.77656264667233,
                42.25264125549136
              ],
              [
                -71.77679334520741,
                42.25268422931297
              ],
              [
                -71.77679346183693,
                42.252684246569004
              ],
              [
                -71.77702871946998,
                42.25271021377067
              ],
              [
                -71.77702883781467,
                42.252710222450546
              ],
              [
                -71.7772663886998,
                42.25271893293312
              ],
              [
                -71.77726650761983,
                42.252718932953236
              ],
              [
                -71.77750406381841,
                42.252710302822955
              ],
              [
                -71.77750418216843,
                42.25271029418312
              ],
              [
                -71.77773945569065,
                42.252684406559815
              ],
              [
                -71.77773957233076,
                42.252684389343216
              ],
              [
                -71.77797029717765,
                42.25264149355959
              ],
              [
                -71.77797041098445,
                42.25264146793207
              ],
              [
                -71.77819436497786,
                42.25258197713162
              ],
              [
                -71.77819447485528,
                42.252581943340004
              ],
              [
                -71.77840950104526,
                42.252506430497014
              ],
              [
                -71.77840960593502,
                42.252506388866756
              ],
              [
                -71.7784473007078,
                42.25248961189693
              ],
              [
                -71.77842985954767,
                42.25440802006892
              ]
            ]
          ],
          [
            [
              [
                -71.77847576886207,
                42.24935805548357
              ],
              [
                -71.77841052206696,
                42.24932898616664
              ],
              [
                -71.77841041720649,
                42.24932894450297
              ],
              [
                -71.77819544588617,
                42.24925336277703
              ],
              [
                -71.77819533603426,
                42.24925332895002
              ],
              [
                -71.7779714289679,
                42.24919376555702
              ],
              [
                -71.77797131518244,
                42.24919373989238
              ],
              [
                -71.77774062856709,
                42.24915076841493
              ],
              [
                -71.77774051194379,
                42.24915075115983
              ],
              [
                -71.77750526724603,
                42.24912478540301
              ],
              [
                -71.77750514890796,
                42.24912477672363
              ],
              [
                -71.77733391688187,
                42.249118498059026
              ],
              [
                -71.77849284085738,
                42.247479949003875
              ],
              [
                -71.77847576886207,
                42.24935805548357
              ]
            ]
          ]
        ]
      }
    },
    {
      "type": "Feature",
      "properties": {
        "stop_id": "342;350",
        "tier": "0-200m",
        "name": "342;350_0-200m"
      },
      "geometry": {
        "type": "Polygon",
        "coordinates": [
          [
            [
              -71.78647941487384,
              42.257694948137825
            ],
            [
              -71.78631731855823,
              42.257725095078406
            ],
            [
              -71.78608214759451,
              42.25775098730739
            ],
            [
              -71.78584469257808,
              42.25775963086876
            ],
            [
              -71.7856072405241,
              42.25775094251334
            ],
            [
              -71.78537207841913,
              42.257725005921735
            ],
            [
              -71.78514147118885,
              42.25768207089831
            ],
            [
              -71.78491763987842,
              42.25762255096444
            ],
            [
              -71.78470274025598,
              42.257547019375025
            ],
            [
              -71.78449884204566,
              42.25745620359575
            ],
            [
              -71.7843079089903,
              42.25735097829522
            ],
            [
              -71.78413177993596,
              42.257232356918976
            ],
            [
              -71.78397215112072,
              42.25710148192679
            ],
            [
              -71.78383055983817,
              42.25695961378745
            ],
            [
              -71.78378258831177,
              42.25690013740392
            ],
            [
              -71.78689508922193,
              42.25434059396897
            ],
            [
              -71.78698720277218,
              42.25437296904416
            ],
            [
              -71.787163350428,
              42.25445142349702
            ],
            [
              -71.78647941487384,
              42.257694948137825
            ]
          ]
        ]
      }
    },
    {
      "type": "Feature",
      "properties": {
        "stop_id": "342;350",
        "tier": "200-400m",
        "name": "342;350_200-400m"
      },
      "geometry": {
        "type": "MultiPolygon",
        "coordinates": [
          [
            [
              [
                -71.78608702160886,
                42.259551330470366
              ],
              [
                -71.78584438482115,
                42.25956016240311
              ],
              [
                -71.78536934833585,
                42.259542780852314
              ],
              [
                -71.78489889341323,
                42.25949089323595
              ],
              [
                -71.78443755153599,
                42.25940499934323
              ],
              [
                -71.78398976636487,
                42.259285926514146
              ],
              [
                -71.78355985091721,
                42.25913482166657
              ],
              [
                -71.7831519460073,
                42.258953140243854
              ],
              [
                -71.78276998034895,
                42.258742632189566
              ],
              [
                -71.78241763270583,
                42.258505325084954
              ],
              [
                -71.78212361491252,
                42.25826426306428
              ],
              [
                -71.78378088949832,
                42.25690153433141
              ],
              [
                -71.78382851132659,
                42.25696057715171
              ],
              [
                -71.78382857738455,
                42.2569606506177
              ],
              [
                -71.78397023958165,
                42.2571025898146
              ],
              [
                -71.78397031501525,
                42.25710265811682
              ],
              [
                -71.78413002378055,
                42.257233598660704
              ],
              [
                -71.78413010786333,
                42.257233661141306
              ],
              [
                -71.78430632513323,
                42.257352341931984
              ],
              [
                -71.78430641705545,
                42.257352397989216
              ],
              [
                -71.7844974457423,
                42.257457675994594
              ],
              [
                -71.78449754461866,
                42.25745772508857
              ],
              [
                -71.78470154495534,
                42.257548586355455
              ],
              [
                -71.78470164983358,
                42.25754862801331
              ],
              [
                -71.7849166570936,
                42.257624197434936
              ],
              [
                -71.78491676696362,
                42.25762423125547
              ],
              [
                -71.78514071038603,
                42.25768378100168
              ],
              [
                -71.78514082418965,
                42.25768380665915
              ],
              [
                -71.78537154692638,
                42.257726763187925
              ],
              [
                -71.78537166356756,
                42.25772678043524
              ],
              [
                -71.78560694346082,
                42.25775273001799
              ],
              [
                -71.78560706181612,
                42.257752738689014
              ],
              [
                -71.78584463280558,
                42.257761431396275
              ],
              [
                -71.7858447517351,
                42.257761431407495
              ],
              [
                -71.78608232568847,
                42.257752783516715
              ],
              [
                -71.78608244404673,
                42.257752774868024
              ],
              [
                -71.78631773280318,
                42.25772686967011
              ],
              [
                -71.78631784945026,
                42.257726852444804
              ],
              [
                -71.78647900749529,
                42.25769688000613
              ],
              [
                -71.7860879497017,
                42.25955129668698
              ],
              [
                -71.78608702160886,
                42.259551330470366
              ]
            ]
          ],
          [
            [
              [
                -71.78724789605613,
                42.25405044726115
              ],
              [
                -71.78716375507253,
                42.25444950439377
              ],
              [
                -71.78698839795626,
                42.25437140203904
              ],
              [
                -71.78698829308179,
                42.25437136038326
              ],
              [
                -71.78689678607827,
                42.25433919849115
              ],
              [
                -71.78724789605613,
                42.25405044726115
              ]
            ]
          ]
        ]
      }
    },
    {
      "type": "Feature",
      "properties": {
        "stop_id": "1141;1147",
        "tier": "0-200m",
        "name": "1141;1147_0-200m"
      },
      "geometry": {
        "type": "Polygon",
        "coordinates": [
          [
            [
              -71.78378084239276,
              42.25689888715258
            ],
            [
              -71.7836887268068,
              42.25686650951634
            ],
            [
              -71.78348483224352,
              42.25677569192369
            ],
            [
              -71.7832939029266,
              42.25667046492274
            ],
            [
              -71.78311777766613,
              42.25655184197534
            ],
            [
              -71.7829581526636,
              42.256420965556444
            ],
            [
              -71.7828165651759,
              42.25627909614857
            ],
            [
              -71.78269437871147,
              42.2561276001
            ],
            [
              -71.7826686259444,
              42.2560871334144
            ],
            [
              -71.78611320452703,
              42.25375483110887
            ],
            [
              -71.78617710380803,
              42.25378329222402
            ],
            [
              -71.78636802920987,
              42.25388851447816
            ],
            [
              -71.78654415315141,
              42.25400713248941
            ],
            [
              -71.78670377948185,
              42.25413800397255
            ],
            [
              -71.78684537089325,
              42.254279868634725
            ],
            [
              -71.78689334331202,
              42.25433934376446
            ],
            [
              -71.78378084239276,
              42.25689888715258
            ]
          ]
        ]
      }
    },
    {
      "type": "Feature",
      "properties": {
        "stop_id": "1141;1147",
        "tier": "200-400m",
        "name": "1141;1147_200-400m"
      },
      "geometry": {
        "type": "MultiPolygon",
        "coordinates": [
          [
            [
              [
                -71.78175596852807,
                42.25806210538526
              ],
              [
                -71.781403628475,
                42.25782479513762
              ],
              [
                -71.78108429985119,
                42.25756297181025
              ],
              [
                -71.7808467413947,
                42.25732493327823
              ],
              [
                -71.78084416544868,
                42.257322352114
              ],
              [
                -71.78266675231083,
                42.25608840196461
              ],
              [
                -71.7826922129678,
                42.25612840964394
              ],
              [
                -71.78269226901213,
                42.256128487566706
              ],
              [
                -71.78281451667094,
                42.25628005949481
              ],
              [
                -71.78281458272701,
                42.25628013296142
              ],
              [
                -71.78295624112735,
                42.256422073427494
              ],
              [
                -71.78295631655905,
                42.256422141730376
              ],
              [
                -71.78311602150968,
                42.2565530837017
              ],
              [
                -71.78311610559058,
                42.256553146183045
              ],
              [
                -71.78329231906471,
                42.25667182854565
              ],
              [
                -71.78329241098504,
                42.2566718846037
              ],
              [
                -71.78348343593157,
                42.256777164310385
              ],
              [
                -71.7834835348061,
                42.25677721340522
              ],
              [
                -71.78368753149391,
                42.256868076486384
              ],
              [
                -71.78368763637035,
                42.25686811814517
              ],
              [
                -71.78377914539908,
                42.256900282583665
              ],
              [
                -71.78212131990743,
                42.25826346426776
              ],
              [
                -71.78175596852807,
                42.25806210538526
              ]
            ]
          ],
          [
            [
              [
                -71.78793847234085,
                42.25251884185042
              ],
              [
                -71.78801674903313,
                42.25257155984135
              ],
              [
                -71.78805283797293,
                42.25259586506694
              ],
              [
                -71.78724868212566,
                42.25404711476111
              ],
              [
                -71.786895041988,
                42.25433794679022
              ],
              [
                -71.78684741927214,
                42.25427890521613
              ],
              [
                -71.78684735321346,
                42.254278831751826
              ],
              [
                -71.78670569088352,
                42.254136896038595
              ],
              [
                -71.7867056154505,
                42.25413682773813
              ],
              [
                -71.78654590916997,
                42.254005890710005
              ],
              [
                -71.78654582508906,
                42.25400582823114
              ],
              [
                -71.78636961293586,
                42.25388715081208
              ],
              [
                -71.78636952101684,
                42.25388709475648
              ],
              [
                -71.78617849999128,
                42.25378181980376
              ],
              [
                -71.78617840111934,
                42.25378177071123
              ],
              [
                -71.7861150746991,
                42.253753564752195
              ],
              [
                -71.78793847234085,
                42.25251884185042
              ]
            ]
          ]
        ]
      }
    },
    {
      "type": "Feature",
      "properties": {
        "stop_id": "1132;1155;1156",
        "tier": "0-200m",
        "name": "1132;1155;1156_0-200m"
      },
      "geometry": {
        "type": "Polygon",
        "coordinates": [
          [
            [
              -71.77031148408363,
              42.251946207242
            ],
            [
              -71.77025160919025,
              42.25198649897441
            ],
            [
              -71.77006062789582,
              42.25209165982688
            ],
            [
              -71.76985669137095,
              42.25218240676409
            ],
            [
              -71.76964176372768,
              42.2522578657805
            ],
            [
              -71.76941791496007,
              42.25231731010934
            ],
            [
              -71.76918730100455,
              42.25236016722398
            ],
            [
              -71.76895214297105,
              42.25238602435337
            ],
            [
              -71.76871470574606,
              42.25239463245857
            ],
            [
              -71.76847727617334,
              42.25238590863185
            ],
            [
              -71.76824214102292,
              42.25235993689554
            ],
            [
              -71.76801156496082,
              42.25231696739241
            ],
            [
              -71.76778776873192,
              42.25225741397601
            ],
            [
              -71.76757290776641,
              42.25218185022365
            ],
            [
              -71.76736905141605,
              42.25209100391082
            ],
            [
              -71.76717816302042,
              42.25198575000021
            ],
            [
              -71.76700208099541,
              42.251867102212856
            ],
            [
              -71.76684250112605,
              42.251736203262894
            ],
            [
              -71.76683264084927,
              42.25172631873317
            ],
            [
              -71.76686826727585,
              42.249432628259505
            ],
            [
              -71.76700327341283,
              42.24932203739701
            ],
            [
              -71.76717945883227,
              42.249203480389106
            ],
            [
              -71.76737043619795,
              42.24909832428107
            ],
            [
              -71.76757436634999,
              42.249007581715425
            ],
            [
              -71.76778928542132,
              42.248932126529716
            ],
            [
              -71.76801312374722,
              42.24887268534349
            ],
            [
              -71.7682437257926,
              42.2488298305626
            ],
            [
              -71.76847887090521,
              42.24880397486844
            ],
            [
              -71.76871629469505,
              42.248795367244774
            ],
            [
              -71.76895371083475,
              42.248804090580826
            ],
            [
              -71.76918883307043,
              42.24883006087314
            ],
            [
              -71.76941939723244,
              42.24887302803444
            ],
            [
              -71.76964318303318,
              42.24893257830112
            ],
            [
              -71.76985803544318,
              42.24900813821696
            ],
            [
              -71.77006188543952,
              42.249098980153896
            ],
            [
              -71.77025276992676,
              42.24920422931741
            ],
            [
              -71.77042885063922,
              42.24932287216888
            ],
            [
              -71.77058843184233,
              42.249453766183855
            ],
            [
              -71.77059831922213,
              42.24946367732965
            ],
            [
              -71.77031148408363,
              42.251946207242
            ]
          ]
        ]
      }
    },
    {
      "type": "Feature",
      "properties": {
        "stop_id": "1132;1155;1156",
        "tier": "200-400m",
        "name": "1132;1155;1156_200-400m"
      },
      "geometry": {
        "type": "MultiPolygon",
        "coordinates": [
          [
            [
              [
                -71.77006836704943,
                42.254050207183475
              ],
              [
                -71.76965936437533,
                42.25412621591787
              ],
              [
                -71.76918891759645,
                42.254177944563786
              ],
              [
                -71.76871391077836,
                42.254195165567516
              ],
              [
                -71.76823891927073,
                42.25417771305366
              ],
              [
                -71.76776851827566,
                42.25412575512769
              ],
              [
                -71.7673072387563,
                42.25403979225613
              ],
              [
                -71.76685952377242,
                42.253920652443384
              ],
              [
                -71.76679950543645,
                42.253899544815184
              ],
              [
                -71.76679888647581,
                42.25389932713495
              ],
              [
                -71.76683259459814,
                42.25172929635052
              ],
              [
                -71.76684058944929,
                42.251737310866226
              ],
              [
                -71.76684066485801,
                42.251737379179765
              ],
              [
                -71.76700032465287,
                42.25186834369343
              ],
              [
                -71.76700040871162,
                42.25186840618664
              ],
              [
                -71.76717657892863,
                42.251987113401654
              ],
              [
                -71.7671766708279,
                42.25198716947266
              ],
              [
                -71.76736765483263,
                42.25209247610248
              ],
              [
                -71.76736775368734,
                42.25209252521123
              ],
              [
                -71.7675717121431,
                42.25218341702697
              ],
              [
                -71.76757181700117,
                42.25218345870052
              ],
              [
                -71.76778678558489,
                42.25225906030119
              ],
              [
                -71.76778689543643,
                42.25225909413816
              ],
              [
                -71.76801080375975,
                42.2523186773837
              ],
              [
                -71.76801091754677,
                42.252318703058194
              ],
              [
                -71.76824160909973,
                42.25236169408393
              ],
              [
                -71.76824172572636,
                42.25236171134866
              ],
              [
                -71.76847697865156,
                42.252387696093756
              ],
              [
                -71.76847709699449,
                42.25238770478247
              ],
              [
                -71.76871464549141,
                42.252396432978784
              ],
              [
                -71.76871476441084,
                42.25239643300776
              ],
              [
                -71.76895232056387,
                42.25238782059093
              ],
              [
                -71.76895243891444,
                42.252387811959906
              ],
              [
                -71.76918771473419,
                42.252361941879144
              ],
              [
                -71.76918783137603,
                42.252361924671256
              ],
              [
                -71.76941856084139,
                42.25231904609029
              ],
              [
                -71.76941867465108,
                42.25231902047126
              ],
              [
                -71.76964263553938,
                42.25225954636793
              ],
              [
                -71.7696427454208,
                42.2522595125845
              ],
              [
                -71.7698577807157,
                42.25218401577225
              ],
              [
                -71.76985788561056,
                42.25218397414981
              ],
              [
                -71.77006192428097,
                42.25209318175946
              ],
              [
                -71.77006202317901,
                42.25209313269889
              ],
              [
                -71.77025310012911,
                42.251987919173835
              ],
              [
                -71.77025319207786,
                42.25198786314763
              ],
              [
                -71.77031117971589,
                42.251948841410425
              ],
              [
                -71.77006836704943,
                42.254050207183475
              ]
            ]
          ],
          [
            [
              [
                -71.76777174135216,
                42.247063774413306
              ],
              [
                -71.76824213642152,
                42.24701205151118
              ],
              [
                -71.76871708947219,
                42.246994832434545
              ],
              [
                -71.7691920272208,
                42.24701228298478
              ],
              [
                -71.76966237653107,
                42.24706423513182
              ],
              [
                -71.77012360842616,
                42.247150188631295
              ],
              [
                -71.77057128167645,
                42.24726931583891
              ],
              [
                -71.77083712190752,
                42.247362807062316
              ],
              [
                -71.77084088614714,
                42.247364130871205
              ],
              [
                -71.77059863232145,
                42.24946096737837
              ],
              [
                -71.77059034338454,
                42.24945265851761
              ],
              [
                -71.7705902679745,
                42.249452590206495
              ],
              [
                -71.77043060684389,
                42.24932163063525
              ],
              [
                -71.77043052278513,
                42.24932156814452
              ],
              [
                -71.77025435388263,
                42.249202865872796
              ],
              [
                -71.77025426198469,
                42.24920280980423
              ],
              [
                -71.77006328189421,
                42.24909750792866
              ],
              [
                -71.7700631830421,
                42.24909745882219
              ],
              [
                -71.76985923094992,
                42.249006571388925
              ],
              [
                -71.7698591260956,
                42.24900652971745
              ],
              [
                -71.76964416608024,
                42.24893093195905
              ],
              [
                -71.76964405623346,
                42.24893089812384
              ],
              [
                -71.769420158354,
                42.24887131803275
              ],
              [
                -71.76942004457258,
                42.24887129235963
              ],
              [
                -71.76918936493763,
                42.24882830367927
              ],
              [
                -71.76918924831726,
                42.24882828641548
              ],
              [
                -71.76895400832619,
                42.24880230311656
              ],
              [
                -71.7689538899899,
                42.24880229442835
              ],
              [
                -71.76871635494619,
                42.24879356672343
              ],
              [
                -71.76871623603354,
                42.24879356669445
              ],
              [
                -71.76847869333584,
                42.24880217862903
              ],
              [
                -71.7684785749919,
                42.248802187259564
              ],
              [
                -71.76824331211246,
                42.24882805590294
              ],
              [
                -71.76824319547688,
                42.248828073109884
              ],
              [
                -71.76801247793958,
                42.24887094935358
              ],
              [
                -71.76801236413553,
                42.24887097497124
              ],
              [
                -71.7677884137046,
                42.248930445927236
              ],
              [
                -71.76778830382797,
                42.2489304797089
              ],
              [
                -71.7675732771179,
                42.24900597268471
              ],
              [
                -71.76757317222683,
                42.249006014305074
              ],
              [
                -71.76736913993881,
                42.249096802317275
              ],
              [
                -71.76736904104335,
                42.24909685137557
              ],
              [
                -71.76717796802792,
                42.249202060149045
              ],
              [
                -71.76717787608051,
                42.24920211617281
              ],
              [
                -71.7670016024186,
                42.249320732557976
              ],
              [
                -71.7670015183047,
                42.249320795007705
              ],
              [
                -71.76686830943892,
                42.24942991362896
              ],
              [
                -71.76690204269235,
                42.247257952758
              ],
              [
                -71.76731043368137,
                42.2471495031038
              ],
              [
                -71.76777174135216,
                42.247063774413306
              ]
            ]
          ]
        ]
      }
    },
    {
      "type": "Feature",
      "properties": {
        "stop_id": "1133;1154",
        "tier": "0-200m",
        "name": "1133;1154_0-200m"
      },
      "geometry": {
        "type": "Polygon",
        "coordinates": [
          [
            [
              -71.77360150263472,
              42.252280694918035
            ],
            [
              -71.77354171442016,
              42.2523136189832
            ],
            [
              -71.77333778217063,
              42.25240437210742
            ],
            [
              -71.77312285792341,
              42.25247983764497
            ],
            [
              -71.77289901163995,
              42.25253928876632
            ],
            [
              -71.77266839923267,
              42.25258215287939
            ],
            [
              -71.77243324179662,
              42.252608017145725
            ],
            [
              -71.77219580421252,
              42.25261663245763
            ],
            [
              -71.77195837332758,
              42.25260791583801
            ],
            [
              -71.7717232359245,
              42.252581951239726
            ],
            [
              -71.77149265669094,
              42.25253898873683
            ],
            [
              -71.77126885640237,
              42.25247944211542
            ],
            [
              -71.77105399052815,
              42.252403884887414
            ],
            [
              -71.77085012846723,
              42.252313044765415
            ],
            [
              -71.77065923361427,
              42.252207796652485
            ],
            [
              -71.77048314444734,
              42.252089154213856
            ],
            [
              -71.77032355682026,
              42.251958260112126
            ],
            [
              -71.77031366909397,
              42.25194834894694
            ],
            [
              -71.7706005041565,
              42.249465819030036
            ],
            [
              -71.77066037644326,
              42.249425527097465
            ],
            [
              -71.7708513486968,
              42.24932036519637
            ],
            [
              -71.77105527457462,
              42.24922961644402
            ],
            [
              -71.77127019025082,
              42.24915415473753
            ],
            [
              -71.77149402609332,
              42.24909470675926
            ],
            [
              -71.77172462659097,
              42.249051844980464
            ],
            [
              -71.77195977110637,
              42.24902598214991
            ],
            [
              -71.77213168126157,
              42.249019744515614
            ],
            [
              -71.77360150263472,
              42.252280694918035
            ]
          ]
        ]
      }
    },
    {
      "type": "Feature",
      "properties": {
        "stop_id": "1133;1154",
        "tier": "200-400m",
        "name": "1133;1154_200-400m"
      },
      "geometry": {
        "type": "MultiPolygon",
        "coordinates": [
          [
            [
              [
                -71.7743877079438,
                42.25402482618118
              ],
              [
                -71.77404972874756,
                42.254143499987315
              ],
              [
                -71.77360191361673,
                42.25426243515207
              ],
              [
                -71.77314056137926,
                42.254348187183155
              ],
              [
                -71.77267011579583,
                42.25439993010708
              ],
              [
                -71.77219510825933,
                42.25441716552843
              ],
              [
                -71.77172011412634,
                42.254399727432904
              ],
              [
                -71.77124970862427,
                42.254347783787146
              ],
              [
                -71.7707884227597,
                42.254261834920044
              ],
              [
                -71.77034069965354,
                42.254142708701124
              ],
              [
                -71.77007483168627,
                42.25404921643526
              ],
              [
                -71.77007106706519,
                42.25404789260274
              ],
              [
                -71.77031335597013,
                42.251951058896246
              ],
              [
                -71.7703216451977,
                42.25195936777344
              ],
              [
                -71.77032172061044,
                42.25195943608469
              ],
              [
                -71.7704813881669,
                42.25209039574769
              ],
              [
                -71.77048147222939,
                42.25209045823834
              ],
              [
                -71.7706576495919,
                42.25220916010197
              ],
              [
                -71.77065774149456,
                42.25220921617018
              ],
              [
                -71.77084873195989,
                42.25231451699939
              ],
              [
                -71.77084883081763,
                42.25231456610516
              ],
              [
                -71.77105279498679,
                42.25240545172696
              ],
              [
                -71.77105289984752,
                42.25240549339734
              ],
              [
                -71.77126787334242,
                42.2524810884704
              ],
              [
                -71.77126798319624,
                42.25248112230404
              ],
              [
                -71.77149189558122,
                42.25254069875116
              ],
              [
                -71.77149200937008,
                42.2525407244222
              ],
              [
                -71.77172270409606,
                42.2525837084442
              ],
              [
                -71.77172282072404,
                42.2525837257054
              ],
              [
                -71.77195807590304,
                42.25260970330887
              ],
              [
                -71.77195819424686,
                42.25260971199399
              ],
              [
                -71.77219574405667,
                42.25261843297962
              ],
              [
                -71.7721958629765,
                42.25261843300498
              ],
              [
                -71.77243341948885,
                42.25260981337782
              ],
              [
                -71.77243353783935,
                42.2526098047432
              ],
              [
                -71.77266881306136,
                42.252583927521925
              ],
              [
                -71.77266892970265,
                42.25258391031049
              ],
              [
                -71.77289965761899,
                42.252541024727606
              ],
              [
                -71.77289977142767,
                42.25254099910512
              ],
              [
                -71.7731237298306,
                42.25248151820588
              ],
              [
                -71.77312383971055,
                42.25248148441912
              ],
              [
                -71.77333887160766,
                42.25240598108246
              ],
              [
                -71.77333897650058,
                42.25240593945682
              ],
              [
                -71.77354301089355,
                42.252315140876384
              ],
              [
                -71.77354310978924,
                42.252315091812804
              ],
              [
                -71.77360231198804,
                42.252282490453695
              ],
              [
                -71.7743877079438,
                42.25402482618118
              ]
            ]
          ],
          [
            [
              [
                -71.77213088185009,
                42.2490179708417
              ],
              [
                -71.77195959343761,
                42.24902418591595
              ],
              [
                -71.77195947509374,
                42.24902419455008
              ],
              [
                -71.7717242128118,
                42.249050070333425
              ],
              [
                -71.77172409617677,
                42.24905008754391
              ],
              [
                -71.77149338018798,
                42.24909297078902
              ],
              [
                -71.77149326638492,
                42.24909299641013
              ],
              [
                -71.77126931843861,
                42.24915247416157
              ],
              [
                -71.77126920856347,
                42.24915250794657
              ],
              [
                -71.77105418525026,
                42.24922800744641
              ],
              [
                -71.77105408036108,
                42.24922804906997
              ],
              [
                -71.77085005234943,
                42.24931884327197
              ],
              [
                -71.77084995345632,
                42.249318892333264
              ],
              [
                -71.7706588855556,
                42.24942410690271
              ],
              [
                -71.77065879361093,
                42.24942416292925
              ],
              [
                -71.77060080850025,
                42.24946318485971
              ],
              [
                -71.77084358584942,
                42.24736181626953
              ],
              [
                -71.77125254339768,
                42.24728580321792
              ],
              [
                -71.77134558822826,
                42.24727556966254
              ],
              [
                -71.77213088185009,
                42.2490179708417
              ]
            ]
          ]
        ]
      }
    },
    {
      "type": "Feature",
      "properties": {
        "stop_id": "1130;1159;1160",
        "tier": "0-200m",
        "name": "1130;1159;1160_0-200m"
      },
      "geometry": {
        "type": "Polygon",
        "coordinates": [
          [
            [
              -71.76096232828034,
              42.24709631186083
            ],
            [
              -71.76108487569697,
              42.24703055628162
            ],
            [
              -71.76129848430611,
              42.246955573601504
            ],
            [
              -71.7615223217365,
              42.24689614506371
            ],
            [
              -71.76175292097501,
              42.24685330331956
            ],
            [
              -71.76198806139635,
              42.24682746092488
            ],
            [
              -71.76222547865576,
              42.24681886673541
            ],
            [
              -71.7624628864887,
              42.246827603511
            ],
            [
              -71.76269799872132,
              42.24685358711878
            ],
            [
              -71.76292855128024,
              42.24689656734321
            ],
            [
              -71.76315232398959,
              42.24695613029496
            ],
            [
              -71.76336716194592,
              42.24703170239562
            ],
            [
              -71.7635709962655,
              42.24712255589979
            ],
            [
              -71.76376186400378,
              42.247227815901546
            ],
            [
              -71.76393792705642,
              42.24734646875789
            ],
            [
              -71.76409748985878,
              42.24747737184804
            ],
            [
              -71.7642390157147,
              42.24761926457472
            ],
            [
              -71.76436114159617,
              42.24777078050172
            ],
            [
              -71.76446269127247,
              42.247930460510766
            ],
            [
              -71.76454268664125,
              42.24809676685122
            ],
            [
              -71.76460035715301,
              42.248268097947374
            ],
            [
              -71.76463514723775,
              42.2484428038207
            ],
            [
              -71.7646467216619,
              42.24861920197878
            ],
            [
              -71.76463593007584,
              42.24878116594717
            ],
            [
              -71.76257200134421,
              42.25039733383847
            ],
            [
              -71.76246095146008,
              42.25040953838305
            ],
            [
              -71.76222352076647,
              42.25041813305296
            ],
            [
              -71.7619860995019,
              42.25040939578569
            ],
            [
              -71.76175097435642,
              42.250383410732944
            ],
            [
              -71.7615204098996,
              42.25034042816583
            ],
            [
              -71.76129662676458,
              42.250280862063676
            ],
            [
              -71.7610817802554,
              42.250205286126004
            ],
            [
              -71.76087793958455,
              42.25011442824566
            ],
            [
              -71.76068706794058,
              42.250009163496685
            ],
            [
              -71.760511003578,
              42.249890505704556
            ],
            [
              -71.7603514421117,
              42.24975959767974
            ],
            [
              -71.76020992018658,
              42.24961770020914
            ],
            [
              -71.76008780067954,
              42.24946617991128
            ],
            [
              -71.75998625957638,
              42.249306496072386
            ],
            [
              -71.75990627464994,
              42.24914018659028
            ],
            [
              -71.75984861604842,
              42.24896885316141
            ],
            [
              -71.75981383888414,
              42.248794145853935
            ],
            [
              -71.75980227789421,
              42.248617747215405
            ],
            [
              -71.7598059868491,
              42.24856214571744
            ],
            [
              -71.76096232828034,
              42.24709631186083
            ]
          ]
        ]
      }
    },
    {
      "type": "Feature",
      "properties": {
        "stop_id": "1130;1159;1160",
        "tier": "200-400m",
        "name": "1130;1159;1160_200-400m"
      },
      "geometry": {
        "type": "MultiPolygon",
        "coordinates": [
          [
            [
              [
                -71.76053628028006,
                42.25198877746738
              ],
              [
                -71.76053628028008,
                42.25198877746738
              ],
              [
                -71.7603682402622,
                42.25194404854666
              ],
              [
                -71.75993843107744,
                42.251792854978554
              ],
              [
                -71.75953064128531,
                42.25161108933148
              ],
              [
                -71.75914879849039,
                42.251400502360205
              ],
              [
                -71.75879658027259,
                42.25116312240603
              ],
              [
                -71.75847737876126,
                42.25090123585208
              ],
              [
                -71.75819426796433,
                42.2506173650935
              ],
              [
                -71.75818937999063,
                42.25061130010713
              ],
              [
                -71.7598033363196,
                42.248565505563924
              ],
              [
                -71.75979985448315,
                42.24861770226242
              ],
              [
                -71.75979985443172,
                42.24861779061047
              ],
              [
                -71.7598114212053,
                42.24879427759915
              ],
              [
                -71.75981143280961,
                42.24879436552551
              ],
              [
                -71.75984622738565,
                42.248969160336515
              ],
              [
                -71.75984625053404,
                42.2489692469944
              ],
              [
                -71.75990393800812,
                42.24914066623743
              ],
              [
                -71.75990397247773,
                42.249140750792286
              ],
              [
                -71.75998399745968,
                42.24930714357271
              ],
              [
                -71.75998404291866,
                42.24930722521019
              ],
              [
                -71.76008563487477,
                42.249466989029244
              ],
              [
                -71.7600856908854,
                42.249467066963135
              ],
              [
                -71.76020787155325,
                42.24961866315269
              ],
              [
                -71.76020793757615,
                42.249618736632385
              ],
              [
                -71.76034953038106,
                42.24976070517525
              ],
              [
                -71.76034960578042,
                42.24976077349307
              ],
              [
                -71.76050924716301,
                42.24989174708614
              ],
              [
                -71.76050933121275,
                42.24989180958412
              ],
              [
                -71.76068548375848,
                42.25001052680893
              ],
              [
                -71.76068557564912,
                42.25001058288515
              ],
              [
                -71.76087654289383,
                42.250115900358736
              ],
              [
                -71.7608766417404,
                42.25011594947313
              ],
              [
                -71.76108058450878,
                42.250206852862185
              ],
              [
                -71.7610806893593,
                42.25020689454168
              ],
              [
                -71.76129564347946,
                42.250282508333775
              ],
              [
                -71.76129575332412,
                42.25028254217697
              ],
              [
                -71.76151964854698,
                42.250342138114604
              ],
              [
                -71.76151976232784,
                42.25034216379554
              ],
              [
                -71.76175044226967,
                42.250385167891814
              ],
              [
                -71.76175055889087,
                42.25038518516316
              ],
              [
                -71.76198580180616,
                42.250411183231336
              ],
              [
                -71.7619859201445,
                42.250411191926744
              ],
              [
                -71.7622234603291,
                42.25041993357036
              ],
              [
                -71.7622235792448,
                42.25041993360607
              ],
              [
                -71.7624611288632,
                42.250411334631245
              ],
              [
                -71.76246124721094,
                42.25041132600691
              ],
              [
                -71.76256929733995,
                42.250399451141334
              ],
              [
                -71.76053868074621,
                42.25198941642161
              ],
              [
                -71.76053628028006,
                42.25198877746738
              ]
            ]
          ],
          [
            [
              [
                -71.76422706355338,
                42.24534445289285
              ],
              [
                -71.76451033911174,
                42.24544409801893
              ],
              [
                -71.76491810348601,
                42.24562584615245
              ],
              [
                -71.7652999306504,
                42.2458364141254
              ],
              [
                -71.76565214362573,
                42.24607377432662
              ],
              [
                -71.76597135048407,
                42.24633564113199
              ],
              [
                -71.76625447701201,
                42.246619492905396
              ],
              [
                -71.76649879631996,
                42.24692259627245
              ],
              [
                -71.76666850282102,
                42.2471894340645
              ],
              [
                -71.76463849005599,
                42.248779161269574
              ],
              [
                -71.76464914507643,
                42.248619246829335
              ],
              [
                -71.7646491451211,
                42.24861915848129
              ],
              [
                -71.76463756489315,
                42.24844267197377
              ],
              [
                -71.76463755328223,
                42.2484425840479
              ],
              [
                -71.76460274576625,
                42.24826779067321
              ],
              [
                -71.76460272261163,
                42.248267704016264
              ],
              [
                -71.76454502320938,
                42.24809628710946
              ],
              [
                -71.76454498873413,
                42.24809620255598
              ],
              [
                -71.76446495329414,
                42.24792981292194
              ],
              [
                -71.76446490783036,
                42.247929731286206
              ],
              [
                -71.76436330728825,
                42.247769971302766
              ],
              [
                -71.76436325127388,
                42.24776989337094
              ],
              [
                -71.76424106422199,
                42.247618301558816
              ],
              [
                -71.7642409981965,
                42.247618228081414
              ],
              [
                -71.7640994014549,
                42.24747626428961
              ],
              [
                -71.7640993260542,
                42.24747619597422
              ],
              [
                -71.76393968333353,
                42.24734522732324
              ],
              [
                -71.76393959928379,
                42.24734516482773
              ],
              [
                -71.76376344804999,
                42.24722645254612
              ],
              [
                -71.76376335616067,
                42.247226396472335
              ],
              [
                -71.7635723928275,
                42.247121083753086
              ],
              [
                -71.76357229398351,
                42.247121034641005
              ],
              [
                -71.76336835757596,
                42.24703013563473
              ],
              [
                -71.7633682527292,
                42.247030093957285
              ],
              [
                -71.76315330717473,
                42.246954484007986
              ],
              [
                -71.76315319733486,
                42.24695445016656
              ],
              [
                -71.76292931255334,
                42.24689485738404
              ],
              [
                -71.76292919877811,
                42.24689483170448
              ],
              [
                -71.76269853075205,
                42.246851829954416
              ],
              [
                -71.76269841413709,
                42.24685181268403
              ],
              [
                -71.7624631841541,
                42.24682581606299
              ],
              [
                -71.7624630658224,
                42.24682580736807
              ],
              [
                -71.7622255390896,
                42.24681706621689
              ],
              [
                -71.76222542018066,
                42.24681706618118
              ],
              [
                -71.76198788401663,
                42.24682566467483
              ],
              [
                -71.76198776567553,
                42.24682567329868
              ],
              [
                -71.76175250748969,
                42.246851528635894
              ],
              [
                -71.76175239085599,
                42.246851545836236
              ],
              [
                -71.76152167612697,
                42.24689440903667
              ],
              [
                -71.76152156232386,
                42.24689443464789
              ],
              [
                -71.76129761278888,
                42.24695389294912
              ],
              [
                -71.76129750291221,
                42.246953926724586
              ],
              [
                -71.76109560816245,
                42.24702479752254
              ],
              [
                -71.76422706355338,
                42.24534445289285
              ]
            ]
          ]
        ]
      }
    },
    {
      "type": "Feature",
      "properties": {
        "stop_id": "345;347",
        "tier": "0-200m",
        "name": "345;347_0-200m"
      },
      "geometry": {
        "type": "Polygon",
        "coordinates": [
          [
            [
              -71.79162327144184,
              42.25552372311349
            ],
            [
              -71.79178425288008,
              42.2555414698525
            ],
            [
              -71.7920148568168,
              42.2555843915353
            ],
            [
              -71.79223868759297,
              42.25564389763922
            ],
            [
              -71.79245358974613,
              42.255719415133264
            ],
            [
              -71.79265749377441,
              42.2558102167979
            ],
            [
              -71.79284843606217,
              42.25591542822644
            ],
            [
              -71.79302457778721,
              42.25603403624367
            ],
            [
              -71.79318422262747,
              42.25616489866061
            ],
            [
              -71.79332583309683,
              42.25630675527172
            ],
            [
              -71.79344804535256,
              42.256458239988646
            ],
            [
              -71.79354968233221,
              42.25661789399373
            ],
            [
              -71.79362976509272,
              42.25678417978683
            ],
            [
              -71.79368752224302,
              42.256955495990134
            ],
            [
              -71.79372239737873,
              42.25713019276866
            ],
            [
              -71.79373405444713,
              42.257306587717636
            ],
            [
              -71.7937223809908,
              42.25748298206425
            ],
            [
              -71.793687489238,
              42.257657677027545
            ],
            [
              -71.79362971502933,
              42.25782899017876
            ],
            [
              -71.7935812684797,
              42.257929561066575
            ],
            [
              -71.7914635653542,
              42.2591005826718
            ],
            [
              -71.7913113477417,
              42.2591061306169
            ],
            [
              -71.79107388988595,
              42.25909745358142
            ],
            [
              -71.79083872053815,
              42.25907152820467
            ],
            [
              -71.7906081046937,
              42.25902860418295
            ],
            [
              -71.79038426348079,
              42.258969094931714
            ],
            [
              -71.79016935276292,
              42.25889357360293
            ],
            [
              -71.78996544237113,
              42.2588027675635
            ],
            [
              -71.78977449616559,
              42.25869755138824
            ],
            [
              -71.78959835311903,
              42.258578938434745
            ],
            [
              -71.78943870960433,
              42.25844807108171
            ],
            [
              -71.78929710305667,
              42.25830620972437
            ],
            [
              -71.78927957754988,
              42.25828448477584
            ],
            [
              -71.79162327144184,
              42.25552372311349
            ]
          ]
        ]
      }
    },
    {
      "type": "Feature",
      "properties": {
        "stop_id": "345;347",
        "tier": "200-400m",
        "name": "345;347_200-400m"
      },
      "geometry": {
        "type": "MultiPolygon",
        "coordinates": [
          [
            [
              [
                -71.78823665500481,
                42.26008927825922
              ],
              [
                -71.7879253089548,
                42.259879617534025
              ],
              [
                -71.78927812862706,
                42.25828619144935
              ],
              [
                -71.78929505458473,
                42.258307173186026
              ],
              [
                -71.78929512065045,
                42.258307246648855
              ],
              [
                -71.78943679812029,
                42.25844917906037
              ],
              [
                -71.7894368735614,
                42.258449247358975
              ],
              [
                -71.7895965970335,
                42.258580180259884
              ],
              [
                -71.78959668112347,
                42.258580242736464
              ],
              [
                -71.78977291239258,
                42.25869891510016
              ],
              [
                -71.78977300432159,
                42.258698971152995
              ],
              [
                -71.78996404616522,
                42.25880424002856
              ],
              [
                -71.78996414504792,
                42.2588042891178
              ],
              [
                -71.79016815757218,
                42.258895140639964
              ],
              [
                -71.79016826245628,
                42.25889518229282
              ],
              [
                -71.79038328081727,
                42.25897074144865
              ],
              [
                -71.79038339069254,
                42.25897077526394
              ],
              [
                -71.7906073440224,
                42.259030314322175
              ],
              [
                -71.79060745783066,
                42.25903033997423
              ],
              [
                -71.79083818918588,
                42.25907328549578
              ],
              [
                -71.79083830583102,
                42.25907330273751
              ],
              [
                -71.79107359297073,
                42.25909924109982
              ],
              [
                -71.7910737113293,
                42.2590992497652
              ],
              [
                -71.79131128812344,
                42.259107931146836
              ],
              [
                -71.79131140705549,
                42.25910793115239
              ],
              [
                -71.79146007513732,
                42.25910251258105
              ],
              [
                -71.78899314381398,
                42.26046654172098
              ],
              [
                -71.78861864697235,
                42.26029976805833
              ],
              [
                -71.78823665500481,
                42.26008927825922
              ]
            ]
          ],
          [
            [
              [
                -71.79297619037133,
                42.25392991590168
              ],
              [
                -71.79316629092966,
                42.253980454296055
              ],
              [
                -71.79359619429988,
                42.25413152327012
              ],
              [
                -71.79400409811423,
                42.254313167700026
              ],
              [
                -71.79438607440274,
                42.254523638502675
              ],
              [
                -71.79473844475076,
                42.25476090900268
              ],
              [
                -71.79505781571547,
                42.25502269443986
              ],
              [
                -71.79534111150359,
                42.25530647396174
              ],
              [
                -71.79558560359601,
                42.25560951488992
              ],
              [
                -71.79578893703344,
                42.25592889902665
              ],
              [
                -71.79594915311013,
                42.25626155074899
              ],
              [
                -71.79605100505749,
                42.25656362558778
              ],
              [
                -71.79605104662735,
                42.25656374887603
              ],
              [
                -71.79358477754025,
                42.257927620600526
              ],
              [
                -71.79363201716264,
                42.25782955517863
              ],
              [
                -71.79363205169014,
                42.25782947063586
              ],
              [
                -71.79368985482928,
                42.257658071680645
              ],
              [
                -71.79368987803532,
                42.25765798503092
              ],
              [
                -71.7937247872573,
                42.25748320257027
              ],
              [
                -71.79372479891846,
                42.25748311464808
              ],
              [
                -71.79373647821475,
                42.25730663195345
              ],
              [
                -71.79373647821885,
                42.25730654360554
              ],
              [
                -71.79372481530521,
                42.25713006030874
              ],
              [
                -71.79372480365227,
                42.25712997238594
              ],
              [
                -71.79368991104276,
                42.2569551881106
              ],
              [
                -71.79368988784513,
                42.25695510145967
              ],
              [
                -71.79363210176096,
                42.25678369945316
              ],
              [
                -71.79363206724213,
                42.25678361490856
              ],
              [
                -71.79355194436665,
                42.25661724583217
              ],
              [
                -71.79355189885912,
                42.2566171642081
              ],
              [
                -71.79345021096994,
                42.25645743024165
              ],
              [
                -71.79345015491207,
                42.25645735232415
              ],
              [
                -71.79332788144266,
                42.25630579173773
              ],
              [
                -71.79332781537437,
                42.2563057182772
              ],
              [
                -71.79318613397693,
                42.25616379061904
              ],
              [
                -71.79318605853449,
                42.25616372232288
              ],
              [
                -71.79302633373484,
                42.256032794365495
              ],
              [
                -71.79302624964485,
                42.25603273189138
              ],
              [
                -71.79285001969924,
                42.255914064471376
              ],
              [
                -71.79284992777154,
                42.25591400842097
              ],
              [
                -71.79265888985161,
                42.25580874429927
              ],
              [
                -71.79265879097149,
                42.25580869521233
              ],
              [
                -71.79245478482031,
                42.25571784807155
              ],
              [
                -71.79245467994001,
                42.255717806420776
              ],
              [
                -71.79223967015659,
                42.25564225110542
              ],
              [
                -71.79223956028609,
                42.25564221729188
              ],
              [
                -71.79201561740867,
                42.255582681385704
              ],
              [
                -71.79201550360602,
                42.255582655735026
              ],
              [
                -71.79178478417644,
                42.255539712555915
              ],
              [
                -71.79178466753754,
                42.25553969531513
              ],
              [
                -71.79162468439762,
                42.25552205863025
              ],
              [
                -71.79297619037133,
                42.25392991590168
              ]
            ]
          ]
        ]
      }
    },
    {
      "type": "Feature",
      "properties": {
        "stop_id": "344;348",
        "tier": "0-200m",
        "name": "344;348_0-200m"
      },
      "geometry": {
        "type": "Polygon",
        "coordinates": [
          [
            [
              -71.78920834171997,
              42.254724925092916
            ],
            [
              -71.78935275782362,
              42.254709020205425
            ],
            [
              -71.78959020091642,
              42.25470036937605
            ],
            [
              -71.78982764207291,
              42.254709049489655
            ],
            [
              -71.79006279479836,
              42.254734976958964
            ],
            [
              -71.79029339462954,
              42.254777902109076
            ],
            [
              -71.79051722093547,
              42.25483741158098
            ],
            [
              -71.7907321182967,
              42.25491293231124
            ],
            [
              -71.7909360172575,
              42.255003737049186
            ],
            [
              -71.79112695425101,
              42.25510895135851
            ],
            [
              -71.79130309050605,
              42.25522756203626
            ],
            [
              -71.7914627297532,
              42.255358426867836
            ],
            [
              -71.79160433456018,
              42.25550028562445
            ],
            [
              -71.79162186009407,
              42.25552201022832
            ],
            [
              -71.78927816620397,
              42.25828277186265
            ],
            [
              -71.78911717849616,
              42.25826502161433
            ],
            [
              -71.788886566758,
              42.25822209412509
            ],
            [
              -71.78866273001613,
              42.258162581505715
            ],
            [
              -71.788447824091,
              42.2580870569406
            ],
            [
              -71.78824391876749,
              42.257996247827826
            ],
            [
              -71.78818392490291,
              42.257963187945535
            ],
            [
              -71.78920834171997,
              42.254724925092916
            ]
          ]
        ]
      }
    },
    {
      "type": "Feature",
      "properties": {
        "stop_id": "344;348",
        "tier": "200-400m",
        "name": "344;348_200-400m"
      },
      "geometry": {
        "type": "MultiPolygon",
        "coordinates": [
          [
            [
              [
                -71.7879176778259,
                42.25987457119245
              ],
              [
                -71.7879176778259,
                42.25987457119245
              ],
              [
                -71.78773494701295,
                42.259825987198795
              ],
              [
                -71.78760862861998,
                42.25978159502233
              ],
              [
                -71.78818332095295,
                42.25796509697832
              ],
              [
                -71.78824252253932,
                42.25799772027213
              ],
              [
                -71.78824262141944,
                42.25799776936285
              ],
              [
                -71.78844662887288,
                42.258088623959914
              ],
              [
                -71.78844673375447,
                42.25808866561435
              ],
              [
                -71.78866174732033,
                42.25816422800814
              ],
              [
                -71.78866185719329,
                42.25816426182508
              ],
              [
                -71.78888580604986,
                42.25822380425315
              ],
              [
                -71.78888591985599,
                42.25822382990691
              ],
              [
                -71.78911664710286,
                42.258266778897706
              ],
              [
                -71.78911676374605,
                42.258266796141214
              ],
              [
                -71.78927675312487,
                42.25828443631618
              ],
              [
                -71.78792506109487,
                42.25987653422911
              ],
              [
                -71.7879176778259,
                42.25987457119245
              ]
            ]
          ],
          [
            [
              [
                -71.78978342446456,
                42.25290689283959
              ],
              [
                -71.7897843891086,
                42.252906928104366
              ],
              [
                -71.79006538987372,
                42.25291720038591
              ],
              [
                -71.7905358001731,
                42.252969066868594
              ],
              [
                -71.79099710341754,
                42.25305493632739
              ],
              [
                -71.7914448576907,
                42.25317398192723
              ],
              [
                -71.79187475147546,
                42.25332505737525
              ],
              [
                -71.79228264515312,
                42.25350670795324
              ],
              [
                -71.7926646108513,
                42.25371718451891
              ],
              [
                -71.79297594228865,
                42.25392683260447
              ],
              [
                -71.79162330889041,
                42.255520303524364
              ],
              [
                -71.79160638290612,
                42.25549932212106
              ],
              [
                -71.79160631684066,
                42.255499248659525
              ],
              [
                -71.79146464110843,
                42.255357318854806
              ],
              [
                -71.79146456566882,
                42.2553572505575
              ],
              [
                -71.7913048464651,
                42.25522632018425
              ],
              [
                -71.79130476237788,
                42.25522625770889
              ],
              [
                -71.79112853790501,
                42.255107587627016
              ],
              [
                -71.79112844598002,
                42.25510753157524
              ],
              [
                -71.79093741335694,
                42.25500226457131
              ],
              [
                -71.79093731447944,
                42.25500221548288
              ],
              [
                -71.79073331339826,
                42.25491136526725
              ],
              [
                -71.79073320852044,
                42.254911323614884
              ],
              [
                -71.79051820353133,
                42.25483576506169
              ],
              [
                -71.79051809366318,
                42.254835731246516
              ],
              [
                -71.79029415525824,
                42.25477619197065
              ],
              [
                -71.79029404145773,
                42.254776166318265
              ],
              [
                -71.79006332613574,
                42.25473321967012
              ],
              [
                -71.7900632094988,
                42.25473320242758
              ],
              [
                -71.78982793900269,
                42.25470726197311
              ],
              [
                -71.7898278206525,
                42.25470725330644
              ],
              [
                -71.78959026057949,
                42.25469856884562
              ],
              [
                -71.78959014165574,
                42.25469856883829
              ],
              [
                -71.7893525796454,
                42.25470722400022
              ],
              [
                -71.78935246129328,
                42.254707232652294
              ],
              [
                -71.78920893829223,
                42.25472303918094
              ],
              [
                -71.78978342446456,
                42.25290689283959
              ]
            ]
          ]
        ]
      }
    },
    {
      "type": "Feature",
      "properties": {
        "stop_id": "1140;1148",
        "tier": "0-200m",
        "name": "1140;1148_0-200m"
      },
      "geometry": {
        "type": "Polygon",
        "coordinates": [
          [
            [
              -71.78511202659237,
              42.25298303105745
            ],
            [
              -71.78529560870714,
              42.25306480263136
            ],
            [
              -71.78548653047675,
              42.25317002636606
            ],
            [
              -71.78566265076753,
              42.25328864574579
            ],
            [
              -71.78582227346384,
              42.25341951847216
            ],
            [
              -71.78596386129269,
              42.25356138424034
            ],
            [
              -71.78608605062944,
              42.25371287687375
            ],
            [
              -71.7861118046155,
              42.253753342808814
            ],
            [
              -71.7826672260623,
              42.25608564507289
            ],
            [
              -71.78260332603544,
              42.256057182013606
            ],
            [
              -71.78241240035119,
              42.255951953532104
            ],
            [
              -71.78223627874186,
              42.2558333292163
            ],
            [
              -71.78207665737378,
              42.25570245155426
            ],
            [
              -71.78193507346882,
              42.25556058104051
            ],
            [
              -71.78181289050089,
              42.25540908403398
            ],
            [
              -71.78171128506702,
              42.25524941959661
            ],
            [
              -71.78163123555969,
              42.25508312543941
            ],
            [
              -71.78157351274906,
              42.254911803111334
            ],
            [
              -71.78153867236585,
              42.254737102573664
            ],
            [
              -71.78152704975594,
              42.254560706308744
            ],
            [
              -71.78153875665791,
              42.254384313116056
            ],
            [
              -71.78156172310717,
              42.25426943232782
            ],
            [
              -71.78511202659237,
              42.25298303105745
            ]
          ]
        ]
      }
    },
    {
      "type": "Feature",
      "properties": {
        "stop_id": "1140;1148",
        "tier": "200-400m",
        "name": "1140;1148_200-400m"
      },
      "geometry": {
        "type": "MultiPolygon",
        "coordinates": [
          [
            [
              [
                -71.78020280993147,
                42.25684444354968
              ],
              [
                -71.77991957513694,
                42.25656062671663
              ],
              [
                -71.77967515438031,
                42.25625755244938
              ],
              [
                -71.77947190119995,
                42.255938139770876
              ],
              [
                -71.77931177254113,
                42.25560546502064
              ],
              [
                -71.77919630992862,
                42.25526273221958
              ],
              [
                -71.77917096059402,
                42.25513559909919
              ],
              [
                -71.78155908153812,
                42.25427038940179
              ],
              [
                -71.78153635055169,
                42.25438409235425
              ],
              [
                -71.78153633887416,
                42.25438418027526
              ],
              [
                -71.78152462610203,
                42.254560661814885
              ],
              [
                -71.7815246260809,
                42.254560750162845
              ],
              [
                -71.78153625450531,
                42.25473723477671
              ],
              [
                -71.78153626614088,
                42.254737322700784
              ],
              [
                -71.78157112396754,
                42.2549121107386
              ],
              [
                -71.78157114714783,
                42.25491219739203
              ],
              [
                -71.78162889886318,
                42.25508360552871
              ],
              [
                -71.78162893336506,
                42.25508369007696
              ],
              [
                -71.78170902296024,
                42.25525006752478
              ],
              [
                -71.7817090684515,
                42.255250149153554
              ],
              [
                -71.78181072477054,
                42.255409893561364
              ],
              [
                -71.78181078081316,
                42.25540997148455
              ],
              [
                -71.78193302497368,
                42.25556154437113
              ],
              [
                -71.781933091028,
                42.25556161783824
              ],
              [
                -71.78207474584381,
                42.25570355941076
              ],
              [
                -71.7820748212737,
                42.25570362771424
              ],
              [
                -71.78223452258808,
                42.2558345709293
              ],
              [
                -71.78223460666713,
                42.25583463341132
              ],
              [
                -71.7824108164883,
                42.25595331714304
              ],
              [
                -71.7824109084068,
                42.25595337320179
              ],
              [
                -71.78260192971885,
                42.256058654389754
              ],
              [
                -71.78260202859155,
                42.25605870348536
              ],
              [
                -71.78266535575233,
                42.25608691137283
              ],
              [
                -71.78084175245036,
                42.25732154965197
              ],
              [
                -71.78052213128429,
                42.25710626936387
              ],
              [
                -71.78020280993147,
                42.25684444354968
              ]
            ]
          ],
          [
            [
              [
                -71.78750074839684,
                42.25211742071431
              ],
              [
                -71.78769591812402,
                42.25227743397454
              ],
              [
                -71.7879334833962,
                42.25251545852981
              ],
              [
                -71.7879360594357,
                42.25251803953698
              ],
              [
                -71.78611367811091,
                42.2537520742018
              ],
              [
                -71.78608821624705,
                42.25371206726537
              ],
              [
                -71.78608816020066,
                42.25371198934425
              ],
              [
                -71.78596590966173,
                42.25356042083736
              ],
              [
                -71.78596584360484,
                42.253560347372556
              ],
              [
                -71.78582418485922,
                42.253418410552754
              ],
              [
                -71.78582410942802,
                42.25341834225172
              ],
              [
                -71.78566440678344,
                42.25328740397972
              ],
              [
                -71.78566432270438,
                42.25328734150021
              ],
              [
                -71.78548811420376,
                42.25316866271199
              ],
              [
                -71.78548802228654,
                42.25316860665566
              ],
              [
                -71.78529700489504,
                42.253063330221664
              ],
              [
                -71.78529690602493,
                42.25306328112834
              ],
              [
                -71.78511462550865,
                42.25298208931809
              ],
              [
                -71.78750074839684,
                42.25211742071431
              ]
            ]
          ]
        ]
      }
    },
    {
      "type": "Feature",
      "properties": {
        "stop_id": "1127;1161",
        "tier": "0-200m",
        "name": "1127;1161_0-200m"
      },
      "geometry": {
        "type": "Polygon",
        "coordinates": [
          [
            [
              -71.75699616577357,
              42.24564608063149
            ],
            [
              -71.75700265913797,
              42.24554879771579
            ],
            [
              -71.75703764543215,
              42.24537411356571
            ],
            [
              -71.7570562048738,
              42.24531917002205
            ],
            [
              -71.75871845374127,
              42.24400222963037
            ],
            [
              -71.7589415177909,
              42.24396079169365
            ],
            [
              -71.75917664861699,
              42.24393495504925
            ],
            [
              -71.75941405541165,
              42.24392636667449
            ],
            [
              -71.75965145201108,
              42.24393510927325
            ],
            [
              -71.75988655234967,
              42.243961098656605
            ],
            [
              -71.76011709246845,
              42.244004084553374
            ],
            [
              -71.7603408523114,
              42.24406365301963
            ],
            [
              -71.76055567709895,
              42.24413923042381
            ],
            [
              -71.76075949807411,
              42.24423008896948
            ],
            [
              -71.7609503524209,
              42.24433535370216
            ],
            [
              -71.76112640216385,
              42.24445401093329
            ],
            [
              -71.76128595186655,
              42.24458491799993
            ],
            [
              -71.76142746495891,
              42.24472681426652
            ],
            [
              -71.76154957853589,
              42.24487833326275
            ],
            [
              -71.76165111648523,
              42.245038015840755
            ],
            [
              -71.76173110081754,
              42.245204324225206
            ],
            [
              -71.76178876108965,
              42.24537565682065
            ],
            [
              -71.76182354183013,
              42.24555036363412
            ],
            [
              -71.76183510789542,
              42.24572676216417
            ],
            [
              -71.76182334770458,
              42.245903153603415
            ],
            [
              -71.7617883743213,
              42.24607783919882
            ],
            [
              -71.76173052437242,
              42.24624913661176
            ],
            [
              -71.7616503548133,
              42.24641539612081
            ],
            [
              -71.76154863757051,
              42.24657501651062
            ],
            [
              -71.76142635211355,
              42.24672646049437
            ],
            [
              -71.76128467602673,
              42.24686826952064
            ],
            [
              -71.76112497367205,
              42.24699907782268
            ],
            [
              -71.76106815853011,
              42.247037305289616
            ],
            [
              -71.76096129299748,
              42.2470946463855
            ],
            [
              -71.75699616577357,
              42.24564608063149
            ]
          ]
        ]
      }
    },
    {
      "type": "Feature",
      "properties": {
        "stop_id": "1127;1161",
        "tier": "200-400m",
        "name": "1127;1161_200-400m"
      },
      "geometry": {
        "type": "MultiPolygon",
        "coordinates": [
          [
            [
              [
                -71.75705279347719,
                42.24532187266827
              ],
              [
                -71.75703528052854,
                42.24537371815589
              ],
              [
                -71.75703525727685,
                42.24537380479838
              ],
              [
                -71.75700025345319,
                42.24554857643894
              ],
              [
                -71.75700024174323,
                42.24554866435757
              ],
              [
                -71.7569937972337,
                42.245645215280426
              ],
              [
                -71.75675484932218,
                42.2455579147784
              ],
              [
                -71.75705279347719,
                42.24532187266827
              ]
            ]
          ],
          [
            [
              [
                -71.76087312412088,
                42.24229504339271
              ],
              [
                -71.76126912389022,
                42.242400464450874
              ],
              [
                -71.76169887250427,
                42.242551653272905
              ],
              [
                -71.7621066101848,
                42.24273341149202
              ],
              [
                -71.762488410561,
                42.242943988929355
              ],
              [
                -71.76284059691154,
                42.24318135788257
              ],
              [
                -71.76315977756485,
                42.2434432326433
              ],
              [
                -71.76344287855983,
                42.24372709149873
              ],
              [
                -71.76368717325276,
                42.24403020100627
              ],
              [
                -71.76389030858498,
                42.244349642307476
              ],
              [
                -71.76405032775834,
                42.24468233922872
              ],
              [
                -71.76416568909913,
                42.245025087897794
              ],
              [
                -71.7642286669439,
                42.24534137142495
              ],
              [
                -71.76108598486373,
                42.247027740151054
              ],
              [
                -71.7611266444839,
                42.24700038274785
              ],
              [
                -71.76112672860053,
                42.247000320302405
              ],
              [
                -71.76128651094207,
                42.24686944648205
              ],
              [
                -71.76128658641532,
                42.24686937821135
              ],
              [
                -71.76142833345918,
                42.2467274981571
              ],
              [
                -71.76142839956222,
                42.246727424718664
              ],
              [
                -71.76155074626314,
                42.24657590488146
              ],
              [
                -71.76155080235942,
                42.24657582698257
              ],
              [
                -71.7616525705434,
                42.246416126644355
              ],
              [
                -71.76165261609272,
                42.246416045035275
              ],
              [
                -71.76173282579984,
                42.24624970225297
              ],
              [
                -71.76173286036361,
                42.246249617719634
              ],
              [
                -71.76179073928088,
                42.24607823451057
              ],
              [
                -71.76179076252633,
                42.246078147867124
              ],
              [
                -71.7618257534197,
                42.245903374779076
              ],
              [
                -71.76182576512302,
                42.245903286859956
              ],
              [
                -71.76183753119726,
                42.245726807074156
              ],
              [
                -71.76183753124585,
                42.24572671872607
              ],
              [
                -71.76182595938093,
                42.24555023184641
              ],
              [
                -71.76182594777441,
                42.245550143920184
              ],
              [
                -71.7617911496074,
                42.24537534960487
              ],
              [
                -71.76179112645767,
                42.24537526294731
              ],
              [
                -71.76173343730024,
                42.24520384454047
              ],
              [
                -71.7617334028303,
                42.245203759986104
              ],
              [
                -71.76165337843231,
                42.245037368307045
              ],
              [
                -71.76165333297423,
                42.24503728667017
              ],
              [
                -71.76155174416495,
                42.244877524116454
              ],
              [
                -71.7615516881566,
                42.244877446183224
              ],
              [
                -71.76142951341537,
                42.24472585130034
              ],
              [
                -71.76142944739615,
                42.24472577782127
              ],
              [
                -71.76128786342447,
                42.24458381048779
              ],
              [
                -71.76128778803026,
                42.24458374217052
              ],
              [
                -71.76112815841583,
                42.244452769541056
              ],
              [
                -71.7611280743727,
                42.24445270704346
              ],
              [
                -71.76095193645527,
                42.24433399038489
              ],
              [
                -71.76095184457262,
                42.24433393430882
              ],
              [
                -71.76076089463767,
                42.244228616856276
              ],
              [
                -71.76076079580038,
                42.24422856774174
              ],
              [
                -71.7605568727439,
                42.24413766369145
              ],
              [
                -71.76055676790376,
                42.244137622011415
              ],
              [
                -71.76034183552471,
                42.24406200675592
              ],
              [
                -71.76034172569133,
                42.24406197291176
              ],
              [
                -71.76011785378267,
                42.24400237461201
              ],
              [
                -71.76011774001377,
                42.24400234892964
              ],
              [
                -71.75988708443406,
                42.2439593415044
              ],
              [
                -71.75988696782521,
                42.24395932423113
              ],
              [
                -71.75965174974222,
                42.24393332183163
              ],
              [
                -71.75965163141632,
                42.24393331313381
              ],
              [
                -71.75941411592262,
                42.243924566156544
              ],
              [
                -71.75941399701912,
                42.24392456611792
              ],
              [
                -71.75917647132512,
                42.24393315879395
              ],
              [
                -71.75917635298902,
                42.24393316741491
              ],
              [
                -71.75894110440328,
                42.243959016998986
              ],
              [
                -71.75894098777414,
                42.24395903419647
              ],
              [
                -71.75872151373821,
                42.243999805231084
              ],
              [
                -71.76087312412088,
                42.24229504339271
              ]
            ]
          ]
        ]
      }
    },
    {
      "type": "Feature",
      "properties": {
        "stop_id": "1612",
        "tier": "0-200m",
        "name": "1612_0-200m"
      },
      "geometry": {
        "type": "Polygon",
        "coordinates": [
          [
            [
              -71.79539981012513,
              42.25841802778444
            ],
            [
              -71.79542749771178,
              42.25841903851638
            ],
            [
              -71.79566266651446,
              42.25844495448703
            ],
            [
              -71.79589328365982,
              42.25848786834968
            ],
            [
              -71.7961171283502,
              42.25854736685404
            ],
            [
              -71.79633204498914,
              42.258622877042285
            ],
            [
              -71.79653596393528,
              42.25871367176523
            ],
            [
              -71.79672692142938,
              42.258818876683065
            ],
            [
              -71.79690307850281,
              42.25893747868328
            ],
            [
              -71.79706273868572,
              42.2590683356348
            ],
            [
              -71.79712777790489,
              42.259133478783795
            ],
            [
              -71.79472054503881,
              42.261975399847145
            ],
            [
              -71.7947173071191,
              42.26197504301968
            ],
            [
              -71.79448667806378,
              42.261932126818515
            ],
            [
              -71.79426282293437,
              42.26187262516714
            ],
            [
              -71.79404789772849,
              42.26179711114432
            ],
            [
              -71.7938439724167,
              42.261706312046584
            ],
            [
              -71.79365301100289,
              42.261601102381896
            ],
            [
              -71.79352786980951,
              42.26151684525372
            ],
            [
              -71.79539981012513,
              42.25841802778444
            ]
          ]
        ]
      }
    },
    {
      "type": "Feature",
      "properties": {
        "stop_id": "1612",
        "tier": "200-400m",
        "name": "1612_200-400m"
      },
      "geometry": {
        "type": "MultiPolygon",
        "coordinates": [
          [
            [
              [
                -71.7925064943795,
                42.26320749266864
              ],
              [
                -71.79352682622346,
                42.261518572716625
              ],
              [
                -71.7936514272408,
                42.26160246614669
              ],
              [
                -71.79365151917746,
                42.2616025221964
              ],
              [
                -71.79384257623697,
                42.26170778455811
              ],
              [
                -71.79384267512722,
                42.26170783364398
              ],
              [
                -71.79404670257897,
                42.26179867822097
              ],
              [
                -71.79404680747038,
                42.26179871987025
              ],
              [
                -71.79426184032667,
                42.26187427171648
              ],
              [
                -71.79426195020906,
                42.261874305528025
              ],
              [
                -71.79448591746237,
                42.2619338369826
              ],
              [
                -71.79448603127744,
                42.26193386263079
              ],
              [
                -71.79471677585015,
                42.26197680032786
              ],
              [
                -71.79471689250171,
                42.261976817565674
              ],
              [
                -71.79471913478301,
                42.2619770646711
              ],
              [
                -71.79407525832814,
                42.26273715756883
              ],
              [
                -71.79256802097359,
                42.26323488817679
              ],
              [
                -71.7925064943795,
                42.26320749266864
              ]
            ]
          ],
          [
            [
              [
                -71.79641842804915,
                42.256731662566736
              ],
              [
                -71.79659688126128,
                42.256764869328315
              ],
              [
                -71.79704467230948,
                42.25688389298802
              ],
              [
                -71.79747460465624,
                42.25703494734699
              ],
              [
                -71.7978825383117,
                42.257216577890055
              ],
              [
                -71.79826454501858,
                42.25742703566792
              ],
              [
                -71.79845538860806,
                42.25755552388371
              ],
              [
                -71.79846104041766,
                42.25755932903369
              ],
              [
                -71.79712916296498,
                42.25913184352682
              ],
              [
                -71.79706465005495,
                42.259067227529165
              ],
              [
                -71.79706457460487,
                42.25906715923559
              ],
              [
                -71.7969048344549,
                42.25893623674634
              ],
              [
                -71.79690475035723,
                42.25893617427512
              ],
              [
                -71.79672850505554,
                42.25881751287514
              ],
              [
                -71.7967284131202,
                42.25881745682787
              ],
              [
                -71.79653735998629,
                42.25871219922014
              ],
              [
                -71.79653726109863,
                42.258712150136574
              ],
              [
                -71.79633324002211,
                42.25862130994094
              ],
              [
                -71.79633313513445,
                42.258621268293744
              ],
              [
                -71.796118110858,
                42.258545720287856
              ],
              [
                -71.79611800098039,
                42.25854568647805
              ],
              [
                -71.7958940441818,
                42.25848615817523
              ],
              [
                -71.79589393037236,
                42.258486132528425
              ],
              [
                -71.7956631977275,
                42.25844319717338
              ],
              [
                -71.7956630810822,
                42.25844317993654
              ],
              [
                -71.79542779450082,
                42.25841725098649
              ],
              [
                -71.79542767614294,
                42.25841724232561
              ],
              [
                -71.79540087555408,
                42.25841626397353
              ],
              [
                -71.79641842804915,
                42.256731662566736
              ]
            ]
          ]
        ]
      }
    },
    {
      "type": "Feature",
      "properties": {
        "stop_id": "1855",
        "tier": "0-200m",
        "name": "1855_0-200m"
      },
      "geometry": {
        "type": "Polygon",
        "coordinates": [
          [
            [
              -71.76095970734453,
              42.24709607353869
            ],
            [
              -71.759804308775,
              42.24856071211343
            ],
            [
              -71.75969687198055,
              42.248608508669406
            ],
            [
              -71.75948194436393,
              42.248683948692374
            ],
            [
              -71.75925809869652,
              42.24874337322794
            ],
            [
              -71.75902749088485,
              42.24878620994009
            ],
            [
              -71.7587923419797,
              42.24881204625433
            ],
            [
              -71.75855491677964,
              42.24882063333213
            ],
            [
              -71.75831750201259,
              42.248811888468374
            ],
            [
              -71.75808238430596,
              42.24878589588795
            ],
            [
              -71.75785182815771,
              42.248742905934414
            ],
            [
              -71.75762805412093,
              42.248683332658295
            ],
            [
              -71.757413217412,
              42.24860774982817
            ],
            [
              -71.757209387149,
              42.248516885403276
            ],
            [
              -71.75701852642027,
              42.248411614520705
            ],
            [
              -71.7568424733751,
              42.24829295106498
            ],
            [
              -71.75668292351943,
              42.24816203790112
            ],
            [
              -71.75654141338633,
              42.24802013586548
            ],
            [
              -71.75641930573906,
              42.247868611620596
            ],
            [
              -71.75631777644922,
              42.247708924490695
            ],
            [
              -71.7562378031759,
              42.24754261240524
            ],
            [
              -71.75618015595506,
              42.24737127708578
            ],
            [
              -71.75614538978944,
              42.24719656861868
            ],
            [
              -71.75613383931014,
              42.24702016956263
            ],
            [
              -71.7561456155612,
              42.24684377874386
            ],
            [
              -71.75618060493747,
              42.24666909489527
            ],
            [
              -71.75623847028622,
              42.24649780029701
            ],
            [
              -71.75631865416122,
              42.246331544575966
            ],
            [
              -71.75642038419784,
              42.24617192882024
            ],
            [
              -71.7565426805571,
              42.24602049016154
            ],
            [
              -71.75668436536681,
              42.24587868697394
            ],
            [
              -71.75684407406857,
              42.24574788483129
            ],
            [
              -71.7569937310247,
              42.24564719753061
            ],
            [
              -71.76095970734453,
              42.24709607353869
            ]
          ]
        ]
      }
    },
    {
      "type": "Feature",
      "properties": {
        "stop_id": "1855",
        "tier": "200-400m",
        "name": "1855_200-400m"
      },
      "geometry": {
        "type": "Polygon",
        "coordinates": [
          [
            [
              -71.75818937691741,
              42.250607743365855
            ],
            [
              -71.7581857789877,
              42.25060761083677
            ],
            [
              -71.75807887104385,
              42.250603672850026
            ],
            [
              -71.7576085049483,
              42.250551673223946
            ],
            [
              -71.75714726527033,
              42.250465669440054
            ],
            [
              -71.75669959468591,
              42.250346489896884
            ],
            [
              -71.75626980510826,
              42.250195282540176
            ],
            [
              -71.75586203613874,
              42.2500135038006
            ],
            [
              -71.75548021518135,
              42.24980290455905
            ],
            [
              -71.75512801960556,
              42.24956551327492
            ],
            [
              -71.7548088413226,
              42.24930361644056
            ],
            [
              -71.75452575411663,
              42.249019736549975
            ],
            [
              -71.75428148404548,
              42.24871660779511
            ],
            [
              -71.75407838319592,
              42.24839714972344
            ],
            [
              -71.75391840704594,
              42.24806443911146
            ],
            [
              -71.75380309565143,
              42.247721680325235
            ],
            [
              -71.75373355883772,
              42.24737217445361
            ],
            [
              -71.75371046553772,
              42.247019287511755
            ],
            [
              -71.7537340373784,
              42.24666641802144
            ],
            [
              -71.75374205048331,
              42.246626420483366
            ],
            [
              -71.75675283783194,
              42.24555918631249
            ],
            [
              -71.75699139125793,
              42.24564634269177
            ],
            [
              -71.75684240337804,
              42.24574657984345
            ],
            [
              -71.75684231925885,
              42.245746642285766
            ],
            [
              -71.75668253056573,
              42.24587750993869
            ],
            [
              -71.75668245508868,
              42.24587757820639
            ],
            [
              -71.75654069931367,
              42.24601945241426
            ],
            [
              -71.75654063320569,
              42.246019525849896
            ],
            [
              -71.75641827559066,
              42.246171040355016
            ],
            [
              -71.75641821948841,
              42.2461711182514
            ],
            [
              -71.75631643849563,
              42.24633081394935
            ],
            [
              -71.7563163929395,
              42.24633089555632
            ],
            [
              -71.75623616889888,
              42.24649723454558
            ],
            [
              -71.75623613432762,
              42.24649731907724
            ],
            [
              -71.75617823999085,
              42.24666869946785
            ],
            [
              -71.75617821673751,
              42.24666878611015
            ],
            [
              -71.75614320983021,
              42.246843557449075
            ],
            [
              -71.75614319811883,
              42.24684364536759
            ],
            [
              -71.75613141596286,
              42.24702012453212
            ],
            [
              -71.75613141590631,
              42.24702021288019
            ],
            [
              -71.75614297216396,
              42.247196700286615
            ],
            [
              -71.75614298376287,
              42.247196788213365
            ],
            [
              -71.75617776733479,
              42.24737158418457
            ],
            [
              -71.75617779047757,
              42.247371670843236
            ],
            [
              -71.75623546656526,
              42.24754309197779
            ],
            [
              -71.75623550102911,
              42.24754317653377
            ],
            [
              -71.75631551435211,
              42.247709571918826
            ],
            [
              -71.75631555980522,
              42.24770965355779
            ],
            [
              -71.75641713994209,
              42.24786942066952
            ],
            [
              -71.75641719594677,
              42.24786949860521
            ],
            [
              -71.7565393647489,
              42.24802109874377
            ],
            [
              -71.75653943076587,
              42.2480211722256
            ],
            [
              -71.75668101177291,
              42.248163145335766
            ],
            [
              -71.7566810871664,
              42.24816321365602
            ],
            [
              -71.75684071693253,
              42.24829419239071
            ],
            [
              -71.75684080097652,
              42.24829425489141
            ],
            [
              -71.75701694219916,
              42.24841297778264
            ],
            [
              -71.75701703408423,
              42.24841303386183
            ],
            [
              -71.75720799040825,
              42.248518357472086
            ],
            [
              -71.75720808924947,
              42.24851840658964
            ],
            [
              -71.75741202160478,
              42.248609316526526
            ],
            [
              -71.75741212645025,
              42.24860935820939
            ],
            [
              -71.75762707076524,
              42.24868497889739
            ],
            [
              -71.75762718060516,
              42.248685012744104
            ],
            [
              -71.75785106672524,
              42.2487446158593
            ],
            [
              -71.75785118050173,
              42.2487446415439
            ],
            [
              -71.75808185213086,
              42.24878765303027
            ],
            [
              -71.75808196874812,
              42.24878767030537
            ],
            [
              -71.7583172042208,
              42.24881367590499
            ],
            [
              -71.75831732255564,
              42.24881368460419
            ],
            [
              -71.75855485623947,
              42.248822433848076
            ],
            [
              -71.75855497515218,
              42.248822433887604
            ],
            [
              -71.75879251927428,
              42.24881384250868
            ],
            [
              -71.75879263761955,
              42.248813833888136
            ],
            [
              -71.75902790430638,
              42.24878798463298
            ],
            [
              -71.75902802094437,
              42.248787967435405
            ],
            [
              -71.75925874426281,
              42.24874510926714
            ],
            [
              -71.75925885807017,
              42.24874508365817
            ],
            [
              -71.75948281585676,
              42.24868562935805
            ],
            [
              -71.7594829257374,
              42.248685595584334
            ],
            [
              -71.7596979610056,
              42.24861011777503
            ],
            [
              -71.7596980659012,
              42.24861007616185
            ],
            [
              -71.75980175794948,
              42.24856394557378
            ],
            [
              -71.75818937691741,
              42.250607743365855
            ]
          ]
        ]
      }
    },
    {
      "type": "Feature",
      "properties": {
        "stop_id": "187;204",
        "tier": "0-200m",
        "name": "187;204_0-200m"
      },
      "geometry": {
        "type": "Polygon",
        "coordinates": [
          [
            [
              -71.79698034420628,
              42.277633817038954
            ],
            [
              -71.79698333467465,
              42.2776790188324
            ],
            [
              -71.79697166651798,
              42.27785541288082
            ],
            [
              -71.79693677250076,
              42.27803010820976
            ],
            [
              -71.79687898848518,
              42.27820142238698
            ],
            [
              -71.79679887079129,
              42.27836770552958
            ],
            [
              -71.79669719084582,
              42.278527356194715
            ],
            [
              -71.79657492775875,
              42.278678836803934
            ],
            [
              -71.79643325889872,
              42.27882068845318
            ],
            [
              -71.79627354855776,
              42.278951544965096
            ],
            [
              -71.79613223907951,
              42.27904665370649
            ],
            [
              -71.79214284885099,
              42.2777725040463
            ],
            [
              -71.7921366653357,
              42.277678930000484
            ],
            [
              -71.79214834694255,
              42.277502536438796
            ],
            [
              -71.79218325389292,
              42.27732784255066
            ],
            [
              -71.79224104982757,
              42.27715653071298
            ],
            [
              -71.79232117796843,
              42.27699025071868
            ],
            [
              -71.79242286648733,
              42.276830603889685
            ],
            [
              -71.79254513594475,
              42.27667912765699
            ],
            [
              -71.79268680872732,
              42.27653728075649
            ],
            [
              -71.79284652039222,
              42.27640642918301
            ],
            [
              -71.79302273280973,
              42.27628783303763
            ],
            [
              -71.79313227977758,
              42.27622750214083
            ],
            [
              -71.79698034420628,
              42.277633817038954
            ]
          ]
        ]
      }
    },
    {
      "type": "Feature",
      "properties": {
        "stop_id": "187;204",
        "tier": "200-400m",
        "name": "187;204_200-400m"
      },
      "geometry": {
        "type": "MultiPolygon",
        "coordinates": [
          [
            [
              [
                -71.7899209765335,
                42.276633752771716
              ],
              [
                -71.79008128340129,
                42.27630111265223
              ],
              [
                -71.79028471994859,
                42.27598174287379
              ],
              [
                -71.7905293264763,
                42.27567871892088
              ],
              [
                -71.7908127469229,
                42.2753949588276
              ],
              [
                -71.79082561557799,
                42.27538441585612
              ],
              [
                -71.79312983319511,
                42.27622660795092
              ],
              [
                -71.79302124078727,
                42.27628641314028
              ],
              [
                -71.79302114882337,
                42.276286469184484
              ],
              [
                -71.79284484814988,
                42.27640512472672
              ],
              [
                -71.79284476402546,
                42.276405187195124
              ],
              [
                -71.79268497236772,
                42.276536104303624
              ],
              [
                -71.79268489689296,
                42.276536172594646
              ],
              [
                -71.79254315315109,
                42.27667809053732
              ],
              [
                -71.79254308705286,
                42.276678163993296
              ],
              [
                -71.79242075635312,
                42.27682971609124
              ],
              [
                -71.79242070026802,
                42.276829794004804
              ],
              [
                -71.79231896081376,
                42.276989520791595
              ],
              [
                -71.79231891528197,
                42.27698960241242
              ],
              [
                -71.79223874700338,
                42.27715596568709
              ],
              [
                -71.79223871246347,
                42.27715605022915
              ],
              [
                -71.79218088757554,
                42.27732744786784
              ],
              [
                -71.79218086436023,
                42.27732753451697
              ],
              [
                -71.7921459399201,
                42.277502315900456
              ],
              [
                -71.79214592825308,
                42.27750240382219
              ],
              [
                -71.7921342407887,
                42.277678885731
              ],
              [
                -71.79213424078237,
                42.277678974078604
              ],
              [
                -71.7921403690399,
                42.27777171197373
              ],
              [
                -71.78979606481298,
                42.27702288852311
              ],
              [
                -71.78980534378982,
                42.27697645990751
              ],
              [
                -71.7899209765335,
                42.276633752771716
              ]
            ]
          ],
          [
            [
              [
                -71.79928307939417,
                42.27847528359819
              ],
              [
                -71.79928144251392,
                42.27848013705704
              ],
              [
                -71.79919917677337,
                42.27872405945434
              ],
              [
                -71.79903891171442,
                42.279056712173414
              ],
              [
                -71.79883550947797,
                42.27937609730409
              ],
              [
                -71.79859092844453,
                42.279679138771876
              ],
              [
                -71.79847840696459,
                42.279791809271615
              ],
              [
                -71.79847531353414,
                42.27979490679166
              ],
              [
                -71.79613468766473,
                42.27904743568836
              ],
              [
                -71.79627522093813,
                42.278952849370825
              ],
              [
                -71.79627530506254,
                42.278952786899936
              ],
              [
                -71.79643509539434,
                42.278821864845554
              ],
              [
                -71.7964351708678,
                42.2788217965521
              ],
              [
                -71.79657691068124,
                42.278679873853555
              ],
              [
                -71.79657697677688,
                42.27867980039528
              ],
              [
                -71.79669930109668,
                42.27852824391424
              ],
              [
                -71.79669935717801,
                42.2785281659986
              ],
              [
                -71.79680108804595,
                42.278368435369906
              ],
              [
                -71.79680113357296,
                42.278368353747325
              ],
              [
                -71.79688129138887,
                42.278201987319605
              ],
              [
                -71.79688132592314,
                42.27820190277616
              ],
              [
                -71.79693913887407,
                42.27803050279444
              ],
              [
                -71.79693916208312,
                42.278030416144354
              ],
              [
                -71.79697407357068,
                42.277855633317884
              ],
              [
                -71.79697408523107,
                42.27785554539567
              ],
              [
                -71.79698575922504,
                42.2776790629994
              ],
              [
                -71.7969857592246,
                42.27767897465179
              ],
              [
                -71.79698283181925,
                42.277634726100736
              ],
              [
                -71.79928307939417,
                42.27847528359819
              ]
            ]
          ]
        ]
      }
    },
    {
      "type": "Feature",
      "properties": {
        "stop_id": "661;674",
        "tier": "0-200m",
        "name": "661;674_0-200m"
      },
      "geometry": {
        "type": "Polygon",
        "coordinates": [
          [
            [
              -71.79165005321833,
              42.287595002212626
            ],
            [
              -71.79164352678093,
              42.28769352460343
            ],
            [
              -71.79160861261646,
              42.28786821801029
            ],
            [
              -71.79155080517752,
              42.288039529207985
            ],
            [
              -71.79147066100965,
              42.28820580834234
            ],
            [
              -71.7913689517945,
              42.288365454009025
            ],
            [
              -71.79124665692392,
              42.28851692867777
            ],
            [
              -71.7911049540726,
              42.288658773501645
            ],
            [
              -71.79094520785995,
              42.28878962236906
            ],
            [
              -71.79076895671027,
              42.28890821506276
            ],
            [
              -71.79057789803761,
              42.28901340939916
            ],
            [
              -71.79037387189796,
              42.28910419223088
            ],
            [
              -71.79015884326641,
              42.28917968920663
            ],
            [
              -71.78993488310978,
              42.28923917319399
            ],
            [
              -71.78970414843732,
              42.289282071284326
            ],
            [
              -71.78946886152183,
              42.28930797031188
            ],
            [
              -71.78923128849125,
              42.28931662083417
            ],
            [
              -71.78900482824649,
              42.28930834555397
            ],
            [
              -71.78681075886375,
              42.2875618203383
            ],
            [
              -71.78680778833866,
              42.2875168174176
            ],
            [
              -71.78681948662835,
              42.28734042470305
            ],
            [
              -71.786854413731,
              42.287165732738146
            ],
            [
              -71.78691223309328,
              42.286994423881254
            ],
            [
              -71.7869923877114,
              42.286828147896586
            ],
            [
              -71.78709410550213,
              42.28666850606743
            ],
            [
              -71.7872164067441,
              42.28651703577658
            ],
            [
              -71.78735811351771,
              42.28637519570274
            ],
            [
              -71.78751786105285,
              42.28624435177494
            ],
            [
              -71.78769411087438,
              42.28612576402061
            ],
            [
              -71.78788516561933,
              42.28602057443352
            ],
            [
              -71.7880891853826,
              42.28592979597855
            ],
            [
              -71.78830420543417,
              42.28585430283879
            ],
            [
              -71.78852815513696,
              42.285794821999225
            ],
            [
              -71.78853296851676,
              42.285793927105615
            ],
            [
              -71.79165005321833,
              42.287595002212626
            ]
          ]
        ]
      }
    },
    {
      "type": "Feature",
      "properties": {
        "stop_id": "661;674",
        "tier": "200-400m",
        "name": "661;674_200-400m"
      },
      "geometry": {
        "type": "MultiPolygon",
        "coordinates": [
          [
            [
              [
                -71.78643377175872,
                42.284580889496056
              ],
              [
                -71.7885305382826,
                42.28579252282465
              ],
              [
                -71.7885275083896,
                42.28579308613606
              ],
              [
                -71.78852739452743,
                42.285793111773906
              ],
              [
                -71.78830333266384,
                42.285852622403084
              ],
              [
                -71.78830322273403,
                42.285852656204185
              ],
              [
                -71.78808809499317,
                42.285928187153054
              ],
              [
                -71.78808799005435,
                42.285928228791924
              ],
              [
                -71.78788386811021,
                42.28601905271143
              ],
              [
                -71.78788376917295,
                42.28601910178709
              ],
              [
                -71.78769261873951,
                42.28612434405638
              ],
              [
                -71.78769252675657,
                42.286124400096234
              ],
              [
                -71.78751618866032,
                42.28624304724322
              ],
              [
                -71.78751610451755,
                42.2862431097076
              ],
              [
                -71.78735627697161,
                42.2863740191666
              ],
              [
                -71.78735620147935,
                42.286374087454
              ],
              [
                -71.7872144237294,
                42.286515998566585
              ],
              [
                -71.78721435761469,
                42.28651607201939
              ],
              [
                -71.78709199511452,
                42.28666761817248
              ],
              [
                -71.78709193901412,
                42.286667696083306
              ],
              [
                -71.78699017027336,
                42.28682741786775
              ],
              [
                -71.7869901247276,
                42.28682749948632
              ],
              [
                -71.7869099299585,
                42.286993858749355
              ],
              [
                -71.7869098954061,
                42.28699394328966
              ],
              [
                -71.78685204707881,
                42.287165337946064
              ],
              [
                -71.78685202385257,
                42.287165424593965
              ],
              [
                -71.78681707925006,
                42.287340204053265
              ],
              [
                -71.78681706757378,
                42.287340291974296
              ],
              [
                -71.78680536341822,
                42.287516773035556
              ],
              [
                -71.78680536340447,
                42.287516861383
              ],
              [
                -71.78680819637911,
                42.287559780465564
              ],
              [
                -71.78484345989348,
                42.28599569096035
              ],
              [
                -71.78495569790941,
                42.28581954717684
              ],
              [
                -71.78520036802306,
                42.285516535112
              ],
              [
                -71.78548385646856,
                42.28523278867676
              ],
              [
                -71.78580343287133,
                42.284971040230644
              ],
              [
                -71.78615601945985,
                42.28473381026969
              ],
              [
                -71.78643377175872,
                42.284580889496056
              ]
            ]
          ],
          [
            [
              [
                -71.79375215618808,
                42.288809507150184
              ],
              [
                -71.79371099235622,
                42.28889491784562
              ],
              [
                -71.79350753156794,
                42.28921429297829
              ],
              [
                -71.79326288695253,
                42.28951732256348
              ],
              [
                -71.79297941420405,
                42.28980108800837
              ],
              [
                -71.79265984309389,
                42.29006285622283
              ],
              [
                -71.79230725119017,
                42.290300105951175
              ],
              [
                -71.79192503422212,
                42.290510552064156
              ],
              [
                -71.7915168733744,
                42.29069216757694
              ],
              [
                -71.79108669982651,
                42.2908432031806
              ],
              [
                -71.79097155770671,
                42.29087378532046
              ],
              [
                -71.7890072019509,
                42.289310234997195
              ],
              [
                -71.78923122878524,
                42.28931842135351
              ],
              [
                -71.78923134777409,
                42.28931842136122
              ],
              [
                -71.78946903980074,
                42.28930976650605
              ],
              [
                -71.7894691582176,
                42.289309757853914
              ],
              [
                -71.7897045629839,
                42.289283845853994
              ],
              [
                -71.78970467968824,
                42.28928382862535
              ],
              [
                -71.78993552993099,
                42.28924090904817
              ],
              [
                -71.7899356437988,
                42.28924088340896
              ],
              [
                -71.79015971613197,
                42.28918136962723
              ],
              [
                -71.79015982606657,
                42.28918133582437
              ],
              [
                -71.7903749624003,
                42.28910580103376
              ],
              [
                -71.79037506734288,
                42.289105759392825
              ],
              [
                -71.79057919567298,
                42.28901493108998
              ],
              [
                -71.79057929461284,
                42.289014882012026
              ],
              [
                -71.79077044897991,
                42.288909634986275
              ],
              [
                -71.79077054096417,
                42.28890957894398
              ],
              [
                -71.79094688039055,
                42.288790926850204
              ],
              [
                -71.79094696453332,
                42.288790864383344
              ],
              [
                -71.7911067907548,
                42.28865994997731
              ],
              [
                -71.79110686624573,
                42.288659881687465
              ],
              [
                -71.7912486400675,
                42.28851796581771
              ],
              [
                -71.79124870617962,
                42.28851789236263
              ],
              [
                -71.79137106229884,
                42.28836634182504
              ],
              [
                -71.79137111839546,
                42.288366263912145
              ],
              [
                -71.79147287854775,
                42.28820653828442
              ],
              [
                -71.79147292408872,
                42.288206456664085
              ],
              [
                -71.79155310839185,
                42.288040094246625
              ],
              [
                -71.79155314293862,
                42.28804000970492
              ],
              [
                -71.79161097932466,
                42.28786861270421
              ],
              [
                -71.79161100254461,
                42.28786852605534
              ],
              [
                -71.7916459341895,
                42.28769374515193
              ],
              [
                -71.79164594585912,
                42.28769365723039
              ],
              [
                -71.79165239158051,
                42.28759635326545
              ],
              [
                -71.79375215618808,
                42.288809507150184
              ]
            ]
          ]
        ]
      }
    },
    {
      "type": "Feature",
      "properties": {
        "stop_id": "184;207",
        "tier": "0-200m",
        "name": "184;207_0-200m"
      },
      "geometry": {
        "type": "Polygon",
        "coordinates": [
          [
            [
              -71.79449704118147,
              42.282714763372425
            ],
            [
              -71.79453137695039,
              42.282886676326534
            ],
            [
              -71.7945430410188,
              42.28306307039827
            ],
            [
              -71.7945313650629,
              42.28323946403216
            ],
            [
              -71.79449646133479,
              42.283414158454086
            ],
            [
              -71.79443866579017,
              42.2835854712405
            ],
            [
              -71.79435853486005,
              42.28375175252194
            ],
            [
              -71.79425684009864,
              42.2839114008734
            ],
            [
              -71.79413456075858,
              42.28406287873876
            ],
            [
              -71.793992874365,
              42.28420472724032
            ],
            [
              -71.79383314537883,
              42.28433558023111
            ],
            [
              -71.79365691205842,
              42.28445417745413
            ],
            [
              -71.7934658716461,
              42.28455937668222
            ],
            [
              -71.79326186402204,
              42.284650164720865
            ],
            [
              -71.7930468539829,
              42.28472566716863
            ],
            [
              -71.79287334768907,
              42.2847717588289
            ],
            [
              -71.79020311090011,
              42.284161669503476
            ],
            [
              -71.79010429573292,
              42.28406271913382
            ],
            [
              -71.78998203815625,
              42.283911231584575
            ],
            [
              -71.78988036633176,
              42.28375157517966
            ],
            [
              -71.78980025929114,
              42.28358528755275
            ],
            [
              -71.78974248835851,
              42.28341397018993
            ],
            [
              -71.7897076097278,
              42.283239273004746
            ],
            [
              -71.78969595911302,
              42.283062878447296
            ],
            [
              -71.78970764852222,
              42.28288648530059
            ],
            [
              -71.7897425651863,
              42.282711792320036
            ],
            [
              -71.7898003726524,
              42.28254048187377
            ],
            [
              -71.7898805140314,
              42.28237420374137
            ],
            [
              -71.78998221736757,
              42.28221455922674
            ],
            [
              -71.7901045030787,
              42.28206308573862
            ],
            [
              -71.79024619339485,
              42.28192124198646
            ],
            [
              -71.79037983820129,
              42.28181176273843
            ],
            [
              -71.79449704118147,
              42.282714763372425
            ]
          ]
        ]
      }
    },
    {
      "type": "Feature",
      "properties": {
        "stop_id": "184;207",
        "tier": "200-400m",
        "name": "184;207_200-400m"
      },
      "geometry": {
        "type": "MultiPolygon",
        "coordinates": [
          [
            [
              [
                -71.78729460247186,
                42.28270983142037
              ],
              [
                -71.78736446623319,
                42.28236035940664
              ],
              [
                -71.78748012204795,
                42.282017655055036
              ],
              [
                -71.78764045540055,
                42.28168501866092
              ],
              [
                -71.78784392159115,
                42.2813656535131
              ],
              [
                -71.78791947993065,
                42.281272064682916
              ],
              [
                -71.79037725676487,
                42.28181119651347
              ],
              [
                -71.79024435692435,
                42.28192006549563
              ],
              [
                -71.79024428144052,
                42.281920133784986
              ],
              [
                -71.79010252015628,
                42.282062048577735
              ],
              [
                -71.79010245404959,
                42.282062122032244
              ],
              [
                -71.789980107088,
                42.28221367138423
              ],
              [
                -71.78998005099511,
                42.28221374929653
              ],
              [
                -71.78987829671617,
                42.28237347376778
              ],
              [
                -71.78987825117734,
                42.28237355538756
              ],
              [
                -71.789798069654,
                42.282539916799415
              ],
              [
                -71.78979803510789,
                42.282540001340664
              ],
              [
                -71.78974019868272,
                42.28271139758723
              ],
              [
                -71.7897401754621,
                42.28271148423578
              ],
              [
                -71.78970524130341,
                42.28288626471123
              ],
              [
                -71.78970522963196,
                42.28288635263264
              ],
              [
                -71.78969353436135,
                42.283062834126255
              ],
              [
                -71.78969353435161,
                42.28306292247379
              ],
              [
                -71.7897051907949,
                42.28323940537934
              ],
              [
                -71.78970520244705,
                42.28323949330215
              ],
              [
                -71.78974009854036,
                42.2834142779858
              ],
              [
                -71.78974012174228,
                42.28341436463714
              ],
              [
                -71.78979792160375,
                42.283585767806066
              ],
              [
                -71.78979795613208,
                42.28358585235142
              ],
              [
                -71.78987810328935,
                42.28375222326569
              ],
              [
                -71.78987814881165,
                42.28375230489083
              ],
              [
                -71.78997987155456,
                42.283912041262184
              ],
              [
                -71.78997992763249,
                42.28391211918098
              ],
              [
                -71.79010224643912,
                42.28406368260554
              ],
              [
                -71.79010231253267,
                42.28406375606759
              ],
              [
                -71.79019919972745,
                42.28416077583384
              ],
              [
                -71.78731153328579,
                42.28350092531205
              ],
              [
                -71.78729449793643,
                42.283415583521055
              ],
              [
                -71.78727120433558,
                42.28306270557279
              ],
              [
                -71.78729460247186,
                42.28270983142037
              ]
            ]
          ],
          [
            [
              [
                -71.79695517894706,
                42.283253808700735
              ],
              [
                -71.7969444515222,
                42.283415965673065
              ],
              [
                -71.79687463953061,
                42.28376544345514
              ],
              [
                -71.7967590314257,
                42.28410815717206
              ],
              [
                -71.79659873988959,
                42.284440806168504
              ],
              [
                -71.79639530801516,
                42.2847601866714
              ],
              [
                -71.79615069446828,
                42.28506322265079
              ],
              [
                -71.79586725464381,
                42.28534699545231
              ],
              [
                -71.79576348563704,
                42.28543200726942
              ],
              [
                -71.79287721782784,
                42.28477264301529
              ],
              [
                -71.79304772686372,
                42.28472734756857
              ],
              [
                -71.79304783678903,
                42.28472731376292
              ],
              [
                -71.79326295452104,
                42.284651773497544
              ],
              [
                -71.79326305945433,
                42.284651731853934
              ],
              [
                -71.79346716925959,
                42.28456089834156
              ],
              [
                -71.79346726819024,
                42.28456084926107
              ],
              [
                -71.79365840428781,
                42.284455597341186
              ],
              [
                -71.79365849626302,
                42.284455541296545
              ],
              [
                -71.7938348178512,
                42.28433688467118
              ],
              [
                -71.79383490198519,
                42.284336822202135
              ],
              [
                -71.79399471097156,
                42.28420590367066
              ],
              [
                -71.79399478645406,
                42.284205835378884
              ],
              [
                -71.79413654380984,
                42.28406391582958
              ],
              [
                -71.79413660991395,
                42.284063842372774
              ],
              [
                -71.79425895049489,
                42.28391228863696
              ],
              [
                -71.79425900658401,
                42.28391221072259
              ],
              [
                -71.79436075227532,
                42.283752482408744
              ],
              [
                -71.79436079780935,
                42.2837524007872
              ],
              [
                -71.7944409688681,
                42.2835860362216
              ],
              [
                -71.79444100340858,
                42.28358595167896
              ],
              [
                -71.79449882789433,
                42.28341455308873
              ],
              [
                -71.7944988511087,
                42.28341446643924
              ],
              [
                -71.794533772312,
                42.28323968452023
              ],
              [
                -71.79453378397677,
                42.28323959659834
              ],
              [
                -71.79454546577388,
                42.2830631146168
              ],
              [
                -71.79454546577684,
                42.28306302626928
              ],
              [
                -71.79453379585969,
                42.282886543850154
              ],
              [
                -71.79453378420088,
                42.28288645592784
              ],
              [
                -71.79449960473022,
                42.28271532556558
              ],
              [
                -71.79695517894706,
                42.283253808700735
              ]
            ]
          ]
        ]
      }
    },
    {
      "type": "Feature",
      "properties": {
        "stop_id": "657;678",
        "tier": "0-200m",
        "name": "657;678_0-200m"
      },
      "geometry": {
        "type": "Polygon",
        "coordinates": [
          [
            [
              -71.77808318416375,
              42.29123643405928
            ],
            [
              -71.77814340231318,
              42.2911618772249
            ],
            [
              -71.77828513984883,
              42.29102004847594
            ],
            [
              -71.77844491789303,
              42.29088921729078
            ],
            [
              -71.77862119767684,
              42.29077064357412
            ],
            [
              -71.77881228154878,
              42.290665469184525
            ],
            [
              -71.77901632932335,
              42.2905747069405
            ],
            [
              -71.7792313760008,
              42.29049923086904
            ],
            [
              -71.77945535068767,
              42.29043976779076
            ],
            [
              -71.7796860965359,
              42.29039689032229
            ],
            [
              -71.77992139150858,
              42.290371011363455
            ],
            [
              -71.7801517977571,
              42.29036264068931
            ],
            [
              -71.78207012097481,
              42.29326570085288
            ],
            [
              -71.78203192793312,
              42.29330392073016
            ],
            [
              -71.78187215120826,
              42.29343475685558
            ],
            [
              -71.78169587009259,
              42.29355333551198
            ],
            [
              -71.78150478228879,
              42.29365851465095
            ],
            [
              -71.78130072813349,
              42.29374928127148
            ],
            [
              -71.78108567287161,
              42.29382476117838
            ],
            [
              -71.78086168772653,
              42.293884227403616
            ],
            [
              -71.7806309299482,
              42.293927107209655
            ],
            [
              -71.780395622032,
              42.29395298760684
            ],
            [
              -71.78032674866868,
              42.29395548983222
            ],
            [
              -71.77808318416375,
              42.29123643405928
            ]
          ]
        ]
      }
    },
    {
      "type": "Feature",
      "properties": {
        "stop_id": "657;678",
        "tier": "200-400m",
        "name": "657;678_200-400m"
      },
      "geometry": {
        "type": "MultiPolygon",
        "coordinates": [
          [
            [
              [
                -71.77674051186055,
                42.28960906820689
              ],
              [
                -71.7770831930271,
                42.28937856932305
              ],
              [
                -71.77746545254085,
                42.289168172619476
              ],
              [
                -71.77787364390255,
                42.28898660705223
              ],
              [
                -71.77830383637398,
                42.28883562094479
              ],
              [
                -71.77875188746111,
                42.28871666815492
              ],
              [
                -71.77902220396717,
                42.288666437944144
              ],
              [
                -71.77903008251977,
                42.28866497394082
              ],
              [
                -71.78015063454642,
                42.290360880274164
              ],
              [
                -71.77992121349789,
                42.29036921515482
              ],
              [
                -71.77992109507774,
                42.29036922379709
              ],
              [
                -71.77968568226319,
                42.29039511571679
              ],
              [
                -71.77968556555406,
                42.290395132935245
              ],
              [
                -71.7794547041419,
                42.290438031877876
              ],
              [
                -71.77945459026768,
                42.2904380575067
              ],
              [
                -71.77923050340749,
                42.29049755036571
              ],
              [
                -71.77923039346476,
                42.29049758415809
              ],
              [
                -71.77901523908467,
                42.29057309803009
              ],
              [
                -71.77901513413218,
                42.29057313966064
              ],
              [
                -71.77881098416272,
                42.290663947361075
              ],
              [
                -71.77881088521116,
                42.29066399642886
              ],
              [
                -71.7786197056361,
                42.29076922349306
              ],
              [
                -71.77861961363838,
                42.29076927952559
              ],
              [
                -71.77844324556486,
                42.29088791262787
              ],
              [
                -71.77844316140694,
                42.29088797508554
              ],
              [
                -71.77828330333666,
                42.29101887179552
              ],
              [
                -71.77828322782906,
                42.29101894007688
              ],
              [
                -71.77814141930168,
                42.29116083985891
              ],
              [
                -71.77814135317156,
                42.29116091330641
              ],
              [
                -71.7780817552534,
                42.29123470222299
              ],
              [
                -71.77674051186055,
                42.28960906820689
              ]
            ]
          ],
          [
            [
              [
                -71.78244358568382,
                42.29533734570918
              ],
              [
                -71.78201335885748,
                42.295488347166035
              ],
              [
                -71.781675184173,
                42.295578130264154
              ],
              [
                -71.78166743864998,
                42.29558018663361
              ],
              [
                -71.78032819288372,
                42.293957240038026
              ],
              [
                -71.78039580006624,
                42.29395478381362
              ],
              [
                -71.78039591849303,
                42.29395477517086
              ],
              [
                -71.78063134427056,
                42.293928881810665
              ],
              [
                -71.78063146098594,
                42.29392886459126
              ],
              [
                -71.78086233434614,
                42.29388596330753
              ],
              [
                -71.780862448226,
                42.29388593767733
              ],
              [
                -71.78108654556013,
                42.29382644166662
              ],
              [
                -71.78108665550766,
                42.29382640787248
              ],
              [
                -71.78130181848505,
                42.29375089015928
              ],
              [
                -71.78130192344132,
                42.29375084852667
              ],
              [
                -71.7815060798011,
                42.29366003644315
              ],
              [
                -71.78150617875528,
                42.29365998737307
              ],
              [
                -71.78169736226809,
                42.29355475555235
              ],
              [
                -71.78169745426715,
                42.29355469951739
              ],
              [
                -71.78187382367453,
                42.29343606146794
              ],
              [
                -71.78187390783245,
                42.29343599900777
              ],
              [
                -71.78203376458141,
                42.29330509735011
              ],
              [
                -71.78203384008769,
                42.293305029066296
              ],
              [
                -71.78207132299788,
                42.29326751981893
              ],
              [
                -71.78319450561237,
                42.294967128771304
              ],
              [
                -71.78285180258128,
                42.29515576262717
              ],
              [
                -71.78244358568382,
                42.29533734570918
              ]
            ]
          ]
        ]
      }
    },
    {
      "type": "Feature",
      "properties": {
        "stop_id": "656;679",
        "tier": "0-200m",
        "name": "656;679_0-200m"
      },
      "geometry": {
        "type": "Polygon",
        "coordinates": [
          [
            [
              -71.7803243772687,
              42.293956062676266
            ],
            [
              -71.78026415902912,
              42.294030620618905
            ],
            [
              -71.78012241918239,
              42.29417245173792
            ],
            [
              -71.77996263631094,
              42.29430328518382
            ],
            [
              -71.77978634919218,
              42.29442186088788
            ],
            [
              -71.77959525558657,
              42.294527036830104
            ],
            [
              -71.77939119588667,
              42.294617800040264
            ],
            [
              -71.7791761353908,
              42.294693276356035
            ],
            [
              -71.77895214537273,
              42.294752738844
            ],
            [
              -71.77872138312941,
              42.29479561480255
            ],
            [
              -71.77848607119918,
              42.29482149127912
            ],
            [
              -71.77824847595099,
              42.294830119048406
            ],
            [
              -71.77801088575077,
              42.29482141501328
            ],
            [
              -71.77777558891589,
              42.29479546300542
            ],
            [
              -71.77776975769802,
              42.29479437757389
            ],
            [
              -71.77591661898778,
              42.29254620294873
            ],
            [
              -71.77592962175318,
              42.29250770235466
            ],
            [
              -71.77600981224268,
              42.292341434207216
            ],
            [
              -71.7761115666321,
              42.292181802273134
            ],
            [
              -71.77623390484759,
              42.29203034383991
            ],
            [
              -71.77637564861357,
              42.29188851747204
            ],
            [
              -71.77653543280366,
              42.29175768896654
            ],
            [
              -71.7767117185898,
              42.291639118202276
            ],
            [
              -71.77690280826269,
              42.29153394700944
            ],
            [
              -71.77710686158096,
              42.2914431881757
            ],
            [
              -71.7773219134915,
              42.291367715695245
            ],
            [
              -71.7775458930505,
              42.29130825635408
            ],
            [
              -71.77777664336293,
              42.29126538273287
            ],
            [
              -71.77801194234893,
              42.29123950769437
            ],
            [
              -71.77808081284542,
              42.29123700685722
            ],
            [
              -71.7803243772687,
              42.293956062676266
            ]
          ]
        ]
      }
    },
    {
      "type": "Feature",
      "properties": {
        "stop_id": "656;679",
        "tier": "200-400m",
        "name": "656;679_200-400m"
      },
      "geometry": {
        "type": "MultiPolygon",
        "coordinates": [
          [
            [
              [
                -71.77482107632787,
                42.290484214538246
              ],
              [
                -71.7751737348591,
                42.29024701856638
              ],
              [
                -71.77555600597678,
                42.29003662825794
              ],
              [
                -71.77596420842781,
                42.28985506951292
              ],
              [
                -71.77639441136716,
                42.28970409058913
              ],
              [
                -71.77673256213195,
                42.289614322962336
              ],
              [
                -71.77674030708461,
                42.28961226692387
              ],
              [
                -71.77807936875473,
                42.29123525662229
              ],
              [
                -71.77801176439003,
                42.29123771148305
              ],
              [
                -71.77801164596802,
                42.291237720123355
              ],
              [
                -71.77777622913813,
                42.291263608120744
              ],
              [
                -71.77777611242688,
                42.29126362533725
              ],
              [
                -71.77754524654829,
                42.2913065204307
              ],
              [
                -71.77754513267172,
                42.29130654605762
              ],
              [
                -71.77732104093698,
                42.29136603517764
              ],
              [
                -71.77732093099172,
                42.29136606896819
              ],
              [
                -71.77710577137591,
                42.2914415792474
              ],
              [
                -71.77710566642072,
                42.29144162087619
              ],
              [
                -71.77690151090476,
                42.29153242516463
              ],
              [
                -71.77690141195035,
                42.291532474230756
              ],
              [
                -71.77671022657147,
                42.29163769809661
              ],
              [
                -71.77671013457078,
                42.29163775412759
              ],
              [
                -71.77653376049192,
                42.291756384275985
              ],
              [
                -71.77653367633097,
                42.29175644673226
              ],
              [
                -71.77637381211171,
                42.291887340761235
              ],
              [
                -71.776373736601,
                42.29188740904133
              ],
              [
                -71.77623192184016,
                42.292029306441094
              ],
              [
                -71.77623185570694,
                42.292029379887474
              ],
              [
                -71.7761094562147,
                42.29218091417702
              ],
              [
                -71.77610940009589,
                42.29218099208239
              ],
              [
                -71.7760075947381,
                42.292340703966794
              ],
              [
                -71.77600754917421,
                42.292340785580926
              ],
              [
                -71.77592731851576,
                42.29250713700283
              ],
              [
                -71.77592728394565,
                42.29250722153974
              ],
              [
                -71.77591484547433,
                42.292544051281865
              ],
              [
                -71.77446381279343,
                42.290783566894696
              ],
              [
                -71.77446467314664,
                42.290782706062764
              ],
              [
                -71.77450142660068,
                42.29074593213127
              ],
              [
                -71.77482107632787,
                42.290484214538246
              ]
            ]
          ],
          [
            [
              [
                -71.78166723410389,
                42.29558338535604
              ],
              [
                -71.78132453601461,
                42.29581389768084
              ],
              [
                -71.78094224915824,
                42.296024306996316
              ],
              [
                -71.7805340211679,
                42.29620588325583
              ],
              [
                -71.78010378387006,
                42.296356877528524
              ],
              [
                -71.77965568117988,
                42.29647583543592
              ],
              [
                -71.77922225110106,
                42.29655636754476
              ],
              [
                -71.77777156518489,
                42.29479657027194
              ],
              [
                -71.77777505690031,
                42.29479722022498
              ],
              [
                -71.77777517360778,
                42.294797237479905
              ],
              [
                -71.77801058829846,
                42.29482320248664
              ],
              [
                -71.77801070672209,
                42.29482321116544
              ],
              [
                -71.77824841592697,
                42.294831919560266
              ],
              [
                -71.77824853492619,
                42.29483191957937
              ],
              [
                -71.7784862491816,
                42.29482328748858
              ],
              [
                -71.77848636761027,
                42.2948232788478
              ],
              [
                -71.77872179740385,
                42.294797389410164
              ],
              [
                -71.77872191412136,
                42.294797372192704
              ],
              [
                -71.7789527919488,
                42.2947544747584
              ],
              [
                -71.77895290583099,
                42.294754449130096
              ],
              [
                -71.77917700804055,
                42.29469495685856
              ],
              [
                -71.7791771179906,
                42.294694923066245
              ],
              [
                -71.77939228620461,
                42.29461940894598
              ],
              [
                -71.7793923911636,
                42.294619367315114
              ],
              [
                -71.77959655307076,
                42.29452855864366
              ],
              [
                -71.77959665202778,
                42.29452850957523
              ],
              [
                -71.77978784134528,
                42.294423280952856
              ],
              [
                -71.77978793334728,
                42.294423224919434
              ],
              [
                -71.7799643087608,
                42.29430458982382
              ],
              [
                -71.77996439292174,
                42.29430452736507
              ],
              [
                -71.78012425582038,
                42.29417362838827
              ],
              [
                -71.78012433132976,
                42.294173560105726
              ],
              [
                -71.78026614216546,
                42.29403165794769
              ],
              [
                -71.7802662082961,
                42.294031584499
              ],
              [
                -71.78032580630197,
                42.293957794483795
              ],
              [
                -71.78166723410389,
                42.29558338535604
              ]
            ]
          ]
        ]
      }
    },
    {
      "type": "Feature",
      "properties": {
        "stop_id": "1383;1461;1384",
        "tier": "0-200m",
        "name": "1383;1461;1384_0-200m"
      },
      "geometry": {
        "type": "Polygon",
        "coordinates": [
          [
            [
              -71.80028988289514,
              42.266998782884016
            ],
            [
              -71.80041006540284,
              42.26711913252382
            ],
            [
              -71.80053231549932,
              42.26727060940438
            ],
            [
              -71.80063398771898,
              42.26743025682851
            ],
            [
              -71.80071410277938,
              42.26759653735951
            ],
            [
              -71.80077188897833,
              42.26776784967028
            ],
            [
              -71.80080678963162,
              42.26794254396331
            ],
            [
              -71.80081846844074,
              42.268118937857786
            ],
            [
              -71.80080681273874,
              42.26829533259111
            ],
            [
              -71.80077193458285,
              42.26847002937858
            ],
            [
              -71.8007141696826,
              42.26864134577391
            ],
            [
              -71.80067115988086,
              42.26873063843935
            ],
            [
              -71.79645597117435,
              42.26919404157329
            ],
            [
              -71.79638087080488,
              42.26911883203216
            ],
            [
              -71.79625862707618,
              42.26896735077603
            ],
            [
              -71.79615696342641,
              42.26880769951661
            ],
            [
              -71.79607685880865,
              42.26864141583801
            ],
            [
              -71.79601908452378,
              42.26847010118827
            ],
            [
              -71.79598419679817,
              42.268295405454786
            ],
            [
              -71.79597253143355,
              42.26811901107374
            ],
            [
              -71.79598420058014,
              42.26794261682643
            ],
            [
              -71.79601909166409,
              42.26776792147886
            ],
            [
              -71.79607686847906,
              42.267596607422014
            ],
            [
              -71.79612688137917,
              42.267492791367644
            ],
            [
              -71.80028988289514,
              42.266998782884016
            ]
          ]
        ]
      }
    },
    {
      "type": "Feature",
      "properties": {
        "stop_id": "1383;1461;1384",
        "tier": "200-400m",
        "name": "1383;1461;1384_200-400m"
      },
      "geometry": {
        "type": "MultiPolygon",
        "coordinates": [
          [
            [
              [
                -71.79390644242005,
                42.26947424937357
              ],
              [
                -71.79375701806299,
                42.26916404631889
              ],
              [
                -71.7936414524808,
                42.26882132887559
              ],
              [
                -71.79357167249397,
                42.268471848470654
              ],
              [
                -71.79354834937686,
                42.268118970874426
              ],
              [
                -71.79356971674038,
                42.267796162184105
              ],
              [
                -71.7961241506275,
                42.267493115364026
              ],
              [
                -71.79607456596857,
                42.267596042472185
              ],
              [
                -71.796074531439,
                42.26759612701552
              ],
              [
                -71.79601672568035,
                42.2677675268745
              ],
              [
                -71.79601670247379,
                42.26776761352453
              ],
              [
                -71.79598179390803,
                42.2679423963682
              ],
              [
                -71.79598178224808,
                42.26794248429046
              ],
              [
                -71.79597010725021,
                42.268118966885254
              ],
              [
                -71.79597010724925,
                42.268119055233015
              ],
              [
                -71.79598177844977,
                42.268295537962096
              ],
              [
                -71.7959817901079,
                42.268295625884484
              ],
              [
                -71.79601669530068,
                42.268470409115686
              ],
              [
                -71.79601671850573,
                42.26847049576598
              ],
              [
                -71.79607452172108,
                42.26864189622047
              ],
              [
                -71.79607455624965,
                42.26864198076418
              ],
              [
                -71.79615470098287,
                42.26880834772816
              ],
              [
                -71.79615474650251,
                42.268808429351026
              ],
              [
                -71.7962564610666,
                42.2689681605743
              ],
              [
                -71.79625651713903,
                42.26896823849025
              ],
              [
                -71.79637882209074,
                42.2691197956185
              ],
              [
                -71.79637888817598,
                42.26911986907712
              ],
              [
                -71.79645325150692,
                42.26919434051183
              ],
              [
                -71.79390644242005,
                42.26947424937357
              ]
            ]
          ],
          [
            [
              [
                -71.8028445242274,
                42.26669555409509
              ],
              [
                -71.80284515008742,
                42.26669653677379
              ],
              [
                -71.80287354788521,
                42.266741124839974
              ],
              [
                -71.80303382858118,
                42.267073766033846
              ],
              [
                -71.80314944184359,
                42.2674164741166
              ],
              [
                -71.80321927356704,
                42.26776594875685
              ],
              [
                -71.803242650489,
                42.268118824405825
              ],
              [
                -71.80322076240206,
                42.26845026554021
              ],
              [
                -71.80067387853761,
                42.268730339507535
              ],
              [
                -71.80071647227255,
                42.268641910630485
              ],
              [
                -71.80071650679649,
                42.26864182608575
              ],
              [
                -71.80077430062254,
                42.26847042388481
              ],
              [
                -71.80077432382282,
                42.26847033723381
              ],
              [
                -71.80080921944109,
                42.26829555294808
              ],
              [
                -71.8008092310944,
                42.26829546502533
              ],
              [
                -71.80082089262746,
                42.2681189819438
              ],
              [
                -71.80082089262164,
                42.26811889359605
              ],
              [
                -71.80080920795642,
                42.26794241135428
              ],
              [
                -71.80080919629165,
                42.26794232343236
              ],
              [
                -71.80077427815178,
                42.267767541643764
              ],
              [
                -71.80077425494048,
                42.26776745499442
              ],
              [
                -71.8007164397931,
                42.26759605688242
              ],
              [
                -71.80071640525891,
                42.267595972340104
              ],
              [
                -71.80063625006736,
                42.26742960852846
              ],
              [
                -71.80063620454293,
                42.26742952690734
              ],
              [
                -71.80053448139607,
                42.267269799525124
              ],
              [
                -71.8005344253199,
                42.26726972161123
              ],
              [
                -71.8004121139908,
                42.267118168865125
              ],
              [
                -71.80041204790298,
                42.267118095408804
              ],
              [
                -71.80029258125322,
                42.26699846262801
              ],
              [
                -71.8028445242274,
                42.26669555409509
              ]
            ]
          ]
        ]
      }
    },
    {
      "type": "Feature",
      "properties": {
        "stop_id": "665;670",
        "tier": "0-200m",
        "name": "665;670_0-200m"
      },
      "geometry": {
        "type": "Polygon",
        "coordinates": [
          [
            [
              -71.80067150891377,
              42.268732420213425
            ],
            [
              -71.80074661392464,
              42.2688076269503
            ],
            [
              -71.80086886808941,
              42.26895910342732
            ],
            [
              -71.80097054387173,
              42.26911875050592
            ],
            [
              -71.80105066195482,
              42.26928503075266
            ],
            [
              -71.80110845060739,
              42.26945634284322
            ],
            [
              -71.80114335312159,
              42.2696310369822
            ],
            [
              -71.8011550331809,
              42.26980743079026
            ],
            [
              -71.80114337810646,
              42.26998382550567
            ],
            [
              -71.80110849994934,
              42.27015852234384
            ],
            [
              -71.80105073441908,
              42.27032983885805
            ],
            [
              -71.80104877043631,
              42.27033391623007
            ],
            [
              -71.7964331954695,
              42.270371221065126
            ],
            [
              -71.79641329978845,
              42.27032992252752
            ],
            [
              -71.79635552305079,
              42.27015860809787
            ],
            [
              -71.79632063346523,
              42.26998391251835
            ],
            [
              -71.79630896685136,
              42.26980751822363
            ],
            [
              -71.79632063537143,
              42.2696311239942
            ],
            [
              -71.79635552645763,
              42.2694564285959
            ],
            [
              -71.79641330390356,
              42.26928511442021
            ],
            [
              -71.79645632009111,
              42.269195823360036
            ],
            [
              -71.80067150891377,
              42.268732420213425
            ]
          ]
        ]
      }
    },
    {
      "type": "Feature",
      "properties": {
        "stop_id": "665;670",
        "tier": "200-400m",
        "name": "665;670_200-400m"
      },
      "geometry": {
        "type": "MultiPolygon",
        "coordinates": [
          [
            [
              [
                -71.79388472010028,
                42.2698074851337
              ],
              [
                -71.79390665756254,
                42.26947604586126
              ],
              [
                -71.79645360139443,
                42.26919612219188
              ],
              [
                -71.79641100132862,
                42.269284549477305
              ],
              [
                -71.79641096679859,
                42.269284634020735
              ],
              [
                -71.79635316040864,
                42.2694560339986
              ],
              [
                -71.79635313720193,
                42.26945612064869
              ],
              [
                -71.79631822863392,
                42.269630903543096
              ],
              [
                -71.79631821697413,
                42.26963099146538
              ],
              [
                -71.79630654260309,
                42.26980747404227
              ],
              [
                -71.7963065426026,
                42.26980756239
              ],
              [
                -71.79631821505299,
                42.269984045032686
              ],
              [
                -71.7963182267119,
                42.26998413295503
              ],
              [
                -71.79635313376556,
                42.27015891603221
              ],
              [
                -71.79635315697169,
                42.27015900268241
              ],
              [
                -71.79641096264106,
                42.27033040291672
              ],
              [
                -71.796410997171,
                42.270330487460285
              ],
              [
                -71.79643063065427,
                42.270371241743284
              ],
              [
                -71.79395413515586,
                42.27039118108991
              ],
              [
                -71.79390804571551,
                42.270160362557306
              ],
              [
                -71.79388472010028,
                42.2698074851337
              ]
            ]
          ],
          [
            [
              [
                -71.80322097780552,
                42.26845206201076
              ],
              [
                -71.80337044687907,
                42.26876225277311
              ],
              [
                -71.80348606505078,
                42.26910496041518
              ],
              [
                -71.80355590049788,
                42.269454434747146
              ],
              [
                -71.80357927992195,
                42.26980731022319
              ],
              [
                -71.80355597739148,
                42.27016018848767
              ],
              [
                -71.80352543150018,
                42.27031321547349
              ],
              [
                -71.8035253101684,
                42.270313823312684
              ],
              [
                -71.80105135525488,
                42.27033389528655
              ],
              [
                -71.80105303707347,
                42.27033040370772
              ],
              [
                -71.80105307159788,
                42.270330319162895
              ],
              [
                -71.80111086605424,
                42.270158916843016
              ],
              [
                -71.80111088925469,
                42.27015883019197
              ],
              [
                -71.80114578487421,
                42.26998404585551
              ],
              [
                -71.80114579652735,
                42.26998395793274
              ],
              [
                -71.80115745743255,
                42.269807474869154
              ],
              [
                -71.80115745742629,
                42.26980738652143
              ],
              [
                -71.8011457715102,
                42.269630904366096
              ],
              [
                -71.80114575984464,
                42.26963081644424
              ],
              [
                -71.80111083984295,
                42.26945603480978
              ],
              [
                -71.80111081663055,
                42.269455948160534
              ],
              [
                -71.80105299902836,
                42.26928455026886
              ],
              [
                -71.80105296449278,
                42.269284465726656
              ],
              [
                -71.80097280627703,
                42.26911810219942
              ],
              [
                -71.80097276075095,
                42.269118020578475
              ],
              [
                -71.80087103403966,
                42.268958293541964
              ],
              [
                -71.80087097796157,
                42.268958215628274
              ],
              [
                -71.80074866256214,
                42.268806663285886
              ],
              [
                -71.80074859647216,
                42.26880658982977
              ],
              [
                -71.8006742285414,
                42.26873212117485
              ],
              [
                -71.80322097780552,
                42.26845206201076
              ]
            ]
          ]
        ]
      }
    },
    {
      "type": "Feature",
      "properties": {
        "stop_id": "659;676;675",
        "tier": "0-200m",
        "name": "659;676;675_0-200m"
      },
      "geometry": {
        "type": "Polygon",
        "coordinates": [
          [
            [
              -71.78900130990985,
              42.28930818465837
            ],
            [
              -71.78900428208001,
              42.28935318750819
            ],
            [
              -71.78899258951179,
              42.28952958038353
            ],
            [
              -71.78895766700964,
              42.28970427292721
            ],
            [
              -71.78889985071005,
              42.2898755827338
            ],
            [
              -71.78881969724388,
              42.2900418599625
            ],
            [
              -71.78871797838232,
              42.29020150322735
            ],
            [
              -71.78859567361013,
              42.29035297502117
            ],
            [
              -71.78845396069734,
              42.29049481652475
            ],
            [
              -71.7882942043603,
              42.29062566165845
            ],
            [
              -71.78811794312082,
              42.290744250240984
            ],
            [
              -71.7879268744901,
              42.29084944012834
            ],
            [
              -71.78772283862008,
              42.290940218215994
            ],
            [
              -71.78750780057959,
              42.29101571019833
            ],
            [
              -71.78728383142605,
              42.29107518899104
            ],
            [
              -71.78705308825542,
              42.29111808173549
            ],
            [
              -71.78681779342233,
              42.29114397531747
            ],
            [
              -71.786580213131,
              42.29115262034687
            ],
            [
              -71.78634263560333,
              42.291143933560356
            ],
            [
              -71.78610734903457,
              42.291117998623456
            ],
            [
              -71.78587661954933,
              42.29107506532459
            ],
            [
              -71.78565266937038,
              42.29101554716858
            ],
            [
              -71.78543765541086,
              42.290940017393176
            ],
            [
              -71.78523364849624,
              42.29084920344668
            ],
            [
              -71.78504261341634,
              42.2907439799801
            ],
            [
              -71.78486638999992,
              42.290625360421345
            ],
            [
              -71.78470667539379,
              42.290494487212726
            ],
            [
              -71.78456500771777,
              42.29035262080594
            ],
            [
              -71.78444275125244,
              42.2902011275204
            ],
            [
              -71.78434108330254,
              42.29004146638231
            ],
            [
              -71.7842609828624,
              42.28987517507093
            ],
            [
              -71.7842032211925,
              42.2897038551078
            ],
            [
              -71.78416835439751,
              42.28952915643152
            ],
            [
              -71.78415671807738,
              42.28935276150653
            ],
            [
              -71.78416842410248,
              42.289176369119374
            ],
            [
              -71.78420335954357,
              42.289001678018124
            ],
            [
              -71.78426118776699,
              42.288830370552816
            ],
            [
              -71.78434135168362,
              42.288664096474264
            ],
            [
              -71.78444307912069,
              42.288504457047374
            ],
            [
              -71.78456539026388,
              42.28835298963184
            ],
            [
              -71.78470710709831,
              42.28821115287861
            ],
            [
              -71.78486686475695,
              42.288080312684755
            ],
            [
              -71.78504312466718,
              42.287961729041754
            ],
            [
              -71.78523418936888,
              42.2878565439038
            ],
            [
              -71.7854382188611,
              42.28776577019286
            ],
            [
              -71.78565324832014,
              42.28769028204639
            ],
            [
              -71.78587720701833,
              42.28763080640127
            ],
            [
              -71.78610793826151,
              42.287587915995175
            ],
            [
              -71.78634322015341,
              42.28756202385247
            ],
            [
              -71.78658078698713,
              42.28755337930795
            ],
            [
              -71.78680724062987,
              42.28756165937535
            ],
            [
              -71.78900130990985,
              42.28930818465837
            ]
          ]
        ]
      }
    },
    {
      "type": "Feature",
      "properties": {
        "stop_id": "659;676;675",
        "tier": "200-400m",
        "name": "659;676;675_200-400m"
      },
      "geometry": {
        "type": "Polygon",
        "coordinates": [
          [
            [
              -71.78254933496078,
              42.287352442700936
            ],
            [
              -71.7828328435323,
              42.2870687029089
            ],
            [
              -71.78315244018624,
              42.286806961932825
            ],
            [
              -71.78350504695608,
              42.286569740196754
            ],
            [
              -71.78388726812258,
              42.286359321991085
            ],
            [
              -71.78429542291342,
              42.286177733484486
            ],
            [
              -71.78472558094238,
              42.286026723221404
            ],
            [
              -71.78484071725684,
              42.285996147324006
            ],
            [
              -71.78680486705682,
              42.28755976988606
            ],
            [
              -71.78658084676694,
              42.287551578789426
            ],
            [
              -71.78658072778141,
              42.28755157877898
            ],
            [
              -71.7863430419682,
              42.28756022765291
            ],
            [
              -71.7863429235542,
              42.287560236301836
            ],
            [
              -71.78610752382697,
              42.28758614141198
            ],
            [
              -71.78610740712477,
              42.287586158636984
            ],
            [
              -71.78587656032498,
              42.28762907052373
            ],
            [
              -71.78587644645842,
              42.28762909615894
            ],
            [
              -71.78565237559492,
              42.28768860159107
            ],
            [
              -71.7856522656605,
              42.28768863538962
            ],
            [
              -71.78543712850745,
              42.287764161342686
            ],
            [
              -71.78543702356384,
              42.287764202979126
            ],
            [
              -71.7852328918859,
              42.28785502215222
            ],
            [
              -71.7852327929437,
              42.28785507122557
            ],
            [
              -71.78504163254851,
              42.28796030904352
            ],
            [
              -71.78504154056056,
              42.287960365081226
            ],
            [
              -71.78486519237055,
              42.28807900811482
            ],
            [
              -71.78486510822272,
              42.288079070577226
            ],
            [
              -71.78470527054822,
              42.2882099763004
            ],
            [
              -71.78470519505089,
              42.28821004458602
            ],
            [
              -71.7845634072351,
              42.28835195237634
            ],
            [
              -71.78456334111539,
              42.28835202582758
            ],
            [
              -71.784440968709,
              42.288503569103945
            ],
            [
              -71.78444091260373,
              42.28850364701344
            ],
            [
              -71.78433913421179,
              42.28866336639441
            ],
            [
              -71.7843390886613,
              42.28866344801191
            ],
            [
              -71.78425888458902,
              42.288829805367875
            ],
            [
              -71.78425885003207,
              42.28882988990737
            ],
            [
              -71.7842009928392,
              42.28900128317147
            ],
            [
              -71.78420096960868,
              42.289001369818806
            ],
            [
              -71.78416601666355,
              42.28917614841402
            ],
            [
              -71.78416600498325,
              42.28917623633476
            ],
            [
              -71.78415429308842,
              42.28935271706846
            ],
            [
              -71.78415429307094,
              42.289352805415874
            ],
            [
              -71.78416593521241,
              42.28952928868916
            ],
            [
              -71.78416594685802,
              42.289529376612435
            ],
            [
              -71.78420083110969,
              42.289704162787935
            ],
            [
              -71.78420085430633,
              42.28970424944029
            ],
            [
              -71.7842586449004,
              42.28987565521082
            ],
            [
              -71.78425867942477,
              42.28987573975776
            ],
            [
              -71.78433881997827,
              42.29004211435835
            ],
            [
              -71.78433886549794,
              42.2900421959856
            ],
            [
              -71.78444058436432,
              42.29020193709248
            ],
            [
              -71.78444064044099,
              42.29020201501394
            ],
            [
              -71.78456295813574,
              42.290353584177616
            ],
            [
              -71.78456302422943,
              42.290353657642775
            ],
            [
              -71.78470476285825,
              42.29049559510627
            ],
            [
              -71.78470483833247,
              42.290495663407604
            ],
            [
              -71.78486463293159,
              42.29062660216702
            ],
            [
              -71.78486471705949,
              42.29062666464672
            ],
            [
              -71.78504102873873,
              42.29074534361901
            ],
            [
              -71.78504112071013,
              42.29074539967532
            ],
            [
              -71.78523225147262,
              42.29085067584585
            ],
            [
              -71.78523235040174,
              42.29085072493889
            ],
            [
              -71.78543645949719,
              42.29094158437208
            ],
            [
              -71.7854365644313,
              42.29094162602902
            ],
            [
              -71.78565168608564,
              42.29101719363572
            ],
            [
              -71.78565179601406,
              42.29101722745535
            ],
            [
              -71.78587585836453,
              42.29107677542282
            ],
            [
              -71.78587597222855,
              42.29107680107943
            ],
            [
              -71.7861068172815,
              42.29111975588278
            ],
            [
              -71.78610693398446,
              42.291119773129246
            ],
            [
              -71.78634233840387,
              42.29114572105645
            ],
            [
              -71.78634245682176,
              42.29114572972668
            ],
            [
              -71.78658015334776,
              42.291154420864245
            ],
            [
              -71.78658027234006,
              42.2911544208747
            ],
            [
              -71.78681797163111,
              42.291145771515154
            ],
            [
              -71.78681809005175,
              42.291145762865774
            ],
            [
              -71.78705350273962,
              42.291119856314175
            ],
            [
              -71.78705361944809,
              42.29111983908823
            ],
            [
              -71.78728447819327,
              42.2910769248596
            ],
            [
              -71.78728459206548,
              42.291076899223015
            ],
            [
              -71.78750867340003,
              42.291017390638565
            ],
            [
              -71.78750878333923,
              42.291017356838246
            ],
            [
              -71.78772392908664,
              42.29094182704355
            ],
            [
              -71.78772403403401,
              42.29094178540505
            ],
            [
              -71.78792817209934,
              42.290850961848655
            ],
            [
              -71.78792827104414,
              42.290850912772996
            ],
            [
              -71.78811943537426,
              42.290745670198525
            ],
            [
              -71.78811952736353,
              42.290745614158375
            ],
            [
              -71.78829587688477,
              42.29062696617784
            ],
            [
              -71.7882959610326,
              42.29062690371294
            ],
            [
              -71.78845579738355,
              42.290495993042484
            ],
            [
              -71.78845587287954,
              42.29049592475441
            ],
            [
              -71.7885976567678,
              42.290354012206606
            ],
            [
              -71.78859772288492,
              42.29035393875307
            ],
            [
              -71.78872008891072,
              42.29020239109185
            ],
            [
              -71.78872014501223,
              42.29020231318028
            ],
            [
              -71.78882191481577,
              42.290042589955576
            ],
            [
              -71.78882196036147,
              42.29004250833633
            ],
            [
              -71.78890215396757,
              42.289876147825474
            ],
            [
              -71.78890218851889,
              42.28987606328461
            ],
            [
              -71.78896003377001,
              42.28970466767568
            ],
            [
              -71.78896005699428,
              42.28970458102739
            ],
            [
              -71.788994996981,
              42.289529800987566
            ],
            [
              -71.78899500865465,
              42.28952971306635
            ],
            [
              -71.7890067070724,
              42.289353231843755
            ],
            [
              -71.78900670708309,
              42.289353143496335
            ],
            [
              -71.78900387253607,
              42.2893102244815
            ],
            [
              -71.79096881490273,
              42.29087424183024
            ],
            [
              -71.79096839154649,
              42.29087490630555
            ],
            [
              -71.7908565846637,
              42.29105039134077
            ],
            [
              -71.79061192023971,
              42.291353415175074
            ],
            [
              -71.79032842736264,
              42.29163717397802
            ],
            [
              -71.79000883599771,
              42.29189893472341
            ],
            [
              -71.78965622390818,
              42.292136176227515
            ],
            [
              -71.78927398701776,
              42.292346613440245
            ],
            [
              -71.78886580670303,
              42.29252821946249
            ],
            [
              -71.78843561433105,
              42.292679245076705
            ],
            [
              -71.78798755338408,
              42.29279823560259
            ],
            [
              -71.78752593953661,
              42.292884044914885
            ],
            [
              -71.78705521906974,
              42.292935846488234
            ],
            [
              -71.7865799260248,
              42.29295314136223
            ],
            [
              -71.78648252951811,
              42.292949580317604
            ],
            [
              -71.78216762263489,
              42.28787046507849
            ],
            [
              -71.78216792935902,
              42.287869983767685
            ],
            [
              -71.78230464504007,
              42.287655449013364
            ],
            [
              -71.78254933496078,
              42.287352442700936
            ]
          ]
        ]
      }
    },
    {
      "type": "Feature",
      "properties": {
        "stop_id": "664;671",
        "tier": "0-200m",
        "name": "664;671_0-200m"
      },
      "geometry": {
        "type": "Polygon",
        "coordinates": [
          [
            [
              -71.80104680324492,
              42.27033573280425
            ],
            [
              -71.80106670195225,
              42.27037703053802
            ],
            [
              -71.80112449164584,
              42.27054834258775
            ],
            [
              -71.80115939480687,
              42.27072303668844
            ],
            [
              -71.80117107511272,
              42.27089943046117
            ],
            [
              -71.801159419882,
              42.27107582514449
            ],
            [
              -71.80112454116734,
              42.27125052195419
            ],
            [
              -71.80106677468365,
              42.27142183844374
            ],
            [
              -71.80099577388923,
              42.2715692384497
            ],
            [
              -71.79642453291083,
              42.271407906676906
            ],
            [
              -71.79637148223286,
              42.27125060837179
            ],
            [
              -71.79633659200104,
              42.2710759128305
            ],
            [
              -71.79632492514133,
              42.27089951857111
            ],
            [
              -71.79633659381832,
              42.27072312437379
            ],
            [
              -71.79637148546269,
              42.27054842900401
            ],
            [
              -71.79642926386262,
              42.27037711485301
            ],
            [
              -71.79643122814443,
              42.27037303756013
            ],
            [
              -71.80104680324492,
              42.27033573280425
            ]
          ]
        ]
      }
    },
    {
      "type": "Feature",
      "properties": {
        "stop_id": "664;671",
        "tier": "200-400m",
        "name": "664;671_200-400m"
      },
      "geometry": {
        "type": "MultiPolygon",
        "coordinates": [
          [
            [
              [
                -71.79390063654837,
                42.2708994858178
              ],
              [
                -71.79392399320282,
                42.27054660956236
              ],
              [
                -71.79395456242929,
                42.27039358514047
              ],
              [
                -71.79395468385316,
                42.2703929773114
              ],
              [
                -71.79642864332273,
                42.27037305839955
              ],
              [
                -71.7964269612478,
                42.27037654991053
              ],
              [
                -71.79642692671719,
                42.27037663445395
              ],
              [
                -71.79636911937276,
                42.27054803440711
              ],
              [
                -71.79636909616566,
                42.270548121057196
              ],
              [
                -71.79633418703924,
                42.27072290392305
              ],
              [
                -71.79633417537926,
                42.27072299184532
              ],
              [
                -71.79632250085122,
                42.270899474390106
              ],
              [
                -71.79632250085074,
                42.27089956273782
              ],
              [
                -71.7963341735471,
                42.27107604534517
              ],
              [
                -71.79633418520623,
                42.271076133267485
              ],
              [
                -71.79636909290646,
                42.2712509163064
              ],
              [
                -71.79636911611301,
                42.27125100295659
              ],
              [
                -71.79642200358295,
                42.27140781735924
              ],
              [
                -71.79393747941735,
                42.27132005479407
              ],
              [
                -71.7939374411033,
                42.27131986291844
              ],
              [
                -71.79392396265473,
                42.271252363170746
              ],
              [
                -71.79390063654837,
                42.2708994858178
              ]
            ]
          ],
          [
            [
              [
                -71.80352585913677,
                42.270315619488414
              ],
              [
                -71.80357198377774,
                42.270546434148464
              ],
              [
                -71.80359536369555,
                42.27089930955378
              ],
              [
                -71.80357206085314,
                42.271252187754115
              ],
              [
                -71.80350229889474,
                42.271601670311526
              ],
              [
                -71.80348365585782,
                42.27165696580355
              ],
              [
                -71.80099830565466,
                42.27156932775202
              ],
              [
                -71.80106907737795,
                42.27142240329298
              ],
              [
                -71.80106911190292,
                42.27142231874817
              ],
              [
                -71.80112690731319,
                42.27125091645295
              ],
              [
                -71.80112693051403,
                42.271250829801915
              ],
              [
                -71.80116182669134,
                42.271076045493956
              ],
              [
                -71.80116183834465,
                42.27107595757121
              ],
              [
                -71.80117349940622,
                42.27089947453971
              ],
              [
                -71.80117349939991,
                42.270899386192006
              ],
              [
                -71.80116181323721,
                42.27072290407203
              ],
              [
                -71.80116180157144,
                42.270722816150204
              ],
              [
                -71.80112688092254,
                42.27054803455405
              ],
              [
                -71.80112685770973,
                42.27054794790481
              ],
              [
                -71.80106903906601,
                42.27037655005399
              ],
              [
                -71.80106900452982,
                42.270376465511816
              ],
              [
                -71.80104936805719,
                42.27033571202287
              ],
              [
                -71.80352585913677,
                42.270315619488414
              ]
            ]
          ]
        ]
      }
    },
    {
      "type": "Feature",
      "properties": {
        "stop_id": "185;206",
        "tier": "0-200m",
        "name": "185;206_0-200m"
      },
      "geometry": {
        "type": "Polygon",
        "coordinates": [
          [
            [
              -71.79494329537486,
              42.28069086567048
            ],
            [
              -71.7949955215164,
              42.28077286847731
            ],
            [
              -71.7950756386541,
              42.28093915255813
            ],
            [
              -71.79513342177206,
              42.28111046730931
            ],
            [
              -71.79516831421559,
              42.28128516290979
            ],
            [
              -71.79517997976514,
              42.281461556966214
            ],
            [
              -71.79516830588135,
              42.2816379507144
            ],
            [
              -71.79513340479643,
              42.28181264537907
            ],
            [
              -71.7950756124406,
              42.281983958534404
            ],
            [
              -71.79499548521422,
              42.28215024030736
            ],
            [
              -71.7948937946358,
              42.28230988926823
            ],
            [
              -71.79477151991769,
              42.28246136785501
            ],
            [
              -71.79462983854054,
              42.28260321718306
            ],
            [
              -71.79449619941846,
              42.282712701367124
            ],
            [
              -71.79037899658452,
              42.2818097007026
            ],
            [
              -71.79034467268663,
              42.281637786473645
            ],
            [
              -71.79033302058974,
              42.28146139193143
            ],
            [
              -71.7903447079259,
              42.28128499867034
            ],
            [
              -71.79037962194593,
              42.28111030544687
            ],
            [
              -71.79043742622251,
              42.280938994631505
            ],
            [
              -71.79051756389718,
              42.28077271600736
            ],
            [
              -71.79061926304995,
              42.28061307088315
            ],
            [
              -71.79074154413888,
              42.28046159667341
            ],
            [
              -71.79088322943855,
              42.28031975209457
            ],
            [
              -71.7910429543856,
              42.2801889031191
            ],
            [
              -71.79121918072246,
              42.280070309823024
            ],
            [
              -71.79141021131224,
              42.27996511425352
            ],
            [
              -71.7915254729293,
              42.27991381897266
            ],
            [
              -71.79494329537486,
              42.28069086567048
            ]
          ]
        ]
      }
    },
    {
      "type": "Feature",
      "properties": {
        "stop_id": "185;206",
        "tier": "200-400m",
        "name": "185;206_200-400m"
      },
      "geometry": {
        "type": "MultiPolygon",
        "coordinates": [
          [
            [
              [
                -71.78800157966597,
                42.280758885643245
              ],
              [
                -71.78811722909933,
                42.28041618055309
              ],
              [
                -71.78827755504086,
                42.28008354317509
              ],
              [
                -71.78848101286214,
                42.27976417680755
              ],
              [
                -71.78872564265913,
                42.279461156902094
              ],
              [
                -71.78887539862063,
                42.279311237581545
              ],
              [
                -71.79152235114006,
                42.2799131091742
              ],
              [
                -71.79140891384253,
                42.279963592569686
              ],
              [
                -71.79140881491747,
                42.27996364164843
              ],
              [
                -71.79121768865127,
                42.28006888990315
              ],
              [
                -71.79121759668028,
                42.28006894594589
              ],
              [
                -71.79104128208049,
                42.280187598637376
              ],
              [
                -71.79104119794926,
                42.28018766110442
              ],
              [
                -71.7908813930027,
                42.28031857561361
              ],
              [
                -71.79088131752148,
                42.2803186439034
              ],
              [
                -71.79073956125622,
                42.28046055952324
              ],
              [
                -71.79073949515194,
                42.280460632978134
              ],
              [
                -71.79061715281487,
                42.280612183052106
              ],
              [
                -71.79061709672419,
                42.28061226096474
              ],
              [
                -71.79051534663074,
                42.280771986045906
              ],
              [
                -71.7905153010939,
                42.280772067665964
              ],
              [
                -71.79043512327672,
                42.280938429569794
              ],
              [
                -71.79043508873234,
                42.28093851411124
              ],
              [
                -71.79037725549831,
                42.28110991072709
              ],
              [
                -71.79037723227914,
                42.28110999737579
              ],
              [
                -71.79034230076581,
                42.28128477809428
              ],
              [
                -71.79034228909555,
                42.281284866015774
              ],
              [
                -71.79033059589902,
                42.28146134762385
              ],
              [
                -71.79033059589017,
                42.2814614359714
              ],
              [
                -71.79034225381632,
                42.28163791886171
              ],
              [
                -71.79034226546906,
                42.28163800678448
              ],
              [
                -71.7903764331091,
                42.281809138417266
              ],
              [
                -71.78792097099985,
                42.28127051433126
              ],
              [
                -71.7879210073493,
                42.28126996603673
              ],
              [
                -71.7879317211949,
                42.28110835814309
              ],
              [
                -71.78800157966597,
                42.280758885643245
              ]
            ]
          ],
          [
            [
              [
                -71.79759354017789,
                42.28129331921396
              ],
              [
                -71.79760467316716,
                42.281461562676704
              ],
              [
                -71.79758133301537,
                42.28181443900736
              ],
              [
                -71.79751152631064,
                42.28216391727495
              ],
              [
                -71.7973959245842,
                42.28250663172971
              ],
              [
                -71.7972356404568,
                42.282839281709286
              ],
              [
                -71.79703221695002,
                42.28315866343108
              ],
              [
                -71.79695666984148,
                42.28325225823217
              ],
              [
                -71.79449878092855,
                42.282713267499304
              ],
              [
                -71.79463167511246,
                42.282604393603535
              ],
              [
                -71.79463175059236,
                42.28260432531131
              ],
              [
                -71.79477350292919,
                42.2824624049351
              ],
              [
                -71.79477356903088,
                42.282462331477916
              ],
              [
                -71.79489590498753,
                42.28231077702034
              ],
              [
                -71.79489596107445,
                42.28231069910563
              ],
              [
                -71.79499770258069,
                42.282150970182066
              ],
              [
                -71.79499774811273,
                42.28215088856025
              ],
              [
                -71.7950779154659,
                42.281984523502864
              ],
              [
                -71.79507795000465,
                42.28198443896003
              ],
              [
                -71.79513577130001,
                42.281813040000685
              ],
              [
                -71.79513579451292,
                42.28181295335103
              ],
              [
                -71.79517071307171,
                42.28163817118915
              ],
              [
                -71.79517072473531,
                42.281638083267175
              ],
              [
                -71.79518240445925,
                42.281461601171294
              ],
              [
                -71.79518240446133,
                42.281461512823746
              ],
              [
                -71.7951707330623,
                42.28128503041996
              ],
              [
                -71.79517072140291,
                42.28128494249768
              ],
              [
                -71.7951358114769,
                42.28111015940096
              ],
              [
                -71.79513578826842,
                42.28111007275068
              ],
              [
                -71.7950779762036,
                42.28093867219705
              ],
              [
                -71.79507794166966,
                42.280938587653246
              ],
              [
                -71.79499778439975,
                42.28077222028999
              ],
              [
                -71.794997738873,
                42.28077213866684
              ],
              [
                -71.7949464316099,
                42.28069157864231
              ],
              [
                -71.79759354017789,
                42.28129331921396
              ]
            ]
          ]
        ]
      }
    },
    {
      "type": "Feature",
      "properties": {
        "stop_id": "662;673",
        "tier": "0-200m",
        "name": "662;673_0-200m"
      },
      "geometry": {
        "type": "Polygon",
        "coordinates": [
          [
            [
              -71.7952412625159,
              42.27439555709412
            ],
            [
              -71.79522914186751,
              42.274370398126
            ],
            [
              -71.79517136464658,
              42.27419908322103
            ],
            [
              -71.79513647610275,
              42.274024387404836
            ],
            [
              -71.79512481204559,
              42.27384799311444
            ],
            [
              -71.79513648461268,
              42.27367159913021
            ],
            [
              -71.79517138119718,
              42.27349690421569
            ],
            [
              -71.79522916553972,
              42.27332559075763
            ],
            [
              -71.7953092809739,
              42.273159308564615
            ],
            [
              -71.79541095579386,
              42.272999658979714
            ],
            [
              -71.79553321069213,
              42.2728481794605
            ],
            [
              -71.79567486819546,
              42.27270632877452
            ],
            [
              -71.7958345640082,
              42.27257547295306
            ],
            [
              -71.79601076015331,
              42.272456872138115
            ],
            [
              -71.79620175978465,
              42.27235166844927
            ],
            [
              -71.79627248273252,
              42.27232018654591
            ],
            [
              -71.7999469912963,
              42.273608899545614
            ],
            [
              -71.79995951037405,
              42.27367156189848
            ],
            [
              -71.79997118787914,
              42.2738479557024
            ],
            [
              -71.79995952876004,
              42.27402435017282
            ],
            [
              -71.7999246451068,
              42.27419904652757
            ],
            [
              -71.79986687268186,
              42.27437036232452
            ],
            [
              -71.79978676769362,
              42.27453664766521
            ],
            [
              -71.79968510144647,
              42.2746963010856
            ],
            [
              -71.79956285291851,
              42.274847784980736
            ],
            [
              -71.79942119933814,
              42.27498964041491
            ],
            [
              -71.79926150485024,
              42.275120501174335
            ],
            [
              -71.79908530738096,
              42.27523910692729
            ],
            [
              -71.79889430382728,
              42.27534431536441
            ],
            [
              -71.79869033371435,
              42.275435113202555
            ],
            [
              -71.79847536147754,
              42.2755106259459
            ],
            [
              -71.79825145754047,
              42.2755701263102
            ],
            [
              -71.79802077837086,
              42.27561304122909
            ],
            [
              -71.7978597536226,
              42.275630781765436
            ],
            [
              -71.7952412625159,
              42.27439555709412
            ]
          ]
        ]
      }
    },
    {
      "type": "Feature",
      "properties": {
        "stop_id": "662;673",
        "tier": "200-400m",
        "name": "662;673_200-400m"
      },
      "geometry": {
        "type": "MultiPolygon",
        "coordinates": [
          [
            [
              [
                -71.79277620999481,
                42.27323261528423
              ],
              [
                -71.79279359849365,
                42.27314558328182
              ],
              [
                -71.7929092080458,
                42.272802872903846
              ],
              [
                -71.79306948949277,
                42.27247022838515
              ],
              [
                -71.79327289863481,
                42.27215085309291
              ],
              [
                -71.79351747603678,
                42.271847822564716
              ],
              [
                -71.79380086591769,
                42.27156405489803
              ],
              [
                -71.79389555638367,
                42.271486467000564
              ],
              [
                -71.796269845197,
                42.27231926145585
              ],
              [
                -71.79620046235584,
                42.2723501468176
              ],
              [
                -71.79620036344642,
                42.27235019590055
              ],
              [
                -71.79600926815414,
                42.272455452278685
              ],
              [
                -71.79600917619845,
                42.27245550832533
              ],
              [
                -71.79583289180552,
                42.272574168539464
              ],
              [
                -71.79583280768915,
                42.2725742310101
              ],
              [
                -71.7956730318915,
                42.272705152368715
              ],
              [
                -71.79567295642454,
                42.27270522066174
              ],
              [
                -71.79553122796953,
                42.27284714239178
              ],
              [
                -71.79553116187878,
                42.27284721584953
              ],
              [
                -71.7954088457455,
                42.27299877123565
              ],
              [
                -71.79540878966748,
                42.272998849150724
              ],
              [
                -71.795307063919,
                42.27315857869478
              ],
              [
                -71.79530701839383,
                42.27315866031685
              ],
              [
                -71.7952268628283,
                42.27332502579135
              ],
              [
                -71.79522682829447,
                42.27332511033437
              ],
              [
                -71.79516901500446,
                42.27349650959423
              ],
              [
                -71.79516899179465,
                42.27349659624402
              ],
              [
                -71.79513407772559,
                42.27367137865442
              ],
              [
                -71.7951340660634,
                42.27367146657652
              ],
              [
                -71.79512238764332,
                42.27384794890806
              ],
              [
                -71.79512238764117,
                42.273848037255725
              ],
              [
                -71.79513405753359,
                42.274024519894134
              ],
              [
                -71.79513406919159,
                42.27402460781653
              ],
              [
                -71.79516897520298,
                42.27419939113047
              ],
              [
                -71.79516899840897,
                42.27419947778085
              ],
              [
                -71.79522680456185,
                42.27437087849073
              ],
              [
                -71.79522683909241,
                42.27437096303458
              ],
              [
                -71.79523793025682,
                42.27439398509365
              ],
              [
                -71.79277620999481,
                42.27323261528423
              ]
            ]
          ],
          [
            [
              [
                -71.80232401807892,
                42.274442472671176
              ],
              [
                -71.80230250699665,
                42.2745502195739
              ],
              [
                -71.80218694513876,
                42.2748929393121
              ],
              [
                -71.80202670549642,
                42.2752255964278
              ],
              [
                -71.8018233306629,
                42.275544987069715
              ],
              [
                -71.80157877875487,
                42.27584803511037
              ],
              [
                -71.80129540457364,
                42.27613182177931
              ],
              [
                -71.80097593694123,
                42.27639361378211
              ],
              [
                -71.80062345242915,
                42.276630889634134
              ],
              [
                -71.8003266314145,
                42.27679438661195
              ],
              [
                -71.79786288179767,
                42.275632257359334
              ],
              [
                -71.79802119306119,
                42.27561481577296
              ],
              [
                -71.79802130973803,
                42.27561479853582
              ],
              [
                -71.79825210445016,
                42.27557186212165
              ],
              [
                -71.79825221828999,
                42.27557183647411
              ],
              [
                -71.79847623437543,
                42.27551230630724
              ],
              [
                -71.79847634428182,
                42.27551227249632
              ],
              [
                -71.79869142419257,
                42.27543672193021
              ],
              [
                -71.79869152910699,
                42.27543668028158
              ],
              [
                -71.79889560138231,
                42.275345836964796
              ],
              [
                -71.79889570029434,
                42.27534578787956
              ],
              [
                -71.79908679951481,
                42.275240526746025
              ],
              [
                -71.79908689147182,
                42.27524047069693
              ],
              [
                -71.79926317719091,
                42.27512180553736
              ],
              [
                -71.79926326130729,
                42.27512174306425
              ],
              [
                -71.79942303577809,
                42.27499081676024
              ],
              [
                -71.79942311124375,
                42.27499074846478
              ],
              [
                -71.79956483576989,
                42.274848821979404
              ],
              [
                -71.79956490185805,
                42.27484874851935
              ],
              [
                -71.79968721161144,
                42.27469718875074
              ],
              [
                -71.79968726768571,
                42.27469711083359
              ],
              [
                -71.79978898484848,
                42.27453737744827
              ],
              [
                -71.79978903036886,
                42.274537295824445
              ],
              [
                -71.79986917547275,
                42.274370927197545
              ],
              [
                -71.79986921000095,
                42.27437084265315
              ],
              [
                -71.79992701135546,
                42.27419944105088
              ],
              [
                -71.799927034559,
                42.27419935440014
              ],
              [
                -71.79996193567737,
                42.274024570547354
              ],
              [
                -71.79996194733292,
                42.274024482624775
              ],
              [
                -71.79997361228479,
                42.273847999806286
              ],
              [
                -71.79997361228017,
                42.273847911458624
              ],
              [
                -71.7999619289196,
                42.27367142930744
              ],
              [
                -71.79996191725496,
                42.27367134138554
              ],
              [
                -71.79994962688984,
                42.27360982383217
              ],
              [
                -71.80232401807892,
                42.274442472671176
              ]
            ]
          ]
        ]
      }
    },
    {
      "type": "Feature",
      "properties": {
        "stop_id": "1385;1459",
        "tier": "0-200m",
        "name": "1385;1459_0-200m"
      },
      "geometry": {
        "type": "Polygon",
        "coordinates": [
          [
            [
              -71.79612509584514,
              42.26749117985995
            ],
            [
              -71.79600492078104,
              42.26737082573834
            ],
            [
              -71.79588268132946,
              42.26721934403523
            ],
            [
              -71.79578102143675,
              42.26705969239379
            ],
            [
              -71.79570092001987,
              42.266893408401785
            ],
            [
              -71.79564314834883,
              42.266722093510296
            ],
            [
              -71.79560826262488,
              42.266547397609045
            ],
            [
              -71.79559659863045,
              42.26637100313581
            ],
            [
              -71.79560826850262,
              42.26619460887278
            ],
            [
              -71.79564315966053,
              42.266019913586135
            ],
            [
              -71.79570093589716,
              42.265848599666235
            ],
            [
              -71.79578104062422,
              42.265682316926124
            ],
            [
              -71.79588270223903,
              42.265522666714155
            ],
            [
              -71.79600494156129,
              42.265371186493915
            ],
            [
              -71.79604352055941,
              42.26533254990192
            ],
            [
              -71.79932611564661,
              42.26485709489713
            ],
            [
              -71.79936552827013,
              42.26487464023397
            ],
            [
              -71.79955650905967,
              42.26497984032698
            ],
            [
              -71.7997326885868,
              42.265098437853005
            ],
            [
              -71.79989237016545,
              42.26522929072413
            ],
            [
              -71.8000340159557,
              42.265371138826765
            ],
            [
              -71.8001562617747,
              42.265522616154506
            ],
            [
              -71.80025793023674,
              42.26568226396086
            ],
            [
              -71.80033804209555,
              42.26584854480543
            ],
            [
              -71.80039582567981,
              42.266019857358096
            ],
            [
              -71.80043072433048,
              42.266194551819005
            ],
            [
              -71.80044240176836,
              42.266370945805754
            ],
            [
              -71.80043074533974,
              42.26654734055484
            ],
            [
              -71.80039586710885,
              42.26672203728138
            ],
            [
              -71.80033810278593,
              42.2668933535397
            ],
            [
              -71.80028809726905,
              42.266997171441
            ],
            [
              -71.79612509584514,
              42.26749117985995
            ]
          ]
        ]
      }
    },
    {
      "type": "Feature",
      "properties": {
        "stop_id": "1385;1459",
        "tier": "200-400m",
        "name": "1385;1459_200-400m"
      },
      "geometry": {
        "type": "MultiPolygon",
        "coordinates": [
          [
            [
              [
                -71.79357039019983,
                42.26779425894802
              ],
              [
                -71.79356976447299,
                42.2677932762189
              ],
              [
                -71.79354137275931,
                42.2677486858577
              ],
              [
                -71.79338114025745,
                42.267416031440305
              ],
              [
                -71.79326557990339,
                42.26707331351353
              ],
              [
                -71.7931958039199,
                42.26672383277309
              ],
              [
                -71.79317248354286,
                42.26637095499252
              ],
              [
                -71.7931958425855,
                42.26601807860573
              ],
              [
                -71.79325203334905,
                42.26573679268786
              ],
              [
                -71.79603999233332,
                42.26533306088
              ],
              [
                -71.79600295906526,
                42.265370149431995
              ],
              [
                -71.79600289298287,
                42.26537022289013
              ],
              [
                -71.79588059243339,
                42.2655217789776
              ],
              [
                -71.79588053636257,
                42.265521856892995
              ],
              [
                -71.79577882382587,
                42.26568158706446
              ],
              [
                -71.79577877830667,
                42.26568166868683
              ],
              [
                -71.79569863345364,
                42.26584803470869
              ],
              [
                -71.79569859892453,
                42.265848119251956
              ],
              [
                -71.7956407937445,
                42.2660195189739
              ],
              [
                -71.79564077053807,
                42.2660196056239
              ],
              [
                -71.7956058618983,
                42.2661943884066
              ],
              [
                -71.79560585023815,
                42.266194476328856
              ],
              [
                -71.79559417451435,
                42.26637095893936
              ],
              [
                -71.79559417451286,
                42.266371047287144
              ],
              [
                -71.7956058443425,
                42.26654753010846
              ],
              [
                -71.79560585599978,
                42.26654761803091
              ],
              [
                -71.79564075918991,
                42.26672240142997
              ],
              [
                -71.79564078239379,
                42.266722488080376
              ],
              [
                -71.795698582994,
                42.266893888776735
              ],
              [
                -71.79569861752111,
                42.26689397332057
              ],
              [
                -71.79577875905187,
                42.26706034059811
              ],
              [
                -71.79577880456976,
                42.26706042222115
              ],
              [
                -71.79588051537492,
                42.26722015382665
              ],
              [
                -71.79588057144531,
                42.2672202317428
              ],
              [
                -71.79600287211778,
                42.26737178931827
              ],
              [
                -71.79600293820074,
                42.26737186277714
              ],
              [
                -71.79612239744499,
                42.26749150001789
              ],
              [
                -71.79357039019983,
                42.26779425894802
              ]
            ]
          ],
          [
            [
              [
                -71.80284519739617,
                42.266693650804186
              ],
              [
                -71.80029082797797,
                42.266996847345446
              ],
              [
                -71.8003404053089,
                42.26689391840401
              ],
              [
                -71.80034043983238,
                42.26689383385937
              ],
              [
                -71.8003982330808,
                42.26672243179548
              ],
              [
                -71.80039825628096,
                42.26672234514453
              ],
              [
                -71.80043315197429,
                42.266547560919754
              ],
              [
                -71.8004331636278,
                42.26654747299702
              ],
              [
                -71.80044482588784,
                42.266370989899734
              ],
              [
                -71.80044482588256,
                42.266370901551944
              ],
              [
                -71.80043314258926,
                42.266194419217854
              ],
              [
                -71.80043313092534,
                42.266194331295885
              ],
              [
                -71.80039821478906,
                42.266019549339326
              ],
              [
                -71.80039819157892,
                42.26601946268987
              ],
              [
                -71.80034037904757,
                42.26584806433585
              ],
              [
                -71.80034034451484,
                42.2658479797934
              ],
              [
                -71.80026019252647,
                42.26568161566803
              ],
              [
                -71.80026014700377,
                42.26568153404674
              ],
              [
                -71.80015842761642,
                42.2655218062821
              ],
              [
                -71.80015837154227,
                42.265521728368014
              ],
              [
                -71.8000360644928,
                42.265370175174496
              ],
              [
                -71.80003599840724,
                42.26537010171794
              ],
              [
                -71.79989428167121,
                42.265228182572535
              ],
              [
                -71.79989420621074,
                42.26522811428088
              ],
              [
                -71.7997344446543,
                42.265097195874084
              ],
              [
                -71.79973436054566,
                42.26509713340501
              ],
              [
                -71.79955809277902,
                42.264978476481446
              ],
              [
                -71.79955800083222,
                42.26497842043652
              ],
              [
                -71.79936692439121,
                42.26487316765603
              ],
              [
                -71.79936682549172,
                42.264873118574954
              ],
              [
                -71.79932967335262,
                42.26485657953987
              ],
              [
                -71.80047406197612,
                42.26469080110867
              ],
              [
                -71.80283042963092,
                42.26595433831379
              ],
              [
                -71.8028431426716,
                42.26601796447005
              ],
              [
                -71.80286651684936,
                42.26637084030368
              ],
              [
                -71.80284519739617,
                42.266693650804186
              ]
            ]
          ]
        ]
      }
    },
    {
      "type": "Feature",
      "properties": {
        "stop_id": "658;677",
        "tier": "0-200m",
        "name": "658;677_0-200m"
      },
      "geometry": {
        "type": "Polygon",
        "coordinates": [
          [
            [
              -71.78015493376512,
              42.290363298809105
            ],
            [
              -71.78019312616478,
              42.29032507953698
            ],
            [
              -71.78035289850483,
              42.29019424567841
            ],
            [
              -71.78052917277304,
              42.290075669015366
            ],
            [
              -71.78072025137105,
              42.289970491434865
            ],
            [
              -71.78092429416411,
              42.2898797257861
            ],
            [
              -71.78113933620044,
              42.28980424612886
            ],
            [
              -71.78136330663126,
              42.289744779318326
            ],
            [
              -71.78159404864951,
              42.28970189800704
            ],
            [
              -71.78182934025511,
              42.28967601513182
            ],
            [
              -71.78206691564768,
              42.28966737993818
            ],
            [
              -71.78230448704008,
              42.2896760755808
            ],
            [
              -71.7825397666837,
              42.289702018322934
            ],
            [
              -71.78277048889326,
              42.28974495834255
            ],
            [
              -71.78299443185945,
              42.28980448213752
            ],
            [
              -71.78320943903957,
              42.289880016506515
            ],
            [
              -71.78341343992037,
              42.28997083406756
            ],
            [
              -71.78360446995362,
              42.29007606026092
            ],
            [
              -71.7837806894721,
              42.29019468176926
            ],
            [
              -71.78394040140454,
              42.29032555627371
            ],
            [
              -71.78408206761857,
              42.29046742345239
            ],
            [
              -71.78420432373453,
              42.290618917115204
            ],
            [
              -71.78430599226735,
              42.29077857835837
            ],
            [
              -71.78438609396989,
              42.2909448696121
            ],
            [
              -71.78444385726839,
              42.291116189446
            ],
            [
              -71.78447872569896,
              42.29129088799012
            ],
            [
              -71.78449036327319,
              42.29146728282265
            ],
            [
              -71.78447865772107,
              42.29164367517197
            ],
            [
              -71.78444372157968,
              42.291818366276246
            ],
            [
              -71.78438589111683,
              42.291989673743885
            ],
            [
              -71.78430572309978,
              42.29215594775661
            ],
            [
              -71.78420398943986,
              42.29231558695941
            ],
            [
              -71.78408166976433,
              42.29246705388423
            ],
            [
              -71.78393994198677,
              42.29260888975874
            ],
            [
              -71.78378017096674,
              42.29273972855748
            ],
            [
              -71.78360389536742,
              42.2928583101602
            ],
            [
              -71.78341281283839,
              42.29296349249011
            ],
            [
              -71.78320876366543,
              42.29305426251544
            ],
            [
              -71.7829937130455,
              42.29312974600825
            ],
            [
              -71.78276973215725,
              42.293189215965945
            ],
            [
              -71.78253897820963,
              42.29323209961505
            ],
            [
              -71.7823036736611,
              42.29325798392892
            ],
            [
              -71.78207325714676,
              42.29326635891991
            ],
            [
              -71.78015493376512,
              42.290363298809105
            ]
          ]
        ]
      }
    },
    {
      "type": "Feature",
      "properties": {
        "stop_id": "658;677",
        "tier": "200-400m",
        "name": "658;677_200-400m"
      },
      "geometry": {
        "type": "Polygon",
        "coordinates": [
          [
            [
              -71.77978157338141,
              42.28829164470632
            ],
            [
              -71.7802117565691,
              42.28814065142569
            ],
            [
              -71.7806597991428,
              42.288021691169625
            ],
            [
              -71.78112138681014,
              42.28793590940911
            ],
            [
              -71.78159207491687,
              42.28788413213465
            ],
            [
              -71.78206733122498,
              42.28786685790687
            ],
            [
              -71.78216471965439,
              42.28787042270245
            ],
            [
              -71.78647962630156,
              42.29294953805076
            ],
            [
              -71.78647931958561,
              42.292950019372675
            ],
            [
              -71.78634260661833,
              42.2931645589031
            ],
            [
              -71.78609791237929,
              42.29346757299752
            ],
            [
              -71.78581438976398,
              42.29375132053993
            ],
            [
              -71.7854947690241,
              42.29401306861258
            ],
            [
              -71.78514212820589,
              42.294250296153734
            ],
            [
              -71.78475986350986,
              42.29446071824776
            ],
            [
              -71.78435165658043,
              42.29464230814118
            ],
            [
              -71.78392143904115,
              42.29479331677178
            ],
            [
              -71.7834733546168,
              42.29491228962282
            ],
            [
              -71.78319513570246,
              42.29496399455368
            ],
            [
              -71.78207442046441,
              42.29326811931468
            ],
            [
              -71.7823038517476,
              42.29325978013294
            ],
            [
              -71.78230397017282,
              42.29325977148821
            ],
            [
              -71.782539392581,
              42.29323387420937
            ],
            [
              -71.78253950929458,
              42.293233856988046
            ],
            [
              -71.78277037882214,
              42.29319095185932
            ],
            [
              -71.78277049269998,
              42.293190926227226
            ],
            [
              -71.78299458577514,
              42.29313142648218
            ],
            [
              -71.78299469572045,
              42.293131392686206
            ],
            [
              -71.78320985405358,
              42.293055871385306
            ],
            [
              -71.78320995900744,
              42.29305582975095
            ],
            [
              -71.78341411038237,
              42.29296501426091
            ],
            [
              -71.78341420933397,
              42.29296496518918
            ],
            [
              -71.78360538756938,
              42.29285973017594
            ],
            [
              -71.78360547956572,
              42.29285967413943
            ],
            [
              -71.783781843454,
              42.29274103314219
            ],
            [
              -71.7837819276091,
              42.29274097068062
            ],
            [
              -71.78394177865039,
              42.29261006634828
            ],
            [
              -71.78394185415378,
              42.29260999806322
            ],
            [
              -71.78408365291425,
              42.29246809114732
            ],
            [
              -71.7840837190388,
              42.292468017696415
            ],
            [
              -71.78420609997542,
              42.29231647490662
            ],
            [
              -71.7842061560844,
              42.292316396997286
            ],
            [
              -71.7843079406937,
              42.29215667783666
            ],
            [
              -71.78430798624674,
              42.29215659621923
            ],
            [
              -71.78438819441101,
              42.291990238925976
            ],
            [
              -71.78438822896953,
              42.2919901543865
            ],
            [
              -71.784446088391,
              42.291818761117696
            ],
            [
              -71.78444611162223,
              42.29181867447036
            ],
            [
              -71.78448106525504,
              42.29164389587067
            ],
            [
              -71.78448107693535,
              42.29164380794993
            ],
            [
              -71.78449278834348,
              42.29146732725362
            ],
            [
              -71.7844927883605,
              42.29146723890624
            ],
            [
              -71.7844811449508,
              42.29129075572591
            ],
            [
              -71.78448113330442,
              42.291290667802706
            ],
            [
              -71.7844462474034,
              42.291115881760895
            ],
            [
              -71.7844462242059,
              42.2911157951086
            ],
            [
              -71.78438843197044,
              42.29094438946969
            ],
            [
              -71.78438839744533,
              42.29094430492282
            ],
            [
              -71.78430825561831,
              42.29077793038307
            ],
            [
              -71.78430821009816,
              42.290777848755816
            ],
            [
              -71.78420649063997,
              42.29061810754764
            ],
            [
              -71.78420643456322,
              42.2906180296261
            ],
            [
              -71.78408411721162,
              42.290466460089306
            ],
            [
              -71.78408405111837,
              42.29046638662388
            ],
            [
              -71.78394231394832,
              42.29032444839288
            ],
            [
              -71.78394223847513,
              42.290324380091036
            ],
            [
              -71.78378244654971,
              42.29019344004007
            ],
            [
              -71.78378236242345,
              42.290193377559575
            ],
            [
              -71.78360605464543,
              42.2900746966417
            ],
            [
              -71.78360596267628,
              42.290074640584216
            ],
            [
              -71.7834148369669,
              42.28996936169031
            ],
            [
              -71.78341473804055,
              42.289969312595694
            ],
            [
              -71.78321063498832,
              42.28987844955054
            ],
            [
              -71.78321053005746,
              42.28987840789155
            ],
            [
              -71.78299541519452,
              42.289802835692804
            ],
            [
              -71.78299530526961,
              42.28980280187062
            ],
            [
              -71.78277125014598,
              42.28974324826451
            ],
            [
              -71.78277113628563,
              42.28974322260483
            ],
            [
              -71.78254029852397,
              42.2897002610797
            ],
            [
              -71.7825401818246,
              42.28970024382962
            ],
            [
              -71.78230478434678,
              42.2896742880947
            ],
            [
              -71.78230466593219,
              42.289674279420325
            ],
            [
              -71.78206697555801,
              42.28966557942269
            ],
            [
              -71.78206685656852,
              42.289665579407554
            ],
            [
              -71.7818291621922,
              42.28967421892591
            ],
            [
              -71.7818290437736,
              42.28967422757017
            ],
            [
              -71.78159363432779,
              42.289700123408196
            ],
            [
              -71.78159351762048,
              42.289700140628604
            ],
            [
              -71.78136266004023,
              42.28974304341599
            ],
            [
              -71.78136254616803,
              42.28974306904671
            ],
            [
              -71.78113846356601,
              42.289802565639846
            ],
            [
              -71.78113835362551,
              42.28980259943406
            ],
            [
              -71.78092320388888,
              42.28987811689362
            ],
            [
              -71.78092309893879,
              42.28987815852591
            ],
            [
              -71.78071895395334,
              42.28996896963278
            ],
            [
              -71.78071885500434,
              42.28996901870224
            ],
            [
              -71.78052768070587,
              42.29007424895892
            ],
            [
              -71.78052758871085,
              42.29007430499301
            ],
            [
              -71.78035122615567,
              42.29019294104312
            ],
            [
              -71.78035114200057,
              42.29019300350221
            ],
            [
              -71.78019128963729,
              42.29032390288695
            ],
            [
              -71.78019121413259,
              42.290323971169585
            ],
            [
              -71.78015373185237,
              42.290361479822046
            ],
            [
              -71.7790307127534,
              42.28866183974262
            ],
            [
              -71.77937339198438,
              42.28847321708467
            ],
            [
              -71.77978157338141,
              42.28829164470632
            ]
          ]
        ]
      }
    },
    {
      "type": "Feature",
      "properties": {
        "stop_id": "663;672",
        "tier": "0-200m",
        "name": "663;672_0-200m"
      },
      "geometry": {
        "type": "Polygon",
        "coordinates": [
          [
            [
              -71.80099597428708,
              42.27157104807524
            ],
            [
              -71.80104903673141,
              42.271728344232415
            ],
            [
              -71.80108394033529,
              42.27190303831998
            ],
            [
              -71.8010956206488,
              42.27207943206397
            ],
            [
              -71.80108396499048,
              42.2722558267032
            ],
            [
              -71.80104908541713,
              42.2724305234539
            ],
            [
              -71.80099131765185,
              42.27260183987009
            ],
            [
              -71.80091121785824,
              42.2727681260474
            ],
            [
              -71.80080955729062,
              42.27292778051371
            ],
            [
              -71.80068731487242,
              42.273079265654005
            ],
            [
              -71.80054566777316,
              42.27322112252056
            ],
            [
              -71.80038598007538,
              42.273351984885856
            ],
            [
              -71.80020978963977,
              42.27347059240264
            ],
            [
              -71.80001879329559,
              42.27357580274461
            ],
            [
              -71.79994807080843,
              42.273607286950835
            ],
            [
              -71.79627356231634,
              42.27231857398536
            ],
            [
              -71.79626104715717,
              42.27225591121542
            ],
            [
              -71.7962493802905,
              42.27207951698475
            ],
            [
              -71.79626104939578,
              42.27190312283153
            ],
            [
              -71.79629594189952,
              42.27172842752082
            ],
            [
              -71.79635372158164,
              42.27155711344326
            ],
            [
              -71.79642473317743,
              42.27140971631047
            ],
            [
              -71.80099597428708,
              42.27157104807524
            ]
          ]
        ]
      }
    },
    {
      "type": "Feature",
      "properties": {
        "stop_id": "663;672",
        "tier": "200-400m",
        "name": "663;672_200-400m"
      },
      "geometry": {
        "type": "MultiPolygon",
        "coordinates": [
          [
            [
              [
                -71.79393687073102,
                42.27132183585052
              ],
              [
                -71.79642220142486,
                42.271409626907165
              ],
              [
                -71.7963514189246,
                42.271556548499355
              ],
              [
                -71.79635138439323,
                42.27155663304276
              ],
              [
                -71.7962935757659,
                42.271728032922475
              ],
              [
                -71.79629355255835,
                42.271728119572515
              ],
              [
                -71.79625864257201,
                42.271902902379225
              ],
              [
                -71.79625863091177,
                42.27190299030154
              ],
              [
                -71.79624695595518,
                42.27207947280215
              ],
              [
                -71.79624695595462,
                42.272079561149894
              ],
              [
                -71.796258628658,
                42.27225604372843
              ],
              [
                -71.79625864031718,
                42.27225613165074
              ],
              [
                -71.79627092683025,
                42.27231764961408
              ],
              [
                -71.79389669506074,
                42.2714848751741
              ],
              [
                -71.79391821941658,
                42.271377129790295
              ],
              [
                -71.79393687073102,
                42.27132183585052
              ]
            ]
          ],
          [
            [
              [
                -71.80348308578027,
                42.27165893878301
              ],
              [
                -71.80349657451409,
                42.271726437402116
              ],
              [
                -71.8035199544479,
                42.27207931274998
              ],
              [
                -71.80349665075089,
                42.27243219086217
              ],
              [
                -71.80342688707526,
                42.272781673301495
              ],
              [
                -71.80331133453828,
                42.273124394278284
              ],
              [
                -71.80315110528724,
                42.27345705306739
              ],
              [
                -71.80294774181527,
                42.27377644580136
              ],
              [
                -71.80270320212966,
                42.27407949633272
              ],
              [
                -71.80241984091404,
                42.274363285866954
              ],
              [
                -71.80232515659719,
                42.27444088076185
              ],
              [
                -71.79995070845143,
                42.27360821195609
              ],
              [
                -71.80002009084144,
                42.27357732433278
              ],
              [
                -71.80002018974974,
                42.27357727524652
              ],
              [
                -71.80021128175713,
                42.27347201220715
              ],
              [
                -71.80021137371062,
                42.27347195615715
              ],
              [
                -71.80038765239247,
                42.273353289232915
              ],
              [
                -71.80038773650543,
                42.273353226758914
              ],
              [
                -71.80054750418266,
                42.27322229884829
              ],
              [
                -71.80054757964498,
                42.273222230552015
              ],
              [
                -71.80068929768676,
                42.273080302633524
              ],
              [
                -71.80068936377181,
                42.27308022917285
              ],
              [
                -71.8008116674124,
                42.272928668158464
              ],
              [
                -71.80081172348373,
                42.27292859024069
              ],
              [
                -71.80091343496409,
                42.272768855808955
              ],
              [
                -71.80091348048178,
                42.2727687741847
              ],
              [
                -71.80099362038841,
                42.272602404720686
              ],
              [
                -71.80099365491415,
                42.272602320176
              ],
              [
                -71.8010514516066,
                42.27243091795413
              ],
              [
                -71.80105147480802,
                42.27243083130315
              ],
              [
                -71.80108637184442,
                42.272256047054185
              ],
              [
                -71.80108638349813,
                42.272255959131485
              ],
              [
                -71.8010980449874,
                42.27207947614412
              ],
              [
                -71.8010980449812,
                42.27207938779639
              ],
              [
                -71.80108635881089,
                42.27190290570523
              ],
              [
                -71.80108634714496,
                42.27190281778332
              ],
              [
                -71.80105142605304,
                42.271728036200344
              ],
              [
                -71.80105140283986,
                42.271727949551135
              ],
              [
                -71.80099850362791,
                42.271571137292014
              ],
              [
                -71.80348304743707,
                42.27165874691055
              ],
              [
                -71.80348308578027,
                42.27165893878301
              ]
            ]
          ]
        ]
      }
    },
    {
      "type": "Feature",
      "properties": {
        "stop_id": "183;209",
        "tier": "0-200m",
        "name": "183;209_0-200m"
      },
      "geometry": {
        "type": "Polygon",
        "coordinates": [
          [
            [
              -71.79287192841797,
              42.28477331839803
            ],
            [
              -71.79297074902556,
              42.28487226637148
            ],
            [
              -71.79309301561874,
              42.2850237507102
            ],
            [
              -71.7931946975985,
              42.28518340423237
            ],
            [
              -71.79327481558825,
              42.28534968944253
            ],
            [
              -71.79333259785746,
              42.285521004968516
            ],
            [
              -71.7933674877596,
              42.285695700981854
            ],
            [
              -71.79337914909952,
              42.28587209508519
            ],
            [
              -71.79336746937841,
              42.28604848851386
            ],
            [
              -71.79333256088464,
              42.28622318249572
            ],
            [
              -71.79327475961975,
              42.28639449461146
            ],
            [
              -71.79319462206983,
              42.28656077499808
            ],
            [
              -71.79309291985284,
              42.28672042223918
            ],
            [
              -71.79297063229318,
              42.28687189878933
            ],
            [
              -71.79282893699516,
              42.287013745783504
            ],
            [
              -71.79266919850546,
              42.28714459708923
            ],
            [
              -71.79249295517397,
              42.28726319246574
            ],
            [
              -71.79230190433944,
              42.287368389703616
            ],
            [
              -71.79209788598237,
              42.28745917562757
            ],
            [
              -71.79188286500288,
              42.287534675856485
            ],
            [
              -71.79165891229407,
              42.287594163226636
            ],
            [
              -71.79165409882147,
              42.28759505825113
            ],
            [
              -71.78853701400192,
              42.28579398325404
            ],
            [
              -71.78854354508267,
              42.28569546100739
            ],
            [
              -71.7885784665139,
              42.285520768467165
            ],
            [
              -71.78863627970155,
              42.2853494586919
            ],
            [
              -71.78871642770137,
              42.28518318145465
            ],
            [
              -71.78881813849385,
              42.28502353805074
            ],
            [
              -71.788940432425,
              42.28487206587819
            ],
            [
              -71.78908213164563,
              42.28473022363377
            ],
            [
              -71.7892418714584,
              42.284599377267476
            ],
            [
              -71.7894181134625,
              42.28448078683017
            ],
            [
              -71.78960916037022,
              42.284375594341526
            ],
            [
              -71.78981317235197,
              42.2842848127943
            ],
            [
              -71.79002818475261,
              42.28420931640141
            ],
            [
              -71.79020169157684,
              42.28416322903971
            ],
            [
              -71.79287192841797,
              42.28477331839803
            ]
          ]
        ]
      }
    },
    {
      "type": "Feature",
      "properties": {
        "stop_id": "183;209",
        "tier": "200-400m",
        "name": "183;209_200-400m"
      },
      "geometry": {
        "type": "MultiPolygon",
        "coordinates": [
          [
            [
              [
                -71.78667976337583,
                42.28417461105308
              ],
              [
                -71.78692441886429,
                42.28387159522358
              ],
              [
                -71.78720789220041,
                42.28358784444585
              ],
              [
                -71.78731149587075,
                42.283502982708804
              ],
              [
                -71.78731166968095,
                42.28350284034068
              ],
              [
                -71.79019782151278,
                42.284162344763004
              ],
              [
                -71.79002731195918,
                42.28420763597834
              ],
              [
                -71.79002720203314,
                42.2842076697811
              ],
              [
                -71.78981208194703,
                42.284283203984735
              ],
              [
                -71.78981197701208,
                42.28428324562518
              ],
              [
                -71.78960786285336,
                42.2843740726385
              ],
              [
                -71.78960776392002,
                42.284374121715665
              ],
              [
                -71.7894166213277,
                42.284479366887986
              ],
              [
                -71.78941652934869,
                42.28447942292923
              ],
              [
                -71.7892401990738,
                42.2845980727605
              ],
              [
                -71.78924011493493,
                42.284598135226176
              ],
              [
                -71.78908029511523,
                42.2847290471249
              ],
              [
                -71.7890802196268,
                42.28472911541345
              ],
              [
                -71.7889384494336,
                42.28487102869769
              ],
              [
                -71.7889383833226,
                42.2848711021515
              ],
              [
                -71.78881602813692,
                42.28502265018725
              ],
              [
                -71.7888159720401,
                42.285022728098944
              ],
              [
                -71.78871421030111,
                42.28518245145892
              ],
              [
                -71.78871416475876,
                42.28518253307819
              ],
              [
                -71.7886339766113,
                42.28534889359444
              ],
              [
                -71.78863394206208,
                42.2853489781353
              ],
              [
                -71.78857609991249,
                42.28552037371053
              ],
              [
                -71.78857607668924,
                42.28552046035882
              ],
              [
                -71.788541137761,
                42.285695240393714
              ],
              [
                -71.78854112608742,
                42.285695328314944
              ],
              [
                -71.78853467577292,
                42.28579263213729
              ],
              [
                -71.7864351114195,
                42.28457938212741
              ],
              [
                -71.78647628226814,
                42.28449397397854
              ],
              [
                -71.78667976337583,
                42.28417461105308
              ]
            ]
          ],
          [
            [
              [
                -71.79576362229228,
                42.28543392228734
              ],
              [
                -71.7957806696136,
                42.285519262790345
              ],
              [
                -71.79580401159934,
                42.285872138858146
              ],
              [
                -71.79578065977255,
                42.28622501454998
              ],
              [
                -71.79571083824872,
                42.286574491451994
              ],
              [
                -71.79559521870168,
                42.28691720382755
              ],
              [
                -71.79543491392369,
                42.287249851034254
              ],
              [
                -71.79523146713507,
                42.287569229316254
              ],
              [
                -71.79498683714529,
                42.28787226266493
              ],
              [
                -71.79470337950757,
                42.28815603245126
              ],
              [
                -71.79438382384772,
                42.28841780554331
              ],
              [
                -71.79403124758505,
                42.288655060638476
              ],
              [
                -71.79375349576401,
                42.288807999697184
              ],
              [
                -71.79165652919426,
                42.28759646246547
              ],
              [
                -71.79165955914577,
                42.287595899071604
              ],
              [
                -71.79165967300993,
                42.287595873430654
              ],
              [
                -71.79188373789154,
                42.287536356264454
              ],
              [
                -71.79188384782235,
                42.287536322459914
              ],
              [
                -71.79209897650021,
                42.28746078441452
              ],
              [
                -71.79209908143892,
                42.287460742771984
              ],
              [
                -71.79230320198255,
                42.28736991137537
              ],
              [
                -71.79230330091849,
                42.287369862295925
              ],
              [
                -71.79249444744352,
                42.287264612367245
              ],
              [
                -71.79249453942384,
                42.28726455632356
              ],
              [
                -71.79267087102812,
                42.28714590154562
              ],
              [
                -71.792670955167,
                42.28714583907746
              ],
              [
                -71.79283077366165,
                42.287014922231904
              ],
              [
                -71.79283084914877,
                42.287014853940924
              ],
              [
                -71.79297261541343,
                42.28687293589977
              ],
              [
                -71.79297268152183,
                42.28687286244366
              ],
              [
                -71.79309503032647,
                42.28672131002374
              ],
              [
                -71.79309508641951,
                42.28672123210997
              ],
              [
                -71.79319683957016,
                42.28656150490702
              ],
              [
                -71.7931968851077,
                42.286561423285974
              ],
              [
                -71.79327706278956,
                42.28639505961565
              ],
              [
                -71.79327709733313,
                42.2863949750734
              ],
              [
                -71.79333492754202,
                42.28622357715418
              ],
              [
                -71.79333495075902,
                42.28622349050495
              ],
              [
                -71.79336987673037,
                42.28604870902624
              ],
              [
                -71.7933698883973,
                42.28604862110453
              ],
              [
                -71.79338157396148,
                42.2858721393283
              ],
              [
                -71.79338157396607,
                42.285872050980814
              ],
              [
                -71.79336990677878,
                42.28569556853009
              ],
              [
                -71.79336989512107,
                42.2856954806077
              ],
              [
                -71.79333498773772,
                42.285520697097915
              ],
              [
                -71.7933349645301,
                42.28552061044734
              ],
              [
                -71.79327715331445,
                42.28534920911851
              ],
              [
                -71.79327711878051,
                42.28534912457421
              ],
              [
                -71.79319696065812,
                42.285182756081085
              ],
              [
                -71.79319691513051,
                42.285182674457275
              ],
              [
                -71.79309518221866,
                42.28502294097396
              ],
              [
                -71.79309512613591,
                42.28502286305669
              ],
              [
                -71.79297279830185,
                42.28487130284866
              ],
              [
                -71.79297273220412,
                42.2848712293883
              ],
              [
                -71.79287583966624,
                42.28477421197646
              ],
              [
                -71.79576362229228,
                42.28543392228734
              ]
            ]
          ]
        ]
      }
    },
    {
      "type": "Feature",
      "properties": {
        "stop_id": "186;205",
        "tier": "0-200m",
        "name": "186;205_0-200m"
      },
      "geometry": {
        "type": "Polygon",
        "coordinates": [
          [
            [
              -71.79152624393278,
              42.27991211124372
            ],
            [
              -71.79147402299972,
              42.27983010684521
            ],
            [
              -71.79139391673512,
              42.27966382021705
            ],
            [
              -71.7913361450669,
              42.279492503539224
            ],
            [
              -71.79130126419614,
              42.279317806718645
            ],
            [
              -71.79128960985845,
              42.279141412201945
            ],
            [
              -71.79130129409779,
              42.278965018771714
            ],
            [
              -71.79133620419485,
              42.27879032518612
            ],
            [
              -71.79139400376006,
              42.278619013819124
            ],
            [
              -71.79147413598044,
              42.27845273445914
            ],
            [
              -71.79157582898841,
              42.27829308842196
            ],
            [
              -71.79169810330131,
              42.27814161313097
            ],
            [
              -71.79183978125899,
              42.277999767312984
            ],
            [
              -71.79199949836875,
              42.2778689169524
            ],
            [
              -71.79214081142966,
              42.277773813282415
            ],
            [
              -71.79613020169971,
              42.27904796301317
            ],
            [
              -71.79613639125655,
              42.27914153682124
            ],
            [
              -71.79612472046824,
              42.27931793073836
            ],
            [
              -71.79608982330507,
              42.279492625764945
            ],
            [
              -71.79603203565955,
              42.27966393947166
            ],
            [
              -71.79595191388664,
              42.27983022198018
            ],
            [
              -71.79585022945238,
              42.27998987185371
            ],
            [
              -71.79572796150997,
              42.280141351521436
            ],
            [
              -71.79558628747478,
              42.28028320208835
            ],
            [
              -71.79542657168872,
              42.28041405738757
            ],
            [
              -71.79525035228305,
              42.28053265713988
            ],
            [
              -71.79505932636604,
              42.28063785909376
            ],
            [
              -71.79494406629554,
              42.28068915791878
            ],
            [
              -71.79152624393278,
              42.27991211124372
            ]
          ]
        ]
      }
    },
    {
      "type": "Feature",
      "properties": {
        "stop_id": "186;205",
        "tier": "200-400m",
        "name": "186;205_200-400m"
      },
      "geometry": {
        "type": "MultiPolygon",
        "coordinates": [
          [
            [
              [
                -71.78887611479998,
                42.27930951738881
              ],
              [
                -71.78886500540625,
                42.27914127301678
              ],
              [
                -71.78888839319791,
                42.27878839829688
              ],
              [
                -71.78895824381983,
                42.27843892507238
              ],
              [
                -71.78907388382709,
                42.27809621887839
              ],
              [
                -71.78923419885638,
                42.27776358002806
              ],
              [
                -71.78943764438442,
                42.27744421183388
              ],
              [
                -71.78968226062565,
                42.277141189765025
              ],
              [
                -71.78979479305742,
                42.27702852784163
              ],
              [
                -71.78979788677763,
                42.277025430554204
              ],
              [
                -71.7921383629431,
                42.27777303121512
              ],
              [
                -71.79199782610522,
                42.277867612484094
              ],
              [
                -71.79199774197802,
                42.27786767495188
              ],
              [
                -71.7918379448727,
                42.277998590846856
              ],
              [
                -71.79183786939527,
                42.27799865913731
              ],
              [
                -71.7916961204757,
                42.27814057599691
              ],
              [
                -71.79169605437497,
                42.27814064945238
              ],
              [
                -71.79157371881732,
                42.27829220060816
              ],
              [
                -71.79157366272986,
                42.278292278521306
              ],
              [
                -71.79147191878427,
                42.278452004515856
              ],
              [
                -71.79147187325032,
                42.278452086136326
              ],
              [
                -71.79139170089022,
                42.27861844877638
              ],
              [
                -71.79139166634837,
                42.27861853331815
              ],
              [
                -71.79133383782805,
                42.27878993048593
              ],
              [
                -71.79133381461105,
                42.27879001713485
              ],
              [
                -71.79129888702266,
                42.27896479821566
              ],
              [
                -71.79129887535416,
                42.27896488613729
              ],
              [
                -71.791287185256,
                42.27914136791457
              ],
              [
                -71.79128718524848,
                42.27914145626215
              ],
              [
                -71.79129884541653,
                42.279317939126955
              ],
              [
                -71.79129885707019,
                42.279318027049655
              ],
              [
                -71.79133375540468,
                42.2794928113685
              ],
              [
                -71.79133377860735,
                42.279492898019576
              ],
              [
                -71.79139157920474,
                42.27966430050318
              ],
              [
                -71.79139161373307,
                42.27966438504813
              ],
              [
                -71.79147176011398,
                42.27983075496313
              ],
              [
                -71.7914718056355,
                42.279830836587706
              ],
              [
                -71.79152310777495,
                42.279911398178285
              ],
              [
                -71.78887611479998,
                42.27930951738881
              ]
            ]
          ],
          [
            [
              [
                -71.79835227059739,
                42.280186593535156
              ],
              [
                -71.79819199737885,
                42.28051924498591
              ],
              [
                -71.79798858616287,
                42.28083862853318
              ],
              [
                -71.79774399541643,
                42.281141668117726
              ],
              [
                -71.79759425614257,
                42.28129159896739
              ],
              [
                -71.79494718816149,
                42.28068986762403
              ],
              [
                -71.7950606239374,
                42.28063938073611
              ],
              [
                -71.79506072286068,
                42.28063933165422
              ],
              [
                -71.79525184445569,
                42.28053407700719
              ],
              [
                -71.7952519364238,
                42.28053402096123
              ],
              [
                -71.79542824409029,
                42.2804153618053
              ],
              [
                -71.79542832821748,
                42.28041529933504
              ],
              [
                -71.79558812399712,
                42.28028437849399
              ],
              [
                -71.79558819947322,
                42.28028431020111
              ],
              [
                -71.79572994446441,
                42.28014238858543
              ],
              [
                -71.79573001056256,
                42.280142315127655
              ],
              [
                -71.79585233974015,
                42.27999075958857
              ],
              [
                -71.79585239582381,
                42.27999068167337
              ],
              [
                -71.79595413118281,
                42.279830951836686
              ],
              [
                -71.79595417671196,
                42.27983087021447
              ],
              [
                -71.79603433860892,
                42.279664504421156
              ],
              [
                -71.79603437314512,
                42.279664419877996
              ],
              [
                -71.79609218972783,
                42.27949302036699
              ],
              [
                -71.79609221293858,
                42.27949293371709
              ],
              [
                -71.79612712757364,
                42.27931815119314
              ],
              [
                -71.7961271392355,
                42.27931806327105
              ],
              [
                -71.79613881586242,
                42.27914158100614
              ],
              [
                -71.79613881586315,
                42.279141492658546
              ],
              [
                -71.79613268161079,
                42.27904875499931
              ],
              [
                -71.79847713592744,
                42.27979744868365
              ],
              [
                -71.79846786290194,
                42.2798438779776
              ],
              [
                -71.79835227059739,
                42.280186593535156
              ]
            ]
          ]
        ]
      }
    },
    {
      "type": "Feature",
      "properties": {
        "stop_id": "188;203",
        "tier": "0-200m",
        "name": "188;203_0-200m"
      },
      "geometry": {
        "type": "Polygon",
        "coordinates": [
          [
            [
              -71.79313271133914,
              42.2762256531076
            ],
            [
              -71.79312972369097,
              42.27618045120235
            ],
            [
              -71.79314140225175,
              42.276004057493246
            ],
            [
              -71.79317630563261,
              42.275829363257074
            ],
            [
              -71.79323409750869,
              42.275658050874085
            ],
            [
              -71.793314221141,
              42.27549177014249
            ],
            [
              -71.79341590474479,
              42.27533212239127
            ],
            [
              -71.79353816892792,
              42.27518064506033
            ],
            [
              -71.79367983612774,
              42.275038796896155
            ],
            [
              -71.79383954195525,
              42.27490794390573
            ],
            [
              -71.79401574833695,
              42.27478934620376
            ],
            [
              -71.79420675832814,
              42.274684145879874
            ],
            [
              -71.79441073245472,
              42.27459335600233
            ],
            [
              -71.79462570642606,
              42.274517850864235
            ],
            [
              -71.79484961004877,
              42.27445835756617
            ],
            [
              -71.79508028715898,
              42.274415449015734
            ],
            [
              -71.79524130959311,
              42.274397712377315
            ],
            [
              -71.79785980078995,
              42.27563293704709
            ],
            [
              -71.79787192272647,
              42.275658095731664
            ],
            [
              -71.79792970859334,
              42.275829409232585
            ],
            [
              -71.79796460584632,
              42.27600410414394
            ],
            [
              -71.79797627821956,
              42.27618049807892
            ],
            [
              -71.79796461310809,
              42.27635689227457
            ],
            [
              -71.7979297226596,
              42.27653158795134
            ],
            [
              -71.797871942702,
              42.27670290267364
            ],
            [
              -71.79779182951621,
              42.27686918655334
            ],
            [
              -71.79769015448557,
              42.27702883814044
            ],
            [
              -71.79756789667273,
              42.277180319847695
            ],
            [
              -71.79742623339553,
              42.2773221727604
            ],
            [
              -71.79726652889225,
              42.277453030689095
            ],
            [
              -71.79709032118548,
              42.27757163332927
            ],
            [
              -71.79698077566495,
              42.27763196799171
            ],
            [
              -71.79313271133914,
              42.2762256531076
            ]
          ]
        ]
      }
    },
    {
      "type": "Feature",
      "properties": {
        "stop_id": "188;203",
        "tier": "200-400m",
        "name": "188;203_200-400m"
      },
      "geometry": {
        "type": "MultiPolygon",
        "coordinates": [
          [
            [
              [
                -71.79083013986168,
                42.27538406276072
              ],
              [
                -71.79083177731025,
                42.27537920941987
              ],
              [
                -71.79091407096442,
                42.275135292881664
              ],
              [
                -71.7910743688124,
                42.27480265128696
              ],
              [
                -71.79127779552675,
                42.274483279663386
              ],
              [
                -71.79152239150311,
                42.27418025351322
              ],
              [
                -71.79180580078155,
                42.27389649089174
              ],
              [
                -71.7921252937499,
                42.27363472431449
              ],
              [
                -71.79247779344004,
                42.27339747445215
              ],
              [
                -71.79277461880022,
                42.27323399768689
              ],
              [
                -71.79523818154023,
                42.27439623671161
              ],
              [
                -71.79507987255901,
                42.27441367446089
              ],
              [
                -71.79507975588358,
                42.27441369169503
              ],
              [
                -71.79484896324385,
                42.27445662173518
              ],
              [
                -71.79484884940463,
                42.27445664737937
              ],
              [
                -71.79462483364418,
                42.274516170473305
              ],
              [
                -71.79462472373746,
                42.27451620428054
              ],
              [
                -71.7944096420999,
                42.27459174723372
              ],
              [
                -71.79440953718405,
                42.27459178887846
              ],
              [
                -71.79420546089948,
                42.274682624226266
              ],
              [
                -71.79420536198484,
                42.27468267330749
              ],
              [
                -71.79401425632754,
                42.27478792631896
              ],
              [
                -71.79401416436671,
                42.27478798236399
              ],
              [
                -71.79383786973204,
                42.27490663946357
              ],
              [
                -71.79383778561062,
                42.274906701932714
              ],
              [
                -71.79367799979319,
                42.27503762045888
              ],
              [
                -71.79367792432129,
                42.27503768875059
              ],
              [
                -71.79353618616494,
                42.27517960795755
              ],
              [
                -71.79353612006942,
                42.27517968141413
              ],
              [
                -71.79341379464664,
                42.27533123461086
              ],
              [
                -71.79341373856408,
                42.27533131252493
              ],
              [
                -71.79331200402738,
                42.27549104023439
              ],
              [
                -71.79331195849797,
                42.275491121855644
              ],
              [
                -71.79323179473019,
                42.27565748586799
              ],
              [
                -71.79323176019241,
                42.27565757041037
              ],
              [
                -71.7931739393651,
                42.275828968594645
              ],
              [
                -71.7931739161517,
                42.275829055243996
              ],
              [
                -71.79313899528287,
                42.2760038369757
              ],
              [
                -71.79313898361748,
                42.276003924897545
              ],
              [
                -71.79312729920069,
                42.276180406953834
              ],
              [
                -71.79312729919576,
                42.27618049530146
              ],
              [
                -71.7931302238369,
                42.27622474396211
              ],
              [
                -71.79083013986168,
                42.27538406276072
              ]
            ]
          ],
          [
            [
              [
                -71.80032504029533,
                42.27679576911847
              ],
              [
                -71.80030766115502,
                42.27688280220665
              ],
              [
                -71.8001920842289,
                42.27722551979542
              ],
              [
                -71.80003182818795,
                42.277558173988794
              ],
              [
                -71.79982843578333,
                42.27787756096367
              ],
              [
                -71.79958386530089,
                42.27818060462781
              ],
              [
                -71.7993004717208,
                42.278464386252914
              ],
              [
                -71.79928760385171,
                42.278474930169416
              ],
              [
                -71.7969832223562,
                42.27763286209925
              ],
              [
                -71.79709181332959,
                42.2775730531734
              ],
              [
                -71.79709190529175,
                42.27757299712591
              ],
              [
                -71.79726820125346,
                42.27745433508068
              ],
              [
                -71.7972682853749,
                42.277454272609035
              ],
              [
                -71.7974280698661,
                42.27732334913719
              ],
              [
                -71.79742814533668,
                42.277323280843056
              ],
              [
                -71.79756987956452,
                42.27718135688042
              ],
              [
                -71.79756994565743,
                42.277181283421534
              ],
              [
                -71.79769226470036,
                42.27702972584193
              ],
              [
                -71.79769232077915,
                42.27702964792579
              ],
              [
                -71.79779404672982,
                42.27686991637466
              ],
              [
                -71.79779409225446,
                42.27686983475166
              ],
              [
                -71.79787424556001,
                42.27670346758648
              ],
              [
                -71.79787428009213,
                42.27670338304272
              ],
              [
                -71.79793208898307,
                42.276531982515635
              ],
              [
                -71.79793211219021,
                42.27653189586533
              ],
              [
                -71.79796702010722,
                42.27635711269085
              ],
              [
                -71.79796703176596,
                42.276357024768515
              ],
              [
                -71.79797870271322,
                42.27618054222494
              ],
              [
                -71.79797870271139,
                42.276180453877316
              ],
              [
                -71.79796702448525,
                42.27600397159499
              ],
              [
                -71.79796701282294,
                42.276003883672914
              ],
              [
                -71.79793209808507,
                42.275829101265714
              ],
              [
                -71.7979320748747,
                42.27582901461591
              ],
              [
                -71.79787426005959,
                42.27565761531317
              ],
              [
                -71.7978742255248,
                42.27565753077011
              ],
              [
                -71.79786313317943,
                42.27563450897106
              ],
              [
                -71.80032504029533,
                42.27679576911847
              ]
            ]
          ]
        ]
      }
    },
    {
      "type": "Feature",
      "properties": {
        "stop_id": "388;823",
        "tier": "0-200m",
        "name": "388;823_0-200m"
      },
      "geometry": {
        "type": "Polygon",
        "coordinates": [
          [
            [
              -71.7777664444089,
              42.29479380744879
            ],
            [
              -71.77775344229153,
              42.294832308235655
            ],
            [
              -71.77767325322647,
              42.294998577529434
            ],
            [
              -71.77757149824494,
              42.295158210769856
            ],
            [
              -71.77744915717952,
              42.29530967054625
            ],
            [
              -71.77730740814982,
              42.29545149815515
            ],
            [
              -71.77714761622008,
              42.29558232765069
            ],
            [
              -71.77697132025492,
              42.29570089900219
            ],
            [
              -71.77678021810006,
              42.29580607023157
            ],
            [
              -71.77657615023034,
              42.295896828414
            ],
            [
              -71.77636108202285,
              42.29597229943557
            ],
            [
              -71.7761370848256,
              42.29603175641382
            ],
            [
              -71.77590631600472,
              42.296074626700275
            ],
            [
              -71.7756709981619,
              42.29610049739696
            ],
            [
              -71.77543339772306,
              42.29610911933421
            ],
            [
              -71.77519580310414,
              42.29610040947114
            ],
            [
              -71.77496050266504,
              42.296074451695496
            ],
            [
              -71.77472976266395,
              42.2960314960157
            ],
            [
              -71.77450580542497,
              42.29597195615213
            ],
            [
              -71.7742907879292,
              42.29589640555164
            ],
            [
              -71.77408678103613,
              42.29580557186309
            ],
            [
              -71.77389574953537,
              42.29570032992763
            ],
            [
              -71.77371953322114,
              42.29558169335106
            ],
            [
              -71.7735598291718,
              42.295450804739616
            ],
            [
              -71.77341817540545,
              42.29530892469328
            ],
            [
              -71.77329593606864,
              42.29515741966289
            ],
            [
              -71.77319428830104,
              42.294997748787694
            ],
            [
              -71.77311421090259,
              42.29483144984075
            ],
            [
              -71.77305647491175,
              42.29466012441711
            ],
            [
              -71.77302163618589,
              42.294485422507925
            ],
            [
              -71.77301003005451,
              42.29430902660878
            ],
            [
              -71.7730217680972,
              42.294132635515545
            ],
            [
              -71.7730567370764,
              42.29395794796381
            ],
            [
              -71.77311460003536,
              42.29378664626941
            ],
            [
              -71.77319479955048,
              42.29362038012756
            ],
            [
              -71.77329656310611,
              42.29346075072669
            ],
            [
              -71.77341891054019,
              42.29330929532991
            ],
            [
              -71.77356066348831,
              42.29316747247242
            ],
            [
              -71.7737204567357,
              42.29303664791747
            ],
            [
              -71.77389675136708,
              42.29291808150586
            ],
            [
              -71.774087849588,
              42.292812915025856
            ],
            [
              -71.77429191107476,
              42.292722161219764
            ],
            [
              -71.77450697069563,
              42.292646694033316
            ],
            [
              -71.77473095743251,
              42.29258724020158
            ],
            [
              -71.77496171432131,
              42.292544372252145
            ],
            [
              -71.77519701921885,
              42.29251850299313
            ],
            [
              -71.77543460619671,
              42.29250988153897
            ],
            [
              -71.77567218735624,
              42.292518590912024
            ],
            [
              -71.77590747485478,
              42.292544547243295
            ],
            [
              -71.77591330583319,
              42.2925456327699
            ],
            [
              -71.7777664444089,
              42.29479380744879
            ]
          ]
        ]
      }
    },
    {
      "type": "Feature",
      "properties": {
        "stop_id": "388;823",
        "tier": "200-400m",
        "name": "388;823_200-400m"
      },
      "geometry": {
        "type": "Polygon",
        "coordinates": [
          [
            [
              -71.7785094762074,
              42.29709297322184
            ],
            [
              -71.77812717224695,
              42.29730337310929
            ],
            [
              -71.77771892791162,
              42.29748493931073
            ],
            [
              -71.77728867518535,
              42.29763592299216
            ],
            [
              -71.77684055813194,
              42.29775486987716
            ],
            [
              -71.77637889296645,
              42.297840634260815
            ],
            [
              -71.77590812646453,
              42.297892390050535
            ],
            [
              -71.77543279311108,
              42.29790963872691
            ],
            [
              -71.77495747140198,
              42.2978922141479
            ],
            [
              -71.7744867397209,
              42.29784028415
            ],
            [
              -71.7740251322171,
              42.297754348930674
            ],
            [
              -71.77357709511051,
              42.29763523622817
            ],
            [
              -71.77314694384565,
              42.297484093344586
            ],
            [
              -71.77273882150844,
              42.29730237608982
            ],
            [
              -71.77235665890713,
              42.297091834752784
            ],
            [
              -71.77200413670222,
              42.296854497235515
            ],
            [
              -71.7716846499511,
              42.296592649512796
            ],
            [
              -71.77140127540885,
              42.29630881360603
            ],
            [
              -71.77115674190036,
              42.296005723283855
            ],
            [
              -71.77095340404901,
              42.29568629772396
            ],
            [
              -71.7707932196145,
              42.29535361339009
            ],
            [
              -71.7706777306576,
              42.295010874395565
            ],
            [
              -71.77060804871235,
              42.294661381638896
            ],
            [
              -71.77058484410794,
              42.294308501009176
            ],
            [
              -71.77060833954167,
              42.293955630967574
            ],
            [
              -71.77067830796405,
              42.2936061698172
            ],
            [
              -71.77079407479528,
              42.2932634829767
            ],
            [
              -71.77095452445042,
              42.29293087057261
            ],
            [
              -71.77115811110951,
              42.29261153566258
            ],
            [
              -71.77140287362779,
              42.29230855339503
            ],
            [
              -71.77168645444156,
              42.292024841402494
            ],
            [
              -71.7720061222869,
              42.29176313171274
            ],
            [
              -71.77235879851189,
              42.29152594444846
            ],
            [
              -71.77274108672864,
              42.29131556356804
            ],
            [
              -71.77314930551944,
              42.291134014880726
            ],
            [
              -71.77357952388196,
              42.29098304654747
            ],
            [
              -71.774027599073,
              42.290864112254866
            ],
            [
              -71.77446099674576,
              42.29078359968737
            ],
            [
              -71.77591149847508,
              42.29254344004172
            ],
            [
              -71.77590800690328,
              42.29254279003171
            ],
            [
              -71.77590789020049,
              42.29254277277489
            ],
            [
              -71.7756724848638,
              42.29251680344401
            ],
            [
              -71.77567236644481,
              42.29251679476279
            ],
            [
              -71.77543466629862,
              42.29250808102787
            ],
            [
              -71.77543454730377,
              42.29250808100585
            ],
            [
              -71.77519684133634,
              42.29251670677785
            ],
            [
              -71.77519672291153,
              42.29251671541526
            ],
            [
              -71.77496130016715,
              42.292542597630245
            ],
            [
              -71.77496118345276,
              42.292542614843896
            ],
            [
              -71.7747303109945,
              42.29258550426274
            ],
            [
              -71.7747301971145,
              42.29258552988685
            ],
            [
              -71.77450609819826,
              42.29264501349469
            ],
            [
              -71.77450598824927,
              42.292645047282534
            ],
            [
              -71.7742908209193,
              42.29272055226507
            ],
            [
              -71.77429071596013,
              42.29272059389126
            ],
            [
              -71.7740865522716,
              42.29281139314955
            ],
            [
              -71.774086453313,
              42.29281144221324
            ],
            [
              -71.77389525938182,
              42.29291666136389
            ],
            [
              -71.77389516737676,
              42.292916717392615
            ],
            [
              -71.77371878444823,
              42.29303534318616
            ],
            [
              -71.7737187002828,
              42.29303540564035
            ],
            [
              -71.7735588270017,
              42.29316629571682
            ],
            [
              -71.77355875148643,
              42.293166363995034
            ],
            [
              -71.77341692753886,
              42.29330825788266
            ],
            [
              -71.77341686140102,
              42.2933083313274
            ],
            [
              -71.77329445268559,
              42.293459862578985
            ],
            [
              -71.77329439656216,
              42.293459940482975
            ],
            [
              -71.77319258203357,
              42.2936196498329
            ],
            [
              -71.77319253646512,
              42.293619731445894
            ],
            [
              -71.77311229677653,
              42.2937860808612
            ],
            [
              -71.77311226220196,
              42.29378616539723
            ],
            [
              -71.77305437025615,
              42.29395755288755
            ],
            [
              -71.77305434700851,
              42.29395763953256
            ],
            [
              -71.7730193605085,
              42.29413241457647
            ],
            [
              -71.77301934881179,
              42.29413250249599
            ],
            [
              -71.7730076048833,
              42.29430898193511
            ],
            [
              -71.77300760485025,
              42.29430907028245
            ],
            [
              -71.77301921678786,
              42.29448555453038
            ],
            [
              -71.77301922841887,
              42.29448564245472
            ],
            [
              -71.77305408458737,
              42.29466043186472
            ],
            [
              -71.77305410777055,
              42.29466051851927
            ],
            [
              -71.77311187267269,
              42.294831929753045
            ],
            [
              -71.77311190718486,
              42.29483201430326
            ],
            [
              -71.77319202468513,
              42.294998396543235
            ],
            [
              -71.77319207019397,
              42.29499847817485
            ],
            [
              -71.77329376886792,
              42.2951582290237
            ],
            [
              -71.77329382493525,
              42.295158306950526
            ],
            [
              -71.7734161254929,
              42.29530988786497
            ],
            [
              -71.77341619157883,
              42.29530996133648
            ],
            [
              -71.77355791629101,
              42.29545191244634
            ],
            [
              -71.7735579917591,
              42.29545198075494
            ],
            [
              -71.77371777579613,
              42.29558293492493
            ],
            [
              -71.77371785991961,
              42.29558299741274
            ],
            [
              -71.77389416449311,
              42.29570169341137
            ],
            [
              -71.77389425646184,
              42.29570174947656
            ],
            [
              -71.77408538364338,
              42.29580704412522
            ],
            [
              -71.77408548257162,
              42.29580709322782
            ],
            [
              -71.7742895916455,
              42.295897972412945
            ],
            [
              -71.77428969658047,
              42.29589801408005
            ],
            [
              -71.77450482177285,
              42.29597360252226
            ],
            [
              -71.77450493170394,
              42.29597363635255
            ],
            [
              -71.77472900111798,
              42.29603320603846
            ],
            [
              -71.7747291149864,
              42.296033231706105
            ],
            [
              -71.77495997056043,
              42.296076208901596
            ],
            [
              -71.7749600872695,
              42.29607622615938
            ],
            [
              -71.7751955055662,
              42.29610219693678
            ],
            [
              -71.77519562399185,
              42.296102205618496
            ],
            [
              -71.77543333761766,
              42.29611091984419
            ],
            [
              -71.77543345661928,
              42.2961109198662
            ],
            [
              -71.77567117606795,
              42.296102293610375
            ],
            [
              -71.7756712944994,
              42.2961022849725
            ],
            [
              -71.77590673020852,
              42.29607640131766
            ],
            [
              -71.77590684692916,
              42.296076384103074
            ],
            [
              -71.77613773133746,
              42.2960334923437
            ],
            [
              -71.7761378452231,
              42.296033466718214
            ],
            [
              -71.77636195461541,
              42.295973979959115
            ],
            [
              -71.7763620645692,
              42.295973946169525
            ],
            [
              -71.77657724049871,
              42.29589843734609
            ],
            [
              -71.77657734546166,
              42.29589839571782
            ],
            [
              -71.77678151554272,
              42.29580759207662
            ],
            [
              -71.7767816145039,
              42.29580754301063
            ],
            [
              -71.77697281237498,
              42.29570231910347
            ],
            [
              -71.77697290438135,
              42.2957022630723
            ],
            [
              -71.77714928864566,
              42.29558363233143
            ],
            [
              -71.7771493728111,
              42.29558356987476
            ],
            [
              -71.77730924477257,
              42.29545267485028
            ],
            [
              -71.7773093202865,
              42.295452606569626
            ],
            [
              -71.77745114030978,
              42.29531070792347
            ],
            [
              -71.77745120644502,
              42.295310634476415
            ],
            [
              -71.77757360878223,
              42.29515909883862
            ],
            [
              -71.77757366490188,
              42.29515902093257
            ],
            [
              -71.77767547084349,
              42.29499930773732
            ],
            [
              -71.77767551640717,
              42.29499922612257
            ],
            [
              -71.77775574562997,
              42.29483287355061
            ],
            [
              -71.7777557801989,
              42.29483278901319
            ],
            [
              -71.77776821804845,
              42.2947959590862
            ],
            [
              -71.77921943479875,
              42.29655640045419
            ],
            [
              -71.7791818203423,
              42.296594036726106
            ],
            [
              -71.77886215777019,
              42.29685576618809
            ],
            [
              -71.7785094762074,
              42.29709297322184
            ]
          ]
        ]
      }
    },
    {
      "type": "Feature",
      "properties": {
        "stop_id": "1386;95",
        "tier": "0-200m",
        "name": "1386;95_0-200m"
      },
      "geometry": {
        "type": "Polygon",
        "coordinates": [
          [
            [
              -71.79604235516356,
              42.265330884245266
            ],
            [
              -71.79600294317733,
              42.26531333776795
            ],
            [
              -71.7958119672892,
              42.26520813176422
            ],
            [
              -71.7956357948051,
              42.26508952821824
            ],
            [
              -71.7954761223814,
              42.26495866941812
            ],
            [
              -71.79533448773176,
              42.26481681567671
            ],
            [
              -71.79521225481882,
              42.26466533319145
            ],
            [
              -71.79511060072063,
              42.264505680884476
            ],
            [
              -71.79503050429835,
              42.26433939635
            ],
            [
              -71.79497273677391,
              42.26416808104431
            ],
            [
              -71.79493785430866,
              42.263993384861095
            ],
            [
              -71.79492619265365,
              42.263816990240876
            ],
            [
              -71.79493786392345,
              42.26364059596723
            ],
            [
              -71.79497275552379,
              42.263465900806445
            ],
            [
              -71.79503053124337,
              42.26329458714767
            ],
            [
              -71.79511063449893,
              42.26312830480144
            ],
            [
              -71.79521229370195,
              42.262968655112324
            ],
            [
              -71.79533452969541,
              42.26281717553885
            ],
            [
              -71.79547616518819,
              42.262675324849155
            ],
            [
              -71.79563583609664,
              42.26254446907457
            ],
            [
              -71.79565092972457,
              42.26253430772747
            ],
            [
              -71.79812096533773,
              42.262213555832815
            ],
            [
              -71.79941147686051,
              42.262876676653896
            ],
            [
              -71.79948568076021,
              42.262968629534974
            ],
            [
              -71.79958734342695,
              42.263128278007144
            ],
            [
              -71.79966745029014,
              42.26329455939444
            ],
            [
              -71.79972522972656,
              42.26346587236156
            ],
            [
              -71.79976012511715,
              42.263640567104595
            ],
            [
              -71.7997718002141,
              42.26381696123848
            ],
            [
              -71.7997601423863,
              42.26399335599824
            ],
            [
              -71.79972526371145,
              42.26416805259897
            ],
            [
              -71.79966749990412,
              42.264339368596126
            ],
            [
              -71.7995874070898,
              42.26450565408935
            ],
            [
              -71.79948575645572,
              42.26466530761315
            ],
            [
              -71.79936352682965,
              42.26481679156157
            ],
            [
              -71.79932495017312,
              42.2648554292737
            ],
            [
              -71.79604235516356,
              42.265330884245266
            ]
          ]
        ]
      }
    },
    {
      "type": "Feature",
      "properties": {
        "stop_id": "1386;95",
        "tier": "200-400m",
        "name": "1386;95_200-400m"
      },
      "geometry": {
        "type": "MultiPolygon",
        "coordinates": [
          [
            [
              [
                -71.79325222284834,
                42.26573445174882
              ],
              [
                -71.79307438567477,
                42.26551404998115
              ],
              [
                -71.79287103514098,
                42.2651946615673
              ],
              [
                -71.79271081262979,
                42.264862006064945
              ],
              [
                -71.79259526056978,
                42.26451928730978
              ],
              [
                -71.79252549110393,
                42.26416980600547
              ],
              [
                -71.79250217540539,
                42.26381692793098
              ],
              [
                -71.79252553724247,
                42.26346405152304
              ],
              [
                -71.7925711277674,
                42.26323583269516
              ],
              [
                -71.79407644355322,
                42.26273873661753
              ],
              [
                -71.79564645767879,
                42.26253488840357
              ],
              [
                -71.79563416416312,
                42.26254316465577
              ],
              [
                -71.7956340800599,
                42.26254322712637
              ],
              [
                -71.79547432917903,
                42.2626741484381
              ],
              [
                -71.79547425372381,
                42.262674216731114
              ],
              [
                -71.79533254729039,
                42.26281613846488
              ],
              [
                -71.79533248120987,
                42.26281621192264
              ],
              [
                -71.79521018399086,
                42.26296776736304
              ],
              [
                -71.79521012792148,
                42.26296784527815
              ],
              [
                -71.79510841779778,
                42.2631275749265
              ],
              [
                -71.79510837227954,
                42.26312765654864
              ],
              [
                -71.79502822889876,
                42.263294022176424
              ],
              [
                -71.79502819437015,
                42.26329410671954
              ],
              [
                -71.7949703897074,
                42.2634655061802
              ],
              [
                -71.794970366501,
                42.2634655928301
              ],
              [
                -71.79493545741859,
                42.263640375486894
              ],
              [
                -71.79493544575799,
                42.26364046340912
              ],
              [
                -71.79492376863585,
                42.263816946030246
              ],
              [
                -71.79492376863342,
                42.26381703437805
              ],
              [
                -71.79493543612247,
                42.26399351734646
              ],
              [
                -71.79493544777836,
                42.263993605269015
              ],
              [
                -71.79497034770816,
                42.264168388950175
              ],
              [
                -71.79497037091019,
                42.26416847560074
              ],
              [
                -71.79502816736172,
                42.26433987671151
              ],
              [
                -71.79502820188654,
                42.26433996125559
              ],
              [
                -71.79510833842018,
                42.26450632907588
              ],
              [
                -71.79510838393539,
                42.26450641069922
              ],
              [
                -71.79521008894311,
                42.26466614297056
              ],
              [
                -71.79521014501042,
                42.26466622088707
              ],
              [
                -71.79533243914098,
                42.26481777924511
              ],
              [
                -71.7953325052205,
                42.26481785270438
              ],
              [
                -71.79547421080642,
                42.264959777496145
              ],
              [
                -71.7954742862618,
                42.2649598457907
              ],
              [
                -71.79563403865735,
                42.265090770134414
              ],
              [
                -71.79563412276194,
                42.26509083260649
              ],
              [
                -71.79581038348336,
                42.26520949555797
              ],
              [
                -71.79581047542717,
                42.26520955160589
              ],
              [
                -71.79600154696826,
                42.26531481030482
              ],
              [
                -71.79600164586581,
                42.2653148593888
              ],
              [
                -71.79603879740411,
                42.26533139950053
              ],
              [
                -71.79325256896601,
                42.265734880706574
              ],
              [
                -71.79325222284834,
                42.26573445174882
              ]
            ]
          ],
          [
            [
              [
                -71.79948001190176,
                42.26291189213531
              ],
              [
                -71.80047265761107,
                42.26468917010052
              ],
              [
                -71.79932847834604,
                42.26485491819453
              ],
              [
                -71.79936550936341,
                42.26481782856551
              ],
              [
                -71.79936557544133,
                42.26481775510543
              ],
              [
                -71.79948786628339,
                42.264666195283525
              ],
              [
                -71.79948792234899,
                42.264666117366325
              ],
              [
                -71.79958962389088,
                42.26450638387755
              ],
              [
                -71.79958966940431,
                42.26450630225367
              ],
              [
                -71.79966980232818,
                42.26433993347414
              ],
              [
                -71.79966983685117,
                42.26433984892966
              ],
              [
                -71.79972762958374,
                42.26416844712708
              ],
              [
                -71.79972765278389,
                42.26416836047622
              ],
              [
                -71.79976254892138,
                42.263993576377345
              ],
              [
                -71.79976256057536,
                42.26399348845464
              ],
              [
                -71.79977422423528,
                42.26381700534665
              ],
              [
                -71.79977422423094,
                42.263816916998834
              ],
              [
                -71.79976254327973,
                42.263640434517534
              ],
              [
                -71.79976253161722,
                42.26364034659546
              ],
              [
                -71.79972761874265,
                42.2634655643566
              ],
              [
                -71.79972759553438,
                42.26346547770698
              ],
              [
                -71.79966978715295,
                42.263294078938316
              ],
              [
                -71.79966975262249,
                42.26329399439564
              ],
              [
                -71.79958960563225,
                42.263127629727244
              ],
              [
                -71.79958956011225,
                42.26312754810566
              ],
              [
                -71.7994878465231,
                42.26296781967489
              ],
              [
                -71.79948779045203,
                42.262967741760434
              ],
              [
                -71.79941630491814,
                42.26287915746591
              ],
              [
                -71.79948001190176,
                42.26291189213531
              ]
            ]
          ]
        ]
      }
    }
  ]
}