Origin,Destination,Date range: 2024-08-04 - 2024-08-31 Time range: 08:00 - 17:00 Trips,Date range: 2024-08-04 - 2024-08-31 Time range: 08:00 - 17:00 Percent
0_520;0_555_0-400m,0_520;0_555_0-400m,17,0.004
0_520;0_555_0-400m,0_282;0_311_0-400m,0,0
0_520;0_555_0-400m,0_267;0_300_0-400m,2,0
0_520;0_555_0-400m,0_526;0_546_0-400m,9,0.002
0_520;0_555_0-400m,0_600;0_643_0-400m,1,0
0_520;0_555_0-400m,0_272;0_298_0-400m,14,0.003
0_520;0_555_0-400m,0_271;0_315_0-400m,1,0
0_520;0_555_0-400m,0_607;0_612_0-400m,2,0
0_520;0_555_0-400m,0_266;0_301_0-400m,2,0
0_520;0_555_0-400m,0_294;0_1181_0-400m,1,0
0_520;0_555_0-400m,0_523;0_548_0-400m,12,0.003
0_520;0_555_0-400m,0_275;0_316_0-400m,3,0.001
0_520;0_555_0-400m,0_530;0_542_0-400m,16,0.004
0_520;0_555_0-400m,0_264;0_303_0-400m,3,0.001
0_520;0_555_0-400m,0_531;0_541_0-400m,14,0.003
0_520;0_555_0-400m,0_603;0_614_0-400m,0,0
0_520;0_555_0-400m,0_3004;0_3053_0-400m,9,0.002
0_520;0_555_0-400m,0_283;0_292_0-400m,0,0
0_520;0_555_0-400m,0_566;0_570_0-400m,13,0.003
0_520;0_555_0-400m,0_528;0_544_0-400m,15,0.003
0_520;0_555_0-400m,0_644;0_599_0-400m,2,0
0_520;0_555_0-400m,0_262;0_305_0-400m,2,0
0_520;0_555_0-400m,0_567;0_569_0-400m,14,0.003
0_520;0_555_0-400m,0_265;0_318_0-400m,2,0
0_520;0_555_0-400m,0_604;0_642_0-400m,0,0
0_520;0_555_0-400m,0_522;0_554_0-400m,10,0.002
0_520;0_555_0-400m,0_263;0_304_0-400m,2,0
0_520;0_555_0-400m,0_518;0_551_0-400m,25,0.005
0_520;0_555_0-400m,0_3002;0_3055_0-400m,14,0.003
0_520;0_555_0-400m,0_273;0_296_0-400m,0,0
0_520;0_555_0-400m,0_601;0_616_0-400m,4,0.001
0_520;0_555_0-400m,0_269;0_299_0-400m,4,0.001
0_520;0_555_0-400m,0_529;0_543_0-400m,9,0.002
0_520;0_555_0-400m,0_268;0_317_0-400m,2,0
0_520;0_555_0-400m,0_278;0_293_0-400m,6,0.001
0_520;0_555_0-400m,0_260;0_297_0-400m,9,0.002
0_520;0_555_0-400m,0_621;0_246_0-400m,16,0.004
0_520;0_555_0-400m,0_608;0_611_0-400m,2,0
0_520;0_555_0-400m,0_516;0_553_0-400m,18,0.004
0_520;0_555_0-400m,0_602;0_615_0-400m,2,0
0_520;0_555_0-400m,0_525;0_547_0-400m,13,0.003
0_520;0_555_0-400m,0_521;0_549_0-400m,11,0.002
0_520;0_555_0-400m,0_646;0_596_0-400m,9,0.002
0_520;0_555_0-400m,0_261;0_319_0-400m,2,0
0_520;0_555_0-400m,0_274;0_295_0-400m,1,0
0_520;0_555_0-400m,0_519;0_550_0-400m,25,0.005
0_520;0_555_0-400m,0_617;0_597_0-400m,5,0.001
0_520;0_555_0-400m,0_609;0_640_0-400m,7,0.002
0_520;0_555_0-400m,0_532;0_540_0-400m,51,0.011
0_520;0_555_0-400m,0_637;0_576_0-400m,8,0.002
0_520;0_555_0-400m,0_605_0-400m,0,0
0_520;0_555_0-400m,0_619_0-400m,3,0.001
0_520;0_555_0-400m,0_3490_0-400m,0,0
0_520;0_555_0-400m,0_641_0-400m,2,0
0_520;0_555_0-400m,0_647_0-400m,10,0.002
0_520;0_555_0-400m,0_3056_0-400m,8,0.002
0_520;0_555_0-400m,0_3054_0-400m,13,0.003
0_520;0_555_0-400m,0_242_0-400m,23,0.005
0_520;0_555_0-400m,0_243_0-400m,3,0.001
0_520;0_555_0-400m,0_277_0-400m,0,0
0_520;0_555_0-400m,0_279_0-400m,0,0
0_520;0_555_0-400m,0_280_0-400m,5,0.001
0_520;0_555_0-400m,0_281_0-400m,1,0
0_520;0_555_0-400m,0_3103_0-400m,6,0.001
0_520;0_555_0-400m,0_1182_0-400m,7,0.002
0_520;0_555_0-400m,0_1180_0-400m,0,0
0_520;0_555_0-400m,0_527_0-400m,3,0.001
0_520;0_555_0-400m,0_302_0-400m,1,0
0_520;0_555_0-400m,0_3130_0-400m,10,0.002
0_520;0_555_0-400m,0_3530_0-400m,5,0.001
0_520;0_555_0-400m,TRANSITION_ZONE,100,0.022
0_520;0_555_0-400m,External,1331,0.293
0_282;0_311_0-400m,0_520;0_555_0-400m,3,0.001
0_282;0_311_0-400m,0_282;0_311_0-400m,49,0.011
0_282;0_311_0-400m,0_267;0_300_0-400m,4,0.001
0_282;0_311_0-400m,0_526;0_546_0-400m,1,0
0_282;0_311_0-400m,0_600;0_643_0-400m,2,0
0_282;0_311_0-400m,0_272;0_298_0-400m,3,0.001
0_282;0_311_0-400m,0_271;0_315_0-400m,4,0.001
0_282;0_311_0-400m,0_607;0_612_0-400m,0,0
0_282;0_311_0-400m,0_266;0_301_0-400m,8,0.002
0_282;0_311_0-400m,0_294;0_1181_0-400m,5,0.001
0_282;0_311_0-400m,0_523;0_548_0-400m,0,0
0_282;0_311_0-400m,0_275;0_316_0-400m,4,0.001
0_282;0_311_0-400m,0_530;0_542_0-400m,0,0
0_282;0_311_0-400m,0_264;0_303_0-400m,13,0.003
0_282;0_311_0-400m,0_531;0_541_0-400m,0,0
0_282;0_311_0-400m,0_603;0_614_0-400m,0,0
0_282;0_311_0-400m,0_3004;0_3053_0-400m,0,0
0_282;0_311_0-400m,0_283;0_292_0-400m,21,0.005
0_282;0_311_0-400m,0_566;0_570_0-400m,1,0
0_282;0_311_0-400m,0_528;0_544_0-400m,0,0
0_282;0_311_0-400m,0_644;0_599_0-400m,0,0
0_282;0_311_0-400m,0_262;0_305_0-400m,4,0.001
0_282;0_311_0-400m,0_567;0_569_0-400m,0,0
0_282;0_311_0-400m,0_265;0_318_0-400m,4,0.001
0_282;0_311_0-400m,0_604;0_642_0-400m,2,0
0_282;0_311_0-400m,0_522;0_554_0-400m,1,0
0_282;0_311_0-400m,0_263;0_304_0-400m,6,0.001
0_282;0_311_0-400m,0_518;0_551_0-400m,2,0
0_282;0_311_0-400m,0_3002;0_3055_0-400m,2,0
0_282;0_311_0-400m,0_273;0_296_0-400m,3,0.001
0_282;0_311_0-400m,0_601;0_616_0-400m,2,0
0_282;0_311_0-400m,0_269;0_299_0-400m,3,0.001
0_282;0_311_0-400m,0_529;0_543_0-400m,1,0
0_282;0_311_0-400m,0_268;0_317_0-400m,3,0.001
0_282;0_311_0-400m,0_278;0_293_0-400m,11,0.002
0_282;0_311_0-400m,0_260;0_297_0-400m,2,0
0_282;0_311_0-400m,0_621;0_246_0-400m,4,0.001
0_282;0_311_0-400m,0_608;0_611_0-400m,1,0
0_282;0_311_0-400m,0_516;0_553_0-400m,0,0
0_282;0_311_0-400m,0_602;0_615_0-400m,0,0
0_282;0_311_0-400m,0_525;0_547_0-400m,2,0
0_282;0_311_0-400m,0_521;0_549_0-400m,0,0
0_282;0_311_0-400m,0_646;0_596_0-400m,0,0
0_282;0_311_0-400m,0_261;0_319_0-400m,1,0
0_282;0_311_0-400m,0_274;0_295_0-400m,1,0
0_282;0_311_0-400m,0_519;0_550_0-400m,0,0
0_282;0_311_0-400m,0_617;0_597_0-400m,2,0
0_282;0_311_0-400m,0_609;0_640_0-400m,3,0.001
0_282;0_311_0-400m,0_532;0_540_0-400m,1,0
0_282;0_311_0-400m,0_637;0_576_0-400m,1,0
0_282;0_311_0-400m,0_605_0-400m,0,0
0_282;0_311_0-400m,0_619_0-400m,3,0.001
0_282;0_311_0-400m,0_3490_0-400m,1,0
0_282;0_311_0-400m,0_641_0-400m,0,0
0_282;0_311_0-400m,0_647_0-400m,3,0.001
0_282;0_311_0-400m,0_3056_0-400m,0,0
0_282;0_311_0-400m,0_3054_0-400m,1,0
0_282;0_311_0-400m,0_242_0-400m,8,0.002
0_282;0_311_0-400m,0_243_0-400m,1,0
0_282;0_311_0-400m,0_277_0-400m,3,0.001
0_282;0_311_0-400m,0_279_0-400m,6,0.001
0_282;0_311_0-400m,0_280_0-400m,20,0.004
0_282;0_311_0-400m,0_281_0-400m,8,0.002
0_282;0_311_0-400m,0_3103_0-400m,4,0.001
0_282;0_311_0-400m,0_1182_0-400m,2,0
0_282;0_311_0-400m,0_1180_0-400m,14,0.003
0_282;0_311_0-400m,0_527_0-400m,2,0
0_282;0_311_0-400m,0_302_0-400m,1,0
0_282;0_311_0-400m,0_3130_0-400m,6,0.001
0_282;0_311_0-400m,0_3530_0-400m,3,0.001
0_282;0_311_0-400m,TRANSITION_ZONE,55,0.012
0_282;0_311_0-400m,External,750,0.165
0_267;0_300_0-400m,0_520;0_555_0-400m,0,0
0_267;0_300_0-400m,0_282;0_311_0-400m,3,0.001
0_267;0_300_0-400m,0_267;0_300_0-400m,0,0
0_267;0_300_0-400m,0_526;0_546_0-400m,1,0
0_267;0_300_0-400m,0_600;0_643_0-400m,1,0
0_267;0_300_0-400m,0_272;0_298_0-400m,3,0.001
0_267;0_300_0-400m,0_271;0_315_0-400m,1,0
0_267;0_300_0-400m,0_607;0_612_0-400m,0,0
0_267;0_300_0-400m,0_266;0_301_0-400m,8,0.002
0_267;0_300_0-400m,0_294;0_1181_0-400m,5,0.001
0_267;0_300_0-400m,0_523;0_548_0-400m,0,0
0_267;0_300_0-400m,0_275;0_316_0-400m,3,0.001
0_267;0_300_0-400m,0_530;0_542_0-400m,1,0
0_267;0_300_0-400m,0_264;0_303_0-400m,6,0.001
0_267;0_300_0-400m,0_531;0_541_0-400m,1,0
0_267;0_300_0-400m,0_603;0_614_0-400m,0,0
0_267;0_300_0-400m,0_3004;0_3053_0-400m,1,0
0_267;0_300_0-400m,0_283;0_292_0-400m,7,0.002
0_267;0_300_0-400m,0_566;0_570_0-400m,1,0
0_267;0_300_0-400m,0_528;0_544_0-400m,0,0
0_267;0_300_0-400m,0_644;0_599_0-400m,0,0
0_267;0_300_0-400m,0_262;0_305_0-400m,6,0.001
0_267;0_300_0-400m,0_567;0_569_0-400m,0,0
0_267;0_300_0-400m,0_265;0_318_0-400m,5,0.001
0_267;0_300_0-400m,0_604;0_642_0-400m,2,0
0_267;0_300_0-400m,0_522;0_554_0-400m,1,0
0_267;0_300_0-400m,0_263;0_304_0-400m,5,0.001
0_267;0_300_0-400m,0_518;0_551_0-400m,2,0
0_267;0_300_0-400m,0_3002;0_3055_0-400m,1,0
0_267;0_300_0-400m,0_273;0_296_0-400m,4,0.001
0_267;0_300_0-400m,0_601;0_616_0-400m,1,0
0_267;0_300_0-400m,0_269;0_299_0-400m,5,0.001
0_267;0_300_0-400m,0_529;0_543_0-400m,1,0
0_267;0_300_0-400m,0_268;0_317_0-400m,7,0.002
0_267;0_300_0-400m,0_278;0_293_0-400m,4,0.001
0_267;0_300_0-400m,0_260;0_297_0-400m,7,0.002
0_267;0_300_0-400m,0_621;0_246_0-400m,0,0
0_267;0_300_0-400m,0_608;0_611_0-400m,0,0
0_267;0_300_0-400m,0_516;0_553_0-400m,0,0
0_267;0_300_0-400m,0_602;0_615_0-400m,0,0
0_267;0_300_0-400m,0_525;0_547_0-400m,5,0.001
0_267;0_300_0-400m,0_521;0_549_0-400m,0,0
0_267;0_300_0-400m,0_646;0_596_0-400m,2,0
0_267;0_300_0-400m,0_261;0_319_0-400m,3,0.001
0_267;0_300_0-400m,0_274;0_295_0-400m,1,0
0_267;0_300_0-400m,0_519;0_550_0-400m,1,0
0_267;0_300_0-400m,0_617;0_597_0-400m,0,0
0_267;0_300_0-400m,0_609;0_640_0-400m,3,0.001
0_267;0_300_0-400m,0_532;0_540_0-400m,1,0
0_267;0_300_0-400m,0_637;0_576_0-400m,1,0
0_267;0_300_0-400m,0_605_0-400m,2,0
0_267;0_300_0-400m,0_619_0-400m,0,0
0_267;0_300_0-400m,0_3490_0-400m,3,0.001
0_267;0_300_0-400m,0_641_0-400m,0,0
0_267;0_300_0-400m,0_647_0-400m,1,0
0_267;0_300_0-400m,0_3056_0-400m,0,0
0_267;0_300_0-400m,0_3054_0-400m,1,0
0_267;0_300_0-400m,0_242_0-400m,0,0
0_267;0_300_0-400m,0_243_0-400m,1,0
0_267;0_300_0-400m,0_277_0-400m,0,0
0_267;0_300_0-400m,0_279_0-400m,6,0.001
0_267;0_300_0-400m,0_280_0-400m,17,0.004
0_267;0_300_0-400m,0_281_0-400m,2,0
0_267;0_300_0-400m,0_3103_0-400m,1,0
0_267;0_300_0-400m,0_1182_0-400m,2,0
0_267;0_300_0-400m,0_1180_0-400m,2,0
0_267;0_300_0-400m,0_527_0-400m,0,0
0_267;0_300_0-400m,0_302_0-400m,1,0
0_267;0_300_0-400m,0_3130_0-400m,1,0
0_267;0_300_0-400m,0_3530_0-400m,1,0
0_267;0_300_0-400m,TRANSITION_ZONE,36,0.008
0_267;0_300_0-400m,External,290,0.064
0_526;0_546_0-400m,0_520;0_555_0-400m,13,0.003
0_526;0_546_0-400m,0_282;0_311_0-400m,1,0
0_526;0_546_0-400m,0_267;0_300_0-400m,0,0
0_526;0_546_0-400m,0_526;0_546_0-400m,25,0.005
0_526;0_546_0-400m,0_600;0_643_0-400m,3,0.001
0_526;0_546_0-400m,0_272;0_298_0-400m,6,0.001
0_526;0_546_0-400m,0_271;0_315_0-400m,0,0
0_526;0_546_0-400m,0_607;0_612_0-400m,1,0
0_526;0_546_0-400m,0_266;0_301_0-400m,1,0
0_526;0_546_0-400m,0_294;0_1181_0-400m,2,0
0_526;0_546_0-400m,0_523;0_548_0-400m,14,0.003
0_526;0_546_0-400m,0_275;0_316_0-400m,1,0
0_526;0_546_0-400m,0_530;0_542_0-400m,31,0.007
0_526;0_546_0-400m,0_264;0_303_0-400m,0,0
0_526;0_546_0-400m,0_531;0_541_0-400m,27,0.006
0_526;0_546_0-400m,0_603;0_614_0-400m,0,0
0_526;0_546_0-400m,0_3004;0_3053_0-400m,6,0.001
0_526;0_546_0-400m,0_283;0_292_0-400m,2,0
0_526;0_546_0-400m,0_566;0_570_0-400m,5,0.001
0_526;0_546_0-400m,0_528;0_544_0-400m,34,0.007
0_526;0_546_0-400m,0_644;0_599_0-400m,2,0
0_526;0_546_0-400m,0_262;0_305_0-400m,5,0.001
0_526;0_546_0-400m,0_567;0_569_0-400m,4,0.001
0_526;0_546_0-400m,0_265;0_318_0-400m,0,0
0_526;0_546_0-400m,0_604;0_642_0-400m,2,0
0_526;0_546_0-400m,0_522;0_554_0-400m,14,0.003
0_526;0_546_0-400m,0_263;0_304_0-400m,3,0.001
0_526;0_546_0-400m,0_518;0_551_0-400m,29,0.006
0_526;0_546_0-400m,0_3002;0_3055_0-400m,11,0.002
0_526;0_546_0-400m,0_273;0_296_0-400m,1,0
0_526;0_546_0-400m,0_601;0_616_0-400m,0,0
0_526;0_546_0-400m,0_269;0_299_0-400m,1,0
0_526;0_546_0-400m,0_529;0_543_0-400m,22,0.005
0_526;0_546_0-400m,0_268;0_317_0-400m,0,0
0_526;0_546_0-400m,0_278;0_293_0-400m,4,0.001
0_526;0_546_0-400m,0_260;0_297_0-400m,6,0.001
0_526;0_546_0-400m,0_621;0_246_0-400m,9,0.002
0_526;0_546_0-400m,0_608;0_611_0-400m,1,0
0_526;0_546_0-400m,0_516;0_553_0-400m,11,0.002
0_526;0_546_0-400m,0_602;0_615_0-400m,1,0
0_526;0_546_0-400m,0_525;0_547_0-400m,46,0.01
0_526;0_546_0-400m,0_521;0_549_0-400m,8,0.002
0_526;0_546_0-400m,0_646;0_596_0-400m,3,0.001
0_526;0_546_0-400m,0_261;0_319_0-400m,0,0
0_526;0_546_0-400m,0_274;0_295_0-400m,1,0
0_526;0_546_0-400m,0_519;0_550_0-400m,19,0.004
0_526;0_546_0-400m,0_617;0_597_0-400m,2,0
0_526;0_546_0-400m,0_609;0_640_0-400m,2,0
0_526;0_546_0-400m,0_532;0_540_0-400m,107,0.024
0_526;0_546_0-400m,0_637;0_576_0-400m,7,0.002
0_526;0_546_0-400m,0_605_0-400m,1,0
0_526;0_546_0-400m,0_619_0-400m,2,0
0_526;0_546_0-400m,0_3490_0-400m,0,0
0_526;0_546_0-400m,0_641_0-400m,2,0
0_526;0_546_0-400m,0_647_0-400m,5,0.001
0_526;0_546_0-400m,0_3056_0-400m,0,0
0_526;0_546_0-400m,0_3054_0-400m,9,0.002
0_526;0_546_0-400m,0_242_0-400m,15,0.003
0_526;0_546_0-400m,0_243_0-400m,0,0
0_526;0_546_0-400m,0_277_0-400m,0,0
0_526;0_546_0-400m,0_279_0-400m,1,0
0_526;0_546_0-400m,0_280_0-400m,0,0
0_526;0_546_0-400m,0_281_0-400m,1,0
0_526;0_546_0-400m,0_3103_0-400m,3,0.001
0_526;0_546_0-400m,0_1182_0-400m,5,0.001
0_526;0_546_0-400m,0_1180_0-400m,0,0
0_526;0_546_0-400m,0_527_0-400m,17,0.004
0_526;0_546_0-400m,0_302_0-400m,0,0
0_526;0_546_0-400m,0_3130_0-400m,2,0
0_526;0_546_0-400m,0_3530_0-400m,0,0
0_526;0_546_0-400m,TRANSITION_ZONE,84,0.018
0_526;0_546_0-400m,External,1438,0.316
0_600;0_643_0-400m,0_520;0_555_0-400m,0,0
0_600;0_643_0-400m,0_282;0_311_0-400m,0,0
0_600;0_643_0-400m,0_267;0_300_0-400m,1,0
0_600;0_643_0-400m,0_526;0_546_0-400m,1,0
0_600;0_643_0-400m,0_600;0_643_0-400m,107,0.024
0_600;0_643_0-400m,0_272;0_298_0-400m,8,0.002
0_600;0_643_0-400m,0_271;0_315_0-400m,2,0
0_600;0_643_0-400m,0_607;0_612_0-400m,22,0.005
0_600;0_643_0-400m,0_266;0_301_0-400m,5,0.001
0_600;0_643_0-400m,0_294;0_1181_0-400m,6,0.001
0_600;0_643_0-400m,0_523;0_548_0-400m,1,0
0_600;0_643_0-400m,0_275;0_316_0-400m,6,0.001
0_600;0_643_0-400m,0_530;0_542_0-400m,0,0
0_600;0_643_0-400m,0_264;0_303_0-400m,7,0.002
0_600;0_643_0-400m,0_531;0_541_0-400m,3,0.001
0_600;0_643_0-400m,0_603;0_614_0-400m,38,0.008
0_600;0_643_0-400m,0_3004;0_3053_0-400m,7,0.002
0_600;0_643_0-400m,0_283;0_292_0-400m,5,0.001
0_600;0_643_0-400m,0_566;0_570_0-400m,6,0.001
0_600;0_643_0-400m,0_528;0_544_0-400m,3,0.001
0_600;0_643_0-400m,0_644;0_599_0-400m,55,0.012
0_600;0_643_0-400m,0_262;0_305_0-400m,3,0.001
0_600;0_643_0-400m,0_567;0_569_0-400m,6,0.001
0_600;0_643_0-400m,0_265;0_318_0-400m,3,0.001
0_600;0_643_0-400m,0_604;0_642_0-400m,40,0.009
0_600;0_643_0-400m,0_522;0_554_0-400m,3,0.001
0_600;0_643_0-400m,0_263;0_304_0-400m,7,0.002
0_600;0_643_0-400m,0_518;0_551_0-400m,9,0.002
0_600;0_643_0-400m,0_3002;0_3055_0-400m,8,0.002
0_600;0_643_0-400m,0_273;0_296_0-400m,2,0
0_600;0_643_0-400m,0_601;0_616_0-400m,48,0.011
0_600;0_643_0-400m,0_269;0_299_0-400m,3,0.001
0_600;0_643_0-400m,0_529;0_543_0-400m,2,0
0_600;0_643_0-400m,0_268;0_317_0-400m,1,0
0_600;0_643_0-400m,0_278;0_293_0-400m,6,0.001
0_600;0_643_0-400m,0_260;0_297_0-400m,7,0.002
0_600;0_643_0-400m,0_621;0_246_0-400m,38,0.008
0_600;0_643_0-400m,0_608;0_611_0-400m,10,0.002
0_600;0_643_0-400m,0_516;0_553_0-400m,8,0.002
0_600;0_643_0-400m,0_602;0_615_0-400m,29,0.006
0_600;0_643_0-400m,0_525;0_547_0-400m,7,0.002
0_600;0_643_0-400m,0_521;0_549_0-400m,1,0
0_600;0_643_0-400m,0_646;0_596_0-400m,47,0.01
0_600;0_643_0-400m,0_261;0_319_0-400m,5,0.001
0_600;0_643_0-400m,0_274;0_295_0-400m,4,0.001
0_600;0_643_0-400m,0_519;0_550_0-400m,4,0.001
0_600;0_643_0-400m,0_617;0_597_0-400m,50,0.011
0_600;0_643_0-400m,0_609;0_640_0-400m,51,0.011
0_600;0_643_0-400m,0_532;0_540_0-400m,10,0.002
0_600;0_643_0-400m,0_637;0_576_0-400m,38,0.008
0_600;0_643_0-400m,0_605_0-400m,17,0.004
0_600;0_643_0-400m,0_619_0-400m,43,0.009
0_600;0_643_0-400m,0_3490_0-400m,1,0
0_600;0_643_0-400m,0_641_0-400m,34,0.007
0_600;0_643_0-400m,0_647_0-400m,35,0.008
0_600;0_643_0-400m,0_3056_0-400m,2,0
0_600;0_643_0-400m,0_3054_0-400m,10,0.002
0_600;0_643_0-400m,0_242_0-400m,13,0.003
0_600;0_643_0-400m,0_243_0-400m,6,0.001
0_600;0_643_0-400m,0_277_0-400m,1,0
0_600;0_643_0-400m,0_279_0-400m,1,0
0_600;0_643_0-400m,0_280_0-400m,3,0.001
0_600;0_643_0-400m,0_281_0-400m,1,0
0_600;0_643_0-400m,0_3103_0-400m,19,0.004
0_600;0_643_0-400m,0_1182_0-400m,21,0.005
0_600;0_643_0-400m,0_1180_0-400m,0,0
0_600;0_643_0-400m,0_527_0-400m,2,0
0_600;0_643_0-400m,0_302_0-400m,1,0
0_600;0_643_0-400m,0_3130_0-400m,29,0.006
0_600;0_643_0-400m,0_3530_0-400m,7,0.002
0_600;0_643_0-400m,TRANSITION_ZONE,286,0.063
0_600;0_643_0-400m,External,1929,0.424
0_272;0_298_0-400m,0_520;0_555_0-400m,8,0.002
0_272;0_298_0-400m,0_282;0_311_0-400m,1,0
0_272;0_298_0-400m,0_267;0_300_0-400m,1,0
0_272;0_298_0-400m,0_526;0_546_0-400m,7,0.002
0_272;0_298_0-400m,0_600;0_643_0-400m,10,0.002
0_272;0_298_0-400m,0_272;0_298_0-400m,67,0.015
0_272;0_298_0-400m,0_271;0_315_0-400m,10,0.002
0_272;0_298_0-400m,0_607;0_612_0-400m,1,0
0_272;0_298_0-400m,0_266;0_301_0-400m,9,0.002
0_272;0_298_0-400m,0_294;0_1181_0-400m,24,0.005
0_272;0_298_0-400m,0_523;0_548_0-400m,3,0.001
0_272;0_298_0-400m,0_275;0_316_0-400m,18,0.004
0_272;0_298_0-400m,0_530;0_542_0-400m,7,0.002
0_272;0_298_0-400m,0_264;0_303_0-400m,17,0.004
0_272;0_298_0-400m,0_531;0_541_0-400m,12,0.003
0_272;0_298_0-400m,0_603;0_614_0-400m,11,0.002
0_272;0_298_0-400m,0_3004;0_3053_0-400m,22,0.005
0_272;0_298_0-400m,0_283;0_292_0-400m,22,0.005
0_272;0_298_0-400m,0_566;0_570_0-400m,18,0.004
0_272;0_298_0-400m,0_528;0_544_0-400m,13,0.003
0_272;0_298_0-400m,0_644;0_599_0-400m,7,0.002
0_272;0_298_0-400m,0_262;0_305_0-400m,43,0.009
0_272;0_298_0-400m,0_567;0_569_0-400m,18,0.004
0_272;0_298_0-400m,0_265;0_318_0-400m,9,0.002
0_272;0_298_0-400m,0_604;0_642_0-400m,6,0.001
0_272;0_298_0-400m,0_522;0_554_0-400m,7,0.002
0_272;0_298_0-400m,0_263;0_304_0-400m,51,0.011
0_272;0_298_0-400m,0_518;0_551_0-400m,37,0.008
0_272;0_298_0-400m,0_3002;0_3055_0-400m,39,0.009
0_272;0_298_0-400m,0_273;0_296_0-400m,24,0.005
0_272;0_298_0-400m,0_601;0_616_0-400m,7,0.002
0_272;0_298_0-400m,0_269;0_299_0-400m,12,0.003
0_272;0_298_0-400m,0_529;0_543_0-400m,13,0.003
0_272;0_298_0-400m,0_268;0_317_0-400m,15,0.003
0_272;0_298_0-400m,0_278;0_293_0-400m,15,0.003
0_272;0_298_0-400m,0_260;0_297_0-400m,42,0.009
0_272;0_298_0-400m,0_621;0_246_0-400m,31,0.007
0_272;0_298_0-400m,0_608;0_611_0-400m,5,0.001
0_272;0_298_0-400m,0_516;0_553_0-400m,29,0.006
0_272;0_298_0-400m,0_602;0_615_0-400m,5,0.001
0_272;0_298_0-400m,0_525;0_547_0-400m,8,0.002
0_272;0_298_0-400m,0_521;0_549_0-400m,7,0.002
0_272;0_298_0-400m,0_646;0_596_0-400m,22,0.005
0_272;0_298_0-400m,0_261;0_319_0-400m,46,0.01
0_272;0_298_0-400m,0_274;0_295_0-400m,19,0.004
0_272;0_298_0-400m,0_519;0_550_0-400m,24,0.005
0_272;0_298_0-400m,0_617;0_597_0-400m,11,0.002
0_272;0_298_0-400m,0_609;0_640_0-400m,14,0.003
0_272;0_298_0-400m,0_532;0_540_0-400m,34,0.007
0_272;0_298_0-400m,0_637;0_576_0-400m,11,0.002
0_272;0_298_0-400m,0_605_0-400m,2,0
0_272;0_298_0-400m,0_619_0-400m,24,0.005
0_272;0_298_0-400m,0_3490_0-400m,0,0
0_272;0_298_0-400m,0_641_0-400m,2,0
0_272;0_298_0-400m,0_647_0-400m,32,0.007
0_272;0_298_0-400m,0_3056_0-400m,11,0.002
0_272;0_298_0-400m,0_3054_0-400m,18,0.004
0_272;0_298_0-400m,0_242_0-400m,62,0.014
0_272;0_298_0-400m,0_243_0-400m,5,0.001
0_272;0_298_0-400m,0_277_0-400m,4,0.001
0_272;0_298_0-400m,0_279_0-400m,16,0.004
0_272;0_298_0-400m,0_280_0-400m,8,0.002
0_272;0_298_0-400m,0_281_0-400m,1,0
0_272;0_298_0-400m,0_3103_0-400m,24,0.005
0_272;0_298_0-400m,0_1182_0-400m,12,0.003
0_272;0_298_0-400m,0_1180_0-400m,4,0.001
0_272;0_298_0-400m,0_527_0-400m,6,0.001
0_272;0_298_0-400m,0_302_0-400m,4,0.001
0_272;0_298_0-400m,0_3130_0-400m,40,0.009
0_272;0_298_0-400m,0_3530_0-400m,54,0.012
0_272;0_298_0-400m,TRANSITION_ZONE,427,0.094
0_272;0_298_0-400m,External,4161,0.915
0_271;0_315_0-400m,0_520;0_555_0-400m,0,0
0_271;0_315_0-400m,0_282;0_311_0-400m,5,0.001
0_271;0_315_0-400m,0_267;0_300_0-400m,5,0.001
0_271;0_315_0-400m,0_526;0_546_0-400m,0,0
0_271;0_315_0-400m,0_600;0_643_0-400m,3,0.001
0_271;0_315_0-400m,0_272;0_298_0-400m,4,0.001
0_271;0_315_0-400m,0_271;0_315_0-400m,23,0.005
0_271;0_315_0-400m,0_607;0_612_0-400m,0,0
0_271;0_315_0-400m,0_266;0_301_0-400m,7,0.002
0_271;0_315_0-400m,0_294;0_1181_0-400m,7,0.002
0_271;0_315_0-400m,0_523;0_548_0-400m,0,0
0_271;0_315_0-400m,0_275;0_316_0-400m,12,0.003
0_271;0_315_0-400m,0_530;0_542_0-400m,3,0.001
0_271;0_315_0-400m,0_264;0_303_0-400m,22,0.005
0_271;0_315_0-400m,0_531;0_541_0-400m,0,0
0_271;0_315_0-400m,0_603;0_614_0-400m,1,0
0_271;0_315_0-400m,0_3004;0_3053_0-400m,2,0
0_271;0_315_0-400m,0_283;0_292_0-400m,22,0.005
0_271;0_315_0-400m,0_566;0_570_0-400m,0,0
0_271;0_315_0-400m,0_528;0_544_0-400m,0,0
0_271;0_315_0-400m,0_644;0_599_0-400m,0,0
0_271;0_315_0-400m,0_262;0_305_0-400m,4,0.001
0_271;0_315_0-400m,0_567;0_569_0-400m,1,0
0_271;0_315_0-400m,0_265;0_318_0-400m,9,0.002
0_271;0_315_0-400m,0_604;0_642_0-400m,1,0
0_271;0_315_0-400m,0_522;0_554_0-400m,0,0
0_271;0_315_0-400m,0_263;0_304_0-400m,7,0.002
0_271;0_315_0-400m,0_518;0_551_0-400m,3,0.001
0_271;0_315_0-400m,0_3002;0_3055_0-400m,5,0.001
0_271;0_315_0-400m,0_273;0_296_0-400m,6,0.001
0_271;0_315_0-400m,0_601;0_616_0-400m,1,0
0_271;0_315_0-400m,0_269;0_299_0-400m,8,0.002
0_271;0_315_0-400m,0_529;0_543_0-400m,0,0
0_271;0_315_0-400m,0_268;0_317_0-400m,11,0.002
0_271;0_315_0-400m,0_278;0_293_0-400m,18,0.004
0_271;0_315_0-400m,0_260;0_297_0-400m,2,0
0_271;0_315_0-400m,0_621;0_246_0-400m,2,0
0_271;0_315_0-400m,0_608;0_611_0-400m,0,0
0_271;0_315_0-400m,0_516;0_553_0-400m,1,0
0_271;0_315_0-400m,0_602;0_615_0-400m,1,0
0_271;0_315_0-400m,0_525;0_547_0-400m,4,0.001
0_271;0_315_0-400m,0_521;0_549_0-400m,2,0
0_271;0_315_0-400m,0_646;0_596_0-400m,1,0
0_271;0_315_0-400m,0_261;0_319_0-400m,2,0
0_271;0_315_0-400m,0_274;0_295_0-400m,7,0.002
0_271;0_315_0-400m,0_519;0_550_0-400m,1,0
0_271;0_315_0-400m,0_617;0_597_0-400m,4,0.001
0_271;0_315_0-400m,0_609;0_640_0-400m,0,0
0_271;0_315_0-400m,0_532;0_540_0-400m,4,0.001
0_271;0_315_0-400m,0_637;0_576_0-400m,0,0
0_271;0_315_0-400m,0_605_0-400m,3,0.001
0_271;0_315_0-400m,0_619_0-400m,2,0
0_271;0_315_0-400m,0_3490_0-400m,5,0.001
0_271;0_315_0-400m,0_641_0-400m,2,0
0_271;0_315_0-400m,0_647_0-400m,5,0.001
0_271;0_315_0-400m,0_3056_0-400m,0,0
0_271;0_315_0-400m,0_3054_0-400m,2,0
0_271;0_315_0-400m,0_242_0-400m,16,0.004
0_271;0_315_0-400m,0_243_0-400m,1,0
0_271;0_315_0-400m,0_277_0-400m,10,0.002
0_271;0_315_0-400m,0_279_0-400m,11,0.002
0_271;0_315_0-400m,0_280_0-400m,20,0.004
0_271;0_315_0-400m,0_281_0-400m,1,0
0_271;0_315_0-400m,0_3103_0-400m,6,0.001
0_271;0_315_0-400m,0_1182_0-400m,1,0
0_271;0_315_0-400m,0_1180_0-400m,7,0.002
0_271;0_315_0-400m,0_527_0-400m,1,0
0_271;0_315_0-400m,0_302_0-400m,3,0.001
0_271;0_315_0-400m,0_3130_0-400m,3,0.001
0_271;0_315_0-400m,0_3530_0-400m,5,0.001
0_271;0_315_0-400m,TRANSITION_ZONE,85,0.019
0_271;0_315_0-400m,External,604,0.133
0_607;0_612_0-400m,0_520;0_555_0-400m,2,0
0_607;0_612_0-400m,0_282;0_311_0-400m,0,0
0_607;0_612_0-400m,0_267;0_300_0-400m,0,0
0_607;0_612_0-400m,0_526;0_546_0-400m,1,0
0_607;0_612_0-400m,0_600;0_643_0-400m,23,0.005
0_607;0_612_0-400m,0_272;0_298_0-400m,1,0
0_607;0_612_0-400m,0_271;0_315_0-400m,1,0
0_607;0_612_0-400m,0_607;0_612_0-400m,47,0.01
0_607;0_612_0-400m,0_266;0_301_0-400m,3,0.001
0_607;0_612_0-400m,0_294;0_1181_0-400m,0,0
0_607;0_612_0-400m,0_523;0_548_0-400m,0,0
0_607;0_612_0-400m,0_275;0_316_0-400m,1,0
0_607;0_612_0-400m,0_530;0_542_0-400m,1,0
0_607;0_612_0-400m,0_264;0_303_0-400m,1,0
0_607;0_612_0-400m,0_531;0_541_0-400m,1,0
0_607;0_612_0-400m,0_603;0_614_0-400m,17,0.004
0_607;0_612_0-400m,0_3004;0_3053_0-400m,4,0.001
0_607;0_612_0-400m,0_283;0_292_0-400m,4,0.001
0_607;0_612_0-400m,0_566;0_570_0-400m,2,0
0_607;0_612_0-400m,0_528;0_544_0-400m,1,0
0_607;0_612_0-400m,0_644;0_599_0-400m,10,0.002
0_607;0_612_0-400m,0_262;0_305_0-400m,1,0
0_607;0_612_0-400m,0_567;0_569_0-400m,2,0
0_607;0_612_0-400m,0_265;0_318_0-400m,1,0
0_607;0_612_0-400m,0_604;0_642_0-400m,11,0.002
0_607;0_612_0-400m,0_522;0_554_0-400m,2,0
0_607;0_612_0-400m,0_263;0_304_0-400m,1,0
0_607;0_612_0-400m,0_518;0_551_0-400m,4,0.001
0_607;0_612_0-400m,0_3002;0_3055_0-400m,2,0
0_607;0_612_0-400m,0_273;0_296_0-400m,0,0
0_607;0_612_0-400m,0_601;0_616_0-400m,15,0.003
0_607;0_612_0-400m,0_269;0_299_0-400m,2,0
0_607;0_612_0-400m,0_529;0_543_0-400m,1,0
0_607;0_612_0-400m,0_268;0_317_0-400m,1,0
0_607;0_612_0-400m,0_278;0_293_0-400m,1,0
0_607;0_612_0-400m,0_260;0_297_0-400m,2,0
0_607;0_612_0-400m,0_621;0_246_0-400m,2,0
0_607;0_612_0-400m,0_608;0_611_0-400m,18,0.004
0_607;0_612_0-400m,0_516;0_553_0-400m,2,0
0_607;0_612_0-400m,0_602;0_615_0-400m,11,0.002
0_607;0_612_0-400m,0_525;0_547_0-400m,7,0.002
0_607;0_612_0-400m,0_521;0_549_0-400m,1,0
0_607;0_612_0-400m,0_646;0_596_0-400m,9,0.002
0_607;0_612_0-400m,0_261;0_319_0-400m,1,0
0_607;0_612_0-400m,0_274;0_295_0-400m,0,0
0_607;0_612_0-400m,0_519;0_550_0-400m,3,0.001
0_607;0_612_0-400m,0_617;0_597_0-400m,9,0.002
0_607;0_612_0-400m,0_609;0_640_0-400m,37,0.008
0_607;0_612_0-400m,0_532;0_540_0-400m,7,0.002
0_607;0_612_0-400m,0_637;0_576_0-400m,33,0.007
0_607;0_612_0-400m,0_605_0-400m,23,0.005
0_607;0_612_0-400m,0_619_0-400m,9,0.002
0_607;0_612_0-400m,0_3490_0-400m,0,0
0_607;0_612_0-400m,0_641_0-400m,29,0.006
0_607;0_612_0-400m,0_647_0-400m,12,0.003
0_607;0_612_0-400m,0_3056_0-400m,0,0
0_607;0_612_0-400m,0_3054_0-400m,2,0
0_607;0_612_0-400m,0_242_0-400m,7,0.002
0_607;0_612_0-400m,0_243_0-400m,3,0.001
0_607;0_612_0-400m,0_277_0-400m,1,0
0_607;0_612_0-400m,0_279_0-400m,0,0
0_607;0_612_0-400m,0_280_0-400m,1,0
0_607;0_612_0-400m,0_281_0-400m,0,0
0_607;0_612_0-400m,0_3103_0-400m,3,0.001
0_607;0_612_0-400m,0_1182_0-400m,6,0.001
0_607;0_612_0-400m,0_1180_0-400m,0,0
0_607;0_612_0-400m,0_527_0-400m,0,0
0_607;0_612_0-400m,0_302_0-400m,2,0
0_607;0_612_0-400m,0_3130_0-400m,9,0.002
0_607;0_612_0-400m,0_3530_0-400m,2,0
0_607;0_612_0-400m,TRANSITION_ZONE,91,0.02
0_607;0_612_0-400m,External,787,0.173
0_266;0_301_0-400m,0_520;0_555_0-400m,3,0.001
0_266;0_301_0-400m,0_282;0_311_0-400m,5,0.001
0_266;0_301_0-400m,0_267;0_300_0-400m,5,0.001
0_266;0_301_0-400m,0_526;0_546_0-400m,1,0
0_266;0_301_0-400m,0_600;0_643_0-400m,5,0.001
0_266;0_301_0-400m,0_272;0_298_0-400m,6,0.001
0_266;0_301_0-400m,0_271;0_315_0-400m,11,0.002
0_266;0_301_0-400m,0_607;0_612_0-400m,0,0
0_266;0_301_0-400m,0_266;0_301_0-400m,26,0.006
0_266;0_301_0-400m,0_294;0_1181_0-400m,18,0.004
0_266;0_301_0-400m,0_523;0_548_0-400m,4,0.001
0_266;0_301_0-400m,0_275;0_316_0-400m,11,0.002
0_266;0_301_0-400m,0_530;0_542_0-400m,3,0.001
0_266;0_301_0-400m,0_264;0_303_0-400m,18,0.004
0_266;0_301_0-400m,0_531;0_541_0-400m,3,0.001
0_266;0_301_0-400m,0_603;0_614_0-400m,0,0
0_266;0_301_0-400m,0_3004;0_3053_0-400m,3,0.001
0_266;0_301_0-400m,0_283;0_292_0-400m,22,0.005
0_266;0_301_0-400m,0_566;0_570_0-400m,1,0
0_266;0_301_0-400m,0_528;0_544_0-400m,0,0
0_266;0_301_0-400m,0_644;0_599_0-400m,2,0
0_266;0_301_0-400m,0_262;0_305_0-400m,5,0.001
0_266;0_301_0-400m,0_567;0_569_0-400m,1,0
0_266;0_301_0-400m,0_265;0_318_0-400m,6,0.001
0_266;0_301_0-400m,0_604;0_642_0-400m,0,0
0_266;0_301_0-400m,0_522;0_554_0-400m,1,0
0_266;0_301_0-400m,0_263;0_304_0-400m,14,0.003
0_266;0_301_0-400m,0_518;0_551_0-400m,2,0
0_266;0_301_0-400m,0_3002;0_3055_0-400m,7,0.002
0_266;0_301_0-400m,0_273;0_296_0-400m,10,0.002
0_266;0_301_0-400m,0_601;0_616_0-400m,2,0
0_266;0_301_0-400m,0_269;0_299_0-400m,10,0.002
0_266;0_301_0-400m,0_529;0_543_0-400m,1,0
0_266;0_301_0-400m,0_268;0_317_0-400m,13,0.003
0_266;0_301_0-400m,0_278;0_293_0-400m,14,0.003
0_266;0_301_0-400m,0_260;0_297_0-400m,5,0.001
0_266;0_301_0-400m,0_621;0_246_0-400m,8,0.002
0_266;0_301_0-400m,0_608;0_611_0-400m,0,0
0_266;0_301_0-400m,0_516;0_553_0-400m,1,0
0_266;0_301_0-400m,0_602;0_615_0-400m,3,0.001
0_266;0_301_0-400m,0_525;0_547_0-400m,9,0.002
0_266;0_301_0-400m,0_521;0_549_0-400m,0,0
0_266;0_301_0-400m,0_646;0_596_0-400m,5,0.001
0_266;0_301_0-400m,0_261;0_319_0-400m,5,0.001
0_266;0_301_0-400m,0_274;0_295_0-400m,10,0.002
0_266;0_301_0-400m,0_519;0_550_0-400m,0,0
0_266;0_301_0-400m,0_617;0_597_0-400m,4,0.001
0_266;0_301_0-400m,0_609;0_640_0-400m,3,0.001
0_266;0_301_0-400m,0_532;0_540_0-400m,8,0.002
0_266;0_301_0-400m,0_637;0_576_0-400m,6,0.001
0_266;0_301_0-400m,0_605_0-400m,0,0
0_266;0_301_0-400m,0_619_0-400m,2,0
0_266;0_301_0-400m,0_3490_0-400m,4,0.001
0_266;0_301_0-400m,0_641_0-400m,0,0
0_266;0_301_0-400m,0_647_0-400m,6,0.001
0_266;0_301_0-400m,0_3056_0-400m,3,0.001
0_266;0_301_0-400m,0_3054_0-400m,0,0
0_266;0_301_0-400m,0_242_0-400m,15,0.003
0_266;0_301_0-400m,0_243_0-400m,3,0.001
0_266;0_301_0-400m,0_277_0-400m,4,0.001
0_266;0_301_0-400m,0_279_0-400m,12,0.003
0_266;0_301_0-400m,0_280_0-400m,24,0.005
0_266;0_301_0-400m,0_281_0-400m,3,0.001
0_266;0_301_0-400m,0_3103_0-400m,4,0.001
0_266;0_301_0-400m,0_1182_0-400m,2,0
0_266;0_301_0-400m,0_1180_0-400m,10,0.002
0_266;0_301_0-400m,0_527_0-400m,1,0
0_266;0_301_0-400m,0_302_0-400m,4,0.001
0_266;0_301_0-400m,0_3130_0-400m,7,0.002
0_266;0_301_0-400m,0_3530_0-400m,3,0.001
0_266;0_301_0-400m,TRANSITION_ZONE,110,0.024
0_266;0_301_0-400m,External,869,0.191
0_294;0_1181_0-400m,0_520;0_555_0-400m,3,0.001
0_294;0_1181_0-400m,0_282;0_311_0-400m,6,0.001
0_294;0_1181_0-400m,0_267;0_300_0-400m,2,0
0_294;0_1181_0-400m,0_526;0_546_0-400m,3,0.001
0_294;0_1181_0-400m,0_600;0_643_0-400m,9,0.002
0_294;0_1181_0-400m,0_272;0_298_0-400m,7,0.002
0_294;0_1181_0-400m,0_271;0_315_0-400m,17,0.004
0_294;0_1181_0-400m,0_607;0_612_0-400m,1,0
0_294;0_1181_0-400m,0_266;0_301_0-400m,7,0.002
0_294;0_1181_0-400m,0_294;0_1181_0-400m,39,0.009
0_294;0_1181_0-400m,0_523;0_548_0-400m,1,0
0_294;0_1181_0-400m,0_275;0_316_0-400m,19,0.004
0_294;0_1181_0-400m,0_530;0_542_0-400m,0,0
0_294;0_1181_0-400m,0_264;0_303_0-400m,25,0.005
0_294;0_1181_0-400m,0_531;0_541_0-400m,0,0
0_294;0_1181_0-400m,0_603;0_614_0-400m,0,0
0_294;0_1181_0-400m,0_3004;0_3053_0-400m,1,0
0_294;0_1181_0-400m,0_283;0_292_0-400m,18,0.004
0_294;0_1181_0-400m,0_566;0_570_0-400m,2,0
0_294;0_1181_0-400m,0_528;0_544_0-400m,1,0
0_294;0_1181_0-400m,0_644;0_599_0-400m,0,0
0_294;0_1181_0-400m,0_262;0_305_0-400m,14,0.003
0_294;0_1181_0-400m,0_567;0_569_0-400m,3,0.001
0_294;0_1181_0-400m,0_265;0_318_0-400m,4,0.001
0_294;0_1181_0-400m,0_604;0_642_0-400m,3,0.001
0_294;0_1181_0-400m,0_522;0_554_0-400m,0,0
0_294;0_1181_0-400m,0_263;0_304_0-400m,15,0.003
0_294;0_1181_0-400m,0_518;0_551_0-400m,2,0
0_294;0_1181_0-400m,0_3002;0_3055_0-400m,9,0.002
0_294;0_1181_0-400m,0_273;0_296_0-400m,8,0.002
0_294;0_1181_0-400m,0_601;0_616_0-400m,1,0
0_294;0_1181_0-400m,0_269;0_299_0-400m,15,0.003
0_294;0_1181_0-400m,0_529;0_543_0-400m,2,0
0_294;0_1181_0-400m,0_268;0_317_0-400m,13,0.003
0_294;0_1181_0-400m,0_278;0_293_0-400m,21,0.005
0_294;0_1181_0-400m,0_260;0_297_0-400m,14,0.003
0_294;0_1181_0-400m,0_621;0_246_0-400m,6,0.001
0_294;0_1181_0-400m,0_608;0_611_0-400m,5,0.001
0_294;0_1181_0-400m,0_516;0_553_0-400m,0,0
0_294;0_1181_0-400m,0_602;0_615_0-400m,1,0
0_294;0_1181_0-400m,0_525;0_547_0-400m,6,0.001
0_294;0_1181_0-400m,0_521;0_549_0-400m,1,0
0_294;0_1181_0-400m,0_646;0_596_0-400m,9,0.002
0_294;0_1181_0-400m,0_261;0_319_0-400m,9,0.002
0_294;0_1181_0-400m,0_274;0_295_0-400m,11,0.002
0_294;0_1181_0-400m,0_519;0_550_0-400m,3,0.001
0_294;0_1181_0-400m,0_617;0_597_0-400m,1,0
0_294;0_1181_0-400m,0_609;0_640_0-400m,2,0
0_294;0_1181_0-400m,0_532;0_540_0-400m,7,0.002
0_294;0_1181_0-400m,0_637;0_576_0-400m,2,0
0_294;0_1181_0-400m,0_605_0-400m,0,0
0_294;0_1181_0-400m,0_619_0-400m,4,0.001
0_294;0_1181_0-400m,0_3490_0-400m,1,0
0_294;0_1181_0-400m,0_641_0-400m,2,0
0_294;0_1181_0-400m,0_647_0-400m,16,0.004
0_294;0_1181_0-400m,0_3056_0-400m,3,0.001
0_294;0_1181_0-400m,0_3054_0-400m,3,0.001
0_294;0_1181_0-400m,0_242_0-400m,5,0.001
0_294;0_1181_0-400m,0_243_0-400m,1,0
0_294;0_1181_0-400m,0_277_0-400m,7,0.002
0_294;0_1181_0-400m,0_279_0-400m,24,0.005
0_294;0_1181_0-400m,0_280_0-400m,22,0.005
0_294;0_1181_0-400m,0_281_0-400m,4,0.001
0_294;0_1181_0-400m,0_3103_0-400m,4,0.001
0_294;0_1181_0-400m,0_1182_0-400m,5,0.001
0_294;0_1181_0-400m,0_1180_0-400m,6,0.001
0_294;0_1181_0-400m,0_527_0-400m,1,0
0_294;0_1181_0-400m,0_302_0-400m,3,0.001
0_294;0_1181_0-400m,0_3130_0-400m,9,0.002
0_294;0_1181_0-400m,0_3530_0-400m,6,0.001
0_294;0_1181_0-400m,TRANSITION_ZONE,113,0.025
0_294;0_1181_0-400m,External,985,0.217
0_523;0_548_0-400m,0_520;0_555_0-400m,12,0.003
0_523;0_548_0-400m,0_282;0_311_0-400m,0,0
0_523;0_548_0-400m,0_267;0_300_0-400m,0,0
0_523;0_548_0-400m,0_526;0_546_0-400m,8,0.002
0_523;0_548_0-400m,0_600;0_643_0-400m,0,0
0_523;0_548_0-400m,0_272;0_298_0-400m,5,0.001
0_523;0_548_0-400m,0_271;0_315_0-400m,2,0
0_523;0_548_0-400m,0_607;0_612_0-400m,0,0
0_523;0_548_0-400m,0_266;0_301_0-400m,0,0
0_523;0_548_0-400m,0_294;0_1181_0-400m,3,0.001
0_523;0_548_0-400m,0_523;0_548_0-400m,17,0.004
0_523;0_548_0-400m,0_275;0_316_0-400m,0,0
0_523;0_548_0-400m,0_530;0_542_0-400m,19,0.004
0_523;0_548_0-400m,0_264;0_303_0-400m,1,0
0_523;0_548_0-400m,0_531;0_541_0-400m,21,0.005
0_523;0_548_0-400m,0_603;0_614_0-400m,1,0
0_523;0_548_0-400m,0_3004;0_3053_0-400m,12,0.003
0_523;0_548_0-400m,0_283;0_292_0-400m,1,0
0_523;0_548_0-400m,0_566;0_570_0-400m,8,0.002
0_523;0_548_0-400m,0_528;0_544_0-400m,16,0.004
0_523;0_548_0-400m,0_644;0_599_0-400m,3,0.001
0_523;0_548_0-400m,0_262;0_305_0-400m,2,0
0_523;0_548_0-400m,0_567;0_569_0-400m,10,0.002
0_523;0_548_0-400m,0_265;0_318_0-400m,1,0
0_523;0_548_0-400m,0_604;0_642_0-400m,2,0
0_523;0_548_0-400m,0_522;0_554_0-400m,25,0.005
0_523;0_548_0-400m,0_263;0_304_0-400m,1,0
0_523;0_548_0-400m,0_518;0_551_0-400m,25,0.005
0_523;0_548_0-400m,0_3002;0_3055_0-400m,8,0.002
0_523;0_548_0-400m,0_273;0_296_0-400m,0,0
0_523;0_548_0-400m,0_601;0_616_0-400m,0,0
0_523;0_548_0-400m,0_269;0_299_0-400m,2,0
0_523;0_548_0-400m,0_529;0_543_0-400m,12,0.003
0_523;0_548_0-400m,0_268;0_317_0-400m,0,0
0_523;0_548_0-400m,0_278;0_293_0-400m,1,0
0_523;0_548_0-400m,0_260;0_297_0-400m,3,0.001
0_523;0_548_0-400m,0_621;0_246_0-400m,13,0.003
0_523;0_548_0-400m,0_608;0_611_0-400m,0,0
0_523;0_548_0-400m,0_516;0_553_0-400m,21,0.005
0_523;0_548_0-400m,0_602;0_615_0-400m,3,0.001
0_523;0_548_0-400m,0_525;0_547_0-400m,34,0.007
0_523;0_548_0-400m,0_521;0_549_0-400m,9,0.002
0_523;0_548_0-400m,0_646;0_596_0-400m,3,0.001
0_523;0_548_0-400m,0_261;0_319_0-400m,6,0.001
0_523;0_548_0-400m,0_274;0_295_0-400m,3,0.001
0_523;0_548_0-400m,0_519;0_550_0-400m,14,0.003
0_523;0_548_0-400m,0_617;0_597_0-400m,1,0
0_523;0_548_0-400m,0_609;0_640_0-400m,2,0
0_523;0_548_0-400m,0_532;0_540_0-400m,71,0.016
0_523;0_548_0-400m,0_637;0_576_0-400m,5,0.001
0_523;0_548_0-400m,0_605_0-400m,0,0
0_523;0_548_0-400m,0_619_0-400m,4,0.001
0_523;0_548_0-400m,0_3490_0-400m,0,0
0_523;0_548_0-400m,0_641_0-400m,1,0
0_523;0_548_0-400m,0_647_0-400m,7,0.002
0_523;0_548_0-400m,0_3056_0-400m,1,0
0_523;0_548_0-400m,0_3054_0-400m,6,0.001
0_523;0_548_0-400m,0_242_0-400m,14,0.003
0_523;0_548_0-400m,0_243_0-400m,0,0
0_523;0_548_0-400m,0_277_0-400m,0,0
0_523;0_548_0-400m,0_279_0-400m,0,0
0_523;0_548_0-400m,0_280_0-400m,0,0
0_523;0_548_0-400m,0_281_0-400m,0,0
0_523;0_548_0-400m,0_3103_0-400m,5,0.001
0_523;0_548_0-400m,0_1182_0-400m,6,0.001
0_523;0_548_0-400m,0_1180_0-400m,1,0
0_523;0_548_0-400m,0_527_0-400m,11,0.002
0_523;0_548_0-400m,0_302_0-400m,1,0
0_523;0_548_0-400m,0_3130_0-400m,5,0.001
0_523;0_548_0-400m,0_3530_0-400m,6,0.001
0_523;0_548_0-400m,TRANSITION_ZONE,90,0.02
0_523;0_548_0-400m,External,923,0.203
0_275;0_316_0-400m,0_520;0_555_0-400m,1,0
0_275;0_316_0-400m,0_282;0_311_0-400m,4,0.001
0_275;0_316_0-400m,0_267;0_300_0-400m,3,0.001
0_275;0_316_0-400m,0_526;0_546_0-400m,1,0
0_275;0_316_0-400m,0_600;0_643_0-400m,6,0.001
0_275;0_316_0-400m,0_272;0_298_0-400m,12,0.003
0_275;0_316_0-400m,0_271;0_315_0-400m,16,0.004
0_275;0_316_0-400m,0_607;0_612_0-400m,2,0
0_275;0_316_0-400m,0_266;0_301_0-400m,16,0.004
0_275;0_316_0-400m,0_294;0_1181_0-400m,22,0.005
0_275;0_316_0-400m,0_523;0_548_0-400m,2,0
0_275;0_316_0-400m,0_275;0_316_0-400m,45,0.01
0_275;0_316_0-400m,0_530;0_542_0-400m,1,0
0_275;0_316_0-400m,0_264;0_303_0-400m,28,0.006
0_275;0_316_0-400m,0_531;0_541_0-400m,0,0
0_275;0_316_0-400m,0_603;0_614_0-400m,0,0
0_275;0_316_0-400m,0_3004;0_3053_0-400m,3,0.001
0_275;0_316_0-400m,0_283;0_292_0-400m,24,0.005
0_275;0_316_0-400m,0_566;0_570_0-400m,7,0.002
0_275;0_316_0-400m,0_528;0_544_0-400m,3,0.001
0_275;0_316_0-400m,0_644;0_599_0-400m,1,0
0_275;0_316_0-400m,0_262;0_305_0-400m,20,0.004
0_275;0_316_0-400m,0_567;0_569_0-400m,5,0.001
0_275;0_316_0-400m,0_265;0_318_0-400m,8,0.002
0_275;0_316_0-400m,0_604;0_642_0-400m,3,0.001
0_275;0_316_0-400m,0_522;0_554_0-400m,0,0
0_275;0_316_0-400m,0_263;0_304_0-400m,30,0.007
0_275;0_316_0-400m,0_518;0_551_0-400m,9,0.002
0_275;0_316_0-400m,0_3002;0_3055_0-400m,6,0.001
0_275;0_316_0-400m,0_273;0_296_0-400m,22,0.005
0_275;0_316_0-400m,0_601;0_616_0-400m,2,0
0_275;0_316_0-400m,0_269;0_299_0-400m,23,0.005
0_275;0_316_0-400m,0_529;0_543_0-400m,3,0.001
0_275;0_316_0-400m,0_268;0_317_0-400m,13,0.003
0_275;0_316_0-400m,0_278;0_293_0-400m,22,0.005
0_275;0_316_0-400m,0_260;0_297_0-400m,16,0.004
0_275;0_316_0-400m,0_621;0_246_0-400m,9,0.002
0_275;0_316_0-400m,0_608;0_611_0-400m,2,0
0_275;0_316_0-400m,0_516;0_553_0-400m,9,0.002
0_275;0_316_0-400m,0_602;0_615_0-400m,1,0
0_275;0_316_0-400m,0_525;0_547_0-400m,3,0.001
0_275;0_316_0-400m,0_521;0_549_0-400m,2,0
0_275;0_316_0-400m,0_646;0_596_0-400m,15,0.003
0_275;0_316_0-400m,0_261;0_319_0-400m,23,0.005
0_275;0_316_0-400m,0_274;0_295_0-400m,23,0.005
0_275;0_316_0-400m,0_519;0_550_0-400m,7,0.002
0_275;0_316_0-400m,0_617;0_597_0-400m,7,0.002
0_275;0_316_0-400m,0_609;0_640_0-400m,3,0.001
0_275;0_316_0-400m,0_532;0_540_0-400m,12,0.003
0_275;0_316_0-400m,0_637;0_576_0-400m,5,0.001
0_275;0_316_0-400m,0_605_0-400m,2,0
0_275;0_316_0-400m,0_619_0-400m,12,0.003
0_275;0_316_0-400m,0_3490_0-400m,4,0.001
0_275;0_316_0-400m,0_641_0-400m,1,0
0_275;0_316_0-400m,0_647_0-400m,11,0.002
0_275;0_316_0-400m,0_3056_0-400m,0,0
0_275;0_316_0-400m,0_3054_0-400m,4,0.001
0_275;0_316_0-400m,0_242_0-400m,10,0.002
0_275;0_316_0-400m,0_243_0-400m,5,0.001
0_275;0_316_0-400m,0_277_0-400m,4,0.001
0_275;0_316_0-400m,0_279_0-400m,24,0.005
0_275;0_316_0-400m,0_280_0-400m,14,0.003
0_275;0_316_0-400m,0_281_0-400m,4,0.001
0_275;0_316_0-400m,0_3103_0-400m,5,0.001
0_275;0_316_0-400m,0_1182_0-400m,7,0.002
0_275;0_316_0-400m,0_1180_0-400m,9,0.002
0_275;0_316_0-400m,0_527_0-400m,0,0
0_275;0_316_0-400m,0_302_0-400m,9,0.002
0_275;0_316_0-400m,0_3130_0-400m,16,0.004
0_275;0_316_0-400m,0_3530_0-400m,5,0.001
0_275;0_316_0-400m,TRANSITION_ZONE,153,0.034
0_275;0_316_0-400m,External,1333,0.293
0_530;0_542_0-400m,0_520;0_555_0-400m,13,0.003
0_530;0_542_0-400m,0_282;0_311_0-400m,0,0
0_530;0_542_0-400m,0_267;0_300_0-400m,1,0
0_530;0_542_0-400m,0_526;0_546_0-400m,17,0.004
0_530;0_542_0-400m,0_600;0_643_0-400m,0,0
0_530;0_542_0-400m,0_272;0_298_0-400m,11,0.002
0_530;0_542_0-400m,0_271;0_315_0-400m,0,0
0_530;0_542_0-400m,0_607;0_612_0-400m,0,0
0_530;0_542_0-400m,0_266;0_301_0-400m,2,0
0_530;0_542_0-400m,0_294;0_1181_0-400m,0,0
0_530;0_542_0-400m,0_523;0_548_0-400m,13,0.003
0_530;0_542_0-400m,0_275;0_316_0-400m,4,0.001
0_530;0_542_0-400m,0_530;0_542_0-400m,41,0.009
0_530;0_542_0-400m,0_264;0_303_0-400m,1,0
0_530;0_542_0-400m,0_531;0_541_0-400m,25,0.005
0_530;0_542_0-400m,0_603;0_614_0-400m,1,0
0_530;0_542_0-400m,0_3004;0_3053_0-400m,6,0.001
0_530;0_542_0-400m,0_283;0_292_0-400m,0,0
0_530;0_542_0-400m,0_566;0_570_0-400m,9,0.002
0_530;0_542_0-400m,0_528;0_544_0-400m,23,0.005
0_530;0_542_0-400m,0_644;0_599_0-400m,2,0
0_530;0_542_0-400m,0_262;0_305_0-400m,2,0
0_530;0_542_0-400m,0_567;0_569_0-400m,9,0.002
0_530;0_542_0-400m,0_265;0_318_0-400m,2,0
0_530;0_542_0-400m,0_604;0_642_0-400m,0,0
0_530;0_542_0-400m,0_522;0_554_0-400m,16,0.004
0_530;0_542_0-400m,0_263;0_304_0-400m,3,0.001
0_530;0_542_0-400m,0_518;0_551_0-400m,16,0.004
0_530;0_542_0-400m,0_3002;0_3055_0-400m,7,0.002
0_530;0_542_0-400m,0_273;0_296_0-400m,0,0
0_530;0_542_0-400m,0_601;0_616_0-400m,1,0
0_530;0_542_0-400m,0_269;0_299_0-400m,1,0
0_530;0_542_0-400m,0_529;0_543_0-400m,15,0.003
0_530;0_542_0-400m,0_268;0_317_0-400m,1,0
0_530;0_542_0-400m,0_278;0_293_0-400m,1,0
0_530;0_542_0-400m,0_260;0_297_0-400m,9,0.002
0_530;0_542_0-400m,0_621;0_246_0-400m,9,0.002
0_530;0_542_0-400m,0_608;0_611_0-400m,0,0
0_530;0_542_0-400m,0_516;0_553_0-400m,19,0.004
0_530;0_542_0-400m,0_602;0_615_0-400m,0,0
0_530;0_542_0-400m,0_525;0_547_0-400m,30,0.007
0_530;0_542_0-400m,0_521;0_549_0-400m,8,0.002
0_530;0_542_0-400m,0_646;0_596_0-400m,5,0.001
0_530;0_542_0-400m,0_261;0_319_0-400m,0,0
0_530;0_542_0-400m,0_274;0_295_0-400m,5,0.001
0_530;0_542_0-400m,0_519;0_550_0-400m,24,0.005
0_530;0_542_0-400m,0_617;0_597_0-400m,5,0.001
0_530;0_542_0-400m,0_609;0_640_0-400m,0,0
0_530;0_542_0-400m,0_532;0_540_0-400m,97,0.021
0_530;0_542_0-400m,0_637;0_576_0-400m,4,0.001
0_530;0_542_0-400m,0_605_0-400m,0,0
0_530;0_542_0-400m,0_619_0-400m,3,0.001
0_530;0_542_0-400m,0_3490_0-400m,0,0
0_530;0_542_0-400m,0_641_0-400m,1,0
0_530;0_542_0-400m,0_647_0-400m,9,0.002
0_530;0_542_0-400m,0_3056_0-400m,2,0
0_530;0_542_0-400m,0_3054_0-400m,4,0.001
0_530;0_542_0-400m,0_242_0-400m,18,0.004
0_530;0_542_0-400m,0_243_0-400m,1,0
0_530;0_542_0-400m,0_277_0-400m,2,0
0_530;0_542_0-400m,0_279_0-400m,1,0
0_530;0_542_0-400m,0_280_0-400m,3,0.001
0_530;0_542_0-400m,0_281_0-400m,1,0
0_530;0_542_0-400m,0_3103_0-400m,6,0.001
0_530;0_542_0-400m,0_1182_0-400m,5,0.001
0_530;0_542_0-400m,0_1180_0-400m,0,0
0_530;0_542_0-400m,0_527_0-400m,5,0.001
0_530;0_542_0-400m,0_302_0-400m,0,0
0_530;0_542_0-400m,0_3130_0-400m,2,0
0_530;0_542_0-400m,0_3530_0-400m,4,0.001
0_530;0_542_0-400m,TRANSITION_ZONE,116,0.025
0_530;0_542_0-400m,External,1597,0.351
0_264;0_303_0-400m,0_520;0_555_0-400m,1,0
0_264;0_303_0-400m,0_282;0_311_0-400m,10,0.002
0_264;0_303_0-400m,0_267;0_300_0-400m,2,0
0_264;0_303_0-400m,0_526;0_546_0-400m,1,0
0_264;0_303_0-400m,0_600;0_643_0-400m,5,0.001
0_264;0_303_0-400m,0_272;0_298_0-400m,28,0.006
0_264;0_303_0-400m,0_271;0_315_0-400m,13,0.003
0_264;0_303_0-400m,0_607;0_612_0-400m,1,0
0_264;0_303_0-400m,0_266;0_301_0-400m,24,0.005
0_264;0_303_0-400m,0_294;0_1181_0-400m,30,0.007
0_264;0_303_0-400m,0_523;0_548_0-400m,2,0
0_264;0_303_0-400m,0_275;0_316_0-400m,31,0.007
0_264;0_303_0-400m,0_530;0_542_0-400m,2,0
0_264;0_303_0-400m,0_264;0_303_0-400m,37,0.008
0_264;0_303_0-400m,0_531;0_541_0-400m,1,0
0_264;0_303_0-400m,0_603;0_614_0-400m,2,0
0_264;0_303_0-400m,0_3004;0_3053_0-400m,7,0.002
0_264;0_303_0-400m,0_283;0_292_0-400m,21,0.005
0_264;0_303_0-400m,0_566;0_570_0-400m,2,0
0_264;0_303_0-400m,0_528;0_544_0-400m,2,0
0_264;0_303_0-400m,0_644;0_599_0-400m,3,0.001
0_264;0_303_0-400m,0_262;0_305_0-400m,31,0.007
0_264;0_303_0-400m,0_567;0_569_0-400m,2,0
0_264;0_303_0-400m,0_265;0_318_0-400m,11,0.002
0_264;0_303_0-400m,0_604;0_642_0-400m,5,0.001
0_264;0_303_0-400m,0_522;0_554_0-400m,0,0
0_264;0_303_0-400m,0_263;0_304_0-400m,34,0.007
0_264;0_303_0-400m,0_518;0_551_0-400m,9,0.002
0_264;0_303_0-400m,0_3002;0_3055_0-400m,16,0.004
0_264;0_303_0-400m,0_273;0_296_0-400m,22,0.005
0_264;0_303_0-400m,0_601;0_616_0-400m,0,0
0_264;0_303_0-400m,0_269;0_299_0-400m,22,0.005
0_264;0_303_0-400m,0_529;0_543_0-400m,3,0.001
0_264;0_303_0-400m,0_268;0_317_0-400m,9,0.002
0_264;0_303_0-400m,0_278;0_293_0-400m,27,0.006
0_264;0_303_0-400m,0_260;0_297_0-400m,26,0.006
0_264;0_303_0-400m,0_621;0_246_0-400m,14,0.003
0_264;0_303_0-400m,0_608;0_611_0-400m,4,0.001
0_264;0_303_0-400m,0_516;0_553_0-400m,7,0.002
0_264;0_303_0-400m,0_602;0_615_0-400m,0,0
0_264;0_303_0-400m,0_525;0_547_0-400m,4,0.001
0_264;0_303_0-400m,0_521;0_549_0-400m,1,0
0_264;0_303_0-400m,0_646;0_596_0-400m,9,0.002
0_264;0_303_0-400m,0_261;0_319_0-400m,16,0.004
0_264;0_303_0-400m,0_274;0_295_0-400m,24,0.005
0_264;0_303_0-400m,0_519;0_550_0-400m,9,0.002
0_264;0_303_0-400m,0_617;0_597_0-400m,9,0.002
0_264;0_303_0-400m,0_609;0_640_0-400m,7,0.002
0_264;0_303_0-400m,0_532;0_540_0-400m,19,0.004
0_264;0_303_0-400m,0_637;0_576_0-400m,3,0.001
0_264;0_303_0-400m,0_605_0-400m,3,0.001
0_264;0_303_0-400m,0_619_0-400m,12,0.003
0_264;0_303_0-400m,0_3490_0-400m,2,0
0_264;0_303_0-400m,0_641_0-400m,1,0
0_264;0_303_0-400m,0_647_0-400m,16,0.004
0_264;0_303_0-400m,0_3056_0-400m,1,0
0_264;0_303_0-400m,0_3054_0-400m,4,0.001
0_264;0_303_0-400m,0_242_0-400m,26,0.006
0_264;0_303_0-400m,0_243_0-400m,3,0.001
0_264;0_303_0-400m,0_277_0-400m,4,0.001
0_264;0_303_0-400m,0_279_0-400m,28,0.006
0_264;0_303_0-400m,0_280_0-400m,26,0.006
0_264;0_303_0-400m,0_281_0-400m,6,0.001
0_264;0_303_0-400m,0_3103_0-400m,6,0.001
0_264;0_303_0-400m,0_1182_0-400m,2,0
0_264;0_303_0-400m,0_1180_0-400m,15,0.003
0_264;0_303_0-400m,0_527_0-400m,0,0
0_264;0_303_0-400m,0_302_0-400m,12,0.003
0_264;0_303_0-400m,0_3130_0-400m,15,0.003
0_264;0_303_0-400m,0_3530_0-400m,7,0.002
0_264;0_303_0-400m,TRANSITION_ZONE,217,0.048
0_264;0_303_0-400m,External,1589,0.349
0_531;0_541_0-400m,0_520;0_555_0-400m,12,0.003
0_531;0_541_0-400m,0_282;0_311_0-400m,0,0
0_531;0_541_0-400m,0_267;0_300_0-400m,0,0
0_531;0_541_0-400m,0_526;0_546_0-400m,23,0.005
0_531;0_541_0-400m,0_600;0_643_0-400m,1,0
0_531;0_541_0-400m,0_272;0_298_0-400m,13,0.003
0_531;0_541_0-400m,0_271;0_315_0-400m,1,0
0_531;0_541_0-400m,0_607;0_612_0-400m,0,0
0_531;0_541_0-400m,0_266;0_301_0-400m,2,0
0_531;0_541_0-400m,0_294;0_1181_0-400m,1,0
0_531;0_541_0-400m,0_523;0_548_0-400m,16,0.004
0_531;0_541_0-400m,0_275;0_316_0-400m,1,0
0_531;0_541_0-400m,0_530;0_542_0-400m,28,0.006
0_531;0_541_0-400m,0_264;0_303_0-400m,8,0.002
0_531;0_541_0-400m,0_531;0_541_0-400m,57,0.013
0_531;0_541_0-400m,0_603;0_614_0-400m,5,0.001
0_531;0_541_0-400m,0_3004;0_3053_0-400m,4,0.001
0_531;0_541_0-400m,0_283;0_292_0-400m,0,0
0_531;0_541_0-400m,0_566;0_570_0-400m,8,0.002
0_531;0_541_0-400m,0_528;0_544_0-400m,36,0.008
0_531;0_541_0-400m,0_644;0_599_0-400m,4,0.001
0_531;0_541_0-400m,0_262;0_305_0-400m,6,0.001
0_531;0_541_0-400m,0_567;0_569_0-400m,15,0.003
0_531;0_541_0-400m,0_265;0_318_0-400m,3,0.001
0_531;0_541_0-400m,0_604;0_642_0-400m,7,0.002
0_531;0_541_0-400m,0_522;0_554_0-400m,26,0.006
0_531;0_541_0-400m,0_263;0_304_0-400m,2,0
0_531;0_541_0-400m,0_518;0_551_0-400m,27,0.006
0_531;0_541_0-400m,0_3002;0_3055_0-400m,14,0.003
0_531;0_541_0-400m,0_273;0_296_0-400m,1,0
0_531;0_541_0-400m,0_601;0_616_0-400m,1,0
0_531;0_541_0-400m,0_269;0_299_0-400m,2,0
0_531;0_541_0-400m,0_529;0_543_0-400m,25,0.005
0_531;0_541_0-400m,0_268;0_317_0-400m,0,0
0_531;0_541_0-400m,0_278;0_293_0-400m,3,0.001
0_531;0_541_0-400m,0_260;0_297_0-400m,14,0.003
0_531;0_541_0-400m,0_621;0_246_0-400m,13,0.003
0_531;0_541_0-400m,0_608;0_611_0-400m,1,0
0_531;0_541_0-400m,0_516;0_553_0-400m,24,0.005
0_531;0_541_0-400m,0_602;0_615_0-400m,5,0.001
0_531;0_541_0-400m,0_525;0_547_0-400m,41,0.009
0_531;0_541_0-400m,0_521;0_549_0-400m,16,0.004
0_531;0_541_0-400m,0_646;0_596_0-400m,8,0.002
0_531;0_541_0-400m,0_261;0_319_0-400m,4,0.001
0_531;0_541_0-400m,0_274;0_295_0-400m,3,0.001
0_531;0_541_0-400m,0_519;0_550_0-400m,30,0.007
0_531;0_541_0-400m,0_617;0_597_0-400m,3,0.001
0_531;0_541_0-400m,0_609;0_640_0-400m,3,0.001
0_531;0_541_0-400m,0_532;0_540_0-400m,168,0.037
0_531;0_541_0-400m,0_637;0_576_0-400m,9,0.002
0_531;0_541_0-400m,0_605_0-400m,4,0.001
0_531;0_541_0-400m,0_619_0-400m,11,0.002
0_531;0_541_0-400m,0_3490_0-400m,0,0
0_531;0_541_0-400m,0_641_0-400m,3,0.001
0_531;0_541_0-400m,0_647_0-400m,17,0.004
0_531;0_541_0-400m,0_3056_0-400m,2,0
0_531;0_541_0-400m,0_3054_0-400m,10,0.002
0_531;0_541_0-400m,0_242_0-400m,15,0.003
0_531;0_541_0-400m,0_243_0-400m,0,0
0_531;0_541_0-400m,0_277_0-400m,2,0
0_531;0_541_0-400m,0_279_0-400m,0,0
0_531;0_541_0-400m,0_280_0-400m,4,0.001
0_531;0_541_0-400m,0_281_0-400m,0,0
0_531;0_541_0-400m,0_3103_0-400m,11,0.002
0_531;0_541_0-400m,0_1182_0-400m,7,0.002
0_531;0_541_0-400m,0_1180_0-400m,2,0
0_531;0_541_0-400m,0_527_0-400m,13,0.003
0_531;0_541_0-400m,0_302_0-400m,0,0
0_531;0_541_0-400m,0_3130_0-400m,6,0.001
0_531;0_541_0-400m,0_3530_0-400m,4,0.001
0_531;0_541_0-400m,TRANSITION_ZONE,149,0.033
0_531;0_541_0-400m,External,2099,0.461
0_603;0_614_0-400m,0_520;0_555_0-400m,0,0
0_603;0_614_0-400m,0_282;0_311_0-400m,1,0
0_603;0_614_0-400m,0_267;0_300_0-400m,0,0
0_603;0_614_0-400m,0_526;0_546_0-400m,1,0
0_603;0_614_0-400m,0_600;0_643_0-400m,27,0.006
0_603;0_614_0-400m,0_272;0_298_0-400m,7,0.002
0_603;0_614_0-400m,0_271;0_315_0-400m,0,0
0_603;0_614_0-400m,0_607;0_612_0-400m,23,0.005
0_603;0_614_0-400m,0_266;0_301_0-400m,2,0
0_603;0_614_0-400m,0_294;0_1181_0-400m,3,0.001
0_603;0_614_0-400m,0_523;0_548_0-400m,1,0
0_603;0_614_0-400m,0_275;0_316_0-400m,1,0
0_603;0_614_0-400m,0_530;0_542_0-400m,0,0
0_603;0_614_0-400m,0_264;0_303_0-400m,3,0.001
0_603;0_614_0-400m,0_531;0_541_0-400m,1,0
0_603;0_614_0-400m,0_603;0_614_0-400m,62,0.014
0_603;0_614_0-400m,0_3004;0_3053_0-400m,7,0.002
0_603;0_614_0-400m,0_283;0_292_0-400m,3,0.001
0_603;0_614_0-400m,0_566;0_570_0-400m,5,0.001
0_603;0_614_0-400m,0_528;0_544_0-400m,1,0
0_603;0_614_0-400m,0_644;0_599_0-400m,20,0.004
0_603;0_614_0-400m,0_262;0_305_0-400m,1,0
0_603;0_614_0-400m,0_567;0_569_0-400m,7,0.002
0_603;0_614_0-400m,0_265;0_318_0-400m,2,0
0_603;0_614_0-400m,0_604;0_642_0-400m,46,0.01
0_603;0_614_0-400m,0_522;0_554_0-400m,2,0
0_603;0_614_0-400m,0_263;0_304_0-400m,6,0.001
0_603;0_614_0-400m,0_518;0_551_0-400m,14,0.003
0_603;0_614_0-400m,0_3002;0_3055_0-400m,7,0.002
0_603;0_614_0-400m,0_273;0_296_0-400m,2,0
0_603;0_614_0-400m,0_601;0_616_0-400m,29,0.006
0_603;0_614_0-400m,0_269;0_299_0-400m,1,0
0_603;0_614_0-400m,0_529;0_543_0-400m,4,0.001
0_603;0_614_0-400m,0_268;0_317_0-400m,1,0
0_603;0_614_0-400m,0_278;0_293_0-400m,5,0.001
0_603;0_614_0-400m,0_260;0_297_0-400m,3,0.001
0_603;0_614_0-400m,0_621;0_246_0-400m,20,0.004
0_603;0_614_0-400m,0_608;0_611_0-400m,9,0.002
0_603;0_614_0-400m,0_516;0_553_0-400m,11,0.002
0_603;0_614_0-400m,0_602;0_615_0-400m,30,0.007
0_603;0_614_0-400m,0_525;0_547_0-400m,4,0.001
0_603;0_614_0-400m,0_521;0_549_0-400m,1,0
0_603;0_614_0-400m,0_646;0_596_0-400m,23,0.005
0_603;0_614_0-400m,0_261;0_319_0-400m,1,0
0_603;0_614_0-400m,0_274;0_295_0-400m,3,0.001
0_603;0_614_0-400m,0_519;0_550_0-400m,5,0.001
0_603;0_614_0-400m,0_617;0_597_0-400m,20,0.004
0_603;0_614_0-400m,0_609;0_640_0-400m,38,0.008
0_603;0_614_0-400m,0_532;0_540_0-400m,20,0.004
0_603;0_614_0-400m,0_637;0_576_0-400m,36,0.008
0_603;0_614_0-400m,0_605_0-400m,32,0.007
0_603;0_614_0-400m,0_619_0-400m,17,0.004
0_603;0_614_0-400m,0_3490_0-400m,0,0
0_603;0_614_0-400m,0_641_0-400m,21,0.005
0_603;0_614_0-400m,0_647_0-400m,26,0.006
0_603;0_614_0-400m,0_3056_0-400m,4,0.001
0_603;0_614_0-400m,0_3054_0-400m,4,0.001
0_603;0_614_0-400m,0_242_0-400m,4,0.001
0_603;0_614_0-400m,0_243_0-400m,4,0.001
0_603;0_614_0-400m,0_277_0-400m,0,0
0_603;0_614_0-400m,0_279_0-400m,2,0
0_603;0_614_0-400m,0_280_0-400m,0,0
0_603;0_614_0-400m,0_281_0-400m,0,0
0_603;0_614_0-400m,0_3103_0-400m,23,0.005
0_603;0_614_0-400m,0_1182_0-400m,6,0.001
0_603;0_614_0-400m,0_1180_0-400m,0,0
0_603;0_614_0-400m,0_527_0-400m,0,0
0_603;0_614_0-400m,0_302_0-400m,0,0
0_603;0_614_0-400m,0_3130_0-400m,32,0.007
0_603;0_614_0-400m,0_3530_0-400m,5,0.001
0_603;0_614_0-400m,TRANSITION_ZONE,182,0.04
0_603;0_614_0-400m,External,1300,0.286
0_3004;0_3053_0-400m,0_520;0_555_0-400m,9,0.002
0_3004;0_3053_0-400m,0_282;0_311_0-400m,0,0
0_3004;0_3053_0-400m,0_267;0_300_0-400m,0,0
0_3004;0_3053_0-400m,0_526;0_546_0-400m,4,0.001
0_3004;0_3053_0-400m,0_600;0_643_0-400m,4,0.001
0_3004;0_3053_0-400m,0_272;0_298_0-400m,40,0.009
0_3004;0_3053_0-400m,0_271;0_315_0-400m,2,0
0_3004;0_3053_0-400m,0_607;0_612_0-400m,4,0.001
0_3004;0_3053_0-400m,0_266;0_301_0-400m,3,0.001
0_3004;0_3053_0-400m,0_294;0_1181_0-400m,5,0.001
0_3004;0_3053_0-400m,0_523;0_548_0-400m,7,0.002
0_3004;0_3053_0-400m,0_275;0_316_0-400m,6,0.001
0_3004;0_3053_0-400m,0_530;0_542_0-400m,11,0.002
0_3004;0_3053_0-400m,0_264;0_303_0-400m,7,0.002
0_3004;0_3053_0-400m,0_531;0_541_0-400m,17,0.004
0_3004;0_3053_0-400m,0_603;0_614_0-400m,0,0
0_3004;0_3053_0-400m,0_3004;0_3053_0-400m,72,0.016
0_3004;0_3053_0-400m,0_283;0_292_0-400m,4,0.001
0_3004;0_3053_0-400m,0_566;0_570_0-400m,30,0.007
0_3004;0_3053_0-400m,0_528;0_544_0-400m,9,0.002
0_3004;0_3053_0-400m,0_644;0_599_0-400m,7,0.002
0_3004;0_3053_0-400m,0_262;0_305_0-400m,5,0.001
0_3004;0_3053_0-400m,0_567;0_569_0-400m,31,0.007
0_3004;0_3053_0-400m,0_265;0_318_0-400m,0,0
0_3004;0_3053_0-400m,0_604;0_642_0-400m,3,0.001
0_3004;0_3053_0-400m,0_522;0_554_0-400m,9,0.002
0_3004;0_3053_0-400m,0_263;0_304_0-400m,10,0.002
0_3004;0_3053_0-400m,0_518;0_551_0-400m,35,0.008
0_3004;0_3053_0-400m,0_3002;0_3055_0-400m,48,0.011
0_3004;0_3053_0-400m,0_273;0_296_0-400m,9,0.002
0_3004;0_3053_0-400m,0_601;0_616_0-400m,3,0.001
0_3004;0_3053_0-400m,0_269;0_299_0-400m,3,0.001
0_3004;0_3053_0-400m,0_529;0_543_0-400m,8,0.002
0_3004;0_3053_0-400m,0_268;0_317_0-400m,3,0.001
0_3004;0_3053_0-400m,0_278;0_293_0-400m,2,0
0_3004;0_3053_0-400m,0_260;0_297_0-400m,15,0.003
0_3004;0_3053_0-400m,0_621;0_246_0-400m,51,0.011
0_3004;0_3053_0-400m,0_608;0_611_0-400m,3,0.001
0_3004;0_3053_0-400m,0_516;0_553_0-400m,30,0.007
0_3004;0_3053_0-400m,0_602;0_615_0-400m,4,0.001
0_3004;0_3053_0-400m,0_525;0_547_0-400m,21,0.005
0_3004;0_3053_0-400m,0_521;0_549_0-400m,7,0.002
0_3004;0_3053_0-400m,0_646;0_596_0-400m,22,0.005
0_3004;0_3053_0-400m,0_261;0_319_0-400m,12,0.003
0_3004;0_3053_0-400m,0_274;0_295_0-400m,4,0.001
0_3004;0_3053_0-400m,0_519;0_550_0-400m,39,0.009
0_3004;0_3053_0-400m,0_617;0_597_0-400m,17,0.004
0_3004;0_3053_0-400m,0_609;0_640_0-400m,9,0.002
0_3004;0_3053_0-400m,0_532;0_540_0-400m,45,0.01
0_3004;0_3053_0-400m,0_637;0_576_0-400m,4,0.001
0_3004;0_3053_0-400m,0_605_0-400m,5,0.001
0_3004;0_3053_0-400m,0_619_0-400m,16,0.004
0_3004;0_3053_0-400m,0_3490_0-400m,2,0
0_3004;0_3053_0-400m,0_641_0-400m,3,0.001
0_3004;0_3053_0-400m,0_647_0-400m,22,0.005
0_3004;0_3053_0-400m,0_3056_0-400m,14,0.003
0_3004;0_3053_0-400m,0_3054_0-400m,39,0.009
0_3004;0_3053_0-400m,0_242_0-400m,33,0.007
0_3004;0_3053_0-400m,0_243_0-400m,13,0.003
0_3004;0_3053_0-400m,0_277_0-400m,0,0
0_3004;0_3053_0-400m,0_279_0-400m,3,0.001
0_3004;0_3053_0-400m,0_280_0-400m,5,0.001
0_3004;0_3053_0-400m,0_281_0-400m,0,0
0_3004;0_3053_0-400m,0_3103_0-400m,32,0.007
0_3004;0_3053_0-400m,0_1182_0-400m,32,0.007
0_3004;0_3053_0-400m,0_1180_0-400m,1,0
0_3004;0_3053_0-400m,0_527_0-400m,7,0.002
0_3004;0_3053_0-400m,0_302_0-400m,1,0
0_3004;0_3053_0-400m,0_3130_0-400m,32,0.007
0_3004;0_3053_0-400m,0_3530_0-400m,18,0.004
0_3004;0_3053_0-400m,TRANSITION_ZONE,242,0.053
0_3004;0_3053_0-400m,External,2578,0.567
0_283;0_292_0-400m,0_520;0_555_0-400m,2,0
0_283;0_292_0-400m,0_282;0_311_0-400m,28,0.006
0_283;0_292_0-400m,0_267;0_300_0-400m,9,0.002
0_283;0_292_0-400m,0_526;0_546_0-400m,1,0
0_283;0_292_0-400m,0_600;0_643_0-400m,1,0
0_283;0_292_0-400m,0_272;0_298_0-400m,10,0.002
0_283;0_292_0-400m,0_271;0_315_0-400m,11,0.002
0_283;0_292_0-400m,0_607;0_612_0-400m,2,0
0_283;0_292_0-400m,0_266;0_301_0-400m,18,0.004
0_283;0_292_0-400m,0_294;0_1181_0-400m,6,0.001
0_283;0_292_0-400m,0_523;0_548_0-400m,2,0
0_283;0_292_0-400m,0_275;0_316_0-400m,10,0.002
0_283;0_292_0-400m,0_530;0_542_0-400m,2,0
0_283;0_292_0-400m,0_264;0_303_0-400m,30,0.007
0_283;0_292_0-400m,0_531;0_541_0-400m,1,0
0_283;0_292_0-400m,0_603;0_614_0-400m,2,0
0_283;0_292_0-400m,0_3004;0_3053_0-400m,1,0
0_283;0_292_0-400m,0_283;0_292_0-400m,101,0.022
0_283;0_292_0-400m,0_566;0_570_0-400m,1,0
0_283;0_292_0-400m,0_528;0_544_0-400m,0,0
0_283;0_292_0-400m,0_644;0_599_0-400m,1,0
0_283;0_292_0-400m,0_262;0_305_0-400m,8,0.002
0_283;0_292_0-400m,0_567;0_569_0-400m,3,0.001
0_283;0_292_0-400m,0_265;0_318_0-400m,7,0.002
0_283;0_292_0-400m,0_604;0_642_0-400m,1,0
0_283;0_292_0-400m,0_522;0_554_0-400m,1,0
0_283;0_292_0-400m,0_263;0_304_0-400m,8,0.002
0_283;0_292_0-400m,0_518;0_551_0-400m,4,0.001
0_283;0_292_0-400m,0_3002;0_3055_0-400m,5,0.001
0_283;0_292_0-400m,0_273;0_296_0-400m,13,0.003
0_283;0_292_0-400m,0_601;0_616_0-400m,0,0
0_283;0_292_0-400m,0_269;0_299_0-400m,10,0.002
0_283;0_292_0-400m,0_529;0_543_0-400m,9,0.002
0_283;0_292_0-400m,0_268;0_317_0-400m,14,0.003
0_283;0_292_0-400m,0_278;0_293_0-400m,26,0.006
0_283;0_292_0-400m,0_260;0_297_0-400m,9,0.002
0_283;0_292_0-400m,0_621;0_246_0-400m,7,0.002
0_283;0_292_0-400m,0_608;0_611_0-400m,0,0
0_283;0_292_0-400m,0_516;0_553_0-400m,5,0.001
0_283;0_292_0-400m,0_602;0_615_0-400m,1,0
0_283;0_292_0-400m,0_525;0_547_0-400m,1,0
0_283;0_292_0-400m,0_521;0_549_0-400m,1,0
0_283;0_292_0-400m,0_646;0_596_0-400m,4,0.001
0_283;0_292_0-400m,0_261;0_319_0-400m,3,0.001
0_283;0_292_0-400m,0_274;0_295_0-400m,10,0.002
0_283;0_292_0-400m,0_519;0_550_0-400m,3,0.001
0_283;0_292_0-400m,0_617;0_597_0-400m,2,0
0_283;0_292_0-400m,0_609;0_640_0-400m,7,0.002
0_283;0_292_0-400m,0_532;0_540_0-400m,13,0.003
0_283;0_292_0-400m,0_637;0_576_0-400m,3,0.001
0_283;0_292_0-400m,0_605_0-400m,2,0
0_283;0_292_0-400m,0_619_0-400m,6,0.001
0_283;0_292_0-400m,0_3490_0-400m,8,0.002
0_283;0_292_0-400m,0_641_0-400m,0,0
0_283;0_292_0-400m,0_647_0-400m,17,0.004
0_283;0_292_0-400m,0_3056_0-400m,2,0
0_283;0_292_0-400m,0_3054_0-400m,2,0
0_283;0_292_0-400m,0_242_0-400m,20,0.004
0_283;0_292_0-400m,0_243_0-400m,2,0
0_283;0_292_0-400m,0_277_0-400m,15,0.003
0_283;0_292_0-400m,0_279_0-400m,26,0.006
0_283;0_292_0-400m,0_280_0-400m,32,0.007
0_283;0_292_0-400m,0_281_0-400m,26,0.006
0_283;0_292_0-400m,0_3103_0-400m,5,0.001
0_283;0_292_0-400m,0_1182_0-400m,3,0.001
0_283;0_292_0-400m,0_1180_0-400m,57,0.013
0_283;0_292_0-400m,0_527_0-400m,1,0
0_283;0_292_0-400m,0_302_0-400m,5,0.001
0_283;0_292_0-400m,0_3130_0-400m,3,0.001
0_283;0_292_0-400m,0_3530_0-400m,7,0.002
0_283;0_292_0-400m,TRANSITION_ZONE,155,0.034
0_283;0_292_0-400m,External,2067,0.454
0_566;0_570_0-400m,0_520;0_555_0-400m,8,0.002
0_566;0_570_0-400m,0_282;0_311_0-400m,1,0
0_566;0_570_0-400m,0_267;0_300_0-400m,0,0
0_566;0_570_0-400m,0_526;0_546_0-400m,0,0
0_566;0_570_0-400m,0_600;0_643_0-400m,8,0.002
0_566;0_570_0-400m,0_272;0_298_0-400m,12,0.003
0_566;0_570_0-400m,0_271;0_315_0-400m,3,0.001
0_566;0_570_0-400m,0_607;0_612_0-400m,2,0
0_566;0_570_0-400m,0_266;0_301_0-400m,0,0
0_566;0_570_0-400m,0_294;0_1181_0-400m,1,0
0_566;0_570_0-400m,0_523;0_548_0-400m,12,0.003
0_566;0_570_0-400m,0_275;0_316_0-400m,2,0
0_566;0_570_0-400m,0_530;0_542_0-400m,10,0.002
0_566;0_570_0-400m,0_264;0_303_0-400m,1,0
0_566;0_570_0-400m,0_531;0_541_0-400m,6,0.001
0_566;0_570_0-400m,0_603;0_614_0-400m,1,0
0_566;0_570_0-400m,0_3004;0_3053_0-400m,34,0.007
0_566;0_570_0-400m,0_283;0_292_0-400m,0,0
0_566;0_570_0-400m,0_566;0_570_0-400m,24,0.005
0_566;0_570_0-400m,0_528;0_544_0-400m,9,0.002
0_566;0_570_0-400m,0_644;0_599_0-400m,5,0.001
0_566;0_570_0-400m,0_262;0_305_0-400m,1,0
0_566;0_570_0-400m,0_567;0_569_0-400m,31,0.007
0_566;0_570_0-400m,0_265;0_318_0-400m,0,0
0_566;0_570_0-400m,0_604;0_642_0-400m,1,0
0_566;0_570_0-400m,0_522;0_554_0-400m,6,0.001
0_566;0_570_0-400m,0_263;0_304_0-400m,7,0.002
0_566;0_570_0-400m,0_518;0_551_0-400m,28,0.006
0_566;0_570_0-400m,0_3002;0_3055_0-400m,28,0.006
0_566;0_570_0-400m,0_273;0_296_0-400m,0,0
0_566;0_570_0-400m,0_601;0_616_0-400m,5,0.001
0_566;0_570_0-400m,0_269;0_299_0-400m,1,0
0_566;0_570_0-400m,0_529;0_543_0-400m,6,0.001
0_566;0_570_0-400m,0_268;0_317_0-400m,0,0
0_566;0_570_0-400m,0_278;0_293_0-400m,1,0
0_566;0_570_0-400m,0_260;0_297_0-400m,8,0.002
0_566;0_570_0-400m,0_621;0_246_0-400m,28,0.006
0_566;0_570_0-400m,0_608;0_611_0-400m,1,0
0_566;0_570_0-400m,0_516;0_553_0-400m,31,0.007
0_566;0_570_0-400m,0_602;0_615_0-400m,1,0
0_566;0_570_0-400m,0_525;0_547_0-400m,9,0.002
0_566;0_570_0-400m,0_521;0_549_0-400m,9,0.002
0_566;0_570_0-400m,0_646;0_596_0-400m,12,0.003
0_566;0_570_0-400m,0_261;0_319_0-400m,3,0.001
0_566;0_570_0-400m,0_274;0_295_0-400m,2,0
0_566;0_570_0-400m,0_519;0_550_0-400m,21,0.005
0_566;0_570_0-400m,0_617;0_597_0-400m,5,0.001
0_566;0_570_0-400m,0_609;0_640_0-400m,9,0.002
0_566;0_570_0-400m,0_532;0_540_0-400m,31,0.007
0_566;0_570_0-400m,0_637;0_576_0-400m,7,0.002
0_566;0_570_0-400m,0_605_0-400m,1,0
0_566;0_570_0-400m,0_619_0-400m,10,0.002
0_566;0_570_0-400m,0_3490_0-400m,0,0
0_566;0_570_0-400m,0_641_0-400m,0,0
0_566;0_570_0-400m,0_647_0-400m,11,0.002
0_566;0_570_0-400m,0_3056_0-400m,3,0.001
0_566;0_570_0-400m,0_3054_0-400m,21,0.005
0_566;0_570_0-400m,0_242_0-400m,16,0.004
0_566;0_570_0-400m,0_243_0-400m,3,0.001
0_566;0_570_0-400m,0_277_0-400m,0,0
0_566;0_570_0-400m,0_279_0-400m,1,0
0_566;0_570_0-400m,0_280_0-400m,2,0
0_566;0_570_0-400m,0_281_0-400m,0,0
0_566;0_570_0-400m,0_3103_0-400m,10,0.002
0_566;0_570_0-400m,0_1182_0-400m,7,0.002
0_566;0_570_0-400m,0_1180_0-400m,0,0
0_566;0_570_0-400m,0_527_0-400m,1,0
0_566;0_570_0-400m,0_302_0-400m,1,0
0_566;0_570_0-400m,0_3130_0-400m,13,0.003
0_566;0_570_0-400m,0_3530_0-400m,7,0.002
0_566;0_570_0-400m,TRANSITION_ZONE,149,0.033
0_566;0_570_0-400m,External,1593,0.35
0_528;0_544_0-400m,0_520;0_555_0-400m,9,0.002
0_528;0_544_0-400m,0_282;0_311_0-400m,2,0
0_528;0_544_0-400m,0_267;0_300_0-400m,1,0
0_528;0_544_0-400m,0_526;0_546_0-400m,6,0.001
0_528;0_544_0-400m,0_600;0_643_0-400m,2,0
0_528;0_544_0-400m,0_272;0_298_0-400m,16,0.004
0_528;0_544_0-400m,0_271;0_315_0-400m,0,0
0_528;0_544_0-400m,0_607;0_612_0-400m,1,0
0_528;0_544_0-400m,0_266;0_301_0-400m,1,0
0_528;0_544_0-400m,0_294;0_1181_0-400m,1,0
0_528;0_544_0-400m,0_523;0_548_0-400m,18,0.004
0_528;0_544_0-400m,0_275;0_316_0-400m,1,0
0_528;0_544_0-400m,0_530;0_542_0-400m,38,0.008
0_528;0_544_0-400m,0_264;0_303_0-400m,1,0
0_528;0_544_0-400m,0_531;0_541_0-400m,41,0.009
0_528;0_544_0-400m,0_603;0_614_0-400m,1,0
0_528;0_544_0-400m,0_3004;0_3053_0-400m,9,0.002
0_528;0_544_0-400m,0_283;0_292_0-400m,0,0
0_528;0_544_0-400m,0_566;0_570_0-400m,9,0.002
0_528;0_544_0-400m,0_528;0_544_0-400m,40,0.009
0_528;0_544_0-400m,0_644;0_599_0-400m,0,0
0_528;0_544_0-400m,0_262;0_305_0-400m,3,0.001
0_528;0_544_0-400m,0_567;0_569_0-400m,10,0.002
0_528;0_544_0-400m,0_265;0_318_0-400m,0,0
0_528;0_544_0-400m,0_604;0_642_0-400m,1,0
0_528;0_544_0-400m,0_522;0_554_0-400m,5,0.001
0_528;0_544_0-400m,0_263;0_304_0-400m,3,0.001
0_528;0_544_0-400m,0_518;0_551_0-400m,20,0.004
0_528;0_544_0-400m,0_3002;0_3055_0-400m,13,0.003
0_528;0_544_0-400m,0_273;0_296_0-400m,2,0
0_528;0_544_0-400m,0_601;0_616_0-400m,0,0
0_528;0_544_0-400m,0_269;0_299_0-400m,1,0
0_528;0_544_0-400m,0_529;0_543_0-400m,23,0.005
0_528;0_544_0-400m,0_268;0_317_0-400m,1,0
0_528;0_544_0-400m,0_278;0_293_0-400m,0,0
0_528;0_544_0-400m,0_260;0_297_0-400m,14,0.003
0_528;0_544_0-400m,0_621;0_246_0-400m,15,0.003
0_528;0_544_0-400m,0_608;0_611_0-400m,1,0
0_528;0_544_0-400m,0_516;0_553_0-400m,16,0.004
0_528;0_544_0-400m,0_602;0_615_0-400m,3,0.001
0_528;0_544_0-400m,0_525;0_547_0-400m,18,0.004
0_528;0_544_0-400m,0_521;0_549_0-400m,9,0.002
0_528;0_544_0-400m,0_646;0_596_0-400m,4,0.001
0_528;0_544_0-400m,0_261;0_319_0-400m,3,0.001
0_528;0_544_0-400m,0_274;0_295_0-400m,2,0
0_528;0_544_0-400m,0_519;0_550_0-400m,22,0.005
0_528;0_544_0-400m,0_617;0_597_0-400m,5,0.001
0_528;0_544_0-400m,0_609;0_640_0-400m,5,0.001
0_528;0_544_0-400m,0_532;0_540_0-400m,149,0.033
0_528;0_544_0-400m,0_637;0_576_0-400m,8,0.002
0_528;0_544_0-400m,0_605_0-400m,0,0
0_528;0_544_0-400m,0_619_0-400m,1,0
0_528;0_544_0-400m,0_3490_0-400m,0,0
0_528;0_544_0-400m,0_641_0-400m,2,0
0_528;0_544_0-400m,0_647_0-400m,8,0.002
0_528;0_544_0-400m,0_3056_0-400m,9,0.002
0_528;0_544_0-400m,0_3054_0-400m,8,0.002
0_528;0_544_0-400m,0_242_0-400m,15,0.003
0_528;0_544_0-400m,0_243_0-400m,3,0.001
0_528;0_544_0-400m,0_277_0-400m,0,0
0_528;0_544_0-400m,0_279_0-400m,3,0.001
0_528;0_544_0-400m,0_280_0-400m,4,0.001
0_528;0_544_0-400m,0_281_0-400m,1,0
0_528;0_544_0-400m,0_3103_0-400m,1,0
0_528;0_544_0-400m,0_1182_0-400m,7,0.002
0_528;0_544_0-400m,0_1180_0-400m,1,0
0_528;0_544_0-400m,0_527_0-400m,8,0.002
0_528;0_544_0-400m,0_302_0-400m,2,0
0_528;0_544_0-400m,0_3130_0-400m,8,0.002
0_528;0_544_0-400m,0_3530_0-400m,8,0.002
0_528;0_544_0-400m,TRANSITION_ZONE,94,0.021
0_528;0_544_0-400m,External,2532,0.557
0_644;0_599_0-400m,0_520;0_555_0-400m,2,0
0_644;0_599_0-400m,0_282;0_311_0-400m,2,0
0_644;0_599_0-400m,0_267;0_300_0-400m,0,0
0_644;0_599_0-400m,0_526;0_546_0-400m,2,0
0_644;0_599_0-400m,0_600;0_643_0-400m,38,0.008
0_644;0_599_0-400m,0_272;0_298_0-400m,10,0.002
0_644;0_599_0-400m,0_271;0_315_0-400m,0,0
0_644;0_599_0-400m,0_607;0_612_0-400m,12,0.003
0_644;0_599_0-400m,0_266;0_301_0-400m,0,0
0_644;0_599_0-400m,0_294;0_1181_0-400m,1,0
0_644;0_599_0-400m,0_523;0_548_0-400m,6,0.001
0_644;0_599_0-400m,0_275;0_316_0-400m,2,0
0_644;0_599_0-400m,0_530;0_542_0-400m,0,0
0_644;0_599_0-400m,0_264;0_303_0-400m,1,0
0_644;0_599_0-400m,0_531;0_541_0-400m,1,0
0_644;0_599_0-400m,0_603;0_614_0-400m,16,0.004
0_644;0_599_0-400m,0_3004;0_3053_0-400m,10,0.002
0_644;0_599_0-400m,0_283;0_292_0-400m,1,0
0_644;0_599_0-400m,0_566;0_570_0-400m,2,0
0_644;0_599_0-400m,0_528;0_544_0-400m,1,0
0_644;0_599_0-400m,0_644;0_599_0-400m,48,0.011
0_644;0_599_0-400m,0_262;0_305_0-400m,12,0.003
0_644;0_599_0-400m,0_567;0_569_0-400m,3,0.001
0_644;0_599_0-400m,0_265;0_318_0-400m,2,0
0_644;0_599_0-400m,0_604;0_642_0-400m,20,0.004
0_644;0_599_0-400m,0_522;0_554_0-400m,2,0
0_644;0_599_0-400m,0_263;0_304_0-400m,9,0.002
0_644;0_599_0-400m,0_518;0_551_0-400m,5,0.001
0_644;0_599_0-400m,0_3002;0_3055_0-400m,10,0.002
0_644;0_599_0-400m,0_273;0_296_0-400m,7,0.002
0_644;0_599_0-400m,0_601;0_616_0-400m,26,0.006
0_644;0_599_0-400m,0_269;0_299_0-400m,2,0
0_644;0_599_0-400m,0_529;0_543_0-400m,2,0
0_644;0_599_0-400m,0_268;0_317_0-400m,0,0
0_644;0_599_0-400m,0_278;0_293_0-400m,3,0.001
0_644;0_599_0-400m,0_260;0_297_0-400m,7,0.002
0_644;0_599_0-400m,0_621;0_246_0-400m,22,0.005
0_644;0_599_0-400m,0_608;0_611_0-400m,9,0.002
0_644;0_599_0-400m,0_516;0_553_0-400m,12,0.003
0_644;0_599_0-400m,0_602;0_615_0-400m,25,0.005
0_644;0_599_0-400m,0_525;0_547_0-400m,1,0
0_644;0_599_0-400m,0_521;0_549_0-400m,2,0
0_644;0_599_0-400m,0_646;0_596_0-400m,25,0.005
0_644;0_599_0-400m,0_261;0_319_0-400m,8,0.002
0_644;0_599_0-400m,0_274;0_295_0-400m,1,0
0_644;0_599_0-400m,0_519;0_550_0-400m,8,0.002
0_644;0_599_0-400m,0_617;0_597_0-400m,30,0.007
0_644;0_599_0-400m,0_609;0_640_0-400m,29,0.006
0_644;0_599_0-400m,0_532;0_540_0-400m,16,0.004
0_644;0_599_0-400m,0_637;0_576_0-400m,17,0.004
0_644;0_599_0-400m,0_605_0-400m,21,0.005
0_644;0_599_0-400m,0_619_0-400m,25,0.005
0_644;0_599_0-400m,0_3490_0-400m,0,0
0_644;0_599_0-400m,0_641_0-400m,12,0.003
0_644;0_599_0-400m,0_647_0-400m,34,0.007
0_644;0_599_0-400m,0_3056_0-400m,2,0
0_644;0_599_0-400m,0_3054_0-400m,6,0.001
0_644;0_599_0-400m,0_242_0-400m,11,0.002
0_644;0_599_0-400m,0_243_0-400m,8,0.002
0_644;0_599_0-400m,0_277_0-400m,0,0
0_644;0_599_0-400m,0_279_0-400m,1,0
0_644;0_599_0-400m,0_280_0-400m,0,0
0_644;0_599_0-400m,0_281_0-400m,1,0
0_644;0_599_0-400m,0_3103_0-400m,15,0.003
0_644;0_599_0-400m,0_1182_0-400m,17,0.004
0_644;0_599_0-400m,0_1180_0-400m,1,0
0_644;0_599_0-400m,0_527_0-400m,2,0
0_644;0_599_0-400m,0_302_0-400m,2,0
0_644;0_599_0-400m,0_3130_0-400m,17,0.004
0_644;0_599_0-400m,0_3530_0-400m,10,0.002
0_644;0_599_0-400m,TRANSITION_ZONE,194,0.043
0_644;0_599_0-400m,External,1136,0.25
0_262;0_305_0-400m,0_520;0_555_0-400m,4,0.001
0_262;0_305_0-400m,0_282;0_311_0-400m,1,0
0_262;0_305_0-400m,0_267;0_300_0-400m,3,0.001
0_262;0_305_0-400m,0_526;0_546_0-400m,2,0
0_262;0_305_0-400m,0_600;0_643_0-400m,5,0.001
0_262;0_305_0-400m,0_272;0_298_0-400m,21,0.005
0_262;0_305_0-400m,0_271;0_315_0-400m,12,0.003
0_262;0_305_0-400m,0_607;0_612_0-400m,0,0
0_262;0_305_0-400m,0_266;0_301_0-400m,7,0.002
0_262;0_305_0-400m,0_294;0_1181_0-400m,15,0.003
0_262;0_305_0-400m,0_523;0_548_0-400m,4,0.001
0_262;0_305_0-400m,0_275;0_316_0-400m,8,0.002
0_262;0_305_0-400m,0_530;0_542_0-400m,2,0
0_262;0_305_0-400m,0_264;0_303_0-400m,10,0.002
0_262;0_305_0-400m,0_531;0_541_0-400m,7,0.002
0_262;0_305_0-400m,0_603;0_614_0-400m,0,0
0_262;0_305_0-400m,0_3004;0_3053_0-400m,5,0.001
0_262;0_305_0-400m,0_283;0_292_0-400m,7,0.002
0_262;0_305_0-400m,0_566;0_570_0-400m,6,0.001
0_262;0_305_0-400m,0_528;0_544_0-400m,2,0
0_262;0_305_0-400m,0_644;0_599_0-400m,6,0.001
0_262;0_305_0-400m,0_262;0_305_0-400m,49,0.011
0_262;0_305_0-400m,0_567;0_569_0-400m,3,0.001
0_262;0_305_0-400m,0_265;0_318_0-400m,9,0.002
0_262;0_305_0-400m,0_604;0_642_0-400m,0,0
0_262;0_305_0-400m,0_522;0_554_0-400m,3,0.001
0_262;0_305_0-400m,0_263;0_304_0-400m,34,0.007
0_262;0_305_0-400m,0_518;0_551_0-400m,8,0.002
0_262;0_305_0-400m,0_3002;0_3055_0-400m,11,0.002
0_262;0_305_0-400m,0_273;0_296_0-400m,18,0.004
0_262;0_305_0-400m,0_601;0_616_0-400m,3,0.001
0_262;0_305_0-400m,0_269;0_299_0-400m,7,0.002
0_262;0_305_0-400m,0_529;0_543_0-400m,4,0.001
0_262;0_305_0-400m,0_268;0_317_0-400m,7,0.002
0_262;0_305_0-400m,0_278;0_293_0-400m,15,0.003
0_262;0_305_0-400m,0_260;0_297_0-400m,20,0.004
0_262;0_305_0-400m,0_621;0_246_0-400m,19,0.004
0_262;0_305_0-400m,0_608;0_611_0-400m,0,0
0_262;0_305_0-400m,0_516;0_553_0-400m,10,0.002
0_262;0_305_0-400m,0_602;0_615_0-400m,4,0.001
0_262;0_305_0-400m,0_525;0_547_0-400m,8,0.002
0_262;0_305_0-400m,0_521;0_549_0-400m,2,0
0_262;0_305_0-400m,0_646;0_596_0-400m,19,0.004
0_262;0_305_0-400m,0_261;0_319_0-400m,33,0.007
0_262;0_305_0-400m,0_274;0_295_0-400m,11,0.002
0_262;0_305_0-400m,0_519;0_550_0-400m,1,0
0_262;0_305_0-400m,0_617;0_597_0-400m,2,0
0_262;0_305_0-400m,0_609;0_640_0-400m,7,0.002
0_262;0_305_0-400m,0_532;0_540_0-400m,17,0.004
0_262;0_305_0-400m,0_637;0_576_0-400m,1,0
0_262;0_305_0-400m,0_605_0-400m,0,0
0_262;0_305_0-400m,0_619_0-400m,2,0
0_262;0_305_0-400m,0_3490_0-400m,1,0
0_262;0_305_0-400m,0_641_0-400m,1,0
0_262;0_305_0-400m,0_647_0-400m,11,0.002
0_262;0_305_0-400m,0_3056_0-400m,4,0.001
0_262;0_305_0-400m,0_3054_0-400m,14,0.003
0_262;0_305_0-400m,0_242_0-400m,22,0.005
0_262;0_305_0-400m,0_243_0-400m,1,0
0_262;0_305_0-400m,0_277_0-400m,1,0
0_262;0_305_0-400m,0_279_0-400m,17,0.004
0_262;0_305_0-400m,0_280_0-400m,13,0.003
0_262;0_305_0-400m,0_281_0-400m,1,0
0_262;0_305_0-400m,0_3103_0-400m,5,0.001
0_262;0_305_0-400m,0_1182_0-400m,11,0.002
0_262;0_305_0-400m,0_1180_0-400m,4,0.001
0_262;0_305_0-400m,0_527_0-400m,2,0
0_262;0_305_0-400m,0_302_0-400m,6,0.001
0_262;0_305_0-400m,0_3130_0-400m,16,0.004
0_262;0_305_0-400m,0_3530_0-400m,27,0.006
0_262;0_305_0-400m,TRANSITION_ZONE,186,0.041
0_262;0_305_0-400m,External,1268,0.279
0_567;0_569_0-400m,0_520;0_555_0-400m,14,0.003
0_567;0_569_0-400m,0_282;0_311_0-400m,1,0
0_567;0_569_0-400m,0_267;0_300_0-400m,0,0
0_567;0_569_0-400m,0_526;0_546_0-400m,7,0.002
0_567;0_569_0-400m,0_600;0_643_0-400m,7,0.002
0_567;0_569_0-400m,0_272;0_298_0-400m,27,0.006
0_567;0_569_0-400m,0_271;0_315_0-400m,2,0
0_567;0_569_0-400m,0_607;0_612_0-400m,5,0.001
0_567;0_569_0-400m,0_266;0_301_0-400m,8,0.002
0_567;0_569_0-400m,0_294;0_1181_0-400m,4,0.001
0_567;0_569_0-400m,0_523;0_548_0-400m,19,0.004
0_567;0_569_0-400m,0_275;0_316_0-400m,3,0.001
0_567;0_569_0-400m,0_530;0_542_0-400m,19,0.004
0_567;0_569_0-400m,0_264;0_303_0-400m,5,0.001
0_567;0_569_0-400m,0_531;0_541_0-400m,16,0.004
0_567;0_569_0-400m,0_603;0_614_0-400m,7,0.002
0_567;0_569_0-400m,0_3004;0_3053_0-400m,28,0.006
0_567;0_569_0-400m,0_283;0_292_0-400m,1,0
0_567;0_569_0-400m,0_566;0_570_0-400m,35,0.008
0_567;0_569_0-400m,0_528;0_544_0-400m,16,0.004
0_567;0_569_0-400m,0_644;0_599_0-400m,9,0.002
0_567;0_569_0-400m,0_262;0_305_0-400m,5,0.001
0_567;0_569_0-400m,0_567;0_569_0-400m,83,0.018
0_567;0_569_0-400m,0_265;0_318_0-400m,2,0
0_567;0_569_0-400m,0_604;0_642_0-400m,3,0.001
0_567;0_569_0-400m,0_522;0_554_0-400m,23,0.005
0_567;0_569_0-400m,0_263;0_304_0-400m,12,0.003
0_567;0_569_0-400m,0_518;0_551_0-400m,77,0.017
0_567;0_569_0-400m,0_3002;0_3055_0-400m,44,0.01
0_567;0_569_0-400m,0_273;0_296_0-400m,4,0.001
0_567;0_569_0-400m,0_601;0_616_0-400m,7,0.002
0_567;0_569_0-400m,0_269;0_299_0-400m,3,0.001
0_567;0_569_0-400m,0_529;0_543_0-400m,15,0.003
0_567;0_569_0-400m,0_268;0_317_0-400m,2,0
0_567;0_569_0-400m,0_278;0_293_0-400m,8,0.002
0_567;0_569_0-400m,0_260;0_297_0-400m,19,0.004
0_567;0_569_0-400m,0_621;0_246_0-400m,68,0.015
0_567;0_569_0-400m,0_608;0_611_0-400m,3,0.001
0_567;0_569_0-400m,0_516;0_553_0-400m,63,0.014
0_567;0_569_0-400m,0_602;0_615_0-400m,2,0
0_567;0_569_0-400m,0_525;0_547_0-400m,27,0.006
0_567;0_569_0-400m,0_521;0_549_0-400m,17,0.004
0_567;0_569_0-400m,0_646;0_596_0-400m,13,0.003
0_567;0_569_0-400m,0_261;0_319_0-400m,6,0.001
0_567;0_569_0-400m,0_274;0_295_0-400m,7,0.002
0_567;0_569_0-400m,0_519;0_550_0-400m,23,0.005
0_567;0_569_0-400m,0_617;0_597_0-400m,16,0.004
0_567;0_569_0-400m,0_609;0_640_0-400m,7,0.002
0_567;0_569_0-400m,0_532;0_540_0-400m,76,0.017
0_567;0_569_0-400m,0_637;0_576_0-400m,15,0.003
0_567;0_569_0-400m,0_605_0-400m,5,0.001
0_567;0_569_0-400m,0_619_0-400m,23,0.005
0_567;0_569_0-400m,0_3490_0-400m,0,0
0_567;0_569_0-400m,0_641_0-400m,6,0.001
0_567;0_569_0-400m,0_647_0-400m,20,0.004
0_567;0_569_0-400m,0_3056_0-400m,10,0.002
0_567;0_569_0-400m,0_3054_0-400m,32,0.007
0_567;0_569_0-400m,0_242_0-400m,39,0.009
0_567;0_569_0-400m,0_243_0-400m,7,0.002
0_567;0_569_0-400m,0_277_0-400m,0,0
0_567;0_569_0-400m,0_279_0-400m,4,0.001
0_567;0_569_0-400m,0_280_0-400m,0,0
0_567;0_569_0-400m,0_281_0-400m,0,0
0_567;0_569_0-400m,0_3103_0-400m,16,0.004
0_567;0_569_0-400m,0_1182_0-400m,26,0.006
0_567;0_569_0-400m,0_1180_0-400m,1,0
0_567;0_569_0-400m,0_527_0-400m,7,0.002
0_567;0_569_0-400m,0_302_0-400m,3,0.001
0_567;0_569_0-400m,0_3130_0-400m,23,0.005
0_567;0_569_0-400m,0_3530_0-400m,9,0.002
0_567;0_569_0-400m,TRANSITION_ZONE,329,0.072
0_567;0_569_0-400m,External,4075,0.896
0_265;0_318_0-400m,0_520;0_555_0-400m,1,0
0_265;0_318_0-400m,0_282;0_311_0-400m,2,0
0_265;0_318_0-400m,0_267;0_300_0-400m,3,0.001
0_265;0_318_0-400m,0_526;0_546_0-400m,0,0
0_265;0_318_0-400m,0_600;0_643_0-400m,1,0
0_265;0_318_0-400m,0_272;0_298_0-400m,14,0.003
0_265;0_318_0-400m,0_271;0_315_0-400m,3,0.001
0_265;0_318_0-400m,0_607;0_612_0-400m,1,0
0_265;0_318_0-400m,0_266;0_301_0-400m,15,0.003
0_265;0_318_0-400m,0_294;0_1181_0-400m,7,0.002
0_265;0_318_0-400m,0_523;0_548_0-400m,0,0
0_265;0_318_0-400m,0_275;0_316_0-400m,14,0.003
0_265;0_318_0-400m,0_530;0_542_0-400m,0,0
0_265;0_318_0-400m,0_264;0_303_0-400m,23,0.005
0_265;0_318_0-400m,0_531;0_541_0-400m,0,0
0_265;0_318_0-400m,0_603;0_614_0-400m,0,0
0_265;0_318_0-400m,0_3004;0_3053_0-400m,3,0.001
0_265;0_318_0-400m,0_283;0_292_0-400m,20,0.004
0_265;0_318_0-400m,0_566;0_570_0-400m,4,0.001
0_265;0_318_0-400m,0_528;0_544_0-400m,0,0
0_265;0_318_0-400m,0_644;0_599_0-400m,1,0
0_265;0_318_0-400m,0_262;0_305_0-400m,4,0.001
0_265;0_318_0-400m,0_567;0_569_0-400m,0,0
0_265;0_318_0-400m,0_265;0_318_0-400m,20,0.004
0_265;0_318_0-400m,0_604;0_642_0-400m,2,0
0_265;0_318_0-400m,0_522;0_554_0-400m,2,0
0_265;0_318_0-400m,0_263;0_304_0-400m,9,0.002
0_265;0_318_0-400m,0_518;0_551_0-400m,3,0.001
0_265;0_318_0-400m,0_3002;0_3055_0-400m,5,0.001
0_265;0_318_0-400m,0_273;0_296_0-400m,9,0.002
0_265;0_318_0-400m,0_601;0_616_0-400m,0,0
0_265;0_318_0-400m,0_269;0_299_0-400m,6,0.001
0_265;0_318_0-400m,0_529;0_543_0-400m,2,0
0_265;0_318_0-400m,0_268;0_317_0-400m,3,0.001
0_265;0_318_0-400m,0_278;0_293_0-400m,19,0.004
0_265;0_318_0-400m,0_260;0_297_0-400m,7,0.002
0_265;0_318_0-400m,0_621;0_246_0-400m,6,0.001
0_265;0_318_0-400m,0_608;0_611_0-400m,0,0
0_265;0_318_0-400m,0_516;0_553_0-400m,1,0
0_265;0_318_0-400m,0_602;0_615_0-400m,1,0
0_265;0_318_0-400m,0_525;0_547_0-400m,1,0
0_265;0_318_0-400m,0_521;0_549_0-400m,1,0
0_265;0_318_0-400m,0_646;0_596_0-400m,2,0
0_265;0_318_0-400m,0_261;0_319_0-400m,2,0
0_265;0_318_0-400m,0_274;0_295_0-400m,7,0.002
0_265;0_318_0-400m,0_519;0_550_0-400m,3,0.001
0_265;0_318_0-400m,0_617;0_597_0-400m,4,0.001
0_265;0_318_0-400m,0_609;0_640_0-400m,1,0
0_265;0_318_0-400m,0_532;0_540_0-400m,2,0
0_265;0_318_0-400m,0_637;0_576_0-400m,6,0.001
0_265;0_318_0-400m,0_605_0-400m,0,0
0_265;0_318_0-400m,0_619_0-400m,0,0
0_265;0_318_0-400m,0_3490_0-400m,1,0
0_265;0_318_0-400m,0_641_0-400m,1,0
0_265;0_318_0-400m,0_647_0-400m,1,0
0_265;0_318_0-400m,0_3056_0-400m,1,0
0_265;0_318_0-400m,0_3054_0-400m,2,0
0_265;0_318_0-400m,0_242_0-400m,9,0.002
0_265;0_318_0-400m,0_243_0-400m,0,0
0_265;0_318_0-400m,0_277_0-400m,5,0.001
0_265;0_318_0-400m,0_279_0-400m,12,0.003
0_265;0_318_0-400m,0_280_0-400m,6,0.001
0_265;0_318_0-400m,0_281_0-400m,1,0
0_265;0_318_0-400m,0_3103_0-400m,2,0
0_265;0_318_0-400m,0_1182_0-400m,1,0
0_265;0_318_0-400m,0_1180_0-400m,9,0.002
0_265;0_318_0-400m,0_527_0-400m,0,0
0_265;0_318_0-400m,0_302_0-400m,10,0.002
0_265;0_318_0-400m,0_3130_0-400m,3,0.001
0_265;0_318_0-400m,0_3530_0-400m,5,0.001
0_265;0_318_0-400m,TRANSITION_ZONE,82,0.018
0_265;0_318_0-400m,External,630,0.138
0_604;0_642_0-400m,0_520;0_555_0-400m,0,0
0_604;0_642_0-400m,0_282;0_311_0-400m,0,0
0_604;0_642_0-400m,0_267;0_300_0-400m,0,0
0_604;0_642_0-400m,0_526;0_546_0-400m,0,0
0_604;0_642_0-400m,0_600;0_643_0-400m,29,0.006
0_604;0_642_0-400m,0_272;0_298_0-400m,3,0.001
0_604;0_642_0-400m,0_271;0_315_0-400m,2,0
0_604;0_642_0-400m,0_607;0_612_0-400m,17,0.004
0_604;0_642_0-400m,0_266;0_301_0-400m,2,0
0_604;0_642_0-400m,0_294;0_1181_0-400m,2,0
0_604;0_642_0-400m,0_523;0_548_0-400m,0,0
0_604;0_642_0-400m,0_275;0_316_0-400m,1,0
0_604;0_642_0-400m,0_530;0_542_0-400m,5,0.001
0_604;0_642_0-400m,0_264;0_303_0-400m,1,0
0_604;0_642_0-400m,0_531;0_541_0-400m,8,0.002
0_604;0_642_0-400m,0_603;0_614_0-400m,30,0.007
0_604;0_642_0-400m,0_3004;0_3053_0-400m,5,0.001
0_604;0_642_0-400m,0_283;0_292_0-400m,2,0
0_604;0_642_0-400m,0_566;0_570_0-400m,2,0
0_604;0_642_0-400m,0_528;0_544_0-400m,3,0.001
0_604;0_642_0-400m,0_644;0_599_0-400m,12,0.003
0_604;0_642_0-400m,0_262;0_305_0-400m,1,0
0_604;0_642_0-400m,0_567;0_569_0-400m,3,0.001
0_604;0_642_0-400m,0_265;0_318_0-400m,0,0
0_604;0_642_0-400m,0_604;0_642_0-400m,45,0.01
0_604;0_642_0-400m,0_522;0_554_0-400m,2,0
0_604;0_642_0-400m,0_263;0_304_0-400m,2,0
0_604;0_642_0-400m,0_518;0_551_0-400m,7,0.002
0_604;0_642_0-400m,0_3002;0_3055_0-400m,5,0.001
0_604;0_642_0-400m,0_273;0_296_0-400m,2,0
0_604;0_642_0-400m,0_601;0_616_0-400m,18,0.004
0_604;0_642_0-400m,0_269;0_299_0-400m,1,0
0_604;0_642_0-400m,0_529;0_543_0-400m,1,0
0_604;0_642_0-400m,0_268;0_317_0-400m,0,0
0_604;0_642_0-400m,0_278;0_293_0-400m,8,0.002
0_604;0_642_0-400m,0_260;0_297_0-400m,2,0
0_604;0_642_0-400m,0_621;0_246_0-400m,11,0.002
0_604;0_642_0-400m,0_608;0_611_0-400m,14,0.003
0_604;0_642_0-400m,0_516;0_553_0-400m,2,0
0_604;0_642_0-400m,0_602;0_615_0-400m,13,0.003
0_604;0_642_0-400m,0_525;0_547_0-400m,5,0.001
0_604;0_642_0-400m,0_521;0_549_0-400m,0,0
0_604;0_642_0-400m,0_646;0_596_0-400m,16,0.004
0_604;0_642_0-400m,0_261;0_319_0-400m,1,0
0_604;0_642_0-400m,0_274;0_295_0-400m,1,0
0_604;0_642_0-400m,0_519;0_550_0-400m,0,0
0_604;0_642_0-400m,0_617;0_597_0-400m,11,0.002
0_604;0_642_0-400m,0_609;0_640_0-400m,51,0.011
0_604;0_642_0-400m,0_532;0_540_0-400m,12,0.003
0_604;0_642_0-400m,0_637;0_576_0-400m,36,0.008
0_604;0_642_0-400m,0_605_0-400m,33,0.007
0_604;0_642_0-400m,0_619_0-400m,18,0.004
0_604;0_642_0-400m,0_3490_0-400m,0,0
0_604;0_642_0-400m,0_641_0-400m,30,0.007
0_604;0_642_0-400m,0_647_0-400m,11,0.002
0_604;0_642_0-400m,0_3056_0-400m,1,0
0_604;0_642_0-400m,0_3054_0-400m,4,0.001
0_604;0_642_0-400m,0_242_0-400m,2,0
0_604;0_642_0-400m,0_243_0-400m,7,0.002
0_604;0_642_0-400m,0_277_0-400m,0,0
0_604;0_642_0-400m,0_279_0-400m,2,0
0_604;0_642_0-400m,0_280_0-400m,0,0
0_604;0_642_0-400m,0_281_0-400m,0,0
0_604;0_642_0-400m,0_3103_0-400m,11,0.002
0_604;0_642_0-400m,0_1182_0-400m,9,0.002
0_604;0_642_0-400m,0_1180_0-400m,0,0
0_604;0_642_0-400m,0_527_0-400m,0,0
0_604;0_642_0-400m,0_302_0-400m,0,0
0_604;0_642_0-400m,0_3130_0-400m,16,0.004
0_604;0_642_0-400m,0_3530_0-400m,3,0.001
0_604;0_642_0-400m,TRANSITION_ZONE,125,0.027
0_604;0_642_0-400m,External,918,0.202
0_522;0_554_0-400m,0_520;0_555_0-400m,12,0.003
0_522;0_554_0-400m,0_282;0_311_0-400m,1,0
0_522;0_554_0-400m,0_267;0_300_0-400m,1,0
0_522;0_554_0-400m,0_526;0_546_0-400m,14,0.003
0_522;0_554_0-400m,0_600;0_643_0-400m,2,0
0_522;0_554_0-400m,0_272;0_298_0-400m,9,0.002
0_522;0_554_0-400m,0_271;0_315_0-400m,1,0
0_522;0_554_0-400m,0_607;0_612_0-400m,1,0
0_522;0_554_0-400m,0_266;0_301_0-400m,1,0
0_522;0_554_0-400m,0_294;0_1181_0-400m,1,0
0_522;0_554_0-400m,0_523;0_548_0-400m,18,0.004
0_522;0_554_0-400m,0_275;0_316_0-400m,4,0.001
0_522;0_554_0-400m,0_530;0_542_0-400m,24,0.005
0_522;0_554_0-400m,0_264;0_303_0-400m,1,0
0_522;0_554_0-400m,0_531;0_541_0-400m,17,0.004
0_522;0_554_0-400m,0_603;0_614_0-400m,2,0
0_522;0_554_0-400m,0_3004;0_3053_0-400m,9,0.002
0_522;0_554_0-400m,0_283;0_292_0-400m,0,0
0_522;0_554_0-400m,0_566;0_570_0-400m,14,0.003
0_522;0_554_0-400m,0_528;0_544_0-400m,25,0.005
0_522;0_554_0-400m,0_644;0_599_0-400m,4,0.001
0_522;0_554_0-400m,0_262;0_305_0-400m,2,0
0_522;0_554_0-400m,0_567;0_569_0-400m,11,0.002
0_522;0_554_0-400m,0_265;0_318_0-400m,1,0
0_522;0_554_0-400m,0_604;0_642_0-400m,2,0
0_522;0_554_0-400m,0_522;0_554_0-400m,36,0.008
0_522;0_554_0-400m,0_263;0_304_0-400m,3,0.001
0_522;0_554_0-400m,0_518;0_551_0-400m,26,0.006
0_522;0_554_0-400m,0_3002;0_3055_0-400m,21,0.005
0_522;0_554_0-400m,0_273;0_296_0-400m,0,0
0_522;0_554_0-400m,0_601;0_616_0-400m,1,0
0_522;0_554_0-400m,0_269;0_299_0-400m,1,0
0_522;0_554_0-400m,0_529;0_543_0-400m,21,0.005
0_522;0_554_0-400m,0_268;0_317_0-400m,2,0
0_522;0_554_0-400m,0_278;0_293_0-400m,2,0
0_522;0_554_0-400m,0_260;0_297_0-400m,6,0.001
0_522;0_554_0-400m,0_621;0_246_0-400m,12,0.003
0_522;0_554_0-400m,0_608;0_611_0-400m,0,0
0_522;0_554_0-400m,0_516;0_553_0-400m,17,0.004
0_522;0_554_0-400m,0_602;0_615_0-400m,3,0.001
0_522;0_554_0-400m,0_525;0_547_0-400m,23,0.005
0_522;0_554_0-400m,0_521;0_549_0-400m,10,0.002
0_522;0_554_0-400m,0_646;0_596_0-400m,6,0.001
0_522;0_554_0-400m,0_261;0_319_0-400m,6,0.001
0_522;0_554_0-400m,0_274;0_295_0-400m,0,0
0_522;0_554_0-400m,0_519;0_550_0-400m,24,0.005
0_522;0_554_0-400m,0_617;0_597_0-400m,5,0.001
0_522;0_554_0-400m,0_609;0_640_0-400m,3,0.001
0_522;0_554_0-400m,0_532;0_540_0-400m,70,0.015
0_522;0_554_0-400m,0_637;0_576_0-400m,5,0.001
0_522;0_554_0-400m,0_605_0-400m,2,0
0_522;0_554_0-400m,0_619_0-400m,5,0.001
0_522;0_554_0-400m,0_3490_0-400m,0,0
0_522;0_554_0-400m,0_641_0-400m,2,0
0_522;0_554_0-400m,0_647_0-400m,7,0.002
0_522;0_554_0-400m,0_3056_0-400m,2,0
0_522;0_554_0-400m,0_3054_0-400m,12,0.003
0_522;0_554_0-400m,0_242_0-400m,20,0.004
0_522;0_554_0-400m,0_243_0-400m,3,0.001
0_522;0_554_0-400m,0_277_0-400m,0,0
0_522;0_554_0-400m,0_279_0-400m,2,0
0_522;0_554_0-400m,0_280_0-400m,1,0
0_522;0_554_0-400m,0_281_0-400m,0,0
0_522;0_554_0-400m,0_3103_0-400m,9,0.002
0_522;0_554_0-400m,0_1182_0-400m,3,0.001
0_522;0_554_0-400m,0_1180_0-400m,1,0
0_522;0_554_0-400m,0_527_0-400m,9,0.002
0_522;0_554_0-400m,0_302_0-400m,0,0
0_522;0_554_0-400m,0_3130_0-400m,6,0.001
0_522;0_554_0-400m,0_3530_0-400m,2,0
0_522;0_554_0-400m,TRANSITION_ZONE,100,0.022
0_522;0_554_0-400m,External,1113,0.245
0_263;0_304_0-400m,0_520;0_555_0-400m,6,0.001
0_263;0_304_0-400m,0_282;0_311_0-400m,2,0
0_263;0_304_0-400m,0_267;0_300_0-400m,2,0
0_263;0_304_0-400m,0_526;0_546_0-400m,3,0.001
0_263;0_304_0-400m,0_600;0_643_0-400m,5,0.001
0_263;0_304_0-400m,0_272;0_298_0-400m,41,0.009
0_263;0_304_0-400m,0_271;0_315_0-400m,9,0.002
0_263;0_304_0-400m,0_607;0_612_0-400m,1,0
0_263;0_304_0-400m,0_266;0_301_0-400m,12,0.003
0_263;0_304_0-400m,0_294;0_1181_0-400m,13,0.003
0_263;0_304_0-400m,0_523;0_548_0-400m,3,0.001
0_263;0_304_0-400m,0_275;0_316_0-400m,27,0.006
0_263;0_304_0-400m,0_530;0_542_0-400m,0,0
0_263;0_304_0-400m,0_264;0_303_0-400m,15,0.003
0_263;0_304_0-400m,0_531;0_541_0-400m,3,0.001
0_263;0_304_0-400m,0_603;0_614_0-400m,2,0
0_263;0_304_0-400m,0_3004;0_3053_0-400m,14,0.003
0_263;0_304_0-400m,0_283;0_292_0-400m,16,0.004
0_263;0_304_0-400m,0_566;0_570_0-400m,4,0.001
0_263;0_304_0-400m,0_528;0_544_0-400m,6,0.001
0_263;0_304_0-400m,0_644;0_599_0-400m,6,0.001
0_263;0_304_0-400m,0_262;0_305_0-400m,50,0.011
0_263;0_304_0-400m,0_567;0_569_0-400m,11,0.002
0_263;0_304_0-400m,0_265;0_318_0-400m,5,0.001
0_263;0_304_0-400m,0_604;0_642_0-400m,5,0.001
0_263;0_304_0-400m,0_522;0_554_0-400m,1,0
0_263;0_304_0-400m,0_263;0_304_0-400m,113,0.025
0_263;0_304_0-400m,0_518;0_551_0-400m,22,0.005
0_263;0_304_0-400m,0_3002;0_3055_0-400m,17,0.004
0_263;0_304_0-400m,0_273;0_296_0-400m,22,0.005
0_263;0_304_0-400m,0_601;0_616_0-400m,5,0.001
0_263;0_304_0-400m,0_269;0_299_0-400m,15,0.003
0_263;0_304_0-400m,0_529;0_543_0-400m,3,0.001
0_263;0_304_0-400m,0_268;0_317_0-400m,10,0.002
0_263;0_304_0-400m,0_278;0_293_0-400m,29,0.006
0_263;0_304_0-400m,0_260;0_297_0-400m,25,0.005
0_263;0_304_0-400m,0_621;0_246_0-400m,25,0.005
0_263;0_304_0-400m,0_608;0_611_0-400m,3,0.001
0_263;0_304_0-400m,0_516;0_553_0-400m,12,0.003
0_263;0_304_0-400m,0_602;0_615_0-400m,2,0
0_263;0_304_0-400m,0_525;0_547_0-400m,18,0.004
0_263;0_304_0-400m,0_521;0_549_0-400m,3,0.001
0_263;0_304_0-400m,0_646;0_596_0-400m,12,0.003
0_263;0_304_0-400m,0_261;0_319_0-400m,26,0.006
0_263;0_304_0-400m,0_274;0_295_0-400m,32,0.007
0_263;0_304_0-400m,0_519;0_550_0-400m,3,0.001
0_263;0_304_0-400m,0_617;0_597_0-400m,4,0.001
0_263;0_304_0-400m,0_609;0_640_0-400m,9,0.002
0_263;0_304_0-400m,0_532;0_540_0-400m,17,0.004
0_263;0_304_0-400m,0_637;0_576_0-400m,9,0.002
0_263;0_304_0-400m,0_605_0-400m,2,0
0_263;0_304_0-400m,0_619_0-400m,13,0.003
0_263;0_304_0-400m,0_3490_0-400m,2,0
0_263;0_304_0-400m,0_641_0-400m,3,0.001
0_263;0_304_0-400m,0_647_0-400m,19,0.004
0_263;0_304_0-400m,0_3056_0-400m,5,0.001
0_263;0_304_0-400m,0_3054_0-400m,9,0.002
0_263;0_304_0-400m,0_242_0-400m,32,0.007
0_263;0_304_0-400m,0_243_0-400m,4,0.001
0_263;0_304_0-400m,0_277_0-400m,9,0.002
0_263;0_304_0-400m,0_279_0-400m,18,0.004
0_263;0_304_0-400m,0_280_0-400m,17,0.004
0_263;0_304_0-400m,0_281_0-400m,2,0
0_263;0_304_0-400m,0_3103_0-400m,24,0.005
0_263;0_304_0-400m,0_1182_0-400m,12,0.003
0_263;0_304_0-400m,0_1180_0-400m,3,0.001
0_263;0_304_0-400m,0_527_0-400m,1,0
0_263;0_304_0-400m,0_302_0-400m,10,0.002
0_263;0_304_0-400m,0_3130_0-400m,33,0.007
0_263;0_304_0-400m,0_3530_0-400m,23,0.005
0_263;0_304_0-400m,TRANSITION_ZONE,234,0.051
0_263;0_304_0-400m,External,1831,0.402
0_518;0_551_0-400m,0_520;0_555_0-400m,21,0.005
0_518;0_551_0-400m,0_282;0_311_0-400m,2,0
0_518;0_551_0-400m,0_267;0_300_0-400m,0,0
0_518;0_551_0-400m,0_526;0_546_0-400m,18,0.004
0_518;0_551_0-400m,0_600;0_643_0-400m,11,0.002
0_518;0_551_0-400m,0_272;0_298_0-400m,65,0.014
0_518;0_551_0-400m,0_271;0_315_0-400m,2,0
0_518;0_551_0-400m,0_607;0_612_0-400m,1,0
0_518;0_551_0-400m,0_266;0_301_0-400m,4,0.001
0_518;0_551_0-400m,0_294;0_1181_0-400m,11,0.002
0_518;0_551_0-400m,0_523;0_548_0-400m,17,0.004
0_518;0_551_0-400m,0_275;0_316_0-400m,8,0.002
0_518;0_551_0-400m,0_530;0_542_0-400m,26,0.006
0_518;0_551_0-400m,0_264;0_303_0-400m,6,0.001
0_518;0_551_0-400m,0_531;0_541_0-400m,36,0.008
0_518;0_551_0-400m,0_603;0_614_0-400m,9,0.002
0_518;0_551_0-400m,0_3004;0_3053_0-400m,46,0.01
0_518;0_551_0-400m,0_283;0_292_0-400m,8,0.002
0_518;0_551_0-400m,0_566;0_570_0-400m,48,0.011
0_518;0_551_0-400m,0_528;0_544_0-400m,33,0.007
0_518;0_551_0-400m,0_644;0_599_0-400m,9,0.002
0_518;0_551_0-400m,0_262;0_305_0-400m,13,0.003
0_518;0_551_0-400m,0_567;0_569_0-400m,70,0.015
0_518;0_551_0-400m,0_265;0_318_0-400m,3,0.001
0_518;0_551_0-400m,0_604;0_642_0-400m,12,0.003
0_518;0_551_0-400m,0_522;0_554_0-400m,28,0.006
0_518;0_551_0-400m,0_263;0_304_0-400m,18,0.004
0_518;0_551_0-400m,0_518;0_551_0-400m,165,0.036
0_518;0_551_0-400m,0_3002;0_3055_0-400m,70,0.015
0_518;0_551_0-400m,0_273;0_296_0-400m,9,0.002
0_518;0_551_0-400m,0_601;0_616_0-400m,7,0.002
0_518;0_551_0-400m,0_269;0_299_0-400m,4,0.001
0_518;0_551_0-400m,0_529;0_543_0-400m,30,0.007
0_518;0_551_0-400m,0_268;0_317_0-400m,3,0.001
0_518;0_551_0-400m,0_278;0_293_0-400m,12,0.003
0_518;0_551_0-400m,0_260;0_297_0-400m,43,0.009
0_518;0_551_0-400m,0_621;0_246_0-400m,68,0.015
0_518;0_551_0-400m,0_608;0_611_0-400m,4,0.001
0_518;0_551_0-400m,0_516;0_553_0-400m,104,0.023
0_518;0_551_0-400m,0_602;0_615_0-400m,16,0.004
0_518;0_551_0-400m,0_525;0_547_0-400m,52,0.011
0_518;0_551_0-400m,0_521;0_549_0-400m,16,0.004
0_518;0_551_0-400m,0_646;0_596_0-400m,26,0.006
0_518;0_551_0-400m,0_261;0_319_0-400m,17,0.004
0_518;0_551_0-400m,0_274;0_295_0-400m,3,0.001
0_518;0_551_0-400m,0_519;0_550_0-400m,81,0.018
0_518;0_551_0-400m,0_617;0_597_0-400m,6,0.001
0_518;0_551_0-400m,0_609;0_640_0-400m,24,0.005
0_518;0_551_0-400m,0_532;0_540_0-400m,118,0.026
0_518;0_551_0-400m,0_637;0_576_0-400m,24,0.005
0_518;0_551_0-400m,0_605_0-400m,11,0.002
0_518;0_551_0-400m,0_619_0-400m,30,0.007
0_518;0_551_0-400m,0_3490_0-400m,1,0
0_518;0_551_0-400m,0_641_0-400m,2,0
0_518;0_551_0-400m,0_647_0-400m,27,0.006
0_518;0_551_0-400m,0_3056_0-400m,24,0.005
0_518;0_551_0-400m,0_3054_0-400m,52,0.011
0_518;0_551_0-400m,0_242_0-400m,83,0.018
0_518;0_551_0-400m,0_243_0-400m,4,0.001
0_518;0_551_0-400m,0_277_0-400m,0,0
0_518;0_551_0-400m,0_279_0-400m,5,0.001
0_518;0_551_0-400m,0_280_0-400m,5,0.001
0_518;0_551_0-400m,0_281_0-400m,1,0
0_518;0_551_0-400m,0_3103_0-400m,46,0.01
0_518;0_551_0-400m,0_1182_0-400m,21,0.005
0_518;0_551_0-400m,0_1180_0-400m,2,0
0_518;0_551_0-400m,0_527_0-400m,12,0.003
0_518;0_551_0-400m,0_302_0-400m,1,0
0_518;0_551_0-400m,0_3130_0-400m,45,0.01
0_518;0_551_0-400m,0_3530_0-400m,26,0.006
0_518;0_551_0-400m,TRANSITION_ZONE,559,0.123
0_518;0_551_0-400m,External,6092,1.339
0_3002;0_3055_0-400m,0_520;0_555_0-400m,18,0.004
0_3002;0_3055_0-400m,0_282;0_311_0-400m,3,0.001
0_3002;0_3055_0-400m,0_267;0_300_0-400m,1,0
0_3002;0_3055_0-400m,0_526;0_546_0-400m,10,0.002
0_3002;0_3055_0-400m,0_600;0_643_0-400m,15,0.003
0_3002;0_3055_0-400m,0_272;0_298_0-400m,60,0.013
0_3002;0_3055_0-400m,0_271;0_315_0-400m,7,0.002
0_3002;0_3055_0-400m,0_607;0_612_0-400m,5,0.001
0_3002;0_3055_0-400m,0_266;0_301_0-400m,10,0.002
0_3002;0_3055_0-400m,0_294;0_1181_0-400m,10,0.002
0_3002;0_3055_0-400m,0_523;0_548_0-400m,9,0.002
0_3002;0_3055_0-400m,0_275;0_316_0-400m,11,0.002
0_3002;0_3055_0-400m,0_530;0_542_0-400m,20,0.004
0_3002;0_3055_0-400m,0_264;0_303_0-400m,23,0.005
0_3002;0_3055_0-400m,0_531;0_541_0-400m,19,0.004
0_3002;0_3055_0-400m,0_603;0_614_0-400m,8,0.002
0_3002;0_3055_0-400m,0_3004;0_3053_0-400m,59,0.013
0_3002;0_3055_0-400m,0_283;0_292_0-400m,4,0.001
0_3002;0_3055_0-400m,0_566;0_570_0-400m,30,0.007
0_3002;0_3055_0-400m,0_528;0_544_0-400m,13,0.003
0_3002;0_3055_0-400m,0_644;0_599_0-400m,22,0.005
0_3002;0_3055_0-400m,0_262;0_305_0-400m,14,0.003
0_3002;0_3055_0-400m,0_567;0_569_0-400m,24,0.005
0_3002;0_3055_0-400m,0_265;0_318_0-400m,1,0
0_3002;0_3055_0-400m,0_604;0_642_0-400m,11,0.002
0_3002;0_3055_0-400m,0_522;0_554_0-400m,18,0.004
0_3002;0_3055_0-400m,0_263;0_304_0-400m,21,0.005
0_3002;0_3055_0-400m,0_518;0_551_0-400m,71,0.016
0_3002;0_3055_0-400m,0_3002;0_3055_0-400m,122,0.027
0_3002;0_3055_0-400m,0_273;0_296_0-400m,11,0.002
0_3002;0_3055_0-400m,0_601;0_616_0-400m,12,0.003
0_3002;0_3055_0-400m,0_269;0_299_0-400m,4,0.001
0_3002;0_3055_0-400m,0_529;0_543_0-400m,10,0.002
0_3002;0_3055_0-400m,0_268;0_317_0-400m,7,0.002
0_3002;0_3055_0-400m,0_278;0_293_0-400m,4,0.001
0_3002;0_3055_0-400m,0_260;0_297_0-400m,40,0.009
0_3002;0_3055_0-400m,0_621;0_246_0-400m,93,0.02
0_3002;0_3055_0-400m,0_608;0_611_0-400m,5,0.001
0_3002;0_3055_0-400m,0_516;0_553_0-400m,53,0.012
0_3002;0_3055_0-400m,0_602;0_615_0-400m,13,0.003
0_3002;0_3055_0-400m,0_525;0_547_0-400m,32,0.007
0_3002;0_3055_0-400m,0_521;0_549_0-400m,20,0.004
0_3002;0_3055_0-400m,0_646;0_596_0-400m,19,0.004
0_3002;0_3055_0-400m,0_261;0_319_0-400m,17,0.004
0_3002;0_3055_0-400m,0_274;0_295_0-400m,5,0.001
0_3002;0_3055_0-400m,0_519;0_550_0-400m,43,0.009
0_3002;0_3055_0-400m,0_617;0_597_0-400m,14,0.003
0_3002;0_3055_0-400m,0_609;0_640_0-400m,19,0.004
0_3002;0_3055_0-400m,0_532;0_540_0-400m,87,0.019
0_3002;0_3055_0-400m,0_637;0_576_0-400m,20,0.004
0_3002;0_3055_0-400m,0_605_0-400m,7,0.002
0_3002;0_3055_0-400m,0_619_0-400m,41,0.009
0_3002;0_3055_0-400m,0_3490_0-400m,0,0
0_3002;0_3055_0-400m,0_641_0-400m,8,0.002
0_3002;0_3055_0-400m,0_647_0-400m,31,0.007
0_3002;0_3055_0-400m,0_3056_0-400m,34,0.007
0_3002;0_3055_0-400m,0_3054_0-400m,76,0.017
0_3002;0_3055_0-400m,0_242_0-400m,147,0.032
0_3002;0_3055_0-400m,0_243_0-400m,13,0.003
0_3002;0_3055_0-400m,0_277_0-400m,2,0
0_3002;0_3055_0-400m,0_279_0-400m,8,0.002
0_3002;0_3055_0-400m,0_280_0-400m,7,0.002
0_3002;0_3055_0-400m,0_281_0-400m,1,0
0_3002;0_3055_0-400m,0_3103_0-400m,67,0.015
0_3002;0_3055_0-400m,0_1182_0-400m,28,0.006
0_3002;0_3055_0-400m,0_1180_0-400m,1,0
0_3002;0_3055_0-400m,0_527_0-400m,3,0.001
0_3002;0_3055_0-400m,0_302_0-400m,2,0
0_3002;0_3055_0-400m,0_3130_0-400m,60,0.013
0_3002;0_3055_0-400m,0_3530_0-400m,34,0.007
0_3002;0_3055_0-400m,TRANSITION_ZONE,443,0.097
0_3002;0_3055_0-400m,External,6176,1.358
0_273;0_296_0-400m,0_520;0_555_0-400m,2,0
0_273;0_296_0-400m,0_282;0_311_0-400m,3,0.001
0_273;0_296_0-400m,0_267;0_300_0-400m,1,0
0_273;0_296_0-400m,0_526;0_546_0-400m,0,0
0_273;0_296_0-400m,0_600;0_643_0-400m,6,0.001
0_273;0_296_0-400m,0_272;0_298_0-400m,17,0.004
0_273;0_296_0-400m,0_271;0_315_0-400m,4,0.001
0_273;0_296_0-400m,0_607;0_612_0-400m,0,0
0_273;0_296_0-400m,0_266;0_301_0-400m,11,0.002
0_273;0_296_0-400m,0_294;0_1181_0-400m,11,0.002
0_273;0_296_0-400m,0_523;0_548_0-400m,1,0
0_273;0_296_0-400m,0_275;0_316_0-400m,15,0.003
0_273;0_296_0-400m,0_530;0_542_0-400m,3,0.001
0_273;0_296_0-400m,0_264;0_303_0-400m,8,0.002
0_273;0_296_0-400m,0_531;0_541_0-400m,1,0
0_273;0_296_0-400m,0_603;0_614_0-400m,3,0.001
0_273;0_296_0-400m,0_3004;0_3053_0-400m,5,0.001
0_273;0_296_0-400m,0_283;0_292_0-400m,9,0.002
0_273;0_296_0-400m,0_566;0_570_0-400m,2,0
0_273;0_296_0-400m,0_528;0_544_0-400m,0,0
0_273;0_296_0-400m,0_644;0_599_0-400m,0,0
0_273;0_296_0-400m,0_262;0_305_0-400m,17,0.004
0_273;0_296_0-400m,0_567;0_569_0-400m,4,0.001
0_273;0_296_0-400m,0_265;0_318_0-400m,3,0.001
0_273;0_296_0-400m,0_604;0_642_0-400m,1,0
0_273;0_296_0-400m,0_522;0_554_0-400m,0,0
0_273;0_296_0-400m,0_263;0_304_0-400m,15,0.003
0_273;0_296_0-400m,0_518;0_551_0-400m,4,0.001
0_273;0_296_0-400m,0_3002;0_3055_0-400m,8,0.002
0_273;0_296_0-400m,0_273;0_296_0-400m,22,0.005
0_273;0_296_0-400m,0_601;0_616_0-400m,1,0
0_273;0_296_0-400m,0_269;0_299_0-400m,8,0.002
0_273;0_296_0-400m,0_529;0_543_0-400m,1,0
0_273;0_296_0-400m,0_268;0_317_0-400m,6,0.001
0_273;0_296_0-400m,0_278;0_293_0-400m,14,0.003
0_273;0_296_0-400m,0_260;0_297_0-400m,12,0.003
0_273;0_296_0-400m,0_621;0_246_0-400m,8,0.002
0_273;0_296_0-400m,0_608;0_611_0-400m,2,0
0_273;0_296_0-400m,0_516;0_553_0-400m,9,0.002
0_273;0_296_0-400m,0_602;0_615_0-400m,2,0
0_273;0_296_0-400m,0_525;0_547_0-400m,2,0
0_273;0_296_0-400m,0_521;0_549_0-400m,2,0
0_273;0_296_0-400m,0_646;0_596_0-400m,3,0.001
0_273;0_296_0-400m,0_261;0_319_0-400m,13,0.003
0_273;0_296_0-400m,0_274;0_295_0-400m,15,0.003
0_273;0_296_0-400m,0_519;0_550_0-400m,4,0.001
0_273;0_296_0-400m,0_617;0_597_0-400m,6,0.001
0_273;0_296_0-400m,0_609;0_640_0-400m,2,0
0_273;0_296_0-400m,0_532;0_540_0-400m,15,0.003
0_273;0_296_0-400m,0_637;0_576_0-400m,1,0
0_273;0_296_0-400m,0_605_0-400m,1,0
0_273;0_296_0-400m,0_619_0-400m,5,0.001
0_273;0_296_0-400m,0_3490_0-400m,1,0
0_273;0_296_0-400m,0_641_0-400m,0,0
0_273;0_296_0-400m,0_647_0-400m,5,0.001
0_273;0_296_0-400m,0_3056_0-400m,1,0
0_273;0_296_0-400m,0_3054_0-400m,5,0.001
0_273;0_296_0-400m,0_242_0-400m,21,0.005
0_273;0_296_0-400m,0_243_0-400m,2,0
0_273;0_296_0-400m,0_277_0-400m,4,0.001
0_273;0_296_0-400m,0_279_0-400m,9,0.002
0_273;0_296_0-400m,0_280_0-400m,9,0.002
0_273;0_296_0-400m,0_281_0-400m,0,0
0_273;0_296_0-400m,0_3103_0-400m,6,0.001
0_273;0_296_0-400m,0_1182_0-400m,3,0.001
0_273;0_296_0-400m,0_1180_0-400m,5,0.001
0_273;0_296_0-400m,0_527_0-400m,1,0
0_273;0_296_0-400m,0_302_0-400m,7,0.002
0_273;0_296_0-400m,0_3130_0-400m,16,0.004
0_273;0_296_0-400m,0_3530_0-400m,12,0.003
0_273;0_296_0-400m,TRANSITION_ZONE,119,0.026
0_273;0_296_0-400m,External,956,0.21
0_601;0_616_0-400m,0_520;0_555_0-400m,2,0
0_601;0_616_0-400m,0_282;0_311_0-400m,0,0
0_601;0_616_0-400m,0_267;0_300_0-400m,0,0
0_601;0_616_0-400m,0_526;0_546_0-400m,1,0
0_601;0_616_0-400m,0_600;0_643_0-400m,48,0.011
0_601;0_616_0-400m,0_272;0_298_0-400m,4,0.001
0_601;0_616_0-400m,0_271;0_315_0-400m,1,0
0_601;0_616_0-400m,0_607;0_612_0-400m,18,0.004
0_601;0_616_0-400m,0_266;0_301_0-400m,1,0
0_601;0_616_0-400m,0_294;0_1181_0-400m,2,0
0_601;0_616_0-400m,0_523;0_548_0-400m,0,0
0_601;0_616_0-400m,0_275;0_316_0-400m,2,0
0_601;0_616_0-400m,0_530;0_542_0-400m,3,0.001
0_601;0_616_0-400m,0_264;0_303_0-400m,3,0.001
0_601;0_616_0-400m,0_531;0_541_0-400m,2,0
0_601;0_616_0-400m,0_603;0_614_0-400m,17,0.004
0_601;0_616_0-400m,0_3004;0_3053_0-400m,2,0
0_601;0_616_0-400m,0_283;0_292_0-400m,7,0.002
0_601;0_616_0-400m,0_566;0_570_0-400m,1,0
0_601;0_616_0-400m,0_528;0_544_0-400m,0,0
0_601;0_616_0-400m,0_644;0_599_0-400m,18,0.004
0_601;0_616_0-400m,0_262;0_305_0-400m,1,0
0_601;0_616_0-400m,0_567;0_569_0-400m,4,0.001
0_601;0_616_0-400m,0_265;0_318_0-400m,2,0
0_601;0_616_0-400m,0_604;0_642_0-400m,19,0.004
0_601;0_616_0-400m,0_522;0_554_0-400m,3,0.001
0_601;0_616_0-400m,0_263;0_304_0-400m,4,0.001
0_601;0_616_0-400m,0_518;0_551_0-400m,4,0.001
0_601;0_616_0-400m,0_3002;0_3055_0-400m,5,0.001
0_601;0_616_0-400m,0_273;0_296_0-400m,1,0
0_601;0_616_0-400m,0_601;0_616_0-400m,48,0.011
0_601;0_616_0-400m,0_269;0_299_0-400m,3,0.001
0_601;0_616_0-400m,0_529;0_543_0-400m,2,0
0_601;0_616_0-400m,0_268;0_317_0-400m,1,0
0_601;0_616_0-400m,0_278;0_293_0-400m,1,0
0_601;0_616_0-400m,0_260;0_297_0-400m,6,0.001
0_601;0_616_0-400m,0_621;0_246_0-400m,17,0.004
0_601;0_616_0-400m,0_608;0_611_0-400m,7,0.002
0_601;0_616_0-400m,0_516;0_553_0-400m,2,0
0_601;0_616_0-400m,0_602;0_615_0-400m,32,0.007
0_601;0_616_0-400m,0_525;0_547_0-400m,5,0.001
0_601;0_616_0-400m,0_521;0_549_0-400m,0,0
0_601;0_616_0-400m,0_646;0_596_0-400m,28,0.006
0_601;0_616_0-400m,0_261;0_319_0-400m,2,0
0_601;0_616_0-400m,0_274;0_295_0-400m,1,0
0_601;0_616_0-400m,0_519;0_550_0-400m,6,0.001
0_601;0_616_0-400m,0_617;0_597_0-400m,25,0.005
0_601;0_616_0-400m,0_609;0_640_0-400m,32,0.007
0_601;0_616_0-400m,0_532;0_540_0-400m,10,0.002
0_601;0_616_0-400m,0_637;0_576_0-400m,25,0.005
0_601;0_616_0-400m,0_605_0-400m,18,0.004
0_601;0_616_0-400m,0_619_0-400m,19,0.004
0_601;0_616_0-400m,0_3490_0-400m,0,0
0_601;0_616_0-400m,0_641_0-400m,15,0.003
0_601;0_616_0-400m,0_647_0-400m,26,0.006
0_601;0_616_0-400m,0_3056_0-400m,3,0.001
0_601;0_616_0-400m,0_3054_0-400m,6,0.001
0_601;0_616_0-400m,0_242_0-400m,11,0.002
0_601;0_616_0-400m,0_243_0-400m,2,0
0_601;0_616_0-400m,0_277_0-400m,1,0
0_601;0_616_0-400m,0_279_0-400m,1,0
0_601;0_616_0-400m,0_280_0-400m,0,0
0_601;0_616_0-400m,0_281_0-400m,0,0
0_601;0_616_0-400m,0_3103_0-400m,22,0.005
0_601;0_616_0-400m,0_1182_0-400m,17,0.004
0_601;0_616_0-400m,0_1180_0-400m,0,0
0_601;0_616_0-400m,0_527_0-400m,1,0
0_601;0_616_0-400m,0_302_0-400m,2,0
0_601;0_616_0-400m,0_3130_0-400m,14,0.003
0_601;0_616_0-400m,0_3530_0-400m,7,0.002
0_601;0_616_0-400m,TRANSITION_ZONE,165,0.036
0_601;0_616_0-400m,External,1035,0.227
0_269;0_299_0-400m,0_520;0_555_0-400m,0,0
0_269;0_299_0-400m,0_282;0_311_0-400m,2,0
0_269;0_299_0-400m,0_267;0_300_0-400m,1,0
0_269;0_299_0-400m,0_526;0_546_0-400m,1,0
0_269;0_299_0-400m,0_600;0_643_0-400m,2,0
0_269;0_299_0-400m,0_272;0_298_0-400m,3,0.001
0_269;0_299_0-400m,0_271;0_315_0-400m,12,0.003
0_269;0_299_0-400m,0_607;0_612_0-400m,0,0
0_269;0_299_0-400m,0_266;0_301_0-400m,10,0.002
0_269;0_299_0-400m,0_294;0_1181_0-400m,13,0.003
0_269;0_299_0-400m,0_523;0_548_0-400m,1,0
0_269;0_299_0-400m,0_275;0_316_0-400m,20,0.004
0_269;0_299_0-400m,0_530;0_542_0-400m,1,0
0_269;0_299_0-400m,0_264;0_303_0-400m,22,0.005
0_269;0_299_0-400m,0_531;0_541_0-400m,1,0
0_269;0_299_0-400m,0_603;0_614_0-400m,1,0
0_269;0_299_0-400m,0_3004;0_3053_0-400m,0,0
0_269;0_299_0-400m,0_283;0_292_0-400m,11,0.002
0_269;0_299_0-400m,0_566;0_570_0-400m,0,0
0_269;0_299_0-400m,0_528;0_544_0-400m,0,0
0_269;0_299_0-400m,0_644;0_599_0-400m,1,0
0_269;0_299_0-400m,0_262;0_305_0-400m,5,0.001
0_269;0_299_0-400m,0_567;0_569_0-400m,2,0
0_269;0_299_0-400m,0_265;0_318_0-400m,9,0.002
0_269;0_299_0-400m,0_604;0_642_0-400m,0,0
0_269;0_299_0-400m,0_522;0_554_0-400m,1,0
0_269;0_299_0-400m,0_263;0_304_0-400m,13,0.003
0_269;0_299_0-400m,0_518;0_551_0-400m,5,0.001
0_269;0_299_0-400m,0_3002;0_3055_0-400m,3,0.001
0_269;0_299_0-400m,0_273;0_296_0-400m,14,0.003
0_269;0_299_0-400m,0_601;0_616_0-400m,2,0
0_269;0_299_0-400m,0_269;0_299_0-400m,27,0.006
0_269;0_299_0-400m,0_529;0_543_0-400m,0,0
0_269;0_299_0-400m,0_268;0_317_0-400m,14,0.003
0_269;0_299_0-400m,0_278;0_293_0-400m,16,0.004
0_269;0_299_0-400m,0_260;0_297_0-400m,4,0.001
0_269;0_299_0-400m,0_621;0_246_0-400m,7,0.002
0_269;0_299_0-400m,0_608;0_611_0-400m,1,0
0_269;0_299_0-400m,0_516;0_553_0-400m,3,0.001
0_269;0_299_0-400m,0_602;0_615_0-400m,2,0
0_269;0_299_0-400m,0_525;0_547_0-400m,1,0
0_269;0_299_0-400m,0_521;0_549_0-400m,1,0
0_269;0_299_0-400m,0_646;0_596_0-400m,1,0
0_269;0_299_0-400m,0_261;0_319_0-400m,7,0.002
0_269;0_299_0-400m,0_274;0_295_0-400m,4,0.001
0_269;0_299_0-400m,0_519;0_550_0-400m,5,0.001
0_269;0_299_0-400m,0_617;0_597_0-400m,2,0
0_269;0_299_0-400m,0_609;0_640_0-400m,3,0.001
0_269;0_299_0-400m,0_532;0_540_0-400m,6,0.001
0_269;0_299_0-400m,0_637;0_576_0-400m,1,0
0_269;0_299_0-400m,0_605_0-400m,0,0
0_269;0_299_0-400m,0_619_0-400m,0,0
0_269;0_299_0-400m,0_3490_0-400m,0,0
0_269;0_299_0-400m,0_641_0-400m,0,0
0_269;0_299_0-400m,0_647_0-400m,3,0.001
0_269;0_299_0-400m,0_3056_0-400m,0,0
0_269;0_299_0-400m,0_3054_0-400m,2,0
0_269;0_299_0-400m,0_242_0-400m,6,0.001
0_269;0_299_0-400m,0_243_0-400m,0,0
0_269;0_299_0-400m,0_277_0-400m,13,0.003
0_269;0_299_0-400m,0_279_0-400m,0,0
0_269;0_299_0-400m,0_280_0-400m,13,0.003
0_269;0_299_0-400m,0_281_0-400m,2,0
0_269;0_299_0-400m,0_3103_0-400m,4,0.001
0_269;0_299_0-400m,0_1182_0-400m,3,0.001
0_269;0_299_0-400m,0_1180_0-400m,3,0.001
0_269;0_299_0-400m,0_527_0-400m,1,0
0_269;0_299_0-400m,0_302_0-400m,2,0
0_269;0_299_0-400m,0_3130_0-400m,7,0.002
0_269;0_299_0-400m,0_3530_0-400m,2,0
0_269;0_299_0-400m,TRANSITION_ZONE,72,0.016
0_269;0_299_0-400m,External,633,0.139
0_529;0_543_0-400m,0_520;0_555_0-400m,16,0.004
0_529;0_543_0-400m,0_282;0_311_0-400m,0,0
0_529;0_543_0-400m,0_267;0_300_0-400m,0,0
0_529;0_543_0-400m,0_526;0_546_0-400m,7,0.002
0_529;0_543_0-400m,0_600;0_643_0-400m,2,0
0_529;0_543_0-400m,0_272;0_298_0-400m,18,0.004
0_529;0_543_0-400m,0_271;0_315_0-400m,2,0
0_529;0_543_0-400m,0_607;0_612_0-400m,1,0
0_529;0_543_0-400m,0_266;0_301_0-400m,0,0
0_529;0_543_0-400m,0_294;0_1181_0-400m,2,0
0_529;0_543_0-400m,0_523;0_548_0-400m,8,0.002
0_529;0_543_0-400m,0_275;0_316_0-400m,0,0
0_529;0_543_0-400m,0_530;0_542_0-400m,32,0.007
0_529;0_543_0-400m,0_264;0_303_0-400m,2,0
0_529;0_543_0-400m,0_531;0_541_0-400m,19,0.004
0_529;0_543_0-400m,0_603;0_614_0-400m,2,0
0_529;0_543_0-400m,0_3004;0_3053_0-400m,5,0.001
0_529;0_543_0-400m,0_283;0_292_0-400m,1,0
0_529;0_543_0-400m,0_566;0_570_0-400m,8,0.002
0_529;0_543_0-400m,0_528;0_544_0-400m,32,0.007
0_529;0_543_0-400m,0_644;0_599_0-400m,3,0.001
0_529;0_543_0-400m,0_262;0_305_0-400m,2,0
0_529;0_543_0-400m,0_567;0_569_0-400m,7,0.002
0_529;0_543_0-400m,0_265;0_318_0-400m,0,0
0_529;0_543_0-400m,0_604;0_642_0-400m,2,0
0_529;0_543_0-400m,0_522;0_554_0-400m,16,0.004
0_529;0_543_0-400m,0_263;0_304_0-400m,3,0.001
0_529;0_543_0-400m,0_518;0_551_0-400m,21,0.005
0_529;0_543_0-400m,0_3002;0_3055_0-400m,11,0.002
0_529;0_543_0-400m,0_273;0_296_0-400m,2,0
0_529;0_543_0-400m,0_601;0_616_0-400m,2,0
0_529;0_543_0-400m,0_269;0_299_0-400m,0,0
0_529;0_543_0-400m,0_529;0_543_0-400m,32,0.007
0_529;0_543_0-400m,0_268;0_317_0-400m,0,0
0_529;0_543_0-400m,0_278;0_293_0-400m,1,0
0_529;0_543_0-400m,0_260;0_297_0-400m,7,0.002
0_529;0_543_0-400m,0_621;0_246_0-400m,8,0.002
0_529;0_543_0-400m,0_608;0_611_0-400m,1,0
0_529;0_543_0-400m,0_516;0_553_0-400m,15,0.003
0_529;0_543_0-400m,0_602;0_615_0-400m,0,0
0_529;0_543_0-400m,0_525;0_547_0-400m,46,0.01
0_529;0_543_0-400m,0_521;0_549_0-400m,8,0.002
0_529;0_543_0-400m,0_646;0_596_0-400m,5,0.001
0_529;0_543_0-400m,0_261;0_319_0-400m,0,0
0_529;0_543_0-400m,0_274;0_295_0-400m,1,0
0_529;0_543_0-400m,0_519;0_550_0-400m,26,0.006
0_529;0_543_0-400m,0_617;0_597_0-400m,7,0.002
0_529;0_543_0-400m,0_609;0_640_0-400m,4,0.001
0_529;0_543_0-400m,0_532;0_540_0-400m,72,0.016
0_529;0_543_0-400m,0_637;0_576_0-400m,4,0.001
0_529;0_543_0-400m,0_605_0-400m,1,0
0_529;0_543_0-400m,0_619_0-400m,2,0
0_529;0_543_0-400m,0_3490_0-400m,0,0
0_529;0_543_0-400m,0_641_0-400m,1,0
0_529;0_543_0-400m,0_647_0-400m,10,0.002
0_529;0_543_0-400m,0_3056_0-400m,2,0
0_529;0_543_0-400m,0_3054_0-400m,5,0.001
0_529;0_543_0-400m,0_242_0-400m,23,0.005
0_529;0_543_0-400m,0_243_0-400m,3,0.001
0_529;0_543_0-400m,0_277_0-400m,1,0
0_529;0_543_0-400m,0_279_0-400m,0,0
0_529;0_543_0-400m,0_280_0-400m,1,0
0_529;0_543_0-400m,0_281_0-400m,0,0
0_529;0_543_0-400m,0_3103_0-400m,10,0.002
0_529;0_543_0-400m,0_1182_0-400m,4,0.001
0_529;0_543_0-400m,0_1180_0-400m,0,0
0_529;0_543_0-400m,0_527_0-400m,12,0.003
0_529;0_543_0-400m,0_302_0-400m,0,0
0_529;0_543_0-400m,0_3130_0-400m,7,0.002
0_529;0_543_0-400m,0_3530_0-400m,1,0
0_529;0_543_0-400m,TRANSITION_ZONE,108,0.024
0_529;0_543_0-400m,External,2078,0.457
0_268;0_317_0-400m,0_520;0_555_0-400m,2,0
0_268;0_317_0-400m,0_282;0_311_0-400m,6,0.001
0_268;0_317_0-400m,0_267;0_300_0-400m,6,0.001
0_268;0_317_0-400m,0_526;0_546_0-400m,0,0
0_268;0_317_0-400m,0_600;0_643_0-400m,4,0.001
0_268;0_317_0-400m,0_272;0_298_0-400m,5,0.001
0_268;0_317_0-400m,0_271;0_315_0-400m,13,0.003
0_268;0_317_0-400m,0_607;0_612_0-400m,2,0
0_268;0_317_0-400m,0_266;0_301_0-400m,12,0.003
0_268;0_317_0-400m,0_294;0_1181_0-400m,8,0.002
0_268;0_317_0-400m,0_523;0_548_0-400m,2,0
0_268;0_317_0-400m,0_275;0_316_0-400m,15,0.003
0_268;0_317_0-400m,0_530;0_542_0-400m,0,0
0_268;0_317_0-400m,0_264;0_303_0-400m,17,0.004
0_268;0_317_0-400m,0_531;0_541_0-400m,1,0
0_268;0_317_0-400m,0_603;0_614_0-400m,2,0
0_268;0_317_0-400m,0_3004;0_3053_0-400m,2,0
0_268;0_317_0-400m,0_283;0_292_0-400m,14,0.003
0_268;0_317_0-400m,0_566;0_570_0-400m,1,0
0_268;0_317_0-400m,0_528;0_544_0-400m,0,0
0_268;0_317_0-400m,0_644;0_599_0-400m,0,0
0_268;0_317_0-400m,0_262;0_305_0-400m,4,0.001
0_268;0_317_0-400m,0_567;0_569_0-400m,0,0
0_268;0_317_0-400m,0_265;0_318_0-400m,7,0.002
0_268;0_317_0-400m,0_604;0_642_0-400m,1,0
0_268;0_317_0-400m,0_522;0_554_0-400m,1,0
0_268;0_317_0-400m,0_263;0_304_0-400m,8,0.002
0_268;0_317_0-400m,0_518;0_551_0-400m,4,0.001
0_268;0_317_0-400m,0_3002;0_3055_0-400m,3,0.001
0_268;0_317_0-400m,0_273;0_296_0-400m,5,0.001
0_268;0_317_0-400m,0_601;0_616_0-400m,1,0
0_268;0_317_0-400m,0_269;0_299_0-400m,9,0.002
0_268;0_317_0-400m,0_529;0_543_0-400m,1,0
0_268;0_317_0-400m,0_268;0_317_0-400m,40,0.009
0_268;0_317_0-400m,0_278;0_293_0-400m,14,0.003
0_268;0_317_0-400m,0_260;0_297_0-400m,13,0.003
0_268;0_317_0-400m,0_621;0_246_0-400m,2,0
0_268;0_317_0-400m,0_608;0_611_0-400m,2,0
0_268;0_317_0-400m,0_516;0_553_0-400m,2,0
0_268;0_317_0-400m,0_602;0_615_0-400m,0,0
0_268;0_317_0-400m,0_525;0_547_0-400m,4,0.001
0_268;0_317_0-400m,0_521;0_549_0-400m,0,0
0_268;0_317_0-400m,0_646;0_596_0-400m,4,0.001
0_268;0_317_0-400m,0_261;0_319_0-400m,4,0.001
0_268;0_317_0-400m,0_274;0_295_0-400m,10,0.002
0_268;0_317_0-400m,0_519;0_550_0-400m,2,0
0_268;0_317_0-400m,0_617;0_597_0-400m,0,0
0_268;0_317_0-400m,0_609;0_640_0-400m,2,0
0_268;0_317_0-400m,0_532;0_540_0-400m,7,0.002
0_268;0_317_0-400m,0_637;0_576_0-400m,1,0
0_268;0_317_0-400m,0_605_0-400m,0,0
0_268;0_317_0-400m,0_619_0-400m,2,0
0_268;0_317_0-400m,0_3490_0-400m,2,0
0_268;0_317_0-400m,0_641_0-400m,0,0
0_268;0_317_0-400m,0_647_0-400m,6,0.001
0_268;0_317_0-400m,0_3056_0-400m,1,0
0_268;0_317_0-400m,0_3054_0-400m,0,0
0_268;0_317_0-400m,0_242_0-400m,11,0.002
0_268;0_317_0-400m,0_243_0-400m,1,0
0_268;0_317_0-400m,0_277_0-400m,6,0.001
0_268;0_317_0-400m,0_279_0-400m,11,0.002
0_268;0_317_0-400m,0_280_0-400m,17,0.004
0_268;0_317_0-400m,0_281_0-400m,4,0.001
0_268;0_317_0-400m,0_3103_0-400m,4,0.001
0_268;0_317_0-400m,0_1182_0-400m,1,0
0_268;0_317_0-400m,0_1180_0-400m,11,0.002
0_268;0_317_0-400m,0_527_0-400m,0,0
0_268;0_317_0-400m,0_302_0-400m,3,0.001
0_268;0_317_0-400m,0_3130_0-400m,5,0.001
0_268;0_317_0-400m,0_3530_0-400m,3,0.001
0_268;0_317_0-400m,TRANSITION_ZONE,82,0.018
0_268;0_317_0-400m,External,646,0.142
0_278;0_293_0-400m,0_520;0_555_0-400m,4,0.001
0_278;0_293_0-400m,0_282;0_311_0-400m,6,0.001
0_278;0_293_0-400m,0_267;0_300_0-400m,5,0.001
0_278;0_293_0-400m,0_526;0_546_0-400m,1,0
0_278;0_293_0-400m,0_600;0_643_0-400m,6,0.001
0_278;0_293_0-400m,0_272;0_298_0-400m,7,0.002
0_278;0_293_0-400m,0_271;0_315_0-400m,25,0.005
0_278;0_293_0-400m,0_607;0_612_0-400m,2,0
0_278;0_293_0-400m,0_266;0_301_0-400m,15,0.003
0_278;0_293_0-400m,0_294;0_1181_0-400m,10,0.002
0_278;0_293_0-400m,0_523;0_548_0-400m,2,0
0_278;0_293_0-400m,0_275;0_316_0-400m,23,0.005
0_278;0_293_0-400m,0_530;0_542_0-400m,4,0.001
0_278;0_293_0-400m,0_264;0_303_0-400m,25,0.005
0_278;0_293_0-400m,0_531;0_541_0-400m,3,0.001
0_278;0_293_0-400m,0_603;0_614_0-400m,2,0
0_278;0_293_0-400m,0_3004;0_3053_0-400m,2,0
0_278;0_293_0-400m,0_283;0_292_0-400m,27,0.006
0_278;0_293_0-400m,0_566;0_570_0-400m,0,0
0_278;0_293_0-400m,0_528;0_544_0-400m,0,0
0_278;0_293_0-400m,0_644;0_599_0-400m,1,0
0_278;0_293_0-400m,0_262;0_305_0-400m,13,0.003
0_278;0_293_0-400m,0_567;0_569_0-400m,8,0.002
0_278;0_293_0-400m,0_265;0_318_0-400m,9,0.002
0_278;0_293_0-400m,0_604;0_642_0-400m,1,0
0_278;0_293_0-400m,0_522;0_554_0-400m,1,0
0_278;0_293_0-400m,0_263;0_304_0-400m,21,0.005
0_278;0_293_0-400m,0_518;0_551_0-400m,2,0
0_278;0_293_0-400m,0_3002;0_3055_0-400m,6,0.001
0_278;0_293_0-400m,0_273;0_296_0-400m,17,0.004
0_278;0_293_0-400m,0_601;0_616_0-400m,2,0
0_278;0_293_0-400m,0_269;0_299_0-400m,10,0.002
0_278;0_293_0-400m,0_529;0_543_0-400m,1,0
0_278;0_293_0-400m,0_268;0_317_0-400m,7,0.002
0_278;0_293_0-400m,0_278;0_293_0-400m,50,0.011
0_278;0_293_0-400m,0_260;0_297_0-400m,4,0.001
0_278;0_293_0-400m,0_621;0_246_0-400m,5,0.001
0_278;0_293_0-400m,0_608;0_611_0-400m,1,0
0_278;0_293_0-400m,0_516;0_553_0-400m,2,0
0_278;0_293_0-400m,0_602;0_615_0-400m,1,0
0_278;0_293_0-400m,0_525;0_547_0-400m,3,0.001
0_278;0_293_0-400m,0_521;0_549_0-400m,1,0
0_278;0_293_0-400m,0_646;0_596_0-400m,1,0
0_278;0_293_0-400m,0_261;0_319_0-400m,10,0.002
0_278;0_293_0-400m,0_274;0_295_0-400m,9,0.002
0_278;0_293_0-400m,0_519;0_550_0-400m,0,0
0_278;0_293_0-400m,0_617;0_597_0-400m,2,0
0_278;0_293_0-400m,0_609;0_640_0-400m,1,0
0_278;0_293_0-400m,0_532;0_540_0-400m,14,0.003
0_278;0_293_0-400m,0_637;0_576_0-400m,2,0
0_278;0_293_0-400m,0_605_0-400m,1,0
0_278;0_293_0-400m,0_619_0-400m,3,0.001
0_278;0_293_0-400m,0_3490_0-400m,11,0.002
0_278;0_293_0-400m,0_641_0-400m,1,0
0_278;0_293_0-400m,0_647_0-400m,10,0.002
0_278;0_293_0-400m,0_3056_0-400m,1,0
0_278;0_293_0-400m,0_3054_0-400m,3,0.001
0_278;0_293_0-400m,0_242_0-400m,9,0.002
0_278;0_293_0-400m,0_243_0-400m,2,0
0_278;0_293_0-400m,0_277_0-400m,12,0.003
0_278;0_293_0-400m,0_279_0-400m,16,0.004
0_278;0_293_0-400m,0_280_0-400m,20,0.004
0_278;0_293_0-400m,0_281_0-400m,3,0.001
0_278;0_293_0-400m,0_3103_0-400m,6,0.001
0_278;0_293_0-400m,0_1182_0-400m,8,0.002
0_278;0_293_0-400m,0_1180_0-400m,22,0.005
0_278;0_293_0-400m,0_527_0-400m,1,0
0_278;0_293_0-400m,0_302_0-400m,9,0.002
0_278;0_293_0-400m,0_3130_0-400m,5,0.001
0_278;0_293_0-400m,0_3530_0-400m,4,0.001
0_278;0_293_0-400m,TRANSITION_ZONE,130,0.029
0_278;0_293_0-400m,External,1130,0.248
0_260;0_297_0-400m,0_520;0_555_0-400m,9,0.002
0_260;0_297_0-400m,0_282;0_311_0-400m,5,0.001
0_260;0_297_0-400m,0_267;0_300_0-400m,2,0
0_260;0_297_0-400m,0_526;0_546_0-400m,3,0.001
0_260;0_297_0-400m,0_600;0_643_0-400m,8,0.002
0_260;0_297_0-400m,0_272;0_298_0-400m,43,0.009
0_260;0_297_0-400m,0_271;0_315_0-400m,11,0.002
0_260;0_297_0-400m,0_607;0_612_0-400m,0,0
0_260;0_297_0-400m,0_266;0_301_0-400m,11,0.002
0_260;0_297_0-400m,0_294;0_1181_0-400m,9,0.002
0_260;0_297_0-400m,0_523;0_548_0-400m,5,0.001
0_260;0_297_0-400m,0_275;0_316_0-400m,15,0.003
0_260;0_297_0-400m,0_530;0_542_0-400m,3,0.001
0_260;0_297_0-400m,0_264;0_303_0-400m,18,0.004
0_260;0_297_0-400m,0_531;0_541_0-400m,6,0.001
0_260;0_297_0-400m,0_603;0_614_0-400m,1,0
0_260;0_297_0-400m,0_3004;0_3053_0-400m,13,0.003
0_260;0_297_0-400m,0_283;0_292_0-400m,9,0.002
0_260;0_297_0-400m,0_566;0_570_0-400m,5,0.001
0_260;0_297_0-400m,0_528;0_544_0-400m,8,0.002
0_260;0_297_0-400m,0_644;0_599_0-400m,5,0.001
0_260;0_297_0-400m,0_262;0_305_0-400m,28,0.006
0_260;0_297_0-400m,0_567;0_569_0-400m,10,0.002
0_260;0_297_0-400m,0_265;0_318_0-400m,6,0.001
0_260;0_297_0-400m,0_604;0_642_0-400m,2,0
0_260;0_297_0-400m,0_522;0_554_0-400m,5,0.001
0_260;0_297_0-400m,0_263;0_304_0-400m,23,0.005
0_260;0_297_0-400m,0_518;0_551_0-400m,28,0.006
0_260;0_297_0-400m,0_3002;0_3055_0-400m,27,0.006
0_260;0_297_0-400m,0_273;0_296_0-400m,13,0.003
0_260;0_297_0-400m,0_601;0_616_0-400m,2,0
0_260;0_297_0-400m,0_269;0_299_0-400m,10,0.002
0_260;0_297_0-400m,0_529;0_543_0-400m,5,0.001
0_260;0_297_0-400m,0_268;0_317_0-400m,5,0.001
0_260;0_297_0-400m,0_278;0_293_0-400m,18,0.004
0_260;0_297_0-400m,0_260;0_297_0-400m,61,0.013
0_260;0_297_0-400m,0_621;0_246_0-400m,12,0.003
0_260;0_297_0-400m,0_608;0_611_0-400m,1,0
0_260;0_297_0-400m,0_516;0_553_0-400m,23,0.005
0_260;0_297_0-400m,0_602;0_615_0-400m,9,0.002
0_260;0_297_0-400m,0_525;0_547_0-400m,16,0.004
0_260;0_297_0-400m,0_521;0_549_0-400m,6,0.001
0_260;0_297_0-400m,0_646;0_596_0-400m,20,0.004
0_260;0_297_0-400m,0_261;0_319_0-400m,34,0.007
0_260;0_297_0-400m,0_274;0_295_0-400m,17,0.004
0_260;0_297_0-400m,0_519;0_550_0-400m,13,0.003
0_260;0_297_0-400m,0_617;0_597_0-400m,11,0.002
0_260;0_297_0-400m,0_609;0_640_0-400m,7,0.002
0_260;0_297_0-400m,0_532;0_540_0-400m,38,0.008
0_260;0_297_0-400m,0_637;0_576_0-400m,9,0.002
0_260;0_297_0-400m,0_605_0-400m,3,0.001
0_260;0_297_0-400m,0_619_0-400m,20,0.004
0_260;0_297_0-400m,0_3490_0-400m,1,0
0_260;0_297_0-400m,0_641_0-400m,2,0
0_260;0_297_0-400m,0_647_0-400m,12,0.003
0_260;0_297_0-400m,0_3056_0-400m,10,0.002
0_260;0_297_0-400m,0_3054_0-400m,18,0.004
0_260;0_297_0-400m,0_242_0-400m,28,0.006
0_260;0_297_0-400m,0_243_0-400m,7,0.002
0_260;0_297_0-400m,0_277_0-400m,3,0.001
0_260;0_297_0-400m,0_279_0-400m,12,0.003
0_260;0_297_0-400m,0_280_0-400m,10,0.002
0_260;0_297_0-400m,0_281_0-400m,1,0
0_260;0_297_0-400m,0_3103_0-400m,12,0.003
0_260;0_297_0-400m,0_1182_0-400m,7,0.002
0_260;0_297_0-400m,0_1180_0-400m,2,0
0_260;0_297_0-400m,0_527_0-400m,5,0.001
0_260;0_297_0-400m,0_302_0-400m,4,0.001
0_260;0_297_0-400m,0_3130_0-400m,28,0.006
0_260;0_297_0-400m,0_3530_0-400m,28,0.006
0_260;0_297_0-400m,TRANSITION_ZONE,257,0.056
0_260;0_297_0-400m,External,2498,0.549
0_621;0_246_0-400m,0_520;0_555_0-400m,10,0.002
0_621;0_246_0-400m,0_282;0_311_0-400m,2,0
0_621;0_246_0-400m,0_267;0_300_0-400m,2,0
0_621;0_246_0-400m,0_526;0_546_0-400m,8,0.002
0_621;0_246_0-400m,0_600;0_643_0-400m,25,0.005
0_621;0_246_0-400m,0_272;0_298_0-400m,43,0.009
0_621;0_246_0-400m,0_271;0_315_0-400m,3,0.001
0_621;0_246_0-400m,0_607;0_612_0-400m,8,0.002
0_621;0_246_0-400m,0_266;0_301_0-400m,5,0.001
0_621;0_246_0-400m,0_294;0_1181_0-400m,8,0.002
0_621;0_246_0-400m,0_523;0_548_0-400m,12,0.003
0_621;0_246_0-400m,0_275;0_316_0-400m,14,0.003
0_621;0_246_0-400m,0_530;0_542_0-400m,12,0.003
0_621;0_246_0-400m,0_264;0_303_0-400m,5,0.001
0_621;0_246_0-400m,0_531;0_541_0-400m,19,0.004
0_621;0_246_0-400m,0_603;0_614_0-400m,20,0.004
0_621;0_246_0-400m,0_3004;0_3053_0-400m,28,0.006
0_621;0_246_0-400m,0_283;0_292_0-400m,12,0.003
0_621;0_246_0-400m,0_566;0_570_0-400m,26,0.006
0_621;0_246_0-400m,0_528;0_544_0-400m,9,0.002
0_621;0_246_0-400m,0_644;0_599_0-400m,24,0.005
0_621;0_246_0-400m,0_262;0_305_0-400m,18,0.004
0_621;0_246_0-400m,0_567;0_569_0-400m,43,0.009
0_621;0_246_0-400m,0_265;0_318_0-400m,2,0
0_621;0_246_0-400m,0_604;0_642_0-400m,13,0.003
0_621;0_246_0-400m,0_522;0_554_0-400m,5,0.001
0_621;0_246_0-400m,0_263;0_304_0-400m,32,0.007
0_621;0_246_0-400m,0_518;0_551_0-400m,61,0.013
0_621;0_246_0-400m,0_3002;0_3055_0-400m,110,0.024
0_621;0_246_0-400m,0_273;0_296_0-400m,7,0.002
0_621;0_246_0-400m,0_601;0_616_0-400m,14,0.003
0_621;0_246_0-400m,0_269;0_299_0-400m,7,0.002
0_621;0_246_0-400m,0_529;0_543_0-400m,10,0.002
0_621;0_246_0-400m,0_268;0_317_0-400m,3,0.001
0_621;0_246_0-400m,0_278;0_293_0-400m,3,0.001
0_621;0_246_0-400m,0_260;0_297_0-400m,8,0.002
0_621;0_246_0-400m,0_621;0_246_0-400m,249,0.055
0_621;0_246_0-400m,0_608;0_611_0-400m,12,0.003
0_621;0_246_0-400m,0_516;0_553_0-400m,61,0.013
0_621;0_246_0-400m,0_602;0_615_0-400m,15,0.003
0_621;0_246_0-400m,0_525;0_547_0-400m,23,0.005
0_621;0_246_0-400m,0_521;0_549_0-400m,14,0.003
0_621;0_246_0-400m,0_646;0_596_0-400m,50,0.011
0_621;0_246_0-400m,0_261;0_319_0-400m,17,0.004
0_621;0_246_0-400m,0_274;0_295_0-400m,8,0.002
0_621;0_246_0-400m,0_519;0_550_0-400m,35,0.008
0_621;0_246_0-400m,0_617;0_597_0-400m,30,0.007
0_621;0_246_0-400m,0_609;0_640_0-400m,31,0.007
0_621;0_246_0-400m,0_532;0_540_0-400m,50,0.011
0_621;0_246_0-400m,0_637;0_576_0-400m,18,0.004
0_621;0_246_0-400m,0_605_0-400m,7,0.002
0_621;0_246_0-400m,0_619_0-400m,51,0.011
0_621;0_246_0-400m,0_3490_0-400m,3,0.001
0_621;0_246_0-400m,0_641_0-400m,8,0.002
0_621;0_246_0-400m,0_647_0-400m,67,0.015
0_621;0_246_0-400m,0_3056_0-400m,25,0.005
0_621;0_246_0-400m,0_3054_0-400m,48,0.011
0_621;0_246_0-400m,0_242_0-400m,80,0.018
0_621;0_246_0-400m,0_243_0-400m,38,0.008
0_621;0_246_0-400m,0_277_0-400m,1,0
0_621;0_246_0-400m,0_279_0-400m,4,0.001
0_621;0_246_0-400m,0_280_0-400m,8,0.002
0_621;0_246_0-400m,0_281_0-400m,2,0
0_621;0_246_0-400m,0_3103_0-400m,63,0.014
0_621;0_246_0-400m,0_1182_0-400m,68,0.015
0_621;0_246_0-400m,0_1180_0-400m,1,0
0_621;0_246_0-400m,0_527_0-400m,3,0.001
0_621;0_246_0-400m,0_302_0-400m,2,0
0_621;0_246_0-400m,0_3130_0-400m,80,0.018
0_621;0_246_0-400m,0_3530_0-400m,37,0.008
0_621;0_246_0-400m,TRANSITION_ZONE,454,0.1
0_621;0_246_0-400m,External,4674,1.027
0_608;0_611_0-400m,0_520;0_555_0-400m,0,0
0_608;0_611_0-400m,0_282;0_311_0-400m,0,0
0_608;0_611_0-400m,0_267;0_300_0-400m,0,0
0_608;0_611_0-400m,0_526;0_546_0-400m,1,0
0_608;0_611_0-400m,0_600;0_643_0-400m,16,0.004
0_608;0_611_0-400m,0_272;0_298_0-400m,4,0.001
0_608;0_611_0-400m,0_271;0_315_0-400m,2,0
0_608;0_611_0-400m,0_607;0_612_0-400m,16,0.004
0_608;0_611_0-400m,0_266;0_301_0-400m,1,0
0_608;0_611_0-400m,0_294;0_1181_0-400m,1,0
0_608;0_611_0-400m,0_523;0_548_0-400m,0,0
0_608;0_611_0-400m,0_275;0_316_0-400m,1,0
0_608;0_611_0-400m,0_530;0_542_0-400m,1,0
0_608;0_611_0-400m,0_264;0_303_0-400m,0,0
0_608;0_611_0-400m,0_531;0_541_0-400m,0,0
0_608;0_611_0-400m,0_603;0_614_0-400m,12,0.003
0_608;0_611_0-400m,0_3004;0_3053_0-400m,2,0
0_608;0_611_0-400m,0_283;0_292_0-400m,1,0
0_608;0_611_0-400m,0_566;0_570_0-400m,0,0
0_608;0_611_0-400m,0_528;0_544_0-400m,1,0
0_608;0_611_0-400m,0_644;0_599_0-400m,12,0.003
0_608;0_611_0-400m,0_262;0_305_0-400m,3,0.001
0_608;0_611_0-400m,0_567;0_569_0-400m,4,0.001
0_608;0_611_0-400m,0_265;0_318_0-400m,1,0
0_608;0_611_0-400m,0_604;0_642_0-400m,7,0.002
0_608;0_611_0-400m,0_522;0_554_0-400m,1,0
0_608;0_611_0-400m,0_263;0_304_0-400m,4,0.001
0_608;0_611_0-400m,0_518;0_551_0-400m,2,0
0_608;0_611_0-400m,0_3002;0_3055_0-400m,3,0.001
0_608;0_611_0-400m,0_273;0_296_0-400m,1,0
0_608;0_611_0-400m,0_601;0_616_0-400m,12,0.003
0_608;0_611_0-400m,0_269;0_299_0-400m,0,0
0_608;0_611_0-400m,0_529;0_543_0-400m,1,0
0_608;0_611_0-400m,0_268;0_317_0-400m,1,0
0_608;0_611_0-400m,0_278;0_293_0-400m,0,0
0_608;0_611_0-400m,0_260;0_297_0-400m,2,0
0_608;0_611_0-400m,0_621;0_246_0-400m,21,0.005
0_608;0_611_0-400m,0_608;0_611_0-400m,22,0.005
0_608;0_611_0-400m,0_516;0_553_0-400m,2,0
0_608;0_611_0-400m,0_602;0_615_0-400m,15,0.003
0_608;0_611_0-400m,0_525;0_547_0-400m,1,0
0_608;0_611_0-400m,0_521;0_549_0-400m,0,0
0_608;0_611_0-400m,0_646;0_596_0-400m,9,0.002
0_608;0_611_0-400m,0_261;0_319_0-400m,2,0
0_608;0_611_0-400m,0_274;0_295_0-400m,0,0
0_608;0_611_0-400m,0_519;0_550_0-400m,6,0.001
0_608;0_611_0-400m,0_617;0_597_0-400m,7,0.002
0_608;0_611_0-400m,0_609;0_640_0-400m,44,0.01
0_608;0_611_0-400m,0_532;0_540_0-400m,12,0.003
0_608;0_611_0-400m,0_637;0_576_0-400m,45,0.01
0_608;0_611_0-400m,0_605_0-400m,11,0.002
0_608;0_611_0-400m,0_619_0-400m,13,0.003
0_608;0_611_0-400m,0_3490_0-400m,0,0
0_608;0_611_0-400m,0_641_0-400m,19,0.004
0_608;0_611_0-400m,0_647_0-400m,11,0.002
0_608;0_611_0-400m,0_3056_0-400m,2,0
0_608;0_611_0-400m,0_3054_0-400m,2,0
0_608;0_611_0-400m,0_242_0-400m,8,0.002
0_608;0_611_0-400m,0_243_0-400m,2,0
0_608;0_611_0-400m,0_277_0-400m,0,0
0_608;0_611_0-400m,0_279_0-400m,0,0
0_608;0_611_0-400m,0_280_0-400m,0,0
0_608;0_611_0-400m,0_281_0-400m,0,0
0_608;0_611_0-400m,0_3103_0-400m,4,0.001
0_608;0_611_0-400m,0_1182_0-400m,2,0
0_608;0_611_0-400m,0_1180_0-400m,0,0
0_608;0_611_0-400m,0_527_0-400m,0,0
0_608;0_611_0-400m,0_302_0-400m,1,0
0_608;0_611_0-400m,0_3130_0-400m,3,0.001
0_608;0_611_0-400m,0_3530_0-400m,3,0.001
0_608;0_611_0-400m,TRANSITION_ZONE,122,0.027
0_608;0_611_0-400m,External,970,0.213
0_516;0_553_0-400m,0_520;0_555_0-400m,16,0.004
0_516;0_553_0-400m,0_282;0_311_0-400m,0,0
0_516;0_553_0-400m,0_267;0_300_0-400m,0,0
0_516;0_553_0-400m,0_526;0_546_0-400m,5,0.001
0_516;0_553_0-400m,0_600;0_643_0-400m,14,0.003
0_516;0_553_0-400m,0_272;0_298_0-400m,27,0.006
0_516;0_553_0-400m,0_271;0_315_0-400m,1,0
0_516;0_553_0-400m,0_607;0_612_0-400m,3,0.001
0_516;0_553_0-400m,0_266;0_301_0-400m,2,0
0_516;0_553_0-400m,0_294;0_1181_0-400m,5,0.001
0_516;0_553_0-400m,0_523;0_548_0-400m,12,0.003
0_516;0_553_0-400m,0_275;0_316_0-400m,5,0.001
0_516;0_553_0-400m,0_530;0_542_0-400m,14,0.003
0_516;0_553_0-400m,0_264;0_303_0-400m,7,0.002
0_516;0_553_0-400m,0_531;0_541_0-400m,19,0.004
0_516;0_553_0-400m,0_603;0_614_0-400m,2,0
0_516;0_553_0-400m,0_3004;0_3053_0-400m,23,0.005
0_516;0_553_0-400m,0_283;0_292_0-400m,1,0
0_516;0_553_0-400m,0_566;0_570_0-400m,33,0.007
0_516;0_553_0-400m,0_528;0_544_0-400m,16,0.004
0_516;0_553_0-400m,0_644;0_599_0-400m,11,0.002
0_516;0_553_0-400m,0_262;0_305_0-400m,6,0.001
0_516;0_553_0-400m,0_567;0_569_0-400m,55,0.012
0_516;0_553_0-400m,0_265;0_318_0-400m,1,0
0_516;0_553_0-400m,0_604;0_642_0-400m,1,0
0_516;0_553_0-400m,0_522;0_554_0-400m,8,0.002
0_516;0_553_0-400m,0_263;0_304_0-400m,8,0.002
0_516;0_553_0-400m,0_518;0_551_0-400m,80,0.018
0_516;0_553_0-400m,0_3002;0_3055_0-400m,41,0.009
0_516;0_553_0-400m,0_273;0_296_0-400m,2,0
0_516;0_553_0-400m,0_601;0_616_0-400m,7,0.002
0_516;0_553_0-400m,0_269;0_299_0-400m,4,0.001
0_516;0_553_0-400m,0_529;0_543_0-400m,17,0.004
0_516;0_553_0-400m,0_268;0_317_0-400m,1,0
0_516;0_553_0-400m,0_278;0_293_0-400m,2,0
0_516;0_553_0-400m,0_260;0_297_0-400m,20,0.004
0_516;0_553_0-400m,0_621;0_246_0-400m,68,0.015
0_516;0_553_0-400m,0_608;0_611_0-400m,6,0.001
0_516;0_553_0-400m,0_516;0_553_0-400m,89,0.02
0_516;0_553_0-400m,0_602;0_615_0-400m,5,0.001
0_516;0_553_0-400m,0_525;0_547_0-400m,10,0.002
0_516;0_553_0-400m,0_521;0_549_0-400m,6,0.001
0_516;0_553_0-400m,0_646;0_596_0-400m,18,0.004
0_516;0_553_0-400m,0_261;0_319_0-400m,6,0.001
0_516;0_553_0-400m,0_274;0_295_0-400m,5,0.001
0_516;0_553_0-400m,0_519;0_550_0-400m,36,0.008
0_516;0_553_0-400m,0_617;0_597_0-400m,8,0.002
0_516;0_553_0-400m,0_609;0_640_0-400m,8,0.002
0_516;0_553_0-400m,0_532;0_540_0-400m,52,0.011
0_516;0_553_0-400m,0_637;0_576_0-400m,15,0.003
0_516;0_553_0-400m,0_605_0-400m,8,0.002
0_516;0_553_0-400m,0_619_0-400m,23,0.005
0_516;0_553_0-400m,0_3490_0-400m,0,0
0_516;0_553_0-400m,0_641_0-400m,6,0.001
0_516;0_553_0-400m,0_647_0-400m,37,0.008
0_516;0_553_0-400m,0_3056_0-400m,8,0.002
0_516;0_553_0-400m,0_3054_0-400m,29,0.006
0_516;0_553_0-400m,0_242_0-400m,46,0.01
0_516;0_553_0-400m,0_243_0-400m,8,0.002
0_516;0_553_0-400m,0_277_0-400m,1,0
0_516;0_553_0-400m,0_279_0-400m,2,0
0_516;0_553_0-400m,0_280_0-400m,6,0.001
0_516;0_553_0-400m,0_281_0-400m,0,0
0_516;0_553_0-400m,0_3103_0-400m,28,0.006
0_516;0_553_0-400m,0_1182_0-400m,25,0.005
0_516;0_553_0-400m,0_1180_0-400m,2,0
0_516;0_553_0-400m,0_527_0-400m,3,0.001
0_516;0_553_0-400m,0_302_0-400m,1,0
0_516;0_553_0-400m,0_3130_0-400m,20,0.004
0_516;0_553_0-400m,0_3530_0-400m,15,0.003
0_516;0_553_0-400m,TRANSITION_ZONE,303,0.067
0_516;0_553_0-400m,External,3699,0.813
0_602;0_615_0-400m,0_520;0_555_0-400m,3,0.001
0_602;0_615_0-400m,0_282;0_311_0-400m,3,0.001
0_602;0_615_0-400m,0_267;0_300_0-400m,0,0
0_602;0_615_0-400m,0_526;0_546_0-400m,0,0
0_602;0_615_0-400m,0_600;0_643_0-400m,31,0.007
0_602;0_615_0-400m,0_272;0_298_0-400m,4,0.001
0_602;0_615_0-400m,0_271;0_315_0-400m,2,0
0_602;0_615_0-400m,0_607;0_612_0-400m,21,0.005
0_602;0_615_0-400m,0_266;0_301_0-400m,2,0
0_602;0_615_0-400m,0_294;0_1181_0-400m,1,0
0_602;0_615_0-400m,0_523;0_548_0-400m,0,0
0_602;0_615_0-400m,0_275;0_316_0-400m,2,0
0_602;0_615_0-400m,0_530;0_542_0-400m,7,0.002
0_602;0_615_0-400m,0_264;0_303_0-400m,2,0
0_602;0_615_0-400m,0_531;0_541_0-400m,9,0.002
0_602;0_615_0-400m,0_603;0_614_0-400m,27,0.006
0_602;0_615_0-400m,0_3004;0_3053_0-400m,7,0.002
0_602;0_615_0-400m,0_283;0_292_0-400m,2,0
0_602;0_615_0-400m,0_566;0_570_0-400m,7,0.002
0_602;0_615_0-400m,0_528;0_544_0-400m,0,0
0_602;0_615_0-400m,0_644;0_599_0-400m,25,0.005
0_602;0_615_0-400m,0_262;0_305_0-400m,6,0.001
0_602;0_615_0-400m,0_567;0_569_0-400m,9,0.002
0_602;0_615_0-400m,0_265;0_318_0-400m,1,0
0_602;0_615_0-400m,0_604;0_642_0-400m,23,0.005
0_602;0_615_0-400m,0_522;0_554_0-400m,1,0
0_602;0_615_0-400m,0_263;0_304_0-400m,5,0.001
0_602;0_615_0-400m,0_518;0_551_0-400m,4,0.001
0_602;0_615_0-400m,0_3002;0_3055_0-400m,7,0.002
0_602;0_615_0-400m,0_273;0_296_0-400m,1,0
0_602;0_615_0-400m,0_601;0_616_0-400m,36,0.008
0_602;0_615_0-400m,0_269;0_299_0-400m,1,0
0_602;0_615_0-400m,0_529;0_543_0-400m,4,0.001
0_602;0_615_0-400m,0_268;0_317_0-400m,2,0
0_602;0_615_0-400m,0_278;0_293_0-400m,2,0
0_602;0_615_0-400m,0_260;0_297_0-400m,6,0.001
0_602;0_615_0-400m,0_621;0_246_0-400m,17,0.004
0_602;0_615_0-400m,0_608;0_611_0-400m,8,0.002
0_602;0_615_0-400m,0_516;0_553_0-400m,16,0.004
0_602;0_615_0-400m,0_602;0_615_0-400m,78,0.017
0_602;0_615_0-400m,0_525;0_547_0-400m,8,0.002
0_602;0_615_0-400m,0_521;0_549_0-400m,2,0
0_602;0_615_0-400m,0_646;0_596_0-400m,30,0.007
0_602;0_615_0-400m,0_261;0_319_0-400m,3,0.001
0_602;0_615_0-400m,0_274;0_295_0-400m,3,0.001
0_602;0_615_0-400m,0_519;0_550_0-400m,2,0
0_602;0_615_0-400m,0_617;0_597_0-400m,28,0.006
0_602;0_615_0-400m,0_609;0_640_0-400m,32,0.007
0_602;0_615_0-400m,0_532;0_540_0-400m,21,0.005
0_602;0_615_0-400m,0_637;0_576_0-400m,36,0.008
0_602;0_615_0-400m,0_605_0-400m,23,0.005
0_602;0_615_0-400m,0_619_0-400m,31,0.007
0_602;0_615_0-400m,0_3490_0-400m,0,0
0_602;0_615_0-400m,0_641_0-400m,27,0.006
0_602;0_615_0-400m,0_647_0-400m,31,0.007
0_602;0_615_0-400m,0_3056_0-400m,3,0.001
0_602;0_615_0-400m,0_3054_0-400m,4,0.001
0_602;0_615_0-400m,0_242_0-400m,13,0.003
0_602;0_615_0-400m,0_243_0-400m,6,0.001
0_602;0_615_0-400m,0_277_0-400m,1,0
0_602;0_615_0-400m,0_279_0-400m,3,0.001
0_602;0_615_0-400m,0_280_0-400m,1,0
0_602;0_615_0-400m,0_281_0-400m,0,0
0_602;0_615_0-400m,0_3103_0-400m,23,0.005
0_602;0_615_0-400m,0_1182_0-400m,14,0.003
0_602;0_615_0-400m,0_1180_0-400m,0,0
0_602;0_615_0-400m,0_527_0-400m,1,0
0_602;0_615_0-400m,0_302_0-400m,1,0
0_602;0_615_0-400m,0_3130_0-400m,22,0.005
0_602;0_615_0-400m,0_3530_0-400m,7,0.002
0_602;0_615_0-400m,TRANSITION_ZONE,190,0.042
0_602;0_615_0-400m,External,1392,0.306
0_525;0_547_0-400m,0_520;0_555_0-400m,17,0.004
0_525;0_547_0-400m,0_282;0_311_0-400m,0,0
0_525;0_547_0-400m,0_267;0_300_0-400m,0,0
0_525;0_547_0-400m,0_526;0_546_0-400m,32,0.007
0_525;0_547_0-400m,0_600;0_643_0-400m,2,0
0_525;0_547_0-400m,0_272;0_298_0-400m,10,0.002
0_525;0_547_0-400m,0_271;0_315_0-400m,2,0
0_525;0_547_0-400m,0_607;0_612_0-400m,1,0
0_525;0_547_0-400m,0_266;0_301_0-400m,2,0
0_525;0_547_0-400m,0_294;0_1181_0-400m,2,0
0_525;0_547_0-400m,0_523;0_548_0-400m,27,0.006
0_525;0_547_0-400m,0_275;0_316_0-400m,4,0.001
0_525;0_547_0-400m,0_530;0_542_0-400m,38,0.008
0_525;0_547_0-400m,0_264;0_303_0-400m,2,0
0_525;0_547_0-400m,0_531;0_541_0-400m,37,0.008
0_525;0_547_0-400m,0_603;0_614_0-400m,0,0
0_525;0_547_0-400m,0_3004;0_3053_0-400m,14,0.003
0_525;0_547_0-400m,0_283;0_292_0-400m,2,0
0_525;0_547_0-400m,0_566;0_570_0-400m,9,0.002
0_525;0_547_0-400m,0_528;0_544_0-400m,29,0.006
0_525;0_547_0-400m,0_644;0_599_0-400m,3,0.001
0_525;0_547_0-400m,0_262;0_305_0-400m,2,0
0_525;0_547_0-400m,0_567;0_569_0-400m,27,0.006
0_525;0_547_0-400m,0_265;0_318_0-400m,1,0
0_525;0_547_0-400m,0_604;0_642_0-400m,2,0
0_525;0_547_0-400m,0_522;0_554_0-400m,27,0.006
0_525;0_547_0-400m,0_263;0_304_0-400m,3,0.001
0_525;0_547_0-400m,0_518;0_551_0-400m,43,0.009
0_525;0_547_0-400m,0_3002;0_3055_0-400m,18,0.004
0_525;0_547_0-400m,0_273;0_296_0-400m,2,0
0_525;0_547_0-400m,0_601;0_616_0-400m,2,0
0_525;0_547_0-400m,0_269;0_299_0-400m,1,0
0_525;0_547_0-400m,0_529;0_543_0-400m,17,0.004
0_525;0_547_0-400m,0_268;0_317_0-400m,1,0
0_525;0_547_0-400m,0_278;0_293_0-400m,2,0
0_525;0_547_0-400m,0_260;0_297_0-400m,10,0.002
0_525;0_547_0-400m,0_621;0_246_0-400m,24,0.005
0_525;0_547_0-400m,0_608;0_611_0-400m,2,0
0_525;0_547_0-400m,0_516;0_553_0-400m,21,0.005
0_525;0_547_0-400m,0_602;0_615_0-400m,2,0
0_525;0_547_0-400m,0_525;0_547_0-400m,83,0.018
0_525;0_547_0-400m,0_521;0_549_0-400m,11,0.002
0_525;0_547_0-400m,0_646;0_596_0-400m,6,0.001
0_525;0_547_0-400m,0_261;0_319_0-400m,2,0
0_525;0_547_0-400m,0_274;0_295_0-400m,5,0.001
0_525;0_547_0-400m,0_519;0_550_0-400m,61,0.013
0_525;0_547_0-400m,0_617;0_597_0-400m,4,0.001
0_525;0_547_0-400m,0_609;0_640_0-400m,1,0
0_525;0_547_0-400m,0_532;0_540_0-400m,110,0.024
0_525;0_547_0-400m,0_637;0_576_0-400m,6,0.001
0_525;0_547_0-400m,0_605_0-400m,5,0.001
0_525;0_547_0-400m,0_619_0-400m,6,0.001
0_525;0_547_0-400m,0_3490_0-400m,1,0
0_525;0_547_0-400m,0_641_0-400m,2,0
0_525;0_547_0-400m,0_647_0-400m,5,0.001
0_525;0_547_0-400m,0_3056_0-400m,8,0.002
0_525;0_547_0-400m,0_3054_0-400m,13,0.003
0_525;0_547_0-400m,0_242_0-400m,15,0.003
0_525;0_547_0-400m,0_243_0-400m,4,0.001
0_525;0_547_0-400m,0_277_0-400m,0,0
0_525;0_547_0-400m,0_279_0-400m,2,0
0_525;0_547_0-400m,0_280_0-400m,2,0
0_525;0_547_0-400m,0_281_0-400m,1,0
0_525;0_547_0-400m,0_3103_0-400m,6,0.001
0_525;0_547_0-400m,0_1182_0-400m,3,0.001
0_525;0_547_0-400m,0_1180_0-400m,3,0.001
0_525;0_547_0-400m,0_527_0-400m,20,0.004
0_525;0_547_0-400m,0_302_0-400m,2,0
0_525;0_547_0-400m,0_3130_0-400m,11,0.002
0_525;0_547_0-400m,0_3530_0-400m,4,0.001
0_525;0_547_0-400m,TRANSITION_ZONE,187,0.041
0_525;0_547_0-400m,External,2605,0.573
0_521;0_549_0-400m,0_520;0_555_0-400m,10,0.002
0_521;0_549_0-400m,0_282;0_311_0-400m,1,0
0_521;0_549_0-400m,0_267;0_300_0-400m,1,0
0_521;0_549_0-400m,0_526;0_546_0-400m,3,0.001
0_521;0_549_0-400m,0_600;0_643_0-400m,3,0.001
0_521;0_549_0-400m,0_272;0_298_0-400m,6,0.001
0_521;0_549_0-400m,0_271;0_315_0-400m,1,0
0_521;0_549_0-400m,0_607;0_612_0-400m,2,0
0_521;0_549_0-400m,0_266;0_301_0-400m,0,0
0_521;0_549_0-400m,0_294;0_1181_0-400m,1,0
0_521;0_549_0-400m,0_523;0_548_0-400m,9,0.002
0_521;0_549_0-400m,0_275;0_316_0-400m,2,0
0_521;0_549_0-400m,0_530;0_542_0-400m,9,0.002
0_521;0_549_0-400m,0_264;0_303_0-400m,0,0
0_521;0_549_0-400m,0_531;0_541_0-400m,12,0.003
0_521;0_549_0-400m,0_603;0_614_0-400m,1,0
0_521;0_549_0-400m,0_3004;0_3053_0-400m,12,0.003
0_521;0_549_0-400m,0_283;0_292_0-400m,1,0
0_521;0_549_0-400m,0_566;0_570_0-400m,12,0.003
0_521;0_549_0-400m,0_528;0_544_0-400m,13,0.003
0_521;0_549_0-400m,0_644;0_599_0-400m,4,0.001
0_521;0_549_0-400m,0_262;0_305_0-400m,3,0.001
0_521;0_549_0-400m,0_567;0_569_0-400m,13,0.003
0_521;0_549_0-400m,0_265;0_318_0-400m,0,0
0_521;0_549_0-400m,0_604;0_642_0-400m,1,0
0_521;0_549_0-400m,0_522;0_554_0-400m,14,0.003
0_521;0_549_0-400m,0_263;0_304_0-400m,4,0.001
0_521;0_549_0-400m,0_518;0_551_0-400m,23,0.005
0_521;0_549_0-400m,0_3002;0_3055_0-400m,11,0.002
0_521;0_549_0-400m,0_273;0_296_0-400m,0,0
0_521;0_549_0-400m,0_601;0_616_0-400m,3,0.001
0_521;0_549_0-400m,0_269;0_299_0-400m,1,0
0_521;0_549_0-400m,0_529;0_543_0-400m,6,0.001
0_521;0_549_0-400m,0_268;0_317_0-400m,0,0
0_521;0_549_0-400m,0_278;0_293_0-400m,2,0
0_521;0_549_0-400m,0_260;0_297_0-400m,10,0.002
0_521;0_549_0-400m,0_621;0_246_0-400m,11,0.002
0_521;0_549_0-400m,0_608;0_611_0-400m,0,0
0_521;0_549_0-400m,0_516;0_553_0-400m,13,0.003
0_521;0_549_0-400m,0_602;0_615_0-400m,2,0
0_521;0_549_0-400m,0_525;0_547_0-400m,19,0.004
0_521;0_549_0-400m,0_521;0_549_0-400m,13,0.003
0_521;0_549_0-400m,0_646;0_596_0-400m,6,0.001
0_521;0_549_0-400m,0_261;0_319_0-400m,1,0
0_521;0_549_0-400m,0_274;0_295_0-400m,2,0
0_521;0_549_0-400m,0_519;0_550_0-400m,21,0.005
0_521;0_549_0-400m,0_617;0_597_0-400m,5,0.001
0_521;0_549_0-400m,0_609;0_640_0-400m,4,0.001
0_521;0_549_0-400m,0_532;0_540_0-400m,34,0.007
0_521;0_549_0-400m,0_637;0_576_0-400m,11,0.002
0_521;0_549_0-400m,0_605_0-400m,2,0
0_521;0_549_0-400m,0_619_0-400m,3,0.001
0_521;0_549_0-400m,0_3490_0-400m,0,0
0_521;0_549_0-400m,0_641_0-400m,1,0
0_521;0_549_0-400m,0_647_0-400m,7,0.002
0_521;0_549_0-400m,0_3056_0-400m,0,0
0_521;0_549_0-400m,0_3054_0-400m,9,0.002
0_521;0_549_0-400m,0_242_0-400m,14,0.003
0_521;0_549_0-400m,0_243_0-400m,1,0
0_521;0_549_0-400m,0_277_0-400m,0,0
0_521;0_549_0-400m,0_279_0-400m,0,0
0_521;0_549_0-400m,0_280_0-400m,1,0
0_521;0_549_0-400m,0_281_0-400m,1,0
0_521;0_549_0-400m,0_3103_0-400m,2,0
0_521;0_549_0-400m,0_1182_0-400m,7,0.002
0_521;0_549_0-400m,0_1180_0-400m,0,0
0_521;0_549_0-400m,0_527_0-400m,4,0.001
0_521;0_549_0-400m,0_302_0-400m,0,0
0_521;0_549_0-400m,0_3130_0-400m,8,0.002
0_521;0_549_0-400m,0_3530_0-400m,5,0.001
0_521;0_549_0-400m,TRANSITION_ZONE,86,0.019
0_521;0_549_0-400m,External,1084,0.238
0_646;0_596_0-400m,0_520;0_555_0-400m,6,0.001
0_646;0_596_0-400m,0_282;0_311_0-400m,2,0
0_646;0_596_0-400m,0_267;0_300_0-400m,1,0
0_646;0_596_0-400m,0_526;0_546_0-400m,3,0.001
0_646;0_596_0-400m,0_600;0_643_0-400m,50,0.011
0_646;0_596_0-400m,0_272;0_298_0-400m,26,0.006
0_646;0_596_0-400m,0_271;0_315_0-400m,2,0
0_646;0_596_0-400m,0_607;0_612_0-400m,13,0.003
0_646;0_596_0-400m,0_266;0_301_0-400m,4,0.001
0_646;0_596_0-400m,0_294;0_1181_0-400m,9,0.002
0_646;0_596_0-400m,0_523;0_548_0-400m,3,0.001
0_646;0_596_0-400m,0_275;0_316_0-400m,10,0.002
0_646;0_596_0-400m,0_530;0_542_0-400m,6,0.001
0_646;0_596_0-400m,0_264;0_303_0-400m,6,0.001
0_646;0_596_0-400m,0_531;0_541_0-400m,4,0.001
0_646;0_596_0-400m,0_603;0_614_0-400m,19,0.004
0_646;0_596_0-400m,0_3004;0_3053_0-400m,5,0.001
0_646;0_596_0-400m,0_283;0_292_0-400m,8,0.002
0_646;0_596_0-400m,0_566;0_570_0-400m,8,0.002
0_646;0_596_0-400m,0_528;0_544_0-400m,2,0
0_646;0_596_0-400m,0_644;0_599_0-400m,45,0.01
0_646;0_596_0-400m,0_262;0_305_0-400m,16,0.004
0_646;0_596_0-400m,0_567;0_569_0-400m,10,0.002
0_646;0_596_0-400m,0_265;0_318_0-400m,1,0
0_646;0_596_0-400m,0_604;0_642_0-400m,19,0.004
0_646;0_596_0-400m,0_522;0_554_0-400m,6,0.001
0_646;0_596_0-400m,0_263;0_304_0-400m,18,0.004
0_646;0_596_0-400m,0_518;0_551_0-400m,13,0.003
0_646;0_596_0-400m,0_3002;0_3055_0-400m,24,0.005
0_646;0_596_0-400m,0_273;0_296_0-400m,6,0.001
0_646;0_596_0-400m,0_601;0_616_0-400m,29,0.006
0_646;0_596_0-400m,0_269;0_299_0-400m,2,0
0_646;0_596_0-400m,0_529;0_543_0-400m,3,0.001
0_646;0_596_0-400m,0_268;0_317_0-400m,1,0
0_646;0_596_0-400m,0_278;0_293_0-400m,2,0
0_646;0_596_0-400m,0_260;0_297_0-400m,16,0.004
0_646;0_596_0-400m,0_621;0_246_0-400m,45,0.01
0_646;0_596_0-400m,0_608;0_611_0-400m,13,0.003
0_646;0_596_0-400m,0_516;0_553_0-400m,15,0.003
0_646;0_596_0-400m,0_602;0_615_0-400m,20,0.004
0_646;0_596_0-400m,0_525;0_547_0-400m,7,0.002
0_646;0_596_0-400m,0_521;0_549_0-400m,4,0.001
0_646;0_596_0-400m,0_646;0_596_0-400m,156,0.034
0_646;0_596_0-400m,0_261;0_319_0-400m,11,0.002
0_646;0_596_0-400m,0_274;0_295_0-400m,6,0.001
0_646;0_596_0-400m,0_519;0_550_0-400m,10,0.002
0_646;0_596_0-400m,0_617;0_597_0-400m,43,0.009
0_646;0_596_0-400m,0_609;0_640_0-400m,24,0.005
0_646;0_596_0-400m,0_532;0_540_0-400m,35,0.008
0_646;0_596_0-400m,0_637;0_576_0-400m,16,0.004
0_646;0_596_0-400m,0_605_0-400m,11,0.002
0_646;0_596_0-400m,0_619_0-400m,69,0.015
0_646;0_596_0-400m,0_3490_0-400m,0,0
0_646;0_596_0-400m,0_641_0-400m,17,0.004
0_646;0_596_0-400m,0_647_0-400m,68,0.015
0_646;0_596_0-400m,0_3056_0-400m,4,0.001
0_646;0_596_0-400m,0_3054_0-400m,16,0.004
0_646;0_596_0-400m,0_242_0-400m,17,0.004
0_646;0_596_0-400m,0_243_0-400m,16,0.004
0_646;0_596_0-400m,0_277_0-400m,2,0
0_646;0_596_0-400m,0_279_0-400m,5,0.001
0_646;0_596_0-400m,0_280_0-400m,4,0.001
0_646;0_596_0-400m,0_281_0-400m,0,0
0_646;0_596_0-400m,0_3103_0-400m,39,0.009
0_646;0_596_0-400m,0_1182_0-400m,37,0.008
0_646;0_596_0-400m,0_1180_0-400m,2,0
0_646;0_596_0-400m,0_527_0-400m,1,0
0_646;0_596_0-400m,0_302_0-400m,5,0.001
0_646;0_596_0-400m,0_3130_0-400m,48,0.011
0_646;0_596_0-400m,0_3530_0-400m,17,0.004
0_646;0_596_0-400m,TRANSITION_ZONE,336,0.074
0_646;0_596_0-400m,External,2307,0.507
0_261;0_319_0-400m,0_520;0_555_0-400m,5,0.001
0_261;0_319_0-400m,0_282;0_311_0-400m,0,0
0_261;0_319_0-400m,0_267;0_300_0-400m,0,0
0_261;0_319_0-400m,0_526;0_546_0-400m,9,0.002
0_261;0_319_0-400m,0_600;0_643_0-400m,3,0.001
0_261;0_319_0-400m,0_272;0_298_0-400m,28,0.006
0_261;0_319_0-400m,0_271;0_315_0-400m,5,0.001
0_261;0_319_0-400m,0_607;0_612_0-400m,1,0
0_261;0_319_0-400m,0_266;0_301_0-400m,5,0.001
0_261;0_319_0-400m,0_294;0_1181_0-400m,14,0.003
0_261;0_319_0-400m,0_523;0_548_0-400m,6,0.001
0_261;0_319_0-400m,0_275;0_316_0-400m,20,0.004
0_261;0_319_0-400m,0_530;0_542_0-400m,6,0.001
0_261;0_319_0-400m,0_264;0_303_0-400m,12,0.003
0_261;0_319_0-400m,0_531;0_541_0-400m,6,0.001
0_261;0_319_0-400m,0_603;0_614_0-400m,1,0
0_261;0_319_0-400m,0_3004;0_3053_0-400m,8,0.002
0_261;0_319_0-400m,0_283;0_292_0-400m,9,0.002
0_261;0_319_0-400m,0_566;0_570_0-400m,3,0.001
0_261;0_319_0-400m,0_528;0_544_0-400m,5,0.001
0_261;0_319_0-400m,0_644;0_599_0-400m,2,0
0_261;0_319_0-400m,0_262;0_305_0-400m,26,0.006
0_261;0_319_0-400m,0_567;0_569_0-400m,5,0.001
0_261;0_319_0-400m,0_265;0_318_0-400m,7,0.002
0_261;0_319_0-400m,0_604;0_642_0-400m,3,0.001
0_261;0_319_0-400m,0_522;0_554_0-400m,3,0.001
0_261;0_319_0-400m,0_263;0_304_0-400m,28,0.006
0_261;0_319_0-400m,0_518;0_551_0-400m,11,0.002
0_261;0_319_0-400m,0_3002;0_3055_0-400m,25,0.005
0_261;0_319_0-400m,0_273;0_296_0-400m,4,0.001
0_261;0_319_0-400m,0_601;0_616_0-400m,1,0
0_261;0_319_0-400m,0_269;0_299_0-400m,4,0.001
0_261;0_319_0-400m,0_529;0_543_0-400m,3,0.001
0_261;0_319_0-400m,0_268;0_317_0-400m,6,0.001
0_261;0_319_0-400m,0_278;0_293_0-400m,11,0.002
0_261;0_319_0-400m,0_260;0_297_0-400m,41,0.009
0_261;0_319_0-400m,0_621;0_246_0-400m,17,0.004
0_261;0_319_0-400m,0_608;0_611_0-400m,1,0
0_261;0_319_0-400m,0_516;0_553_0-400m,11,0.002
0_261;0_319_0-400m,0_602;0_615_0-400m,2,0
0_261;0_319_0-400m,0_525;0_547_0-400m,10,0.002
0_261;0_319_0-400m,0_521;0_549_0-400m,3,0.001
0_261;0_319_0-400m,0_646;0_596_0-400m,13,0.003
0_261;0_319_0-400m,0_261;0_319_0-400m,55,0.012
0_261;0_319_0-400m,0_274;0_295_0-400m,10,0.002
0_261;0_319_0-400m,0_519;0_550_0-400m,14,0.003
0_261;0_319_0-400m,0_617;0_597_0-400m,9,0.002
0_261;0_319_0-400m,0_609;0_640_0-400m,3,0.001
0_261;0_319_0-400m,0_532;0_540_0-400m,21,0.005
0_261;0_319_0-400m,0_637;0_576_0-400m,6,0.001
0_261;0_319_0-400m,0_605_0-400m,3,0.001
0_261;0_319_0-400m,0_619_0-400m,15,0.003
0_261;0_319_0-400m,0_3490_0-400m,2,0
0_261;0_319_0-400m,0_641_0-400m,0,0
0_261;0_319_0-400m,0_647_0-400m,23,0.005
0_261;0_319_0-400m,0_3056_0-400m,4,0.001
0_261;0_319_0-400m,0_3054_0-400m,11,0.002
0_261;0_319_0-400m,0_242_0-400m,19,0.004
0_261;0_319_0-400m,0_243_0-400m,4,0.001
0_261;0_319_0-400m,0_277_0-400m,2,0
0_261;0_319_0-400m,0_279_0-400m,9,0.002
0_261;0_319_0-400m,0_280_0-400m,6,0.001
0_261;0_319_0-400m,0_281_0-400m,1,0
0_261;0_319_0-400m,0_3103_0-400m,10,0.002
0_261;0_319_0-400m,0_1182_0-400m,4,0.001
0_261;0_319_0-400m,0_1180_0-400m,3,0.001
0_261;0_319_0-400m,0_527_0-400m,2,0
0_261;0_319_0-400m,0_302_0-400m,7,0.002
0_261;0_319_0-400m,0_3130_0-400m,28,0.006
0_261;0_319_0-400m,0_3530_0-400m,22,0.005
0_261;0_319_0-400m,TRANSITION_ZONE,206,0.045
0_261;0_319_0-400m,External,1428,0.314
0_274;0_295_0-400m,0_520;0_555_0-400m,3,0.001
0_274;0_295_0-400m,0_282;0_311_0-400m,1,0
0_274;0_295_0-400m,0_267;0_300_0-400m,1,0
0_274;0_295_0-400m,0_526;0_546_0-400m,3,0.001
0_274;0_295_0-400m,0_600;0_643_0-400m,4,0.001
0_274;0_295_0-400m,0_272;0_298_0-400m,24,0.005
0_274;0_295_0-400m,0_271;0_315_0-400m,11,0.002
0_274;0_295_0-400m,0_607;0_612_0-400m,2,0
0_274;0_295_0-400m,0_266;0_301_0-400m,2,0
0_274;0_295_0-400m,0_294;0_1181_0-400m,17,0.004
0_274;0_295_0-400m,0_523;0_548_0-400m,0,0
0_274;0_295_0-400m,0_275;0_316_0-400m,25,0.005
0_274;0_295_0-400m,0_530;0_542_0-400m,4,0.001
0_274;0_295_0-400m,0_264;0_303_0-400m,18,0.004
0_274;0_295_0-400m,0_531;0_541_0-400m,1,0
0_274;0_295_0-400m,0_603;0_614_0-400m,0,0
0_274;0_295_0-400m,0_3004;0_3053_0-400m,6,0.001
0_274;0_295_0-400m,0_283;0_292_0-400m,6,0.001
0_274;0_295_0-400m,0_566;0_570_0-400m,4,0.001
0_274;0_295_0-400m,0_528;0_544_0-400m,1,0
0_274;0_295_0-400m,0_644;0_599_0-400m,5,0.001
0_274;0_295_0-400m,0_262;0_305_0-400m,14,0.003
0_274;0_295_0-400m,0_567;0_569_0-400m,12,0.003
0_274;0_295_0-400m,0_265;0_318_0-400m,3,0.001
0_274;0_295_0-400m,0_604;0_642_0-400m,3,0.001
0_274;0_295_0-400m,0_522;0_554_0-400m,2,0
0_274;0_295_0-400m,0_263;0_304_0-400m,30,0.007
0_274;0_295_0-400m,0_518;0_551_0-400m,6,0.001
0_274;0_295_0-400m,0_3002;0_3055_0-400m,5,0.001
0_274;0_295_0-400m,0_273;0_296_0-400m,19,0.004
0_274;0_295_0-400m,0_601;0_616_0-400m,4,0.001
0_274;0_295_0-400m,0_269;0_299_0-400m,7,0.002
0_274;0_295_0-400m,0_529;0_543_0-400m,4,0.001
0_274;0_295_0-400m,0_268;0_317_0-400m,6,0.001
0_274;0_295_0-400m,0_278;0_293_0-400m,12,0.003
0_274;0_295_0-400m,0_260;0_297_0-400m,13,0.003
0_274;0_295_0-400m,0_621;0_246_0-400m,19,0.004
0_274;0_295_0-400m,0_608;0_611_0-400m,0,0
0_274;0_295_0-400m,0_516;0_553_0-400m,12,0.003
0_274;0_295_0-400m,0_602;0_615_0-400m,2,0
0_274;0_295_0-400m,0_525;0_547_0-400m,7,0.002
0_274;0_295_0-400m,0_521;0_549_0-400m,2,0
0_274;0_295_0-400m,0_646;0_596_0-400m,4,0.001
0_274;0_295_0-400m,0_261;0_319_0-400m,13,0.003
0_274;0_295_0-400m,0_274;0_295_0-400m,29,0.006
0_274;0_295_0-400m,0_519;0_550_0-400m,9,0.002
0_274;0_295_0-400m,0_617;0_597_0-400m,4,0.001
0_274;0_295_0-400m,0_609;0_640_0-400m,1,0
0_274;0_295_0-400m,0_532;0_540_0-400m,17,0.004
0_274;0_295_0-400m,0_637;0_576_0-400m,3,0.001
0_274;0_295_0-400m,0_605_0-400m,2,0
0_274;0_295_0-400m,0_619_0-400m,4,0.001
0_274;0_295_0-400m,0_3490_0-400m,0,0
0_274;0_295_0-400m,0_641_0-400m,0,0
0_274;0_295_0-400m,0_647_0-400m,8,0.002
0_274;0_295_0-400m,0_3056_0-400m,4,0.001
0_274;0_295_0-400m,0_3054_0-400m,5,0.001
0_274;0_295_0-400m,0_242_0-400m,11,0.002
0_274;0_295_0-400m,0_243_0-400m,1,0
0_274;0_295_0-400m,0_277_0-400m,1,0
0_274;0_295_0-400m,0_279_0-400m,9,0.002
0_274;0_295_0-400m,0_280_0-400m,14,0.003
0_274;0_295_0-400m,0_281_0-400m,1,0
0_274;0_295_0-400m,0_3103_0-400m,6,0.001
0_274;0_295_0-400m,0_1182_0-400m,15,0.003
0_274;0_295_0-400m,0_1180_0-400m,8,0.002
0_274;0_295_0-400m,0_527_0-400m,3,0.001
0_274;0_295_0-400m,0_302_0-400m,3,0.001
0_274;0_295_0-400m,0_3130_0-400m,16,0.004
0_274;0_295_0-400m,0_3530_0-400m,5,0.001
0_274;0_295_0-400m,TRANSITION_ZONE,131,0.029
0_274;0_295_0-400m,External,1012,0.222
0_519;0_550_0-400m,0_520;0_555_0-400m,31,0.007
0_519;0_550_0-400m,0_282;0_311_0-400m,1,0
0_519;0_550_0-400m,0_267;0_300_0-400m,0,0
0_519;0_550_0-400m,0_526;0_546_0-400m,19,0.004
0_519;0_550_0-400m,0_600;0_643_0-400m,5,0.001
0_519;0_550_0-400m,0_272;0_298_0-400m,37,0.008
0_519;0_550_0-400m,0_271;0_315_0-400m,4,0.001
0_519;0_550_0-400m,0_607;0_612_0-400m,1,0
0_519;0_550_0-400m,0_266;0_301_0-400m,1,0
0_519;0_550_0-400m,0_294;0_1181_0-400m,7,0.002
0_519;0_550_0-400m,0_523;0_548_0-400m,20,0.004
0_519;0_550_0-400m,0_275;0_316_0-400m,4,0.001
0_519;0_550_0-400m,0_530;0_542_0-400m,26,0.006
0_519;0_550_0-400m,0_264;0_303_0-400m,8,0.002
0_519;0_550_0-400m,0_531;0_541_0-400m,33,0.007
0_519;0_550_0-400m,0_603;0_614_0-400m,5,0.001
0_519;0_550_0-400m,0_3004;0_3053_0-400m,25,0.005
0_519;0_550_0-400m,0_283;0_292_0-400m,1,0
0_519;0_550_0-400m,0_566;0_570_0-400m,13,0.003
0_519;0_550_0-400m,0_528;0_544_0-400m,32,0.007
0_519;0_550_0-400m,0_644;0_599_0-400m,8,0.002
0_519;0_550_0-400m,0_262;0_305_0-400m,7,0.002
0_519;0_550_0-400m,0_567;0_569_0-400m,20,0.004
0_519;0_550_0-400m,0_265;0_318_0-400m,1,0
0_519;0_550_0-400m,0_604;0_642_0-400m,2,0
0_519;0_550_0-400m,0_522;0_554_0-400m,20,0.004
0_519;0_550_0-400m,0_263;0_304_0-400m,4,0.001
0_519;0_550_0-400m,0_518;0_551_0-400m,85,0.019
0_519;0_550_0-400m,0_3002;0_3055_0-400m,41,0.009
0_519;0_550_0-400m,0_273;0_296_0-400m,3,0.001
0_519;0_550_0-400m,0_601;0_616_0-400m,4,0.001
0_519;0_550_0-400m,0_269;0_299_0-400m,5,0.001
0_519;0_550_0-400m,0_529;0_543_0-400m,26,0.006
0_519;0_550_0-400m,0_268;0_317_0-400m,4,0.001
0_519;0_550_0-400m,0_278;0_293_0-400m,9,0.002
0_519;0_550_0-400m,0_260;0_297_0-400m,16,0.004
0_519;0_550_0-400m,0_621;0_246_0-400m,28,0.006
0_519;0_550_0-400m,0_608;0_611_0-400m,2,0
0_519;0_550_0-400m,0_516;0_553_0-400m,45,0.01
0_519;0_550_0-400m,0_602;0_615_0-400m,5,0.001
0_519;0_550_0-400m,0_525;0_547_0-400m,59,0.013
0_519;0_550_0-400m,0_521;0_549_0-400m,16,0.004
0_519;0_550_0-400m,0_646;0_596_0-400m,15,0.003
0_519;0_550_0-400m,0_261;0_319_0-400m,4,0.001
0_519;0_550_0-400m,0_274;0_295_0-400m,11,0.002
0_519;0_550_0-400m,0_519;0_550_0-400m,71,0.016
0_519;0_550_0-400m,0_617;0_597_0-400m,7,0.002
0_519;0_550_0-400m,0_609;0_640_0-400m,5,0.001
0_519;0_550_0-400m,0_532;0_540_0-400m,96,0.021
0_519;0_550_0-400m,0_637;0_576_0-400m,16,0.004
0_519;0_550_0-400m,0_605_0-400m,2,0
0_519;0_550_0-400m,0_619_0-400m,15,0.003
0_519;0_550_0-400m,0_3490_0-400m,0,0
0_519;0_550_0-400m,0_641_0-400m,0,0
0_519;0_550_0-400m,0_647_0-400m,14,0.003
0_519;0_550_0-400m,0_3056_0-400m,9,0.002
0_519;0_550_0-400m,0_3054_0-400m,17,0.004
0_519;0_550_0-400m,0_242_0-400m,38,0.008
0_519;0_550_0-400m,0_243_0-400m,6,0.001
0_519;0_550_0-400m,0_277_0-400m,1,0
0_519;0_550_0-400m,0_279_0-400m,3,0.001
0_519;0_550_0-400m,0_280_0-400m,4,0.001
0_519;0_550_0-400m,0_281_0-400m,1,0
0_519;0_550_0-400m,0_3103_0-400m,25,0.005
0_519;0_550_0-400m,0_1182_0-400m,18,0.004
0_519;0_550_0-400m,0_1180_0-400m,0,0
0_519;0_550_0-400m,0_527_0-400m,17,0.004
0_519;0_550_0-400m,0_302_0-400m,1,0
0_519;0_550_0-400m,0_3130_0-400m,20,0.004
0_519;0_550_0-400m,0_3530_0-400m,11,0.002
0_519;0_550_0-400m,TRANSITION_ZONE,284,0.062
0_519;0_550_0-400m,External,4070,0.895
0_617;0_597_0-400m,0_520;0_555_0-400m,2,0
0_617;0_597_0-400m,0_282;0_311_0-400m,0,0
0_617;0_597_0-400m,0_267;0_300_0-400m,1,0
0_617;0_597_0-400m,0_526;0_546_0-400m,2,0
0_617;0_597_0-400m,0_600;0_643_0-400m,45,0.01
0_617;0_597_0-400m,0_272;0_298_0-400m,7,0.002
0_617;0_597_0-400m,0_271;0_315_0-400m,5,0.001
0_617;0_597_0-400m,0_607;0_612_0-400m,10,0.002
0_617;0_597_0-400m,0_266;0_301_0-400m,0,0
0_617;0_597_0-400m,0_294;0_1181_0-400m,4,0.001
0_617;0_597_0-400m,0_523;0_548_0-400m,2,0
0_617;0_597_0-400m,0_275;0_316_0-400m,2,0
0_617;0_597_0-400m,0_530;0_542_0-400m,1,0
0_617;0_597_0-400m,0_264;0_303_0-400m,4,0.001
0_617;0_597_0-400m,0_531;0_541_0-400m,4,0.001
0_617;0_597_0-400m,0_603;0_614_0-400m,22,0.005
0_617;0_597_0-400m,0_3004;0_3053_0-400m,9,0.002
0_617;0_597_0-400m,0_283;0_292_0-400m,3,0.001
0_617;0_597_0-400m,0_566;0_570_0-400m,7,0.002
0_617;0_597_0-400m,0_528;0_544_0-400m,2,0
0_617;0_597_0-400m,0_644;0_599_0-400m,18,0.004
0_617;0_597_0-400m,0_262;0_305_0-400m,3,0.001
0_617;0_597_0-400m,0_567;0_569_0-400m,5,0.001
0_617;0_597_0-400m,0_265;0_318_0-400m,0,0
0_617;0_597_0-400m,0_604;0_642_0-400m,17,0.004
0_617;0_597_0-400m,0_522;0_554_0-400m,2,0
0_617;0_597_0-400m,0_263;0_304_0-400m,10,0.002
0_617;0_597_0-400m,0_518;0_551_0-400m,14,0.003
0_617;0_597_0-400m,0_3002;0_3055_0-400m,2,0
0_617;0_597_0-400m,0_273;0_296_0-400m,5,0.001
0_617;0_597_0-400m,0_601;0_616_0-400m,20,0.004
0_617;0_597_0-400m,0_269;0_299_0-400m,3,0.001
0_617;0_597_0-400m,0_529;0_543_0-400m,2,0
0_617;0_597_0-400m,0_268;0_317_0-400m,0,0
0_617;0_597_0-400m,0_278;0_293_0-400m,3,0.001
0_617;0_597_0-400m,0_260;0_297_0-400m,8,0.002
0_617;0_597_0-400m,0_621;0_246_0-400m,36,0.008
0_617;0_597_0-400m,0_608;0_611_0-400m,4,0.001
0_617;0_597_0-400m,0_516;0_553_0-400m,10,0.002
0_617;0_597_0-400m,0_602;0_615_0-400m,22,0.005
0_617;0_597_0-400m,0_525;0_547_0-400m,4,0.001
0_617;0_597_0-400m,0_521;0_549_0-400m,1,0
0_617;0_597_0-400m,0_646;0_596_0-400m,64,0.014
0_617;0_597_0-400m,0_261;0_319_0-400m,7,0.002
0_617;0_597_0-400m,0_274;0_295_0-400m,1,0
0_617;0_597_0-400m,0_519;0_550_0-400m,4,0.001
0_617;0_597_0-400m,0_617;0_597_0-400m,80,0.018
0_617;0_597_0-400m,0_609;0_640_0-400m,18,0.004
0_617;0_597_0-400m,0_532;0_540_0-400m,17,0.004
0_617;0_597_0-400m,0_637;0_576_0-400m,19,0.004
0_617;0_597_0-400m,0_605_0-400m,15,0.003
0_617;0_597_0-400m,0_619_0-400m,43,0.009
0_617;0_597_0-400m,0_3490_0-400m,0,0
0_617;0_597_0-400m,0_641_0-400m,19,0.004
0_617;0_597_0-400m,0_647_0-400m,51,0.011
0_617;0_597_0-400m,0_3056_0-400m,2,0
0_617;0_597_0-400m,0_3054_0-400m,5,0.001
0_617;0_597_0-400m,0_242_0-400m,11,0.002
0_617;0_597_0-400m,0_243_0-400m,8,0.002
0_617;0_597_0-400m,0_277_0-400m,1,0
0_617;0_597_0-400m,0_279_0-400m,3,0.001
0_617;0_597_0-400m,0_280_0-400m,2,0
0_617;0_597_0-400m,0_281_0-400m,0,0
0_617;0_597_0-400m,0_3103_0-400m,22,0.005
0_617;0_597_0-400m,0_1182_0-400m,18,0.004
0_617;0_597_0-400m,0_1180_0-400m,0,0
0_617;0_597_0-400m,0_527_0-400m,1,0
0_617;0_597_0-400m,0_302_0-400m,2,0
0_617;0_597_0-400m,0_3130_0-400m,18,0.004
0_617;0_597_0-400m,0_3530_0-400m,5,0.001
0_617;0_597_0-400m,TRANSITION_ZONE,201,0.044
0_617;0_597_0-400m,External,1522,0.335
0_609;0_640_0-400m,0_520;0_555_0-400m,4,0.001
0_609;0_640_0-400m,0_282;0_311_0-400m,2,0
0_609;0_640_0-400m,0_267;0_300_0-400m,0,0
0_609;0_640_0-400m,0_526;0_546_0-400m,3,0.001
0_609;0_640_0-400m,0_600;0_643_0-400m,31,0.007
0_609;0_640_0-400m,0_272;0_298_0-400m,5,0.001
0_609;0_640_0-400m,0_271;0_315_0-400m,0,0
0_609;0_640_0-400m,0_607;0_612_0-400m,24,0.005
0_609;0_640_0-400m,0_266;0_301_0-400m,2,0
0_609;0_640_0-400m,0_294;0_1181_0-400m,6,0.001
0_609;0_640_0-400m,0_523;0_548_0-400m,3,0.001
0_609;0_640_0-400m,0_275;0_316_0-400m,3,0.001
0_609;0_640_0-400m,0_530;0_542_0-400m,4,0.001
0_609;0_640_0-400m,0_264;0_303_0-400m,5,0.001
0_609;0_640_0-400m,0_531;0_541_0-400m,2,0
0_609;0_640_0-400m,0_603;0_614_0-400m,36,0.008
0_609;0_640_0-400m,0_3004;0_3053_0-400m,4,0.001
0_609;0_640_0-400m,0_283;0_292_0-400m,2,0
0_609;0_640_0-400m,0_566;0_570_0-400m,1,0
0_609;0_640_0-400m,0_528;0_544_0-400m,0,0
0_609;0_640_0-400m,0_644;0_599_0-400m,26,0.006
0_609;0_640_0-400m,0_262;0_305_0-400m,6,0.001
0_609;0_640_0-400m,0_567;0_569_0-400m,8,0.002
0_609;0_640_0-400m,0_265;0_318_0-400m,2,0
0_609;0_640_0-400m,0_604;0_642_0-400m,28,0.006
0_609;0_640_0-400m,0_522;0_554_0-400m,0,0
0_609;0_640_0-400m,0_263;0_304_0-400m,5,0.001
0_609;0_640_0-400m,0_518;0_551_0-400m,11,0.002
0_609;0_640_0-400m,0_3002;0_3055_0-400m,5,0.001
0_609;0_640_0-400m,0_273;0_296_0-400m,0,0
0_609;0_640_0-400m,0_601;0_616_0-400m,37,0.008
0_609;0_640_0-400m,0_269;0_299_0-400m,3,0.001
0_609;0_640_0-400m,0_529;0_543_0-400m,2,0
0_609;0_640_0-400m,0_268;0_317_0-400m,0,0
0_609;0_640_0-400m,0_278;0_293_0-400m,0,0
0_609;0_640_0-400m,0_260;0_297_0-400m,9,0.002
0_609;0_640_0-400m,0_621;0_246_0-400m,17,0.004
0_609;0_640_0-400m,0_608;0_611_0-400m,44,0.01
0_609;0_640_0-400m,0_516;0_553_0-400m,6,0.001
0_609;0_640_0-400m,0_602;0_615_0-400m,24,0.005
0_609;0_640_0-400m,0_525;0_547_0-400m,3,0.001
0_609;0_640_0-400m,0_521;0_549_0-400m,4,0.001
0_609;0_640_0-400m,0_646;0_596_0-400m,23,0.005
0_609;0_640_0-400m,0_261;0_319_0-400m,7,0.002
0_609;0_640_0-400m,0_274;0_295_0-400m,1,0
0_609;0_640_0-400m,0_519;0_550_0-400m,9,0.002
0_609;0_640_0-400m,0_617;0_597_0-400m,26,0.006
0_609;0_640_0-400m,0_609;0_640_0-400m,174,0.038
0_609;0_640_0-400m,0_532;0_540_0-400m,16,0.004
0_609;0_640_0-400m,0_637;0_576_0-400m,215,0.047
0_609;0_640_0-400m,0_605_0-400m,36,0.008
0_609;0_640_0-400m,0_619_0-400m,26,0.006
0_609;0_640_0-400m,0_3490_0-400m,0,0
0_609;0_640_0-400m,0_641_0-400m,48,0.011
0_609;0_640_0-400m,0_647_0-400m,16,0.004
0_609;0_640_0-400m,0_3056_0-400m,0,0
0_609;0_640_0-400m,0_3054_0-400m,5,0.001
0_609;0_640_0-400m,0_242_0-400m,11,0.002
0_609;0_640_0-400m,0_243_0-400m,7,0.002
0_609;0_640_0-400m,0_277_0-400m,0,0
0_609;0_640_0-400m,0_279_0-400m,3,0.001
0_609;0_640_0-400m,0_280_0-400m,2,0
0_609;0_640_0-400m,0_281_0-400m,0,0
0_609;0_640_0-400m,0_3103_0-400m,25,0.005
0_609;0_640_0-400m,0_1182_0-400m,10,0.002
0_609;0_640_0-400m,0_1180_0-400m,0,0
0_609;0_640_0-400m,0_527_0-400m,1,0
0_609;0_640_0-400m,0_302_0-400m,0,0
0_609;0_640_0-400m,0_3130_0-400m,12,0.003
0_609;0_640_0-400m,0_3530_0-400m,4,0.001
0_609;0_640_0-400m,TRANSITION_ZONE,343,0.075
0_609;0_640_0-400m,External,3640,0.8
0_532;0_540_0-400m,0_520;0_555_0-400m,51,0.011
0_532;0_540_0-400m,0_282;0_311_0-400m,3,0.001
0_532;0_540_0-400m,0_267;0_300_0-400m,1,0
0_532;0_540_0-400m,0_526;0_546_0-400m,103,0.023
0_532;0_540_0-400m,0_600;0_643_0-400m,14,0.003
0_532;0_540_0-400m,0_272;0_298_0-400m,56,0.012
0_532;0_540_0-400m,0_271;0_315_0-400m,6,0.001
0_532;0_540_0-400m,0_607;0_612_0-400m,14,0.003
0_532;0_540_0-400m,0_266;0_301_0-400m,5,0.001
0_532;0_540_0-400m,0_294;0_1181_0-400m,12,0.003
0_532;0_540_0-400m,0_523;0_548_0-400m,65,0.014
0_532;0_540_0-400m,0_275;0_316_0-400m,5,0.001
0_532;0_540_0-400m,0_530;0_542_0-400m,76,0.017
0_532;0_540_0-400m,0_264;0_303_0-400m,6,0.001
0_532;0_540_0-400m,0_531;0_541_0-400m,153,0.034
0_532;0_540_0-400m,0_603;0_614_0-400m,13,0.003
0_532;0_540_0-400m,0_3004;0_3053_0-400m,38,0.008
0_532;0_540_0-400m,0_283;0_292_0-400m,16,0.004
0_532;0_540_0-400m,0_566;0_570_0-400m,31,0.007
0_532;0_540_0-400m,0_528;0_544_0-400m,97,0.021
0_532;0_540_0-400m,0_644;0_599_0-400m,20,0.004
0_532;0_540_0-400m,0_262;0_305_0-400m,12,0.003
0_532;0_540_0-400m,0_567;0_569_0-400m,44,0.01
0_532;0_540_0-400m,0_265;0_318_0-400m,4,0.001
0_532;0_540_0-400m,0_604;0_642_0-400m,15,0.003
0_532;0_540_0-400m,0_522;0_554_0-400m,78,0.017
0_532;0_540_0-400m,0_263;0_304_0-400m,29,0.006
0_532;0_540_0-400m,0_518;0_551_0-400m,81,0.018
0_532;0_540_0-400m,0_3002;0_3055_0-400m,56,0.012
0_532;0_540_0-400m,0_273;0_296_0-400m,9,0.002
0_532;0_540_0-400m,0_601;0_616_0-400m,6,0.001
0_532;0_540_0-400m,0_269;0_299_0-400m,4,0.001
0_532;0_540_0-400m,0_529;0_543_0-400m,92,0.02
0_532;0_540_0-400m,0_268;0_317_0-400m,2,0
0_532;0_540_0-400m,0_278;0_293_0-400m,15,0.003
0_532;0_540_0-400m,0_260;0_297_0-400m,38,0.008
0_532;0_540_0-400m,0_621;0_246_0-400m,42,0.009
0_532;0_540_0-400m,0_608;0_611_0-400m,13,0.003
0_532;0_540_0-400m,0_516;0_553_0-400m,81,0.018
0_532;0_540_0-400m,0_602;0_615_0-400m,14,0.003
0_532;0_540_0-400m,0_525;0_547_0-400m,101,0.022
0_532;0_540_0-400m,0_521;0_549_0-400m,35,0.008
0_532;0_540_0-400m,0_646;0_596_0-400m,34,0.007
0_532;0_540_0-400m,0_261;0_319_0-400m,15,0.003
0_532;0_540_0-400m,0_274;0_295_0-400m,12,0.003
0_532;0_540_0-400m,0_519;0_550_0-400m,109,0.024
0_532;0_540_0-400m,0_617;0_597_0-400m,15,0.003
0_532;0_540_0-400m,0_609;0_640_0-400m,35,0.008
0_532;0_540_0-400m,0_532;0_540_0-400m,895,0.197
0_532;0_540_0-400m,0_637;0_576_0-400m,19,0.004
0_532;0_540_0-400m,0_605_0-400m,12,0.003
0_532;0_540_0-400m,0_619_0-400m,27,0.006
0_532;0_540_0-400m,0_3490_0-400m,2,0
0_532;0_540_0-400m,0_641_0-400m,9,0.002
0_532;0_540_0-400m,0_647_0-400m,37,0.008
0_532;0_540_0-400m,0_3056_0-400m,4,0.001
0_532;0_540_0-400m,0_3054_0-400m,19,0.004
0_532;0_540_0-400m,0_242_0-400m,31,0.007
0_532;0_540_0-400m,0_243_0-400m,5,0.001
0_532;0_540_0-400m,0_277_0-400m,5,0.001
0_532;0_540_0-400m,0_279_0-400m,3,0.001
0_532;0_540_0-400m,0_280_0-400m,7,0.002
0_532;0_540_0-400m,0_281_0-400m,3,0.001
0_532;0_540_0-400m,0_3103_0-400m,26,0.006
0_532;0_540_0-400m,0_1182_0-400m,19,0.004
0_532;0_540_0-400m,0_1180_0-400m,6,0.001
0_532;0_540_0-400m,0_527_0-400m,49,0.011
0_532;0_540_0-400m,0_302_0-400m,7,0.002
0_532;0_540_0-400m,0_3130_0-400m,19,0.004
0_532;0_540_0-400m,0_3530_0-400m,8,0.002
0_532;0_540_0-400m,TRANSITION_ZONE,582,0.128
0_532;0_540_0-400m,External,8821,1.939
0_637;0_576_0-400m,0_520;0_555_0-400m,5,0.001
0_637;0_576_0-400m,0_282;0_311_0-400m,2,0
0_637;0_576_0-400m,0_267;0_300_0-400m,0,0
0_637;0_576_0-400m,0_526;0_546_0-400m,6,0.001
0_637;0_576_0-400m,0_600;0_643_0-400m,49,0.011
0_637;0_576_0-400m,0_272;0_298_0-400m,17,0.004
0_637;0_576_0-400m,0_271;0_315_0-400m,3,0.001
0_637;0_576_0-400m,0_607;0_612_0-400m,60,0.013
0_637;0_576_0-400m,0_266;0_301_0-400m,3,0.001
0_637;0_576_0-400m,0_294;0_1181_0-400m,6,0.001
0_637;0_576_0-400m,0_523;0_548_0-400m,2,0
0_637;0_576_0-400m,0_275;0_316_0-400m,5,0.001
0_637;0_576_0-400m,0_530;0_542_0-400m,5,0.001
0_637;0_576_0-400m,0_264;0_303_0-400m,4,0.001
0_637;0_576_0-400m,0_531;0_541_0-400m,4,0.001
0_637;0_576_0-400m,0_603;0_614_0-400m,55,0.012
0_637;0_576_0-400m,0_3004;0_3053_0-400m,6,0.001
0_637;0_576_0-400m,0_283;0_292_0-400m,4,0.001
0_637;0_576_0-400m,0_566;0_570_0-400m,12,0.003
0_637;0_576_0-400m,0_528;0_544_0-400m,5,0.001
0_637;0_576_0-400m,0_644;0_599_0-400m,24,0.005
0_637;0_576_0-400m,0_262;0_305_0-400m,11,0.002
0_637;0_576_0-400m,0_567;0_569_0-400m,8,0.002
0_637;0_576_0-400m,0_265;0_318_0-400m,1,0
0_637;0_576_0-400m,0_604;0_642_0-400m,34,0.007
0_637;0_576_0-400m,0_522;0_554_0-400m,4,0.001
0_637;0_576_0-400m,0_263;0_304_0-400m,7,0.002
0_637;0_576_0-400m,0_518;0_551_0-400m,14,0.003
0_637;0_576_0-400m,0_3002;0_3055_0-400m,6,0.001
0_637;0_576_0-400m,0_273;0_296_0-400m,2,0
0_637;0_576_0-400m,0_601;0_616_0-400m,26,0.006
0_637;0_576_0-400m,0_269;0_299_0-400m,3,0.001
0_637;0_576_0-400m,0_529;0_543_0-400m,8,0.002
0_637;0_576_0-400m,0_268;0_317_0-400m,5,0.001
0_637;0_576_0-400m,0_278;0_293_0-400m,4,0.001
0_637;0_576_0-400m,0_260;0_297_0-400m,5,0.001
0_637;0_576_0-400m,0_621;0_246_0-400m,26,0.006
0_637;0_576_0-400m,0_608;0_611_0-400m,54,0.012
0_637;0_576_0-400m,0_516;0_553_0-400m,2,0
0_637;0_576_0-400m,0_602;0_615_0-400m,18,0.004
0_637;0_576_0-400m,0_525;0_547_0-400m,8,0.002
0_637;0_576_0-400m,0_521;0_549_0-400m,1,0
0_637;0_576_0-400m,0_646;0_596_0-400m,24,0.005
0_637;0_576_0-400m,0_261;0_319_0-400m,5,0.001
0_637;0_576_0-400m,0_274;0_295_0-400m,3,0.001
0_637;0_576_0-400m,0_519;0_550_0-400m,16,0.004
0_637;0_576_0-400m,0_617;0_597_0-400m,25,0.005
0_637;0_576_0-400m,0_609;0_640_0-400m,164,0.036
0_637;0_576_0-400m,0_532;0_540_0-400m,21,0.005
0_637;0_576_0-400m,0_637;0_576_0-400m,293,0.064
0_637;0_576_0-400m,0_605_0-400m,34,0.007
0_637;0_576_0-400m,0_619_0-400m,31,0.007
0_637;0_576_0-400m,0_3490_0-400m,0,0
0_637;0_576_0-400m,0_641_0-400m,44,0.01
0_637;0_576_0-400m,0_647_0-400m,29,0.006
0_637;0_576_0-400m,0_3056_0-400m,5,0.001
0_637;0_576_0-400m,0_3054_0-400m,4,0.001
0_637;0_576_0-400m,0_242_0-400m,19,0.004
0_637;0_576_0-400m,0_243_0-400m,2,0
0_637;0_576_0-400m,0_277_0-400m,2,0
0_637;0_576_0-400m,0_279_0-400m,4,0.001
0_637;0_576_0-400m,0_280_0-400m,6,0.001
0_637;0_576_0-400m,0_281_0-400m,2,0
0_637;0_576_0-400m,0_3103_0-400m,20,0.004
0_637;0_576_0-400m,0_1182_0-400m,20,0.004
0_637;0_576_0-400m,0_1180_0-400m,1,0
0_637;0_576_0-400m,0_527_0-400m,3,0.001
0_637;0_576_0-400m,0_302_0-400m,1,0
0_637;0_576_0-400m,0_3130_0-400m,17,0.004
0_637;0_576_0-400m,0_3530_0-400m,6,0.001
0_637;0_576_0-400m,TRANSITION_ZONE,498,0.109
0_637;0_576_0-400m,External,4706,1.034
0_605_0-400m,0_520;0_555_0-400m,1,0
0_605_0-400m,0_282;0_311_0-400m,1,0
0_605_0-400m,0_267;0_300_0-400m,0,0
0_605_0-400m,0_526;0_546_0-400m,1,0
0_605_0-400m,0_600;0_643_0-400m,26,0.006
0_605_0-400m,0_272;0_298_0-400m,6,0.001
0_605_0-400m,0_271;0_315_0-400m,1,0
0_605_0-400m,0_607;0_612_0-400m,21,0.005
0_605_0-400m,0_266;0_301_0-400m,0,0
0_605_0-400m,0_294;0_1181_0-400m,0,0
0_605_0-400m,0_523;0_548_0-400m,0,0
0_605_0-400m,0_275;0_316_0-400m,4,0.001
0_605_0-400m,0_530;0_542_0-400m,2,0
0_605_0-400m,0_264;0_303_0-400m,1,0
0_605_0-400m,0_531;0_541_0-400m,2,0
0_605_0-400m,0_603;0_614_0-400m,33,0.007
0_605_0-400m,0_3004;0_3053_0-400m,1,0
0_605_0-400m,0_283;0_292_0-400m,8,0.002
0_605_0-400m,0_566;0_570_0-400m,5,0.001
0_605_0-400m,0_528;0_544_0-400m,1,0
0_605_0-400m,0_644;0_599_0-400m,15,0.003
0_605_0-400m,0_262;0_305_0-400m,3,0.001
0_605_0-400m,0_567;0_569_0-400m,5,0.001
0_605_0-400m,0_265;0_318_0-400m,5,0.001
0_605_0-400m,0_604;0_642_0-400m,37,0.008
0_605_0-400m,0_522;0_554_0-400m,3,0.001
0_605_0-400m,0_263;0_304_0-400m,1,0
0_605_0-400m,0_518;0_551_0-400m,6,0.001
0_605_0-400m,0_3002;0_3055_0-400m,7,0.002
0_605_0-400m,0_273;0_296_0-400m,1,0
0_605_0-400m,0_601;0_616_0-400m,29,0.006
0_605_0-400m,0_269;0_299_0-400m,2,0
0_605_0-400m,0_529;0_543_0-400m,4,0.001
0_605_0-400m,0_268;0_317_0-400m,1,0
0_605_0-400m,0_278;0_293_0-400m,1,0
0_605_0-400m,0_260;0_297_0-400m,6,0.001
0_605_0-400m,0_621;0_246_0-400m,19,0.004
0_605_0-400m,0_608;0_611_0-400m,11,0.002
0_605_0-400m,0_516;0_553_0-400m,7,0.002
0_605_0-400m,0_602;0_615_0-400m,21,0.005
0_605_0-400m,0_525;0_547_0-400m,5,0.001
0_605_0-400m,0_521;0_549_0-400m,0,0
0_605_0-400m,0_646;0_596_0-400m,14,0.003
0_605_0-400m,0_261;0_319_0-400m,2,0
0_605_0-400m,0_274;0_295_0-400m,3,0.001
0_605_0-400m,0_519;0_550_0-400m,6,0.001
0_605_0-400m,0_617;0_597_0-400m,21,0.005
0_605_0-400m,0_609;0_640_0-400m,38,0.008
0_605_0-400m,0_532;0_540_0-400m,20,0.004
0_605_0-400m,0_637;0_576_0-400m,28,0.006
0_605_0-400m,0_605_0-400m,62,0.014
0_605_0-400m,0_619_0-400m,24,0.005
0_605_0-400m,0_3490_0-400m,0,0
0_605_0-400m,0_641_0-400m,29,0.006
0_605_0-400m,0_647_0-400m,11,0.002
0_605_0-400m,0_3056_0-400m,4,0.001
0_605_0-400m,0_3054_0-400m,5,0.001
0_605_0-400m,0_242_0-400m,8,0.002
0_605_0-400m,0_243_0-400m,6,0.001
0_605_0-400m,0_277_0-400m,0,0
0_605_0-400m,0_279_0-400m,2,0
0_605_0-400m,0_280_0-400m,0,0
0_605_0-400m,0_281_0-400m,0,0
0_605_0-400m,0_3103_0-400m,31,0.007
0_605_0-400m,0_1182_0-400m,12,0.003
0_605_0-400m,0_1180_0-400m,0,0
0_605_0-400m,0_527_0-400m,0,0
0_605_0-400m,0_302_0-400m,0,0
0_605_0-400m,0_3130_0-400m,13,0.003
0_605_0-400m,0_3530_0-400m,6,0.001
0_605_0-400m,TRANSITION_ZONE,201,0.044
0_605_0-400m,External,1250,0.275
0_619_0-400m,0_520;0_555_0-400m,11,0.002
0_619_0-400m,0_282;0_311_0-400m,2,0
0_619_0-400m,0_267;0_300_0-400m,1,0
0_619_0-400m,0_526;0_546_0-400m,5,0.001
0_619_0-400m,0_600;0_643_0-400m,35,0.008
0_619_0-400m,0_272;0_298_0-400m,18,0.004
0_619_0-400m,0_271;0_315_0-400m,5,0.001
0_619_0-400m,0_607;0_612_0-400m,2,0
0_619_0-400m,0_266;0_301_0-400m,4,0.001
0_619_0-400m,0_294;0_1181_0-400m,8,0.002
0_619_0-400m,0_523;0_548_0-400m,2,0
0_619_0-400m,0_275;0_316_0-400m,7,0.002
0_619_0-400m,0_530;0_542_0-400m,8,0.002
0_619_0-400m,0_264;0_303_0-400m,8,0.002
0_619_0-400m,0_531;0_541_0-400m,3,0.001
0_619_0-400m,0_603;0_614_0-400m,16,0.004
0_619_0-400m,0_3004;0_3053_0-400m,20,0.004
0_619_0-400m,0_283;0_292_0-400m,11,0.002
0_619_0-400m,0_566;0_570_0-400m,9,0.002
0_619_0-400m,0_528;0_544_0-400m,5,0.001
0_619_0-400m,0_644;0_599_0-400m,27,0.006
0_619_0-400m,0_262;0_305_0-400m,9,0.002
0_619_0-400m,0_567;0_569_0-400m,9,0.002
0_619_0-400m,0_265;0_318_0-400m,2,0
0_619_0-400m,0_604;0_642_0-400m,15,0.003
0_619_0-400m,0_522;0_554_0-400m,6,0.001
0_619_0-400m,0_263;0_304_0-400m,8,0.002
0_619_0-400m,0_518;0_551_0-400m,14,0.003
0_619_0-400m,0_3002;0_3055_0-400m,24,0.005
0_619_0-400m,0_273;0_296_0-400m,9,0.002
0_619_0-400m,0_601;0_616_0-400m,16,0.004
0_619_0-400m,0_269;0_299_0-400m,4,0.001
0_619_0-400m,0_529;0_543_0-400m,1,0
0_619_0-400m,0_268;0_317_0-400m,2,0
0_619_0-400m,0_278;0_293_0-400m,6,0.001
0_619_0-400m,0_260;0_297_0-400m,13,0.003
0_619_0-400m,0_621;0_246_0-400m,58,0.013
0_619_0-400m,0_608;0_611_0-400m,10,0.002
0_619_0-400m,0_516;0_553_0-400m,14,0.003
0_619_0-400m,0_602;0_615_0-400m,15,0.003
0_619_0-400m,0_525;0_547_0-400m,7,0.002
0_619_0-400m,0_521;0_549_0-400m,7,0.002
0_619_0-400m,0_646;0_596_0-400m,61,0.013
0_619_0-400m,0_261;0_319_0-400m,11,0.002
0_619_0-400m,0_274;0_295_0-400m,2,0
0_619_0-400m,0_519;0_550_0-400m,16,0.004
0_619_0-400m,0_617;0_597_0-400m,20,0.004
0_619_0-400m,0_609;0_640_0-400m,23,0.005
0_619_0-400m,0_532;0_540_0-400m,31,0.007
0_619_0-400m,0_637;0_576_0-400m,21,0.005
0_619_0-400m,0_605_0-400m,15,0.003
0_619_0-400m,0_619_0-400m,82,0.018
0_619_0-400m,0_3490_0-400m,1,0
0_619_0-400m,0_641_0-400m,13,0.003
0_619_0-400m,0_647_0-400m,65,0.014
0_619_0-400m,0_3056_0-400m,5,0.001
0_619_0-400m,0_3054_0-400m,20,0.004
0_619_0-400m,0_242_0-400m,20,0.004
0_619_0-400m,0_243_0-400m,8,0.002
0_619_0-400m,0_277_0-400m,5,0.001
0_619_0-400m,0_279_0-400m,5,0.001
0_619_0-400m,0_280_0-400m,3,0.001
0_619_0-400m,0_281_0-400m,1,0
0_619_0-400m,0_3103_0-400m,24,0.005
0_619_0-400m,0_1182_0-400m,45,0.01
0_619_0-400m,0_1180_0-400m,2,0
0_619_0-400m,0_527_0-400m,2,0
0_619_0-400m,0_302_0-400m,1,0
0_619_0-400m,0_3130_0-400m,27,0.006
0_619_0-400m,0_3530_0-400m,11,0.002
0_619_0-400m,TRANSITION_ZONE,313,0.069
0_619_0-400m,External,2054,0.451
0_3490_0-400m,0_520;0_555_0-400m,0,0
0_3490_0-400m,0_282;0_311_0-400m,5,0.001
0_3490_0-400m,0_267;0_300_0-400m,4,0.001
0_3490_0-400m,0_526;0_546_0-400m,1,0
0_3490_0-400m,0_600;0_643_0-400m,0,0
0_3490_0-400m,0_272;0_298_0-400m,3,0.001
0_3490_0-400m,0_271;0_315_0-400m,4,0.001
0_3490_0-400m,0_607;0_612_0-400m,0,0
0_3490_0-400m,0_266;0_301_0-400m,10,0.002
0_3490_0-400m,0_294;0_1181_0-400m,7,0.002
0_3490_0-400m,0_523;0_548_0-400m,0,0
0_3490_0-400m,0_275;0_316_0-400m,6,0.001
0_3490_0-400m,0_530;0_542_0-400m,0,0
0_3490_0-400m,0_264;0_303_0-400m,22,0.005
0_3490_0-400m,0_531;0_541_0-400m,0,0
0_3490_0-400m,0_603;0_614_0-400m,0,0
0_3490_0-400m,0_3004;0_3053_0-400m,0,0
0_3490_0-400m,0_283;0_292_0-400m,15,0.003
0_3490_0-400m,0_566;0_570_0-400m,0,0
0_3490_0-400m,0_528;0_544_0-400m,2,0
0_3490_0-400m,0_644;0_599_0-400m,0,0
0_3490_0-400m,0_262;0_305_0-400m,1,0
0_3490_0-400m,0_567;0_569_0-400m,0,0
0_3490_0-400m,0_265;0_318_0-400m,8,0.002
0_3490_0-400m,0_604;0_642_0-400m,0,0
0_3490_0-400m,0_522;0_554_0-400m,0,0
0_3490_0-400m,0_263;0_304_0-400m,5,0.001
0_3490_0-400m,0_518;0_551_0-400m,1,0
0_3490_0-400m,0_3002;0_3055_0-400m,0,0
0_3490_0-400m,0_273;0_296_0-400m,4,0.001
0_3490_0-400m,0_601;0_616_0-400m,0,0
0_3490_0-400m,0_269;0_299_0-400m,7,0.002
0_3490_0-400m,0_529;0_543_0-400m,0,0
0_3490_0-400m,0_268;0_317_0-400m,11,0.002
0_3490_0-400m,0_278;0_293_0-400m,10,0.002
0_3490_0-400m,0_260;0_297_0-400m,2,0
0_3490_0-400m,0_621;0_246_0-400m,2,0
0_3490_0-400m,0_608;0_611_0-400m,0,0
0_3490_0-400m,0_516;0_553_0-400m,1,0
0_3490_0-400m,0_602;0_615_0-400m,2,0
0_3490_0-400m,0_525;0_547_0-400m,0,0
0_3490_0-400m,0_521;0_549_0-400m,0,0
0_3490_0-400m,0_646;0_596_0-400m,1,0
0_3490_0-400m,0_261;0_319_0-400m,5,0.001
0_3490_0-400m,0_274;0_295_0-400m,7,0.002
0_3490_0-400m,0_519;0_550_0-400m,0,0
0_3490_0-400m,0_617;0_597_0-400m,0,0
0_3490_0-400m,0_609;0_640_0-400m,1,0
0_3490_0-400m,0_532;0_540_0-400m,6,0.001
0_3490_0-400m,0_637;0_576_0-400m,1,0
0_3490_0-400m,0_605_0-400m,0,0
0_3490_0-400m,0_619_0-400m,0,0
0_3490_0-400m,0_3490_0-400m,9,0.002
0_3490_0-400m,0_641_0-400m,0,0
0_3490_0-400m,0_647_0-400m,2,0
0_3490_0-400m,0_3056_0-400m,0,0
0_3490_0-400m,0_3054_0-400m,2,0
0_3490_0-400m,0_242_0-400m,1,0
0_3490_0-400m,0_243_0-400m,1,0
0_3490_0-400m,0_277_0-400m,8,0.002
0_3490_0-400m,0_279_0-400m,14,0.003
0_3490_0-400m,0_280_0-400m,14,0.003
0_3490_0-400m,0_281_0-400m,2,0
0_3490_0-400m,0_3103_0-400m,2,0
0_3490_0-400m,0_1182_0-400m,0,0
0_3490_0-400m,0_1180_0-400m,8,0.002
0_3490_0-400m,0_527_0-400m,0,0
0_3490_0-400m,0_302_0-400m,4,0.001
0_3490_0-400m,0_3130_0-400m,1,0
0_3490_0-400m,0_3530_0-400m,1,0
0_3490_0-400m,TRANSITION_ZONE,41,0.009
0_3490_0-400m,External,311,0.068
0_641_0-400m,0_520;0_555_0-400m,1,0
0_641_0-400m,0_282;0_311_0-400m,1,0
0_641_0-400m,0_267;0_300_0-400m,1,0
0_641_0-400m,0_526;0_546_0-400m,2,0
0_641_0-400m,0_600;0_643_0-400m,21,0.005
0_641_0-400m,0_272;0_298_0-400m,5,0.001
0_641_0-400m,0_271;0_315_0-400m,0,0
0_641_0-400m,0_607;0_612_0-400m,21,0.005
0_641_0-400m,0_266;0_301_0-400m,3,0.001
0_641_0-400m,0_294;0_1181_0-400m,1,0
0_641_0-400m,0_523;0_548_0-400m,2,0
0_641_0-400m,0_275;0_316_0-400m,1,0
0_641_0-400m,0_530;0_542_0-400m,2,0
0_641_0-400m,0_264;0_303_0-400m,1,0
0_641_0-400m,0_531;0_541_0-400m,3,0.001
0_641_0-400m,0_603;0_614_0-400m,22,0.005
0_641_0-400m,0_3004;0_3053_0-400m,3,0.001
0_641_0-400m,0_283;0_292_0-400m,2,0
0_641_0-400m,0_566;0_570_0-400m,4,0.001
0_641_0-400m,0_528;0_544_0-400m,0,0
0_641_0-400m,0_644;0_599_0-400m,11,0.002
0_641_0-400m,0_262;0_305_0-400m,2,0
0_641_0-400m,0_567;0_569_0-400m,4,0.001
0_641_0-400m,0_265;0_318_0-400m,0,0
0_641_0-400m,0_604;0_642_0-400m,12,0.003
0_641_0-400m,0_522;0_554_0-400m,1,0
0_641_0-400m,0_263;0_304_0-400m,2,0
0_641_0-400m,0_518;0_551_0-400m,5,0.001
0_641_0-400m,0_3002;0_3055_0-400m,6,0.001
0_641_0-400m,0_273;0_296_0-400m,1,0
0_641_0-400m,0_601;0_616_0-400m,19,0.004
0_641_0-400m,0_269;0_299_0-400m,0,0
0_641_0-400m,0_529;0_543_0-400m,0,0
0_641_0-400m,0_268;0_317_0-400m,0,0
0_641_0-400m,0_278;0_293_0-400m,2,0
0_641_0-400m,0_260;0_297_0-400m,0,0
0_641_0-400m,0_621;0_246_0-400m,13,0.003
0_641_0-400m,0_608;0_611_0-400m,16,0.004
0_641_0-400m,0_516;0_553_0-400m,1,0
0_641_0-400m,0_602;0_615_0-400m,25,0.005
0_641_0-400m,0_525;0_547_0-400m,6,0.001
0_641_0-400m,0_521;0_549_0-400m,0,0
0_641_0-400m,0_646;0_596_0-400m,23,0.005
0_641_0-400m,0_261;0_319_0-400m,2,0
0_641_0-400m,0_274;0_295_0-400m,0,0
0_641_0-400m,0_519;0_550_0-400m,3,0.001
0_641_0-400m,0_617;0_597_0-400m,16,0.004
0_641_0-400m,0_609;0_640_0-400m,38,0.008
0_641_0-400m,0_532;0_540_0-400m,10,0.002
0_641_0-400m,0_637;0_576_0-400m,48,0.011
0_641_0-400m,0_605_0-400m,32,0.007
0_641_0-400m,0_619_0-400m,18,0.004
0_641_0-400m,0_3490_0-400m,0,0
0_641_0-400m,0_641_0-400m,49,0.011
0_641_0-400m,0_647_0-400m,17,0.004
0_641_0-400m,0_3056_0-400m,4,0.001
0_641_0-400m,0_3054_0-400m,3,0.001
0_641_0-400m,0_242_0-400m,6,0.001
0_641_0-400m,0_243_0-400m,3,0.001
0_641_0-400m,0_277_0-400m,0,0
0_641_0-400m,0_279_0-400m,2,0
0_641_0-400m,0_280_0-400m,2,0
0_641_0-400m,0_281_0-400m,0,0
0_641_0-400m,0_3103_0-400m,11,0.002
0_641_0-400m,0_1182_0-400m,7,0.002
0_641_0-400m,0_1180_0-400m,0,0
0_641_0-400m,0_527_0-400m,1,0
0_641_0-400m,0_302_0-400m,1,0
0_641_0-400m,0_3130_0-400m,9,0.002
0_641_0-400m,0_3530_0-400m,3,0.001
0_641_0-400m,TRANSITION_ZONE,127,0.028
0_641_0-400m,External,974,0.214
0_647_0-400m,0_520;0_555_0-400m,8,0.002
0_647_0-400m,0_282;0_311_0-400m,1,0
0_647_0-400m,0_267;0_300_0-400m,1,0
0_647_0-400m,0_526;0_546_0-400m,3,0.001
0_647_0-400m,0_600;0_643_0-400m,34,0.007
0_647_0-400m,0_272;0_298_0-400m,28,0.006
0_647_0-400m,0_271;0_315_0-400m,9,0.002
0_647_0-400m,0_607;0_612_0-400m,11,0.002
0_647_0-400m,0_266;0_301_0-400m,5,0.001
0_647_0-400m,0_294;0_1181_0-400m,14,0.003
0_647_0-400m,0_523;0_548_0-400m,9,0.002
0_647_0-400m,0_275;0_316_0-400m,19,0.004
0_647_0-400m,0_530;0_542_0-400m,9,0.002
0_647_0-400m,0_264;0_303_0-400m,13,0.003
0_647_0-400m,0_531;0_541_0-400m,5,0.001
0_647_0-400m,0_603;0_614_0-400m,18,0.004
0_647_0-400m,0_3004;0_3053_0-400m,21,0.005
0_647_0-400m,0_283;0_292_0-400m,22,0.005
0_647_0-400m,0_566;0_570_0-400m,13,0.003
0_647_0-400m,0_528;0_544_0-400m,8,0.002
0_647_0-400m,0_644;0_599_0-400m,26,0.006
0_647_0-400m,0_262;0_305_0-400m,10,0.002
0_647_0-400m,0_567;0_569_0-400m,27,0.006
0_647_0-400m,0_265;0_318_0-400m,1,0
0_647_0-400m,0_604;0_642_0-400m,18,0.004
0_647_0-400m,0_522;0_554_0-400m,7,0.002
0_647_0-400m,0_263;0_304_0-400m,20,0.004
0_647_0-400m,0_518;0_551_0-400m,19,0.004
0_647_0-400m,0_3002;0_3055_0-400m,32,0.007
0_647_0-400m,0_273;0_296_0-400m,9,0.002
0_647_0-400m,0_601;0_616_0-400m,21,0.005
0_647_0-400m,0_269;0_299_0-400m,5,0.001
0_647_0-400m,0_529;0_543_0-400m,4,0.001
0_647_0-400m,0_268;0_317_0-400m,2,0
0_647_0-400m,0_278;0_293_0-400m,20,0.004
0_647_0-400m,0_260;0_297_0-400m,24,0.005
0_647_0-400m,0_621;0_246_0-400m,76,0.017
0_647_0-400m,0_608;0_611_0-400m,11,0.002
0_647_0-400m,0_516;0_553_0-400m,16,0.004
0_647_0-400m,0_602;0_615_0-400m,19,0.004
0_647_0-400m,0_525;0_547_0-400m,8,0.002
0_647_0-400m,0_521;0_549_0-400m,4,0.001
0_647_0-400m,0_646;0_596_0-400m,66,0.015
0_647_0-400m,0_261;0_319_0-400m,11,0.002
0_647_0-400m,0_274;0_295_0-400m,9,0.002
0_647_0-400m,0_519;0_550_0-400m,22,0.005
0_647_0-400m,0_617;0_597_0-400m,35,0.008
0_647_0-400m,0_609;0_640_0-400m,31,0.007
0_647_0-400m,0_532;0_540_0-400m,39,0.009
0_647_0-400m,0_637;0_576_0-400m,41,0.009
0_647_0-400m,0_605_0-400m,8,0.002
0_647_0-400m,0_619_0-400m,58,0.013
0_647_0-400m,0_3490_0-400m,2,0
0_647_0-400m,0_641_0-400m,13,0.003
0_647_0-400m,0_647_0-400m,140,0.031
0_647_0-400m,0_3056_0-400m,8,0.002
0_647_0-400m,0_3054_0-400m,16,0.004
0_647_0-400m,0_242_0-400m,34,0.007
0_647_0-400m,0_243_0-400m,23,0.005
0_647_0-400m,0_277_0-400m,4,0.001
0_647_0-400m,0_279_0-400m,12,0.003
0_647_0-400m,0_280_0-400m,11,0.002
0_647_0-400m,0_281_0-400m,3,0.001
0_647_0-400m,0_3103_0-400m,46,0.01
0_647_0-400m,0_1182_0-400m,65,0.014
0_647_0-400m,0_1180_0-400m,5,0.001
0_647_0-400m,0_527_0-400m,0,0
0_647_0-400m,0_302_0-400m,3,0.001
0_647_0-400m,0_3130_0-400m,44,0.01
0_647_0-400m,0_3530_0-400m,26,0.006
0_647_0-400m,TRANSITION_ZONE,443,0.097
0_647_0-400m,External,3616,0.795
0_3056_0-400m,0_520;0_555_0-400m,2,0
0_3056_0-400m,0_282;0_311_0-400m,0,0
0_3056_0-400m,0_267;0_300_0-400m,0,0
0_3056_0-400m,0_526;0_546_0-400m,1,0
0_3056_0-400m,0_600;0_643_0-400m,0,0
0_3056_0-400m,0_272;0_298_0-400m,14,0.003
0_3056_0-400m,0_271;0_315_0-400m,1,0
0_3056_0-400m,0_607;0_612_0-400m,1,0
0_3056_0-400m,0_266;0_301_0-400m,1,0
0_3056_0-400m,0_294;0_1181_0-400m,1,0
0_3056_0-400m,0_523;0_548_0-400m,6,0.001
0_3056_0-400m,0_275;0_316_0-400m,0,0
0_3056_0-400m,0_530;0_542_0-400m,5,0.001
0_3056_0-400m,0_264;0_303_0-400m,2,0
0_3056_0-400m,0_531;0_541_0-400m,3,0.001
0_3056_0-400m,0_603;0_614_0-400m,0,0
0_3056_0-400m,0_3004;0_3053_0-400m,8,0.002
0_3056_0-400m,0_283;0_292_0-400m,1,0
0_3056_0-400m,0_566;0_570_0-400m,7,0.002
0_3056_0-400m,0_528;0_544_0-400m,2,0
0_3056_0-400m,0_644;0_599_0-400m,3,0.001
0_3056_0-400m,0_262;0_305_0-400m,3,0.001
0_3056_0-400m,0_567;0_569_0-400m,6,0.001
0_3056_0-400m,0_265;0_318_0-400m,0,0
0_3056_0-400m,0_604;0_642_0-400m,2,0
0_3056_0-400m,0_522;0_554_0-400m,2,0
0_3056_0-400m,0_263;0_304_0-400m,5,0.001
0_3056_0-400m,0_518;0_551_0-400m,19,0.004
0_3056_0-400m,0_3002;0_3055_0-400m,25,0.005
0_3056_0-400m,0_273;0_296_0-400m,2,0
0_3056_0-400m,0_601;0_616_0-400m,0,0
0_3056_0-400m,0_269;0_299_0-400m,0,0
0_3056_0-400m,0_529;0_543_0-400m,2,0
0_3056_0-400m,0_268;0_317_0-400m,2,0
0_3056_0-400m,0_278;0_293_0-400m,0,0
0_3056_0-400m,0_260;0_297_0-400m,1,0
0_3056_0-400m,0_621;0_246_0-400m,25,0.005
0_3056_0-400m,0_608;0_611_0-400m,1,0
0_3056_0-400m,0_516;0_553_0-400m,11,0.002
0_3056_0-400m,0_602;0_615_0-400m,2,0
0_3056_0-400m,0_525;0_547_0-400m,6,0.001
0_3056_0-400m,0_521;0_549_0-400m,2,0
0_3056_0-400m,0_646;0_596_0-400m,6,0.001
0_3056_0-400m,0_261;0_319_0-400m,2,0
0_3056_0-400m,0_274;0_295_0-400m,1,0
0_3056_0-400m,0_519;0_550_0-400m,8,0.002
0_3056_0-400m,0_617;0_597_0-400m,3,0.001
0_3056_0-400m,0_609;0_640_0-400m,1,0
0_3056_0-400m,0_532;0_540_0-400m,11,0.002
0_3056_0-400m,0_637;0_576_0-400m,0,0
0_3056_0-400m,0_605_0-400m,0,0
0_3056_0-400m,0_619_0-400m,5,0.001
0_3056_0-400m,0_3490_0-400m,1,0
0_3056_0-400m,0_641_0-400m,1,0
0_3056_0-400m,0_647_0-400m,4,0.001
0_3056_0-400m,0_3056_0-400m,20,0.004
0_3056_0-400m,0_3054_0-400m,7,0.002
0_3056_0-400m,0_242_0-400m,14,0.003
0_3056_0-400m,0_243_0-400m,3,0.001
0_3056_0-400m,0_277_0-400m,0,0
0_3056_0-400m,0_279_0-400m,0,0
0_3056_0-400m,0_280_0-400m,1,0
0_3056_0-400m,0_281_0-400m,0,0
0_3056_0-400m,0_3103_0-400m,16,0.004
0_3056_0-400m,0_1182_0-400m,7,0.002
0_3056_0-400m,0_1180_0-400m,1,0
0_3056_0-400m,0_527_0-400m,1,0
0_3056_0-400m,0_302_0-400m,0,0
0_3056_0-400m,0_3130_0-400m,11,0.002
0_3056_0-400m,0_3530_0-400m,3,0.001
0_3056_0-400m,TRANSITION_ZONE,50,0.011
0_3056_0-400m,External,961,0.211
0_3054_0-400m,0_520;0_555_0-400m,7,0.002
0_3054_0-400m,0_282;0_311_0-400m,0,0
0_3054_0-400m,0_267;0_300_0-400m,0,0
0_3054_0-400m,0_526;0_546_0-400m,2,0
0_3054_0-400m,0_600;0_643_0-400m,7,0.002
0_3054_0-400m,0_272;0_298_0-400m,17,0.004
0_3054_0-400m,0_271;0_315_0-400m,0,0
0_3054_0-400m,0_607;0_612_0-400m,1,0
0_3054_0-400m,0_266;0_301_0-400m,1,0
0_3054_0-400m,0_294;0_1181_0-400m,2,0
0_3054_0-400m,0_523;0_548_0-400m,4,0.001
0_3054_0-400m,0_275;0_316_0-400m,0,0
0_3054_0-400m,0_530;0_542_0-400m,5,0.001
0_3054_0-400m,0_264;0_303_0-400m,0,0
0_3054_0-400m,0_531;0_541_0-400m,4,0.001
0_3054_0-400m,0_603;0_614_0-400m,4,0.001
0_3054_0-400m,0_3004;0_3053_0-400m,39,0.009
0_3054_0-400m,0_283;0_292_0-400m,5,0.001
0_3054_0-400m,0_566;0_570_0-400m,21,0.005
0_3054_0-400m,0_528;0_544_0-400m,9,0.002
0_3054_0-400m,0_644;0_599_0-400m,8,0.002
0_3054_0-400m,0_262;0_305_0-400m,6,0.001
0_3054_0-400m,0_567;0_569_0-400m,18,0.004
0_3054_0-400m,0_265;0_318_0-400m,2,0
0_3054_0-400m,0_604;0_642_0-400m,7,0.002
0_3054_0-400m,0_522;0_554_0-400m,7,0.002
0_3054_0-400m,0_263;0_304_0-400m,2,0
0_3054_0-400m,0_518;0_551_0-400m,22,0.005
0_3054_0-400m,0_3002;0_3055_0-400m,42,0.009
0_3054_0-400m,0_273;0_296_0-400m,0,0
0_3054_0-400m,0_601;0_616_0-400m,4,0.001
0_3054_0-400m,0_269;0_299_0-400m,0,0
0_3054_0-400m,0_529;0_543_0-400m,5,0.001
0_3054_0-400m,0_268;0_317_0-400m,0,0
0_3054_0-400m,0_278;0_293_0-400m,1,0
0_3054_0-400m,0_260;0_297_0-400m,13,0.003
0_3054_0-400m,0_621;0_246_0-400m,50,0.011
0_3054_0-400m,0_608;0_611_0-400m,2,0
0_3054_0-400m,0_516;0_553_0-400m,21,0.005
0_3054_0-400m,0_602;0_615_0-400m,5,0.001
0_3054_0-400m,0_525;0_547_0-400m,11,0.002
0_3054_0-400m,0_521;0_549_0-400m,5,0.001
0_3054_0-400m,0_646;0_596_0-400m,11,0.002
0_3054_0-400m,0_261;0_319_0-400m,5,0.001
0_3054_0-400m,0_274;0_295_0-400m,1,0
0_3054_0-400m,0_519;0_550_0-400m,8,0.002
0_3054_0-400m,0_617;0_597_0-400m,7,0.002
0_3054_0-400m,0_609;0_640_0-400m,3,0.001
0_3054_0-400m,0_532;0_540_0-400m,22,0.005
0_3054_0-400m,0_637;0_576_0-400m,3,0.001
0_3054_0-400m,0_605_0-400m,4,0.001
0_3054_0-400m,0_619_0-400m,18,0.004
0_3054_0-400m,0_3490_0-400m,0,0
0_3054_0-400m,0_641_0-400m,2,0
0_3054_0-400m,0_647_0-400m,7,0.002
0_3054_0-400m,0_3056_0-400m,10,0.002
0_3054_0-400m,0_3054_0-400m,44,0.01
0_3054_0-400m,0_242_0-400m,26,0.006
0_3054_0-400m,0_243_0-400m,8,0.002
0_3054_0-400m,0_277_0-400m,0,0
0_3054_0-400m,0_279_0-400m,2,0
0_3054_0-400m,0_280_0-400m,1,0
0_3054_0-400m,0_281_0-400m,1,0
0_3054_0-400m,0_3103_0-400m,13,0.003
0_3054_0-400m,0_1182_0-400m,18,0.004
0_3054_0-400m,0_1180_0-400m,1,0
0_3054_0-400m,0_527_0-400m,3,0.001
0_3054_0-400m,0_302_0-400m,0,0
0_3054_0-400m,0_3130_0-400m,6,0.001
0_3054_0-400m,0_3530_0-400m,4,0.001
0_3054_0-400m,TRANSITION_ZONE,152,0.033
0_3054_0-400m,External,1716,0.377
0_242_0-400m,0_520;0_555_0-400m,13,0.003
0_242_0-400m,0_282;0_311_0-400m,0,0
0_242_0-400m,0_267;0_300_0-400m,1,0
0_242_0-400m,0_526;0_546_0-400m,9,0.002
0_242_0-400m,0_600;0_643_0-400m,8,0.002
0_242_0-400m,0_272;0_298_0-400m,56,0.012
0_242_0-400m,0_271;0_315_0-400m,4,0.001
0_242_0-400m,0_607;0_612_0-400m,6,0.001
0_242_0-400m,0_266;0_301_0-400m,11,0.002
0_242_0-400m,0_294;0_1181_0-400m,6,0.001
0_242_0-400m,0_523;0_548_0-400m,8,0.002
0_242_0-400m,0_275;0_316_0-400m,10,0.002
0_242_0-400m,0_530;0_542_0-400m,31,0.007
0_242_0-400m,0_264;0_303_0-400m,14,0.003
0_242_0-400m,0_531;0_541_0-400m,11,0.002
0_242_0-400m,0_603;0_614_0-400m,6,0.001
0_242_0-400m,0_3004;0_3053_0-400m,33,0.007
0_242_0-400m,0_283;0_292_0-400m,6,0.001
0_242_0-400m,0_566;0_570_0-400m,11,0.002
0_242_0-400m,0_528;0_544_0-400m,13,0.003
0_242_0-400m,0_644;0_599_0-400m,7,0.002
0_242_0-400m,0_262;0_305_0-400m,13,0.003
0_242_0-400m,0_567;0_569_0-400m,20,0.004
0_242_0-400m,0_265;0_318_0-400m,4,0.001
0_242_0-400m,0_604;0_642_0-400m,9,0.002
0_242_0-400m,0_522;0_554_0-400m,14,0.003
0_242_0-400m,0_263;0_304_0-400m,20,0.004
0_242_0-400m,0_518;0_551_0-400m,42,0.009
0_242_0-400m,0_3002;0_3055_0-400m,85,0.019
0_242_0-400m,0_273;0_296_0-400m,7,0.002
0_242_0-400m,0_601;0_616_0-400m,6,0.001
0_242_0-400m,0_269;0_299_0-400m,2,0
0_242_0-400m,0_529;0_543_0-400m,15,0.003
0_242_0-400m,0_268;0_317_0-400m,2,0
0_242_0-400m,0_278;0_293_0-400m,7,0.002
0_242_0-400m,0_260;0_297_0-400m,29,0.006
0_242_0-400m,0_621;0_246_0-400m,53,0.012
0_242_0-400m,0_608;0_611_0-400m,6,0.001
0_242_0-400m,0_516;0_553_0-400m,28,0.006
0_242_0-400m,0_602;0_615_0-400m,4,0.001
0_242_0-400m,0_525;0_547_0-400m,22,0.005
0_242_0-400m,0_521;0_549_0-400m,7,0.002
0_242_0-400m,0_646;0_596_0-400m,25,0.005
0_242_0-400m,0_261;0_319_0-400m,15,0.003
0_242_0-400m,0_274;0_295_0-400m,9,0.002
0_242_0-400m,0_519;0_550_0-400m,32,0.007
0_242_0-400m,0_617;0_597_0-400m,7,0.002
0_242_0-400m,0_609;0_640_0-400m,24,0.005
0_242_0-400m,0_532;0_540_0-400m,67,0.015
0_242_0-400m,0_637;0_576_0-400m,25,0.005
0_242_0-400m,0_605_0-400m,11,0.002
0_242_0-400m,0_619_0-400m,28,0.006
0_242_0-400m,0_3490_0-400m,1,0
0_242_0-400m,0_641_0-400m,4,0.001
0_242_0-400m,0_647_0-400m,17,0.004
0_242_0-400m,0_3056_0-400m,16,0.004
0_242_0-400m,0_3054_0-400m,19,0.004
0_242_0-400m,0_242_0-400m,109,0.024
0_242_0-400m,0_243_0-400m,12,0.003
0_242_0-400m,0_277_0-400m,2,0
0_242_0-400m,0_279_0-400m,5,0.001
0_242_0-400m,0_280_0-400m,11,0.002
0_242_0-400m,0_281_0-400m,1,0
0_242_0-400m,0_3103_0-400m,24,0.005
0_242_0-400m,0_1182_0-400m,20,0.004
0_242_0-400m,0_1180_0-400m,4,0.001
0_242_0-400m,0_527_0-400m,7,0.002
0_242_0-400m,0_302_0-400m,5,0.001
0_242_0-400m,0_3130_0-400m,45,0.01
0_242_0-400m,0_3530_0-400m,25,0.005
0_242_0-400m,TRANSITION_ZONE,382,0.084
0_242_0-400m,External,7179,1.578
0_243_0-400m,0_520;0_555_0-400m,1,0
0_243_0-400m,0_282;0_311_0-400m,0,0
0_243_0-400m,0_267;0_300_0-400m,1,0
0_243_0-400m,0_526;0_546_0-400m,0,0
0_243_0-400m,0_600;0_643_0-400m,7,0.002
0_243_0-400m,0_272;0_298_0-400m,8,0.002
0_243_0-400m,0_271;0_315_0-400m,2,0
0_243_0-400m,0_607;0_612_0-400m,0,0
0_243_0-400m,0_266;0_301_0-400m,2,0
0_243_0-400m,0_294;0_1181_0-400m,3,0.001
0_243_0-400m,0_523;0_548_0-400m,0,0
0_243_0-400m,0_275;0_316_0-400m,0,0
0_243_0-400m,0_530;0_542_0-400m,5,0.001
0_243_0-400m,0_264;0_303_0-400m,4,0.001
0_243_0-400m,0_531;0_541_0-400m,0,0
0_243_0-400m,0_603;0_614_0-400m,9,0.002
0_243_0-400m,0_3004;0_3053_0-400m,6,0.001
0_243_0-400m,0_283;0_292_0-400m,4,0.001
0_243_0-400m,0_566;0_570_0-400m,7,0.002
0_243_0-400m,0_528;0_544_0-400m,0,0
0_243_0-400m,0_644;0_599_0-400m,5,0.001
0_243_0-400m,0_262;0_305_0-400m,4,0.001
0_243_0-400m,0_567;0_569_0-400m,5,0.001
0_243_0-400m,0_265;0_318_0-400m,0,0
0_243_0-400m,0_604;0_642_0-400m,10,0.002
0_243_0-400m,0_522;0_554_0-400m,1,0
0_243_0-400m,0_263;0_304_0-400m,3,0.001
0_243_0-400m,0_518;0_551_0-400m,11,0.002
0_243_0-400m,0_3002;0_3055_0-400m,10,0.002
0_243_0-400m,0_273;0_296_0-400m,3,0.001
0_243_0-400m,0_601;0_616_0-400m,8,0.002
0_243_0-400m,0_269;0_299_0-400m,1,0
0_243_0-400m,0_529;0_543_0-400m,1,0
0_243_0-400m,0_268;0_317_0-400m,0,0
0_243_0-400m,0_278;0_293_0-400m,1,0
0_243_0-400m,0_260;0_297_0-400m,1,0
0_243_0-400m,0_621;0_246_0-400m,29,0.006
0_243_0-400m,0_608;0_611_0-400m,5,0.001
0_243_0-400m,0_516;0_553_0-400m,4,0.001
0_243_0-400m,0_602;0_615_0-400m,4,0.001
0_243_0-400m,0_525;0_547_0-400m,1,0
0_243_0-400m,0_521;0_549_0-400m,3,0.001
0_243_0-400m,0_646;0_596_0-400m,12,0.003
0_243_0-400m,0_261;0_319_0-400m,3,0.001
0_243_0-400m,0_274;0_295_0-400m,1,0
0_243_0-400m,0_519;0_550_0-400m,2,0
0_243_0-400m,0_617;0_597_0-400m,3,0.001
0_243_0-400m,0_609;0_640_0-400m,10,0.002
0_243_0-400m,0_532;0_540_0-400m,8,0.002
0_243_0-400m,0_637;0_576_0-400m,7,0.002
0_243_0-400m,0_605_0-400m,7,0.002
0_243_0-400m,0_619_0-400m,15,0.003
0_243_0-400m,0_3490_0-400m,1,0
0_243_0-400m,0_641_0-400m,2,0
0_243_0-400m,0_647_0-400m,19,0.004
0_243_0-400m,0_3056_0-400m,2,0
0_243_0-400m,0_3054_0-400m,12,0.003
0_243_0-400m,0_242_0-400m,13,0.003
0_243_0-400m,0_243_0-400m,18,0.004
0_243_0-400m,0_277_0-400m,2,0
0_243_0-400m,0_279_0-400m,2,0
0_243_0-400m,0_280_0-400m,4,0.001
0_243_0-400m,0_281_0-400m,0,0
0_243_0-400m,0_3103_0-400m,20,0.004
0_243_0-400m,0_1182_0-400m,27,0.006
0_243_0-400m,0_1180_0-400m,0,0
0_243_0-400m,0_527_0-400m,1,0
0_243_0-400m,0_302_0-400m,0,0
0_243_0-400m,0_3130_0-400m,12,0.003
0_243_0-400m,0_3530_0-400m,5,0.001
0_243_0-400m,TRANSITION_ZONE,89,0.02
0_243_0-400m,External,806,0.177
0_277_0-400m,0_520;0_555_0-400m,0,0
0_277_0-400m,0_282;0_311_0-400m,3,0.001
0_277_0-400m,0_267;0_300_0-400m,7,0.002
0_277_0-400m,0_526;0_546_0-400m,0,0
0_277_0-400m,0_600;0_643_0-400m,0,0
0_277_0-400m,0_272;0_298_0-400m,5,0.001
0_277_0-400m,0_271;0_315_0-400m,11,0.002
0_277_0-400m,0_607;0_612_0-400m,2,0
0_277_0-400m,0_266;0_301_0-400m,5,0.001
0_277_0-400m,0_294;0_1181_0-400m,4,0.001
0_277_0-400m,0_523;0_548_0-400m,0,0
0_277_0-400m,0_275;0_316_0-400m,10,0.002
0_277_0-400m,0_530;0_542_0-400m,0,0
0_277_0-400m,0_264;0_303_0-400m,4,0.001
0_277_0-400m,0_531;0_541_0-400m,2,0
0_277_0-400m,0_603;0_614_0-400m,0,0
0_277_0-400m,0_3004;0_3053_0-400m,1,0
0_277_0-400m,0_283;0_292_0-400m,16,0.004
0_277_0-400m,0_566;0_570_0-400m,0,0
0_277_0-400m,0_528;0_544_0-400m,0,0
0_277_0-400m,0_644;0_599_0-400m,0,0
0_277_0-400m,0_262;0_305_0-400m,3,0.001
0_277_0-400m,0_567;0_569_0-400m,4,0.001
0_277_0-400m,0_265;0_318_0-400m,9,0.002
0_277_0-400m,0_604;0_642_0-400m,0,0
0_277_0-400m,0_522;0_554_0-400m,1,0
0_277_0-400m,0_263;0_304_0-400m,10,0.002
0_277_0-400m,0_518;0_551_0-400m,1,0
0_277_0-400m,0_3002;0_3055_0-400m,1,0
0_277_0-400m,0_273;0_296_0-400m,4,0.001
0_277_0-400m,0_601;0_616_0-400m,0,0
0_277_0-400m,0_269;0_299_0-400m,5,0.001
0_277_0-400m,0_529;0_543_0-400m,0,0
0_277_0-400m,0_268;0_317_0-400m,8,0.002
0_277_0-400m,0_278;0_293_0-400m,11,0.002
0_277_0-400m,0_260;0_297_0-400m,5,0.001
0_277_0-400m,0_621;0_246_0-400m,4,0.001
0_277_0-400m,0_608;0_611_0-400m,0,0
0_277_0-400m,0_516;0_553_0-400m,3,0.001
0_277_0-400m,0_602;0_615_0-400m,1,0
0_277_0-400m,0_525;0_547_0-400m,0,0
0_277_0-400m,0_521;0_549_0-400m,0,0
0_277_0-400m,0_646;0_596_0-400m,4,0.001
0_277_0-400m,0_261;0_319_0-400m,4,0.001
0_277_0-400m,0_274;0_295_0-400m,7,0.002
0_277_0-400m,0_519;0_550_0-400m,4,0.001
0_277_0-400m,0_617;0_597_0-400m,0,0
0_277_0-400m,0_609;0_640_0-400m,0,0
0_277_0-400m,0_532;0_540_0-400m,4,0.001
0_277_0-400m,0_637;0_576_0-400m,2,0
0_277_0-400m,0_605_0-400m,0,0
0_277_0-400m,0_619_0-400m,1,0
0_277_0-400m,0_3490_0-400m,0,0
0_277_0-400m,0_641_0-400m,0,0
0_277_0-400m,0_647_0-400m,4,0.001
0_277_0-400m,0_3056_0-400m,0,0
0_277_0-400m,0_3054_0-400m,0,0
0_277_0-400m,0_242_0-400m,1,0
0_277_0-400m,0_243_0-400m,0,0
0_277_0-400m,0_277_0-400m,7,0.002
0_277_0-400m,0_279_0-400m,10,0.002
0_277_0-400m,0_280_0-400m,12,0.003
0_277_0-400m,0_281_0-400m,6,0.001
0_277_0-400m,0_3103_0-400m,1,0
0_277_0-400m,0_1182_0-400m,2,0
0_277_0-400m,0_1180_0-400m,4,0.001
0_277_0-400m,0_527_0-400m,0,0
0_277_0-400m,0_302_0-400m,3,0.001
0_277_0-400m,0_3130_0-400m,4,0.001
0_277_0-400m,0_3530_0-400m,0,0
0_277_0-400m,TRANSITION_ZONE,43,0.009
0_277_0-400m,External,387,0.085
0_279_0-400m,0_520;0_555_0-400m,5,0.001
0_279_0-400m,0_282;0_311_0-400m,11,0.002
0_279_0-400m,0_267;0_300_0-400m,5,0.001
0_279_0-400m,0_526;0_546_0-400m,1,0
0_279_0-400m,0_600;0_643_0-400m,3,0.001
0_279_0-400m,0_272;0_298_0-400m,5,0.001
0_279_0-400m,0_271;0_315_0-400m,12,0.003
0_279_0-400m,0_607;0_612_0-400m,1,0
0_279_0-400m,0_266;0_301_0-400m,14,0.003
0_279_0-400m,0_294;0_1181_0-400m,7,0.002
0_279_0-400m,0_523;0_548_0-400m,1,0
0_279_0-400m,0_275;0_316_0-400m,19,0.004
0_279_0-400m,0_530;0_542_0-400m,0,0
0_279_0-400m,0_264;0_303_0-400m,47,0.01
0_279_0-400m,0_531;0_541_0-400m,1,0
0_279_0-400m,0_603;0_614_0-400m,3,0.001
0_279_0-400m,0_3004;0_3053_0-400m,1,0
0_279_0-400m,0_283;0_292_0-400m,27,0.006
0_279_0-400m,0_566;0_570_0-400m,2,0
0_279_0-400m,0_528;0_544_0-400m,2,0
0_279_0-400m,0_644;0_599_0-400m,2,0
0_279_0-400m,0_262;0_305_0-400m,6,0.001
0_279_0-400m,0_567;0_569_0-400m,4,0.001
0_279_0-400m,0_265;0_318_0-400m,8,0.002
0_279_0-400m,0_604;0_642_0-400m,2,0
0_279_0-400m,0_522;0_554_0-400m,3,0.001
0_279_0-400m,0_263;0_304_0-400m,13,0.003
0_279_0-400m,0_518;0_551_0-400m,7,0.002
0_279_0-400m,0_3002;0_3055_0-400m,5,0.001
0_279_0-400m,0_273;0_296_0-400m,14,0.003
0_279_0-400m,0_601;0_616_0-400m,2,0
0_279_0-400m,0_269;0_299_0-400m,13,0.003
0_279_0-400m,0_529;0_543_0-400m,1,0
0_279_0-400m,0_268;0_317_0-400m,17,0.004
0_279_0-400m,0_278;0_293_0-400m,17,0.004
0_279_0-400m,0_260;0_297_0-400m,7,0.002
0_279_0-400m,0_621;0_246_0-400m,3,0.001
0_279_0-400m,0_608;0_611_0-400m,0,0
0_279_0-400m,0_516;0_553_0-400m,2,0
0_279_0-400m,0_602;0_615_0-400m,2,0
0_279_0-400m,0_525;0_547_0-400m,4,0.001
0_279_0-400m,0_521;0_549_0-400m,1,0
0_279_0-400m,0_646;0_596_0-400m,7,0.002
0_279_0-400m,0_261;0_319_0-400m,3,0.001
0_279_0-400m,0_274;0_295_0-400m,10,0.002
0_279_0-400m,0_519;0_550_0-400m,1,0
0_279_0-400m,0_617;0_597_0-400m,6,0.001
0_279_0-400m,0_609;0_640_0-400m,3,0.001
0_279_0-400m,0_532;0_540_0-400m,13,0.003
0_279_0-400m,0_637;0_576_0-400m,3,0.001
0_279_0-400m,0_605_0-400m,1,0
0_279_0-400m,0_619_0-400m,1,0
0_279_0-400m,0_3490_0-400m,9,0.002
0_279_0-400m,0_641_0-400m,1,0
0_279_0-400m,0_647_0-400m,10,0.002
0_279_0-400m,0_3056_0-400m,0,0
0_279_0-400m,0_3054_0-400m,1,0
0_279_0-400m,0_242_0-400m,1,0
0_279_0-400m,0_243_0-400m,1,0
0_279_0-400m,0_277_0-400m,13,0.003
0_279_0-400m,0_279_0-400m,28,0.006
0_279_0-400m,0_280_0-400m,20,0.004
0_279_0-400m,0_281_0-400m,10,0.002
0_279_0-400m,0_3103_0-400m,3,0.001
0_279_0-400m,0_1182_0-400m,1,0
0_279_0-400m,0_1180_0-400m,14,0.003
0_279_0-400m,0_527_0-400m,0,0
0_279_0-400m,0_302_0-400m,4,0.001
0_279_0-400m,0_3130_0-400m,8,0.002
0_279_0-400m,0_3530_0-400m,8,0.002
0_279_0-400m,TRANSITION_ZONE,125,0.027
0_279_0-400m,External,1182,0.26
0_280_0-400m,0_520;0_555_0-400m,1,0
0_280_0-400m,0_282;0_311_0-400m,3,0.001
0_280_0-400m,0_267;0_300_0-400m,1,0
0_280_0-400m,0_526;0_546_0-400m,1,0
0_280_0-400m,0_600;0_643_0-400m,1,0
0_280_0-400m,0_272;0_298_0-400m,2,0
0_280_0-400m,0_271;0_315_0-400m,1,0
0_280_0-400m,0_607;0_612_0-400m,0,0
0_280_0-400m,0_266;0_301_0-400m,19,0.004
0_280_0-400m,0_294;0_1181_0-400m,6,0.001
0_280_0-400m,0_523;0_548_0-400m,0,0
0_280_0-400m,0_275;0_316_0-400m,6,0.001
0_280_0-400m,0_530;0_542_0-400m,0,0
0_280_0-400m,0_264;0_303_0-400m,21,0.005
0_280_0-400m,0_531;0_541_0-400m,1,0
0_280_0-400m,0_603;0_614_0-400m,0,0
0_280_0-400m,0_3004;0_3053_0-400m,0,0
0_280_0-400m,0_283;0_292_0-400m,35,0.008
0_280_0-400m,0_566;0_570_0-400m,1,0
0_280_0-400m,0_528;0_544_0-400m,0,0
0_280_0-400m,0_644;0_599_0-400m,1,0
0_280_0-400m,0_262;0_305_0-400m,2,0
0_280_0-400m,0_567;0_569_0-400m,3,0.001
0_280_0-400m,0_265;0_318_0-400m,8,0.002
0_280_0-400m,0_604;0_642_0-400m,0,0
0_280_0-400m,0_522;0_554_0-400m,0,0
0_280_0-400m,0_263;0_304_0-400m,15,0.003
0_280_0-400m,0_518;0_551_0-400m,0,0
0_280_0-400m,0_3002;0_3055_0-400m,6,0.001
0_280_0-400m,0_273;0_296_0-400m,6,0.001
0_280_0-400m,0_601;0_616_0-400m,0,0
0_280_0-400m,0_269;0_299_0-400m,6,0.001
0_280_0-400m,0_529;0_543_0-400m,0,0
0_280_0-400m,0_268;0_317_0-400m,6,0.001
0_280_0-400m,0_278;0_293_0-400m,12,0.003
0_280_0-400m,0_260;0_297_0-400m,5,0.001
0_280_0-400m,0_621;0_246_0-400m,8,0.002
0_280_0-400m,0_608;0_611_0-400m,1,0
0_280_0-400m,0_516;0_553_0-400m,2,0
0_280_0-400m,0_602;0_615_0-400m,1,0
0_280_0-400m,0_525;0_547_0-400m,4,0.001
0_280_0-400m,0_521;0_549_0-400m,0,0
0_280_0-400m,0_646;0_596_0-400m,4,0.001
0_280_0-400m,0_261;0_319_0-400m,3,0.001
0_280_0-400m,0_274;0_295_0-400m,9,0.002
0_280_0-400m,0_519;0_550_0-400m,3,0.001
0_280_0-400m,0_617;0_597_0-400m,3,0.001
0_280_0-400m,0_609;0_640_0-400m,3,0.001
0_280_0-400m,0_532;0_540_0-400m,12,0.003
0_280_0-400m,0_637;0_576_0-400m,7,0.002
0_280_0-400m,0_605_0-400m,0,0
0_280_0-400m,0_619_0-400m,4,0.001
0_280_0-400m,0_3490_0-400m,6,0.001
0_280_0-400m,0_641_0-400m,0,0
0_280_0-400m,0_647_0-400m,6,0.001
0_280_0-400m,0_3056_0-400m,0,0
0_280_0-400m,0_3054_0-400m,5,0.001
0_280_0-400m,0_242_0-400m,10,0.002
0_280_0-400m,0_243_0-400m,2,0
0_280_0-400m,0_277_0-400m,5,0.001
0_280_0-400m,0_279_0-400m,32,0.007
0_280_0-400m,0_280_0-400m,59,0.013
0_280_0-400m,0_281_0-400m,8,0.002
0_280_0-400m,0_3103_0-400m,3,0.001
0_280_0-400m,0_1182_0-400m,1,0
0_280_0-400m,0_1180_0-400m,34,0.007
0_280_0-400m,0_527_0-400m,2,0
0_280_0-400m,0_302_0-400m,8,0.002
0_280_0-400m,0_3130_0-400m,8,0.002
0_280_0-400m,0_3530_0-400m,3,0.001
0_280_0-400m,TRANSITION_ZONE,91,0.02
0_280_0-400m,External,1026,0.226
0_281_0-400m,0_520;0_555_0-400m,1,0
0_281_0-400m,0_282;0_311_0-400m,8,0.002
0_281_0-400m,0_267;0_300_0-400m,1,0
0_281_0-400m,0_526;0_546_0-400m,0,0
0_281_0-400m,0_600;0_643_0-400m,1,0
0_281_0-400m,0_272;0_298_0-400m,4,0.001
0_281_0-400m,0_271;0_315_0-400m,2,0
0_281_0-400m,0_607;0_612_0-400m,0,0
0_281_0-400m,0_266;0_301_0-400m,5,0.001
0_281_0-400m,0_294;0_1181_0-400m,0,0
0_281_0-400m,0_523;0_548_0-400m,1,0
0_281_0-400m,0_275;0_316_0-400m,5,0.001
0_281_0-400m,0_530;0_542_0-400m,1,0
0_281_0-400m,0_264;0_303_0-400m,5,0.001
0_281_0-400m,0_531;0_541_0-400m,0,0
0_281_0-400m,0_603;0_614_0-400m,0,0
0_281_0-400m,0_3004;0_3053_0-400m,0,0
0_281_0-400m,0_283;0_292_0-400m,13,0.003
0_281_0-400m,0_566;0_570_0-400m,0,0
0_281_0-400m,0_528;0_544_0-400m,0,0
0_281_0-400m,0_644;0_599_0-400m,1,0
0_281_0-400m,0_262;0_305_0-400m,2,0
0_281_0-400m,0_567;0_569_0-400m,0,0
0_281_0-400m,0_265;0_318_0-400m,1,0
0_281_0-400m,0_604;0_642_0-400m,0,0
0_281_0-400m,0_522;0_554_0-400m,0,0
0_281_0-400m,0_263;0_304_0-400m,1,0
0_281_0-400m,0_518;0_551_0-400m,1,0
0_281_0-400m,0_3002;0_3055_0-400m,0,0
0_281_0-400m,0_273;0_296_0-400m,4,0.001
0_281_0-400m,0_601;0_616_0-400m,0,0
0_281_0-400m,0_269;0_299_0-400m,5,0.001
0_281_0-400m,0_529;0_543_0-400m,1,0
0_281_0-400m,0_268;0_317_0-400m,3,0.001
0_281_0-400m,0_278;0_293_0-400m,7,0.002
0_281_0-400m,0_260;0_297_0-400m,1,0
0_281_0-400m,0_621;0_246_0-400m,2,0
0_281_0-400m,0_608;0_611_0-400m,0,0
0_281_0-400m,0_516;0_553_0-400m,1,0
0_281_0-400m,0_602;0_615_0-400m,2,0
0_281_0-400m,0_525;0_547_0-400m,1,0
0_281_0-400m,0_521;0_549_0-400m,1,0
0_281_0-400m,0_646;0_596_0-400m,1,0
0_281_0-400m,0_261;0_319_0-400m,1,0
0_281_0-400m,0_274;0_295_0-400m,3,0.001
0_281_0-400m,0_519;0_550_0-400m,1,0
0_281_0-400m,0_617;0_597_0-400m,1,0
0_281_0-400m,0_609;0_640_0-400m,0,0
0_281_0-400m,0_532;0_540_0-400m,4,0.001
0_281_0-400m,0_637;0_576_0-400m,0,0
0_281_0-400m,0_605_0-400m,0,0
0_281_0-400m,0_619_0-400m,0,0
0_281_0-400m,0_3490_0-400m,1,0
0_281_0-400m,0_641_0-400m,1,0
0_281_0-400m,0_647_0-400m,1,0
0_281_0-400m,0_3056_0-400m,0,0
0_281_0-400m,0_3054_0-400m,2,0
0_281_0-400m,0_242_0-400m,4,0.001
0_281_0-400m,0_243_0-400m,0,0
0_281_0-400m,0_277_0-400m,2,0
0_281_0-400m,0_279_0-400m,4,0.001
0_281_0-400m,0_280_0-400m,9,0.002
0_281_0-400m,0_281_0-400m,17,0.004
0_281_0-400m,0_3103_0-400m,0,0
0_281_0-400m,0_1182_0-400m,1,0
0_281_0-400m,0_1180_0-400m,19,0.004
0_281_0-400m,0_527_0-400m,0,0
0_281_0-400m,0_302_0-400m,4,0.001
0_281_0-400m,0_3130_0-400m,1,0
0_281_0-400m,0_3530_0-400m,1,0
0_281_0-400m,TRANSITION_ZONE,24,0.005
0_281_0-400m,External,467,0.103
0_3103_0-400m,0_520;0_555_0-400m,8,0.002
0_3103_0-400m,0_282;0_311_0-400m,1,0
0_3103_0-400m,0_267;0_300_0-400m,1,0
0_3103_0-400m,0_526;0_546_0-400m,4,0.001
0_3103_0-400m,0_600;0_643_0-400m,17,0.004
0_3103_0-400m,0_272;0_298_0-400m,30,0.007
0_3103_0-400m,0_271;0_315_0-400m,7,0.002
0_3103_0-400m,0_607;0_612_0-400m,4,0.001
0_3103_0-400m,0_266;0_301_0-400m,4,0.001
0_3103_0-400m,0_294;0_1181_0-400m,2,0
0_3103_0-400m,0_523;0_548_0-400m,5,0.001
0_3103_0-400m,0_275;0_316_0-400m,4,0.001
0_3103_0-400m,0_530;0_542_0-400m,7,0.002
0_3103_0-400m,0_264;0_303_0-400m,4,0.001
0_3103_0-400m,0_531;0_541_0-400m,7,0.002
0_3103_0-400m,0_603;0_614_0-400m,17,0.004
0_3103_0-400m,0_3004;0_3053_0-400m,21,0.005
0_3103_0-400m,0_283;0_292_0-400m,9,0.002
0_3103_0-400m,0_566;0_570_0-400m,12,0.003
0_3103_0-400m,0_528;0_544_0-400m,3,0.001
0_3103_0-400m,0_644;0_599_0-400m,15,0.003
0_3103_0-400m,0_262;0_305_0-400m,17,0.004
0_3103_0-400m,0_567;0_569_0-400m,16,0.004
0_3103_0-400m,0_265;0_318_0-400m,1,0
0_3103_0-400m,0_604;0_642_0-400m,13,0.003
0_3103_0-400m,0_522;0_554_0-400m,6,0.001
0_3103_0-400m,0_263;0_304_0-400m,18,0.004
0_3103_0-400m,0_518;0_551_0-400m,21,0.005
0_3103_0-400m,0_3002;0_3055_0-400m,32,0.007
0_3103_0-400m,0_273;0_296_0-400m,3,0.001
0_3103_0-400m,0_601;0_616_0-400m,14,0.003
0_3103_0-400m,0_269;0_299_0-400m,4,0.001
0_3103_0-400m,0_529;0_543_0-400m,4,0.001
0_3103_0-400m,0_268;0_317_0-400m,5,0.001
0_3103_0-400m,0_278;0_293_0-400m,7,0.002
0_3103_0-400m,0_260;0_297_0-400m,13,0.003
0_3103_0-400m,0_621;0_246_0-400m,52,0.011
0_3103_0-400m,0_608;0_611_0-400m,4,0.001
0_3103_0-400m,0_516;0_553_0-400m,13,0.003
0_3103_0-400m,0_602;0_615_0-400m,8,0.002
0_3103_0-400m,0_525;0_547_0-400m,7,0.002
0_3103_0-400m,0_521;0_549_0-400m,5,0.001
0_3103_0-400m,0_646;0_596_0-400m,33,0.007
0_3103_0-400m,0_261;0_319_0-400m,11,0.002
0_3103_0-400m,0_274;0_295_0-400m,8,0.002
0_3103_0-400m,0_519;0_550_0-400m,18,0.004
0_3103_0-400m,0_617;0_597_0-400m,11,0.002
0_3103_0-400m,0_609;0_640_0-400m,16,0.004
0_3103_0-400m,0_532;0_540_0-400m,26,0.006
0_3103_0-400m,0_637;0_576_0-400m,17,0.004
0_3103_0-400m,0_605_0-400m,9,0.002
0_3103_0-400m,0_619_0-400m,28,0.006
0_3103_0-400m,0_3490_0-400m,0,0
0_3103_0-400m,0_641_0-400m,5,0.001
0_3103_0-400m,0_647_0-400m,29,0.006
0_3103_0-400m,0_3056_0-400m,12,0.003
0_3103_0-400m,0_3054_0-400m,11,0.002
0_3103_0-400m,0_242_0-400m,36,0.008
0_3103_0-400m,0_243_0-400m,19,0.004
0_3103_0-400m,0_277_0-400m,2,0
0_3103_0-400m,0_279_0-400m,10,0.002
0_3103_0-400m,0_280_0-400m,10,0.002
0_3103_0-400m,0_281_0-400m,1,0
0_3103_0-400m,0_3103_0-400m,81,0.018
0_3103_0-400m,0_1182_0-400m,38,0.008
0_3103_0-400m,0_1180_0-400m,2,0
0_3103_0-400m,0_527_0-400m,1,0
0_3103_0-400m,0_302_0-400m,5,0.001
0_3103_0-400m,0_3130_0-400m,75,0.016
0_3103_0-400m,0_3530_0-400m,40,0.009
0_3103_0-400m,TRANSITION_ZONE,295,0.065
0_3103_0-400m,External,2428,0.534
0_1182_0-400m,0_520;0_555_0-400m,5,0.001
0_1182_0-400m,0_282;0_311_0-400m,3,0.001
0_1182_0-400m,0_267;0_300_0-400m,0,0
0_1182_0-400m,0_526;0_546_0-400m,1,0
0_1182_0-400m,0_600;0_643_0-400m,24,0.005
0_1182_0-400m,0_272;0_298_0-400m,13,0.003
0_1182_0-400m,0_271;0_315_0-400m,4,0.001
0_1182_0-400m,0_607;0_612_0-400m,2,0
0_1182_0-400m,0_266;0_301_0-400m,2,0
0_1182_0-400m,0_294;0_1181_0-400m,4,0.001
0_1182_0-400m,0_523;0_548_0-400m,3,0.001
0_1182_0-400m,0_275;0_316_0-400m,3,0.001
0_1182_0-400m,0_530;0_542_0-400m,5,0.001
0_1182_0-400m,0_264;0_303_0-400m,3,0.001
0_1182_0-400m,0_531;0_541_0-400m,1,0
0_1182_0-400m,0_603;0_614_0-400m,11,0.002
0_1182_0-400m,0_3004;0_3053_0-400m,16,0.004
0_1182_0-400m,0_283;0_292_0-400m,3,0.001
0_1182_0-400m,0_566;0_570_0-400m,17,0.004
0_1182_0-400m,0_528;0_544_0-400m,6,0.001
0_1182_0-400m,0_644;0_599_0-400m,14,0.003
0_1182_0-400m,0_262;0_305_0-400m,8,0.002
0_1182_0-400m,0_567;0_569_0-400m,18,0.004
0_1182_0-400m,0_265;0_318_0-400m,1,0
0_1182_0-400m,0_604;0_642_0-400m,11,0.002
0_1182_0-400m,0_522;0_554_0-400m,13,0.003
0_1182_0-400m,0_263;0_304_0-400m,8,0.002
0_1182_0-400m,0_518;0_551_0-400m,27,0.006
0_1182_0-400m,0_3002;0_3055_0-400m,22,0.005
0_1182_0-400m,0_273;0_296_0-400m,3,0.001
0_1182_0-400m,0_601;0_616_0-400m,10,0.002
0_1182_0-400m,0_269;0_299_0-400m,0,0
0_1182_0-400m,0_529;0_543_0-400m,4,0.001
0_1182_0-400m,0_268;0_317_0-400m,1,0
0_1182_0-400m,0_278;0_293_0-400m,8,0.002
0_1182_0-400m,0_260;0_297_0-400m,4,0.001
0_1182_0-400m,0_621;0_246_0-400m,74,0.016
0_1182_0-400m,0_608;0_611_0-400m,6,0.001
0_1182_0-400m,0_516;0_553_0-400m,23,0.005
0_1182_0-400m,0_602;0_615_0-400m,16,0.004
0_1182_0-400m,0_525;0_547_0-400m,9,0.002
0_1182_0-400m,0_521;0_549_0-400m,3,0.001
0_1182_0-400m,0_646;0_596_0-400m,28,0.006
0_1182_0-400m,0_261;0_319_0-400m,2,0
0_1182_0-400m,0_274;0_295_0-400m,3,0.001
0_1182_0-400m,0_519;0_550_0-400m,12,0.003
0_1182_0-400m,0_617;0_597_0-400m,23,0.005
0_1182_0-400m,0_609;0_640_0-400m,17,0.004
0_1182_0-400m,0_532;0_540_0-400m,14,0.003
0_1182_0-400m,0_637;0_576_0-400m,16,0.004
0_1182_0-400m,0_605_0-400m,14,0.003
0_1182_0-400m,0_619_0-400m,36,0.008
0_1182_0-400m,0_3490_0-400m,0,0
0_1182_0-400m,0_641_0-400m,8,0.002
0_1182_0-400m,0_647_0-400m,49,0.011
0_1182_0-400m,0_3056_0-400m,8,0.002
0_1182_0-400m,0_3054_0-400m,16,0.004
0_1182_0-400m,0_242_0-400m,11,0.002
0_1182_0-400m,0_243_0-400m,27,0.006
0_1182_0-400m,0_277_0-400m,1,0
0_1182_0-400m,0_279_0-400m,3,0.001
0_1182_0-400m,0_280_0-400m,0,0
0_1182_0-400m,0_281_0-400m,0,0
0_1182_0-400m,0_3103_0-400m,27,0.006
0_1182_0-400m,0_1182_0-400m,67,0.015
0_1182_0-400m,0_1180_0-400m,1,0
0_1182_0-400m,0_527_0-400m,0,0
0_1182_0-400m,0_302_0-400m,0,0
0_1182_0-400m,0_3130_0-400m,23,0.005
0_1182_0-400m,0_3530_0-400m,11,0.002
0_1182_0-400m,TRANSITION_ZONE,193,0.042
0_1182_0-400m,External,1962,0.431
0_1180_0-400m,0_520;0_555_0-400m,1,0
0_1180_0-400m,0_282;0_311_0-400m,9,0.002
0_1180_0-400m,0_267;0_300_0-400m,4,0.001
0_1180_0-400m,0_526;0_546_0-400m,0,0
0_1180_0-400m,0_600;0_643_0-400m,3,0.001
0_1180_0-400m,0_272;0_298_0-400m,4,0.001
0_1180_0-400m,0_271;0_315_0-400m,9,0.002
0_1180_0-400m,0_607;0_612_0-400m,0,0
0_1180_0-400m,0_266;0_301_0-400m,12,0.003
0_1180_0-400m,0_294;0_1181_0-400m,8,0.002
0_1180_0-400m,0_523;0_548_0-400m,0,0
0_1180_0-400m,0_275;0_316_0-400m,11,0.002
0_1180_0-400m,0_530;0_542_0-400m,0,0
0_1180_0-400m,0_264;0_303_0-400m,18,0.004
0_1180_0-400m,0_531;0_541_0-400m,1,0
0_1180_0-400m,0_603;0_614_0-400m,1,0
0_1180_0-400m,0_3004;0_3053_0-400m,2,0
0_1180_0-400m,0_283;0_292_0-400m,37,0.008
0_1180_0-400m,0_566;0_570_0-400m,1,0
0_1180_0-400m,0_528;0_544_0-400m,1,0
0_1180_0-400m,0_644;0_599_0-400m,1,0
0_1180_0-400m,0_262;0_305_0-400m,9,0.002
0_1180_0-400m,0_567;0_569_0-400m,0,0
0_1180_0-400m,0_265;0_318_0-400m,9,0.002
0_1180_0-400m,0_604;0_642_0-400m,0,0
0_1180_0-400m,0_522;0_554_0-400m,0,0
0_1180_0-400m,0_263;0_304_0-400m,8,0.002
0_1180_0-400m,0_518;0_551_0-400m,0,0
0_1180_0-400m,0_3002;0_3055_0-400m,3,0.001
0_1180_0-400m,0_273;0_296_0-400m,4,0.001
0_1180_0-400m,0_601;0_616_0-400m,1,0
0_1180_0-400m,0_269;0_299_0-400m,11,0.002
0_1180_0-400m,0_529;0_543_0-400m,0,0
0_1180_0-400m,0_268;0_317_0-400m,12,0.003
0_1180_0-400m,0_278;0_293_0-400m,20,0.004
0_1180_0-400m,0_260;0_297_0-400m,3,0.001
0_1180_0-400m,0_621;0_246_0-400m,1,0
0_1180_0-400m,0_608;0_611_0-400m,0,0
0_1180_0-400m,0_516;0_553_0-400m,1,0
0_1180_0-400m,0_602;0_615_0-400m,1,0
0_1180_0-400m,0_525;0_547_0-400m,2,0
0_1180_0-400m,0_521;0_549_0-400m,0,0
0_1180_0-400m,0_646;0_596_0-400m,3,0.001
0_1180_0-400m,0_261;0_319_0-400m,2,0
0_1180_0-400m,0_274;0_295_0-400m,6,0.001
0_1180_0-400m,0_519;0_550_0-400m,1,0
0_1180_0-400m,0_617;0_597_0-400m,0,0
0_1180_0-400m,0_609;0_640_0-400m,3,0.001
0_1180_0-400m,0_532;0_540_0-400m,5,0.001
0_1180_0-400m,0_637;0_576_0-400m,1,0
0_1180_0-400m,0_605_0-400m,0,0
0_1180_0-400m,0_619_0-400m,5,0.001
0_1180_0-400m,0_3490_0-400m,4,0.001
0_1180_0-400m,0_641_0-400m,1,0
0_1180_0-400m,0_647_0-400m,2,0
0_1180_0-400m,0_3056_0-400m,3,0.001
0_1180_0-400m,0_3054_0-400m,0,0
0_1180_0-400m,0_242_0-400m,6,0.001
0_1180_0-400m,0_243_0-400m,0,0
0_1180_0-400m,0_277_0-400m,12,0.003
0_1180_0-400m,0_279_0-400m,15,0.003
0_1180_0-400m,0_280_0-400m,29,0.006
0_1180_0-400m,0_281_0-400m,10,0.002
0_1180_0-400m,0_3103_0-400m,1,0
0_1180_0-400m,0_1182_0-400m,1,0
0_1180_0-400m,0_1180_0-400m,48,0.011
0_1180_0-400m,0_527_0-400m,1,0
0_1180_0-400m,0_302_0-400m,3,0.001
0_1180_0-400m,0_3130_0-400m,3,0.001
0_1180_0-400m,0_3530_0-400m,4,0.001
0_1180_0-400m,TRANSITION_ZONE,97,0.021
0_1180_0-400m,External,949,0.209
0_527_0-400m,0_520;0_555_0-400m,7,0.002
0_527_0-400m,0_282;0_311_0-400m,0,0
0_527_0-400m,0_267;0_300_0-400m,0,0
0_527_0-400m,0_526;0_546_0-400m,21,0.005
0_527_0-400m,0_600;0_643_0-400m,1,0
0_527_0-400m,0_272;0_298_0-400m,12,0.003
0_527_0-400m,0_271;0_315_0-400m,0,0
0_527_0-400m,0_607;0_612_0-400m,0,0
0_527_0-400m,0_266;0_301_0-400m,1,0
0_527_0-400m,0_294;0_1181_0-400m,3,0.001
0_527_0-400m,0_523;0_548_0-400m,7,0.002
0_527_0-400m,0_275;0_316_0-400m,2,0
0_527_0-400m,0_530;0_542_0-400m,21,0.005
0_527_0-400m,0_264;0_303_0-400m,3,0.001
0_527_0-400m,0_531;0_541_0-400m,22,0.005
0_527_0-400m,0_603;0_614_0-400m,2,0
0_527_0-400m,0_3004;0_3053_0-400m,0,0
0_527_0-400m,0_283;0_292_0-400m,0,0
0_527_0-400m,0_566;0_570_0-400m,5,0.001
0_527_0-400m,0_528;0_544_0-400m,25,0.005
0_527_0-400m,0_644;0_599_0-400m,0,0
0_527_0-400m,0_262;0_305_0-400m,3,0.001
0_527_0-400m,0_567;0_569_0-400m,3,0.001
0_527_0-400m,0_265;0_318_0-400m,3,0.001
0_527_0-400m,0_604;0_642_0-400m,0,0
0_527_0-400m,0_522;0_554_0-400m,10,0.002
0_527_0-400m,0_263;0_304_0-400m,2,0
0_527_0-400m,0_518;0_551_0-400m,14,0.003
0_527_0-400m,0_3002;0_3055_0-400m,14,0.003
0_527_0-400m,0_273;0_296_0-400m,3,0.001
0_527_0-400m,0_601;0_616_0-400m,1,0
0_527_0-400m,0_269;0_299_0-400m,1,0
0_527_0-400m,0_529;0_543_0-400m,12,0.003
0_527_0-400m,0_268;0_317_0-400m,0,0
0_527_0-400m,0_278;0_293_0-400m,1,0
0_527_0-400m,0_260;0_297_0-400m,8,0.002
0_527_0-400m,0_621;0_246_0-400m,6,0.001
0_527_0-400m,0_608;0_611_0-400m,0,0
0_527_0-400m,0_516;0_553_0-400m,8,0.002
0_527_0-400m,0_602;0_615_0-400m,1,0
0_527_0-400m,0_525;0_547_0-400m,16,0.004
0_527_0-400m,0_521;0_549_0-400m,4,0.001
0_527_0-400m,0_646;0_596_0-400m,5,0.001
0_527_0-400m,0_261;0_319_0-400m,4,0.001
0_527_0-400m,0_274;0_295_0-400m,7,0.002
0_527_0-400m,0_519;0_550_0-400m,19,0.004
0_527_0-400m,0_617;0_597_0-400m,2,0
0_527_0-400m,0_609;0_640_0-400m,3,0.001
0_527_0-400m,0_532;0_540_0-400m,109,0.024
0_527_0-400m,0_637;0_576_0-400m,4,0.001
0_527_0-400m,0_605_0-400m,1,0
0_527_0-400m,0_619_0-400m,5,0.001
0_527_0-400m,0_3490_0-400m,0,0
0_527_0-400m,0_641_0-400m,0,0
0_527_0-400m,0_647_0-400m,7,0.002
0_527_0-400m,0_3056_0-400m,2,0
0_527_0-400m,0_3054_0-400m,3,0.001
0_527_0-400m,0_242_0-400m,8,0.002
0_527_0-400m,0_243_0-400m,1,0
0_527_0-400m,0_277_0-400m,0,0
0_527_0-400m,0_279_0-400m,0,0
0_527_0-400m,0_280_0-400m,0,0
0_527_0-400m,0_281_0-400m,0,0
0_527_0-400m,0_3103_0-400m,1,0
0_527_0-400m,0_1182_0-400m,5,0.001
0_527_0-400m,0_1180_0-400m,2,0
0_527_0-400m,0_527_0-400m,13,0.003
0_527_0-400m,0_302_0-400m,0,0
0_527_0-400m,0_3130_0-400m,0,0
0_527_0-400m,0_3530_0-400m,1,0
0_527_0-400m,TRANSITION_ZONE,90,0.02
0_527_0-400m,External,1547,0.34
0_302_0-400m,0_520;0_555_0-400m,0,0
0_302_0-400m,0_282;0_311_0-400m,2,0
0_302_0-400m,0_267;0_300_0-400m,2,0
0_302_0-400m,0_526;0_546_0-400m,1,0
0_302_0-400m,0_600;0_643_0-400m,3,0.001
0_302_0-400m,0_272;0_298_0-400m,1,0
0_302_0-400m,0_271;0_315_0-400m,3,0.001
0_302_0-400m,0_607;0_612_0-400m,0,0
0_302_0-400m,0_266;0_301_0-400m,15,0.003
0_302_0-400m,0_294;0_1181_0-400m,4,0.001
0_302_0-400m,0_523;0_548_0-400m,1,0
0_302_0-400m,0_275;0_316_0-400m,7,0.002
0_302_0-400m,0_530;0_542_0-400m,1,0
0_302_0-400m,0_264;0_303_0-400m,11,0.002
0_302_0-400m,0_531;0_541_0-400m,0,0
0_302_0-400m,0_603;0_614_0-400m,0,0
0_302_0-400m,0_3004;0_3053_0-400m,0,0
0_302_0-400m,0_283;0_292_0-400m,7,0.002
0_302_0-400m,0_566;0_570_0-400m,0,0
0_302_0-400m,0_528;0_544_0-400m,0,0
0_302_0-400m,0_644;0_599_0-400m,0,0
0_302_0-400m,0_262;0_305_0-400m,7,0.002
0_302_0-400m,0_567;0_569_0-400m,3,0.001
0_302_0-400m,0_265;0_318_0-400m,3,0.001
0_302_0-400m,0_604;0_642_0-400m,0,0
0_302_0-400m,0_522;0_554_0-400m,0,0
0_302_0-400m,0_263;0_304_0-400m,8,0.002
0_302_0-400m,0_518;0_551_0-400m,3,0.001
0_302_0-400m,0_3002;0_3055_0-400m,2,0
0_302_0-400m,0_273;0_296_0-400m,6,0.001
0_302_0-400m,0_601;0_616_0-400m,0,0
0_302_0-400m,0_269;0_299_0-400m,4,0.001
0_302_0-400m,0_529;0_543_0-400m,3,0.001
0_302_0-400m,0_268;0_317_0-400m,2,0
0_302_0-400m,0_278;0_293_0-400m,9,0.002
0_302_0-400m,0_260;0_297_0-400m,5,0.001
0_302_0-400m,0_621;0_246_0-400m,2,0
0_302_0-400m,0_608;0_611_0-400m,0,0
0_302_0-400m,0_516;0_553_0-400m,4,0.001
0_302_0-400m,0_602;0_615_0-400m,1,0
0_302_0-400m,0_525;0_547_0-400m,4,0.001
0_302_0-400m,0_521;0_549_0-400m,2,0
0_302_0-400m,0_646;0_596_0-400m,2,0
0_302_0-400m,0_261;0_319_0-400m,5,0.001
0_302_0-400m,0_274;0_295_0-400m,2,0
0_302_0-400m,0_519;0_550_0-400m,2,0
0_302_0-400m,0_617;0_597_0-400m,1,0
0_302_0-400m,0_609;0_640_0-400m,1,0
0_302_0-400m,0_532;0_540_0-400m,2,0
0_302_0-400m,0_637;0_576_0-400m,0,0
0_302_0-400m,0_605_0-400m,0,0
0_302_0-400m,0_619_0-400m,1,0
0_302_0-400m,0_3490_0-400m,1,0
0_302_0-400m,0_641_0-400m,0,0
0_302_0-400m,0_647_0-400m,2,0
0_302_0-400m,0_3056_0-400m,0,0
0_302_0-400m,0_3054_0-400m,1,0
0_302_0-400m,0_242_0-400m,4,0.001
0_302_0-400m,0_243_0-400m,0,0
0_302_0-400m,0_277_0-400m,0,0
0_302_0-400m,0_279_0-400m,15,0.003
0_302_0-400m,0_280_0-400m,10,0.002
0_302_0-400m,0_281_0-400m,0,0
0_302_0-400m,0_3103_0-400m,1,0
0_302_0-400m,0_1182_0-400m,0,0
0_302_0-400m,0_1180_0-400m,8,0.002
0_302_0-400m,0_527_0-400m,0,0
0_302_0-400m,0_302_0-400m,14,0.003
0_302_0-400m,0_3130_0-400m,1,0
0_302_0-400m,0_3530_0-400m,2,0
0_302_0-400m,TRANSITION_ZONE,45,0.01
0_302_0-400m,External,486,0.107
0_3130_0-400m,0_520;0_555_0-400m,5,0.001
0_3130_0-400m,0_282;0_311_0-400m,1,0
0_3130_0-400m,0_267;0_300_0-400m,1,0
0_3130_0-400m,0_526;0_546_0-400m,7,0.002
0_3130_0-400m,0_600;0_643_0-400m,19,0.004
0_3130_0-400m,0_272;0_298_0-400m,19,0.004
0_3130_0-400m,0_271;0_315_0-400m,5,0.001
0_3130_0-400m,0_607;0_612_0-400m,6,0.001
0_3130_0-400m,0_266;0_301_0-400m,4,0.001
0_3130_0-400m,0_294;0_1181_0-400m,5,0.001
0_3130_0-400m,0_523;0_548_0-400m,6,0.001
0_3130_0-400m,0_275;0_316_0-400m,8,0.002
0_3130_0-400m,0_530;0_542_0-400m,5,0.001
0_3130_0-400m,0_264;0_303_0-400m,5,0.001
0_3130_0-400m,0_531;0_541_0-400m,10,0.002
0_3130_0-400m,0_603;0_614_0-400m,20,0.004
0_3130_0-400m,0_3004;0_3053_0-400m,21,0.005
0_3130_0-400m,0_283;0_292_0-400m,10,0.002
0_3130_0-400m,0_566;0_570_0-400m,17,0.004
0_3130_0-400m,0_528;0_544_0-400m,7,0.002
0_3130_0-400m,0_644;0_599_0-400m,21,0.005
0_3130_0-400m,0_262;0_305_0-400m,13,0.003
0_3130_0-400m,0_567;0_569_0-400m,19,0.004
0_3130_0-400m,0_265;0_318_0-400m,1,0
0_3130_0-400m,0_604;0_642_0-400m,25,0.005
0_3130_0-400m,0_522;0_554_0-400m,4,0.001
0_3130_0-400m,0_263;0_304_0-400m,16,0.004
0_3130_0-400m,0_518;0_551_0-400m,26,0.006
0_3130_0-400m,0_3002;0_3055_0-400m,39,0.009
0_3130_0-400m,0_273;0_296_0-400m,15,0.003
0_3130_0-400m,0_601;0_616_0-400m,17,0.004
0_3130_0-400m,0_269;0_299_0-400m,3,0.001
0_3130_0-400m,0_529;0_543_0-400m,12,0.003
0_3130_0-400m,0_268;0_317_0-400m,1,0
0_3130_0-400m,0_278;0_293_0-400m,5,0.001
0_3130_0-400m,0_260;0_297_0-400m,15,0.003
0_3130_0-400m,0_621;0_246_0-400m,99,0.022
0_3130_0-400m,0_608;0_611_0-400m,7,0.002
0_3130_0-400m,0_516;0_553_0-400m,25,0.005
0_3130_0-400m,0_602;0_615_0-400m,20,0.004
0_3130_0-400m,0_525;0_547_0-400m,6,0.001
0_3130_0-400m,0_521;0_549_0-400m,8,0.002
0_3130_0-400m,0_646;0_596_0-400m,52,0.011
0_3130_0-400m,0_261;0_319_0-400m,12,0.003
0_3130_0-400m,0_274;0_295_0-400m,5,0.001
0_3130_0-400m,0_519;0_550_0-400m,12,0.003
0_3130_0-400m,0_617;0_597_0-400m,26,0.006
0_3130_0-400m,0_609;0_640_0-400m,21,0.005
0_3130_0-400m,0_532;0_540_0-400m,30,0.007
0_3130_0-400m,0_637;0_576_0-400m,10,0.002
0_3130_0-400m,0_605_0-400m,12,0.003
0_3130_0-400m,0_619_0-400m,34,0.007
0_3130_0-400m,0_3490_0-400m,0,0
0_3130_0-400m,0_641_0-400m,7,0.002
0_3130_0-400m,0_647_0-400m,34,0.007
0_3130_0-400m,0_3056_0-400m,17,0.004
0_3130_0-400m,0_3054_0-400m,19,0.004
0_3130_0-400m,0_242_0-400m,48,0.011
0_3130_0-400m,0_243_0-400m,21,0.005
0_3130_0-400m,0_277_0-400m,2,0
0_3130_0-400m,0_279_0-400m,3,0.001
0_3130_0-400m,0_280_0-400m,4,0.001
0_3130_0-400m,0_281_0-400m,1,0
0_3130_0-400m,0_3103_0-400m,59,0.013
0_3130_0-400m,0_1182_0-400m,33,0.007
0_3130_0-400m,0_1180_0-400m,3,0.001
0_3130_0-400m,0_527_0-400m,3,0.001
0_3130_0-400m,0_302_0-400m,5,0.001
0_3130_0-400m,0_3130_0-400m,66,0.015
0_3130_0-400m,0_3530_0-400m,33,0.007
0_3130_0-400m,TRANSITION_ZONE,305,0.067
0_3130_0-400m,External,2525,0.555
0_3530_0-400m,0_520;0_555_0-400m,5,0.001
0_3530_0-400m,0_282;0_311_0-400m,4,0.001
0_3530_0-400m,0_267;0_300_0-400m,3,0.001
0_3530_0-400m,0_526;0_546_0-400m,2,0
0_3530_0-400m,0_600;0_643_0-400m,10,0.002
0_3530_0-400m,0_272;0_298_0-400m,24,0.005
0_3530_0-400m,0_271;0_315_0-400m,5,0.001
0_3530_0-400m,0_607;0_612_0-400m,3,0.001
0_3530_0-400m,0_266;0_301_0-400m,3,0.001
0_3530_0-400m,0_294;0_1181_0-400m,13,0.003
0_3530_0-400m,0_523;0_548_0-400m,4,0.001
0_3530_0-400m,0_275;0_316_0-400m,8,0.002
0_3530_0-400m,0_530;0_542_0-400m,5,0.001
0_3530_0-400m,0_264;0_303_0-400m,5,0.001
0_3530_0-400m,0_531;0_541_0-400m,9,0.002
0_3530_0-400m,0_603;0_614_0-400m,8,0.002
0_3530_0-400m,0_3004;0_3053_0-400m,15,0.003
0_3530_0-400m,0_283;0_292_0-400m,6,0.001
0_3530_0-400m,0_566;0_570_0-400m,7,0.002
0_3530_0-400m,0_528;0_544_0-400m,1,0
0_3530_0-400m,0_644;0_599_0-400m,3,0.001
0_3530_0-400m,0_262;0_305_0-400m,14,0.003
0_3530_0-400m,0_567;0_569_0-400m,7,0.002
0_3530_0-400m,0_265;0_318_0-400m,0,0
0_3530_0-400m,0_604;0_642_0-400m,2,0
0_3530_0-400m,0_522;0_554_0-400m,2,0
0_3530_0-400m,0_263;0_304_0-400m,17,0.004
0_3530_0-400m,0_518;0_551_0-400m,15,0.003
0_3530_0-400m,0_3002;0_3055_0-400m,24,0.005
0_3530_0-400m,0_273;0_296_0-400m,7,0.002
0_3530_0-400m,0_601;0_616_0-400m,2,0
0_3530_0-400m,0_269;0_299_0-400m,3,0.001
0_3530_0-400m,0_529;0_543_0-400m,4,0.001
0_3530_0-400m,0_268;0_317_0-400m,7,0.002
0_3530_0-400m,0_278;0_293_0-400m,10,0.002
0_3530_0-400m,0_260;0_297_0-400m,18,0.004
0_3530_0-400m,0_621;0_246_0-400m,29,0.006
0_3530_0-400m,0_608;0_611_0-400m,2,0
0_3530_0-400m,0_516;0_553_0-400m,10,0.002
0_3530_0-400m,0_602;0_615_0-400m,7,0.002
0_3530_0-400m,0_525;0_547_0-400m,5,0.001
0_3530_0-400m,0_521;0_549_0-400m,3,0.001
0_3530_0-400m,0_646;0_596_0-400m,24,0.005
0_3530_0-400m,0_261;0_319_0-400m,14,0.003
0_3530_0-400m,0_274;0_295_0-400m,6,0.001
0_3530_0-400m,0_519;0_550_0-400m,8,0.002
0_3530_0-400m,0_617;0_597_0-400m,6,0.001
0_3530_0-400m,0_609;0_640_0-400m,6,0.001
0_3530_0-400m,0_532;0_540_0-400m,27,0.006
0_3530_0-400m,0_637;0_576_0-400m,6,0.001
0_3530_0-400m,0_605_0-400m,4,0.001
0_3530_0-400m,0_619_0-400m,18,0.004
0_3530_0-400m,0_3490_0-400m,1,0
0_3530_0-400m,0_641_0-400m,2,0
0_3530_0-400m,0_647_0-400m,21,0.005
0_3530_0-400m,0_3056_0-400m,6,0.001
0_3530_0-400m,0_3054_0-400m,12,0.003
0_3530_0-400m,0_242_0-400m,25,0.005
0_3530_0-400m,0_243_0-400m,12,0.003
0_3530_0-400m,0_277_0-400m,2,0
0_3530_0-400m,0_279_0-400m,2,0
0_3530_0-400m,0_280_0-400m,1,0
0_3530_0-400m,0_281_0-400m,1,0
0_3530_0-400m,0_3103_0-400m,23,0.005
0_3530_0-400m,0_1182_0-400m,17,0.004
0_3530_0-400m,0_1180_0-400m,1,0
0_3530_0-400m,0_527_0-400m,0,0
0_3530_0-400m,0_302_0-400m,3,0.001
0_3530_0-400m,0_3130_0-400m,36,0.008
0_3530_0-400m,0_3530_0-400m,56,0.012
0_3530_0-400m,TRANSITION_ZONE,218,0.048
0_3530_0-400m,External,2248,0.494
TRANSITION_ZONE,0_520;0_555_0-400m,88,0.019
TRANSITION_ZONE,0_282;0_311_0-400m,55,0.012
TRANSITION_ZONE,0_267;0_300_0-400m,23,0.005
TRANSITION_ZONE,0_526;0_546_0-400m,73,0.016
TRANSITION_ZONE,0_600;0_643_0-400m,260,0.057
TRANSITION_ZONE,0_272;0_298_0-400m,367,0.081
TRANSITION_ZONE,0_271;0_315_0-400m,70,0.015
TRANSITION_ZONE,0_607;0_612_0-400m,117,0.026
TRANSITION_ZONE,0_266;0_301_0-400m,112,0.025
TRANSITION_ZONE,0_294;0_1181_0-400m,105,0.023
TRANSITION_ZONE,0_523;0_548_0-400m,68,0.015
TRANSITION_ZONE,0_275;0_316_0-400m,102,0.022
TRANSITION_ZONE,0_530;0_542_0-400m,138,0.03
TRANSITION_ZONE,0_264;0_303_0-400m,141,0.031
TRANSITION_ZONE,0_531;0_541_0-400m,129,0.028
TRANSITION_ZONE,0_603;0_614_0-400m,169,0.037
TRANSITION_ZONE,0_3004;0_3053_0-400m,161,0.035
TRANSITION_ZONE,0_283;0_292_0-400m,170,0.037
TRANSITION_ZONE,0_566;0_570_0-400m,149,0.033
TRANSITION_ZONE,0_528;0_544_0-400m,119,0.026
TRANSITION_ZONE,0_644;0_599_0-400m,163,0.036
TRANSITION_ZONE,0_262;0_305_0-400m,151,0.033
TRANSITION_ZONE,0_567;0_569_0-400m,216,0.047
TRANSITION_ZONE,0_265;0_318_0-400m,50,0.011
TRANSITION_ZONE,0_604;0_642_0-400m,133,0.029
TRANSITION_ZONE,0_522;0_554_0-400m,87,0.019
TRANSITION_ZONE,0_263;0_304_0-400m,196,0.043
TRANSITION_ZONE,0_518;0_551_0-400m,359,0.079
TRANSITION_ZONE,0_3002;0_3055_0-400m,279,0.061
TRANSITION_ZONE,0_273;0_296_0-400m,90,0.02
TRANSITION_ZONE,0_601;0_616_0-400m,153,0.034
TRANSITION_ZONE,0_269;0_299_0-400m,93,0.02
TRANSITION_ZONE,0_529;0_543_0-400m,123,0.027
TRANSITION_ZONE,0_268;0_317_0-400m,61,0.013
TRANSITION_ZONE,0_278;0_293_0-400m,153,0.034
TRANSITION_ZONE,0_260;0_297_0-400m,217,0.048
TRANSITION_ZONE,0_621;0_246_0-400m,441,0.097
TRANSITION_ZONE,0_608;0_611_0-400m,94,0.021
TRANSITION_ZONE,0_516;0_553_0-400m,322,0.071
TRANSITION_ZONE,0_602;0_615_0-400m,175,0.038
TRANSITION_ZONE,0_525;0_547_0-400m,195,0.043
TRANSITION_ZONE,0_521;0_549_0-400m,67,0.015
TRANSITION_ZONE,0_646;0_596_0-400m,343,0.075
TRANSITION_ZONE,0_261;0_319_0-400m,116,0.025
TRANSITION_ZONE,0_274;0_295_0-400m,91,0.02
TRANSITION_ZONE,0_519;0_550_0-400m,265,0.058
TRANSITION_ZONE,0_617;0_597_0-400m,199,0.044
TRANSITION_ZONE,0_609;0_640_0-400m,449,0.099
TRANSITION_ZONE,0_532;0_540_0-400m,759,0.167
TRANSITION_ZONE,0_637;0_576_0-400m,527,0.116
TRANSITION_ZONE,0_605_0-400m,173,0.038
TRANSITION_ZONE,0_619_0-400m,343,0.075
TRANSITION_ZONE,0_3490_0-400m,30,0.007
TRANSITION_ZONE,0_641_0-400m,147,0.032
TRANSITION_ZONE,0_647_0-400m,440,0.097
TRANSITION_ZONE,0_3056_0-400m,79,0.017
TRANSITION_ZONE,0_3054_0-400m,141,0.031
TRANSITION_ZONE,0_242_0-400m,352,0.077
TRANSITION_ZONE,0_243_0-400m,80,0.018
TRANSITION_ZONE,0_277_0-400m,36,0.008
TRANSITION_ZONE,0_279_0-400m,115,0.025
TRANSITION_ZONE,0_280_0-400m,120,0.026
TRANSITION_ZONE,0_281_0-400m,39,0.009
TRANSITION_ZONE,0_3103_0-400m,304,0.067
TRANSITION_ZONE,0_1182_0-400m,204,0.045
TRANSITION_ZONE,0_1180_0-400m,108,0.024
TRANSITION_ZONE,0_527_0-400m,59,0.013
TRANSITION_ZONE,0_302_0-400m,52,0.011
TRANSITION_ZONE,0_3130_0-400m,292,0.064
TRANSITION_ZONE,0_3530_0-400m,189,0.042
TRANSITION_ZONE,TRANSITION_ZONE,4854,1.067
TRANSITION_ZONE,External,43099,9.473
External,0_520;0_555_0-400m,1372,0.302
External,0_282;0_311_0-400m,674,0.148
External,0_267;0_300_0-400m,224,0.049
External,0_526;0_546_0-400m,1236,0.272
External,0_600;0_643_0-400m,1835,0.403
External,0_272;0_298_0-400m,4577,1.006
External,0_271;0_315_0-400m,643,0.141
External,0_607;0_612_0-400m,740,0.163
External,0_266;0_301_0-400m,1073,0.236
External,0_294;0_1181_0-400m,893,0.196
External,0_523;0_548_0-400m,897,0.197
External,0_275;0_316_0-400m,1047,0.23
External,0_530;0_542_0-400m,2049,0.45
External,0_264;0_303_0-400m,1327,0.292
External,0_531;0_541_0-400m,1952,0.429
External,0_603;0_614_0-400m,1277,0.281
External,0_3004;0_3053_0-400m,2180,0.479
External,0_283;0_292_0-400m,2198,0.483
External,0_566;0_570_0-400m,1784,0.392
External,0_528;0_544_0-400m,1479,0.325
External,0_644;0_599_0-400m,1083,0.238
External,0_262;0_305_0-400m,1142,0.251
External,0_567;0_569_0-400m,2569,0.565
External,0_265;0_318_0-400m,532,0.117
External,0_604;0_642_0-400m,1129,0.248
External,0_522;0_554_0-400m,1033,0.227
External,0_263;0_304_0-400m,1593,0.35
External,0_518;0_551_0-400m,5584,1.227
External,0_3002;0_3055_0-400m,5422,1.192
External,0_273;0_296_0-400m,895,0.197
External,0_601;0_616_0-400m,1010,0.222
External,0_269;0_299_0-400m,726,0.16
External,0_529;0_543_0-400m,2973,0.653
External,0_268;0_317_0-400m,591,0.13
External,0_278;0_293_0-400m,1368,0.301
External,0_260;0_297_0-400m,2577,0.566
External,0_621;0_246_0-400m,5720,1.257
External,0_608;0_611_0-400m,833,0.183
External,0_516;0_553_0-400m,4298,0.945
External,0_602;0_615_0-400m,1351,0.297
External,0_525;0_547_0-400m,3752,0.825
External,0_521;0_549_0-400m,1032,0.227
External,0_646;0_596_0-400m,2572,0.565
External,0_261;0_319_0-400m,1024,0.225
External,0_274;0_295_0-400m,999,0.22
External,0_519;0_550_0-400m,4812,1.058
External,0_617;0_597_0-400m,1724,0.379
External,0_609;0_640_0-400m,3723,0.818
External,0_532;0_540_0-400m,11503,2.528
External,0_637;0_576_0-400m,4973,1.093
External,0_605_0-400m,1286,0.283
External,0_619_0-400m,2177,0.479
External,0_3490_0-400m,196,0.043
External,0_641_0-400m,859,0.189
External,0_647_0-400m,3293,0.724
External,0_3056_0-400m,1508,0.331
External,0_3054_0-400m,2178,0.479
External,0_242_0-400m,6720,1.477
External,0_243_0-400m,926,0.204
External,0_277_0-400m,388,0.085
External,0_279_0-400m,1246,0.274
External,0_280_0-400m,1308,0.288
External,0_281_0-400m,525,0.115
External,0_3103_0-400m,2684,0.59
External,0_1182_0-400m,2393,0.526
External,0_1180_0-400m,1103,0.242
External,0_527_0-400m,1087,0.239
External,0_302_0-400m,475,0.104
External,0_3130_0-400m,2764,0.608
External,0_3530_0-400m,2592,0.57
External,TRANSITION_ZONE,47396,10.418
External,External,0,0