{
  "type": "FeatureCollection",
  "metadata": {
    "distance_tiers_used": [
      400
    ],
    "total_regions": 71
  },
  "features": [
    {
      "type": "Feature",
      "properties": {
        "stop_id": "0_520;0_555",
        "tier": "0-400m",
        "name": "0_520;0_555_0-400m"
      },
      "geometry": {
        "type": "Polygon",
        "coordinates": [
          [
            [
              -71.78979616481662,
              42.27702283852226
            ],
            [
              -71.78980544379242,
              42.2769764099115
            ],
            [
              -71.78992107653545,
              42.2766337027756
            ],
            [
              -71.7900813834026,
              42.27630106265597
            ],
            [
              -71.79028481994924,
              42.275981692877345
            ],
            [
              -71.79052942647627,
              42.275678668924215
            ],
            [
              -71.7908128469222,
              42.27539490883069
            ],
            [
              -71.79082573802422,
              42.27538434746895
            ],
            [
              -71.79928598772655,
              42.278476336359965
            ],
            [
              -71.79928179690113,
              42.278479770316004
            ],
            [
              -71.79928172143117,
              42.27847983861135
            ],
            [
              -71.79928165533887,
              42.27847991207117
            ],
            [
              -71.79928159926075,
              42.278479989988085
            ],
            [
              -71.79928155373688,
              42.278480071611654
            ],
            [
              -71.79928151920566,
              42.27848015615581
            ],
            [
              -71.79919927677129,
              42.278724009450166
            ],
            [
              -71.799039011713,
              42.27905666216938
            ],
            [
              -71.79883560947721,
              42.27937604730021
            ],
            [
              -71.79859102844445,
              42.27967908876824
            ],
            [
              -71.79847850696103,
              42.27979175927182
            ],
            [
              -71.79847844086645,
              42.279791832731185
            ],
            [
              -71.79847838478616,
              42.27979191064767
            ],
            [
              -71.79847833926031,
              42.279791992270916
            ],
            [
              -71.7984783047273,
              42.27979207681482
            ],
            [
              -71.7984782815197,
              42.279792163465174
            ],
            [
              -71.79847760390126,
              42.27979555624926
            ],
            [
              -71.78979616481662,
              42.27702283852226
            ]
          ]
        ]
      }
    },
    {
      "type": "Feature",
      "properties": {
        "stop_id": "0_282;0_311",
        "tier": "0-400m",
        "name": "0_282;0_311_0-400m"
      },
      "geometry": {
        "type": "Polygon",
        "coordinates": [
          [
            [
              -71.75374261728895,
              42.246624503191036
            ],
            [
              -71.75374258533064,
              42.24662445871386
            ],
            [
              -71.75374251931838,
              42.246624385230405
            ],
            [
              -71.75374244392988,
              42.2466243169082
            ],
            [
              -71.75374235989116,
              42.246624254405205
            ],
            [
              -71.75374226801159,
              42.24662419832338
            ],
            [
              -71.75374216917601,
              42.24662414920282
            ],
            [
              -71.75366322801598,
              42.246588953960114
            ],
            [
              -71.75328143501966,
              42.24637834727601
            ],
            [
              -71.75292926673187,
              42.24614094910133
            ],
            [
              -71.752610114801,
              42.24587904599467
            ],
            [
              -71.75232705275738,
              42.24559516051051
            ],
            [
              -71.75208280641648,
              42.24529202689459
            ],
            [
              -71.75187972763658,
              42.24497256474115
            ],
            [
              -71.75171977168314,
              42.24463985086599
            ],
            [
              -71.75166334147102,
              42.24447208710523
            ],
            [
              -71.75166330701494,
              42.244472002547816
            ],
            [
              -71.75166326157016,
              42.24447192090697
            ],
            [
              -71.75166320557433,
              42.24447184296891
            ],
            [
              -71.7516631836686,
              42.24447181858177
            ],
            [
              -71.75892680149285,
              42.240548692247394
            ],
            [
              -71.75905081730177,
              42.24060398118492
            ],
            [
              -71.75943259467961,
              42.24081456887169
            ],
            [
              -71.75978475773498,
              42.24105194729525
            ],
            [
              -71.75981607132539,
              42.24107764168466
            ],
            [
              -71.75401852938933,
              42.246526678392435
            ],
            [
              -71.75374261728895,
              42.246624503191036
            ]
          ]
        ]
      }
    },
    {
      "type": "Feature",
      "properties": {
        "stop_id": "0_267;0_300",
        "tier": "0-400m",
        "name": "0_267;0_300_0-400m"
      },
      "geometry": {
        "type": "Polygon",
        "coordinates": [
          [
            [
              -71.77471051348638,
              42.253971902513584
            ],
            [
              -71.77471045721055,
              42.253971910818436
            ],
            [
              -71.77448308151902,
              42.25401417617286
            ],
            [
              -71.77438994949877,
              42.25402442081819
            ],
            [
              -71.77134793466439,
              42.2472751462115
            ],
            [
              -71.77168585493709,
              42.24715648981415
            ],
            [
              -71.77213362339934,
              42.24703756197914
            ],
            [
              -71.77259492372269,
              42.24695181388464
            ],
            [
              -71.773065314019,
              42.24690007119718
            ],
            [
              -71.77342363989555,
              42.246887065406945
            ],
            [
              -71.77505650195369,
              42.25233454939296
            ],
            [
              -71.77471051348638,
              42.253971902513584
            ]
          ]
        ]
      }
    },
    {
      "type": "Feature",
      "properties": {
        "stop_id": "0_526;0_546",
        "tier": "0-400m",
        "name": "0_526;0_546_0-400m"
      },
      "geometry": {
        "type": "Polygon",
        "coordinates": [
          [
            [
              -71.78643384084296,
              42.28458074640492
            ],
            [
              -71.79375198719109,
              42.288809600304084
            ],
            [
              -71.79371089235046,
              42.288894867849436
            ],
            [
              -71.79350743156184,
              42.28921424298194
            ],
            [
              -71.79326278694613,
              42.289517272566925
            ],
            [
              -71.79297931419742,
              42.28980103801157
            ],
            [
              -71.7926597430871,
              42.290062806225734
            ],
            [
              -71.7923071511833,
              42.29030005595377
            ],
            [
              -71.79192493421522,
              42.29051050206645
            ],
            [
              -71.79161770074283,
              42.29064720910202
            ],
            [
              -71.79161760180124,
              42.29064725818087
            ],
            [
              -71.7916175098152,
              42.29064731422381
            ],
            [
              -71.79161742567062,
              42.29064737669117
            ],
            [
              -71.79161735017787,
              42.290647444981296
            ],
            [
              -71.79161727535859,
              42.29064751987389
            ],
            [
              -71.78542877867399,
              42.28528776676203
            ],
            [
              -71.78548375647509,
              42.28523273867338
            ],
            [
              -71.78580333287802,
              42.28497099022754
            ],
            [
              -71.78615591946662,
              42.284733760266896
            ],
            [
              -71.78643384084296,
              42.28458074640492
            ]
          ]
        ]
      }
    },
    {
      "type": "Feature",
      "properties": {
        "stop_id": "0_600;0_643",
        "tier": "0-400m",
        "name": "0_600;0_643_0-400m"
      },
      "geometry": {
        "type": "Polygon",
        "coordinates": [
          [
            [
              -71.8109417374311,
              42.252105293502375
            ],
            [
              -71.81094249883994,
              42.25210509099516
            ],
            [
              -71.81094497620441,
              42.25210462964607
            ],
            [
              -71.81094508999689,
              42.252104603985835
            ],
            [
              -71.810945199856,
              42.25210457016284
            ],
            [
              -71.81094530472367,
              42.25210452850281
            ],
            [
              -71.81094540359003,
              42.25210447940698
            ],
            [
              -71.81094549550292,
              42.252104423348165
            ],
            [
              -71.81094557957717,
              42.25210436086622
            ],
            [
              -71.81094565500311,
              42.2521042925629
            ],
            [
              -71.8109883505275,
              42.25206150855492
            ],
            [
              -71.81130765394127,
              42.25179968756263
            ],
            [
              -71.81165996012129,
              42.25156237785974
            ],
            [
              -71.8120418762424,
              42.25135186458403
            ],
            [
              -71.81240140559994,
              42.2511917002222
            ],
            [
              -71.81240150446375,
              42.25119165112511
            ],
            [
              -71.81240159637402,
              42.25119159506511
            ],
            [
              -71.81240168044562,
              42.25119153258209
            ],
            [
              -71.81240286890373,
              42.25119055803516
            ],
            [
              -71.81846060736132,
              42.25664556349847
            ],
            [
              -71.81816252171818,
              42.25689000885757
            ],
            [
              -71.8178102102695,
              42.257127338314916
            ],
            [
              -71.81742827849,
              42.25733787058825
            ],
            [
              -71.81702040481692,
              42.25751957786313
            ],
            [
              -71.8165905176631,
              42.25767070994695
            ],
            [
              -71.81614587628957,
              42.25778898158318
            ],
            [
              -71.8109417374311,
              42.252105293502375
            ]
          ]
        ]
      }
    },
    {
      "type": "Feature",
      "properties": {
        "stop_id": "0_272;0_298",
        "tier": "0-400m",
        "name": "0_272;0_298_0-400m"
      },
      "geometry": {
        "type": "Polygon",
        "coordinates": [
          [
            [
              -71.79197501394808,
              42.26307710609223
            ],
            [
              -71.79197502115998,
              42.26307699717069
            ],
            [
              -71.79197502116652,
              42.26307690882287
            ],
            [
              -71.79197500951493,
              42.263076820899975
            ],
            [
              -71.7919749863174,
              42.26307673424879
            ],
            [
              -71.79197495179737,
              42.26307664970377
            ],
            [
              -71.79197490628724,
              42.263076568079164
            ],
            [
              -71.79197485022532,
              42.26307649016104
            ],
            [
              -71.7919747841515,
              42.263076416699825
            ],
            [
              -71.79197470870214,
              42.263076348402926
            ],
            [
              -71.79197462460385,
              42.26307628592814
            ],
            [
              -71.79197453266652,
              42.26307622987712
            ],
            [
              -71.7919744337756,
              42.26307618078965
            ],
            [
              -71.7919743288834,
              42.26307613913849
            ],
            [
              -71.79197421900012,
              42.26307610532476
            ],
            [
              -71.79187997045379,
              42.263051051853694
            ],
            [
              -71.79145001059132,
              42.26289997668107
            ],
            [
              -71.79104205876419,
              42.262718323439074
            ],
            [
              -71.79066004413833,
              42.26250784179991
            ],
            [
              -71.79030764594918,
              42.26227055909039
            ],
            [
              -71.78998825806008,
              42.262008760757226
            ],
            [
              -71.78970495627453,
              42.26172496834601
            ],
            [
              -71.78946046871745,
              42.26142191520632
            ],
            [
              -71.78925714957066,
              42.26110252015763
            ],
            [
              -71.78909695641475,
              42.2607698593698
            ],
            [
              -71.78899518604793,
              42.260467942211136
            ],
            [
              -71.78899515153329,
              42.260467857665205
            ],
            [
              -71.78899512353672,
              42.26046780744495
            ],
            [
              -71.79605276004675,
              42.25656475897611
            ],
            [
              -71.79641785798069,
              42.25672732460617
            ],
            [
              -71.79281627907642,
              42.262690675604745
            ],
            [
              -71.79197501394808,
              42.26307710609223
            ]
          ]
        ]
      }
    },
    {
      "type": "Feature",
      "properties": {
        "stop_id": "0_271;0_315",
        "tier": "0-400m",
        "name": "0_271;0_315_0-400m"
      },
      "geometry": {
        "type": "Polygon",
        "coordinates": [
          [
            [
              -71.76632452927787,
              42.24746141206057
            ],
            [
              -71.76566340781639,
              42.25412599979604
            ],
            [
              -71.76565393178605,
              42.25412423370342
            ],
            [
              -71.7656538151569,
              42.25412421643606
            ],
            [
              -71.76565369681111,
              42.25412420774445
            ],
            [
              -71.76565357788846,
              42.25412420771229
            ],
            [
              -71.76565345953419,
              42.25412421633991
            ],
            [
              -71.76545610586649,
              42.25414590984517
            ],
            [
              -71.76498109827376,
              42.25416311538842
            ],
            [
              -71.76450610803634,
              42.254145647414596
            ],
            [
              -71.7640357103441,
              42.2540936741782
            ],
            [
              -71.76357443612832,
              42.25400769629313
            ],
            [
              -71.7631267283977,
              42.253888541908445
            ],
            [
              -71.76269689942337,
              42.253737358727605
            ],
            [
              -71.76228908918635,
              42.2535556029484
            ],
            [
              -71.7619072254882,
              42.2533450252306
            ],
            [
              -71.76155498611021,
              42.25310765382635
            ],
            [
              -71.76123576338559,
              42.2528457750365
            ],
            [
              -71.76095263152662,
              42.25256191118137
            ],
            [
              -71.76070831702127,
              42.25225879629848
            ],
            [
              -71.76053879217363,
              42.25199221742646
            ],
            [
              -71.76632452927787,
              42.24746141206057
            ]
          ]
        ]
      }
    },
    {
      "type": "Feature",
      "properties": {
        "stop_id": "0_607;0_612",
        "tier": "0-400m",
        "name": "0_607;0_612_0-400m"
      },
      "geometry": {
        "type": "Polygon",
        "coordinates": [
          [
            [
              -71.82892897638575,
              42.25094106087039
            ],
            [
              -71.8236181461068,
              42.24505746179294
            ],
            [
              -71.82389974743958,
              42.24486770285149
            ],
            [
              -71.82428158248247,
              42.24465714857781
            ],
            [
              -71.82468935246052,
              42.24447541508169
            ],
            [
              -71.82492719198804,
              42.244391761799754
            ],
            [
              -71.83058611622641,
              42.25004413615994
            ],
            [
              -71.83040265117131,
              42.250194646032845
            ],
            [
              -71.83005042287003,
              42.25043201335713
            ],
            [
              -71.82966857219127,
              42.25064258662793
            ],
            [
              -71.82926077679087,
              42.25082433763596
            ],
            [
              -71.82892917722081,
              42.25094097150819
            ],
            [
              -71.82892907236689,
              42.250941013184665
            ],
            [
              -71.82892897638575,
              42.25094106087039
            ]
          ]
        ]
      }
    },
    {
      "type": "Feature",
      "properties": {
        "stop_id": "0_266;0_301",
        "tier": "0-400m",
        "name": "0_266;0_301_0-400m"
      },
      "geometry": {
        "type": "Polygon",
        "coordinates": [
          [
            [
              -71.77849261926261,
              42.24747691567962
            ],
            [
              -71.77505819927647,
              42.25233192863762
            ],
            [
              -71.77342594596882,
              42.24688647600214
            ],
            [
              -71.77352221739125,
              42.24685266932194
            ],
            [
              -71.77396998025495,
              42.24673373431002
            ],
            [
              -71.7744312758772,
              42.24664797882379
            ],
            [
              -71.77490166241515,
              42.24659622860092
            ],
            [
              -71.77537661053366,
              42.246578981941624
            ],
            [
              -71.77585154699673,
              42.246596404912836
            ],
            [
              -71.77632189868062,
              42.24664832975002
            ],
            [
              -71.77678313658558,
              42.24673425647178
            ],
            [
              -71.77723081942413,
              42.24685335769165
            ],
            [
              -71.77766063636679,
              42.24700448658119
            ],
            [
              -71.77806844853451,
              42.24718618790757
            ],
            [
              -71.77845032883945,
              42.24739671203981
            ],
            [
              -71.77850614213304,
              42.247434312824645
            ],
            [
              -71.77849261926261,
              42.24747691567962
            ]
          ]
        ]
      }
    },
    {
      "type": "Feature",
      "properties": {
        "stop_id": "0_294;0_1181",
        "tier": "0-400m",
        "name": "0_294;0_1181_0-400m"
      },
      "geometry": {
        "type": "Polygon",
        "coordinates": [
          [
            [
              -71.7799336405054,
              42.25301678812276
            ],
            [
              -71.78269161742395,
              42.24812410662906
            ],
            [
              -71.78269248429683,
              42.24812458446305
            ],
            [
              -71.78269258315723,
              42.24812463355865
            ],
            [
              -71.78269268801853,
              42.24812467521841
            ],
            [
              -71.78269279787088,
              42.24812470904113
            ],
            [
              -71.78269291165634,
              42.248124734701086
            ],
            [
              -71.78269302827908,
              42.248124751951146
            ],
            [
              -71.78307254488121,
              42.24816662497432
            ],
            [
              -71.78353380300773,
              42.248252524522805
            ],
            [
              -71.78398150927997,
              42.24837159935853
            ],
            [
              -71.7844113526428,
              42.24852270290708
            ],
            [
              -71.78481919396297,
              42.24870438017968
            ],
            [
              -71.78520110587199,
              42.24891488177691
            ],
            [
              -71.78555341057506,
              42.24915218072684
            ],
            [
              -71.78587271526125,
              42.249413991995226
            ],
            [
              -71.78615594477547,
              42.24969779448083
            ],
            [
              -71.78640037123667,
              42.250000855284
            ],
            [
              -71.78660364031758,
              42.250320256015534
            ],
            [
              -71.78676379393218,
              42.25065292089259
            ],
            [
              -71.78679463416518,
              42.25074443792816
            ],
            [
              -71.78679466867159,
              42.25074452247492
            ],
            [
              -71.78679471416618,
              42.25074460410176
            ],
            [
              -71.78679477021079,
              42.25074468202258
            ],
            [
              -71.78679602655208,
              42.250746239698074
            ],
            [
              -71.7799336405054,
              42.25301678812276
            ]
          ]
        ]
      }
    },
    {
      "type": "Feature",
      "properties": {
        "stop_id": "0_523;0_548",
        "tier": "0-400m",
        "name": "0_523;0_548_0-400m"
      },
      "geometry": {
        "type": "Polygon",
        "coordinates": [
          [
            [
              -71.7957634858048,
              42.285431851424164
            ],
            [
              -71.78731146590209,
              42.283500988670745
            ],
            [
              -71.78729439794344,
              42.28341548351672
            ],
            [
              -71.78727110434318,
              42.28306260556846
            ],
            [
              -71.78729450247998,
              42.28270973141603
            ],
            [
              -71.78736436624175,
              42.28236025940237
            ],
            [
              -71.78748002205688,
              42.28201755505086
            ],
            [
              -71.78764035540975,
              42.28168491865687
            ],
            [
              -71.78784382160052,
              42.28136555350923
            ],
            [
              -71.78791949823672,
              42.281271818153044
            ],
            [
              -71.7969552640786,
              42.28325394981538
            ],
            [
              -71.79695520116096,
              42.28325402776348
            ],
            [
              -71.79695514507574,
              42.28325410567917
            ],
            [
              -71.79695509954543,
              42.28325418730175
            ],
            [
              -71.79695506500849,
              42.28325427184514
            ],
            [
              -71.79695504179755,
              42.28325435849514
            ],
            [
              -71.79695503013612,
              42.28325444641726
            ],
            [
              -71.79694435151394,
              42.28341586567715
            ],
            [
              -71.79687453952192,
              42.28376534345918
            ],
            [
              -71.79675893141663,
              42.284108057176
            ],
            [
              -71.79659863988027,
              42.28444070617232
            ],
            [
              -71.79639520800566,
              42.28476008667506
            ],
            [
              -71.79615059445868,
              42.285063122654236
            ],
            [
              -71.79586715463421,
              42.2853468954555
            ],
            [
              -71.79576362820252,
              42.28543170854549
            ],
            [
              -71.79576355272046,
              42.28543177683841
            ],
            [
              -71.79576348661682,
              42.28543185029614
            ],
            [
              -71.7957634858048,
              42.285431851424164
            ]
          ]
        ]
      }
    },
    {
      "type": "Feature",
      "properties": {
        "stop_id": "0_275;0_316",
        "tier": "0-400m",
        "name": "0_275;0_316_0-400m"
      },
      "geometry": {
        "type": "Polygon",
        "coordinates": [
          [
            [
              -71.77916999525154,
              42.2551336496059
            ],
            [
              -71.77897487718211,
              42.25497365382307
            ],
            [
              -71.77869165626294,
              42.25468983386551
            ],
            [
              -71.7786588820321,
              42.254649192478155
            ],
            [
              -71.77958375975422,
              42.25335374538299
            ],
            [
              -71.77993211428785,
              42.25301926402403
            ],
            [
              -71.78679728139551,
              42.25074779551635
            ],
            [
              -71.78699552226723,
              42.25099358342739
            ],
            [
              -71.78719879753794,
              42.25131298304874
            ],
            [
              -71.787358956791,
              42.25164564703709
            ],
            [
              -71.78747445700382,
              42.251988371837555
            ],
            [
              -71.78749985822648,
              42.25211568598866
            ],
            [
              -71.77916999525154,
              42.2551336496059
            ]
          ]
        ]
      }
    },
    {
      "type": "Feature",
      "properties": {
        "stop_id": "0_530;0_542",
        "tier": "0-400m",
        "name": "0_530;0_542_0-400m"
      },
      "geometry": {
        "type": "Polygon",
        "coordinates": [
          [
            [
              -71.78319462070976,
              42.294967092939274
            ],
            [
              -71.78285185258359,
              42.295155762625846
            ],
            [
              -71.78244363568628,
              42.29533734570803
            ],
            [
              -71.78201340886007,
              42.29548834716507
            ],
            [
              -71.78167621883388,
              42.29557786884504
            ],
            [
              -71.78167610888363,
              42.29557790263973
            ],
            [
              -71.78167600392457,
              42.295577944272644
            ],
            [
              -71.78167590496753,
              42.29557799334288
            ],
            [
              -71.78167581296552,
              42.29557804937781
            ],
            [
              -71.78166996631319,
              42.29558198209191
            ],
            [
              -71.7767398586091,
              42.289609541234626
            ],
            [
              -71.77708324302485,
              42.289378569324214
            ],
            [
              -71.77746550253842,
              42.289168172620506
            ],
            [
              -71.7778736939,
              42.28898660705307
            ],
            [
              -71.7783038863713,
              42.288835620945434
            ],
            [
              -71.77875193745834,
              42.28871666815538
            ],
            [
              -71.77902202752004,
              42.288666480022655
            ],
            [
              -71.77902214139125,
              42.28866645439427
            ],
            [
              -71.7790222513309,
              42.288666420602084
            ],
            [
              -71.77902235628024,
              42.28866637897151
            ],
            [
              -71.77902245522851,
              42.28866632990354
            ],
            [
              -71.77902856696596,
              42.288662965808854
            ],
            [
              -71.78319462070976,
              42.294967092939274
            ]
          ]
        ]
      }
    },
    {
      "type": "Feature",
      "properties": {
        "stop_id": "0_264;0_303",
        "tier": "0-400m",
        "name": "0_264;0_303_0-400m"
      },
      "geometry": {
        "type": "Polygon",
        "coordinates": [
          [
            [
              -71.7799302865089,
              42.253018076692484
            ],
            [
              -71.7795835184616,
              42.253351034748725
            ],
            [
              -71.77849123769214,
              42.247893592219675
            ],
            [
              -71.77849497409343,
              42.247477341117275
            ],
            [
              -71.7785081933676,
              42.2474356947168
            ],
            [
              -71.778509016675,
              42.24743624936911
            ],
            [
              -71.7785091085777,
              42.24743630543107
            ],
            [
              -71.77850920743376,
              42.24743635453029
            ],
            [
              -71.77850931229116,
              42.247436396193876
            ],
            [
              -71.77850942214009,
              42.247436430020606
            ],
            [
              -71.77850953592262,
              42.24743645568472
            ],
            [
              -71.77850965254297,
              42.24743647293902
            ],
            [
              -71.778509770878,
              42.247436481617385
            ],
            [
              -71.77850988978811,
              42.2474364816362
            ],
            [
              -71.77851000812811,
              42.247436472995304
            ],
            [
              -71.77851012475836,
              42.24743645577792
            ],
            [
              -71.77871417568574,
              42.24739851453103
            ],
            [
              -71.77918456429865,
              42.24734674674756
            ],
            [
              -71.77965951688003,
              42.24732948235286
            ],
            [
              -71.780134460151,
              42.247346887584634
            ],
            [
              -71.7806048209222,
              42.24739879484918
            ],
            [
              -71.78106607010643,
              42.24748470433421
            ],
            [
              -71.78151376630771,
              42.2476037888193
            ],
            [
              -71.78194359856788,
              42.247754901637116
            ],
            [
              -71.78235142786048,
              42.24793658770962
            ],
            [
              -71.78268961288065,
              42.24812300169311
            ],
            [
              -71.7799302865089,
              42.253018076692484
            ]
          ]
        ]
      }
    },
    {
      "type": "Feature",
      "properties": {
        "stop_id": "0_531;0_541",
        "tier": "0-400m",
        "name": "0_531;0_541_0-400m"
      },
      "geometry": {
        "type": "Polygon",
        "coordinates": [
          [
            [
              -71.77446433184895,
              42.29078277082771
            ],
            [
              -71.77446486437616,
              42.29078267189864
            ],
            [
              -71.77446497825304,
              42.290782646274764
            ],
            [
              -71.7744650881988,
              42.29078261248695
            ],
            [
              -71.77446519315464,
              42.29078257086057
            ],
            [
              -71.77446529210977,
              42.29078252179653
            ],
            [
              -71.77446538411118,
              42.290782465767336
            ],
            [
              -71.7744654682729,
              42.290782403312576
            ],
            [
              -71.77446554378433,
              42.290782335033725
            ],
            [
              -71.77450162657583,
              42.29074623213792
            ],
            [
              -71.77482127630371,
              42.29048451454436
            ],
            [
              -71.77517393483586,
              42.29024731857191
            ],
            [
              -71.7755562059547,
              42.290036928262786
            ],
            [
              -71.77596440840709,
              42.28985536951705
            ],
            [
              -71.77639461134802,
              42.28970439059254
            ],
            [
              -71.7767317775283,
              42.289614884341326
            ],
            [
              -71.77673188747083,
              42.289614850551324
            ],
            [
              -71.77673199242324,
              42.28961480892287
            ],
            [
              -71.77673209137478,
              42.28961475985686
            ],
            [
              -71.77673218337249,
              42.28961470382584
            ],
            [
              -71.77673802978008,
              42.28961077135926
            ],
            [
              -71.78166813740731,
              42.29558321229384
            ],
            [
              -71.78132473603816,
              42.295814197675334
            ],
            [
              -71.78094244918064,
              42.296024606991466
            ],
            [
              -71.78053422118896,
              42.29620618325169
            ],
            [
              -71.78010398388956,
              42.29635717752512
            ],
            [
              -71.77965588119761,
              42.296476135433295
            ],
            [
              -71.77922153134871,
              42.29655683843556
            ],
            [
              -71.77446433184895,
              42.29078277082771
            ]
          ]
        ]
      }
    },
    {
      "type": "Feature",
      "properties": {
        "stop_id": "0_603;0_614",
        "tier": "0-400m",
        "name": "0_603;0_614_0-400m"
      },
      "geometry": {
        "type": "Polygon",
        "coordinates": [
          [
            [
              -71.81643399031714,
              42.248992230942605
            ],
            [
              -71.81643880124129,
              42.24899053938999
            ],
            [
              -71.81643890610019,
              42.24899049772493
            ],
            [
              -71.81643900495745,
              42.24899044862434
            ],
            [
              -71.81643909686093,
              42.24899039256108
            ],
            [
              -71.81643918092564,
              42.248990330075074
            ],
            [
              -71.8166225505355,
              42.24883994514688
            ],
            [
              -71.81697482032327,
              42.24860261899675
            ],
            [
              -71.81735670091741,
              42.248392087915484
            ],
            [
              -71.81776451482443,
              42.24821037915894
            ],
            [
              -71.81819433493976,
              42.248059242429676
            ],
            [
              -71.81864202235377,
              42.24794013303601
            ],
            [
              -71.81885334908242,
              42.24790076064087
            ],
            [
              -71.81885346286414,
              42.24790073497277
            ],
            [
              -71.81885357271172,
              42.24790070114216
            ],
            [
              -71.81885367756725,
              42.24790065947489
            ],
            [
              -71.81885377642091,
              42.2479006103722
            ],
            [
              -71.81885386832069,
              42.247900554307016
            ],
            [
              -71.81885395238155,
              42.24790049181922
            ],
            [
              -71.81885402779395,
              42.24790042351065
            ],
            [
              -71.81885409383159,
              42.24790035003914
            ],
            [
              -71.81885441389008,
              42.2478999530662
            ],
            [
              -71.82413439313265,
              42.25331673339938
            ],
            [
              -71.82407995900172,
              42.25338425236844
            ],
            [
              -71.82379678628077,
              42.253668095713685
            ],
            [
              -71.82347752510506,
              42.253929951386965
            ],
            [
              -71.8231252500574,
              42.25416729729057
            ],
            [
              -71.82274335381467,
              42.25437784736923
            ],
            [
              -71.82233551447177,
              42.25455957363699
            ],
            [
              -71.82197334967452,
              42.254686923815335
            ],
            [
              -71.81643399031714,
              42.248992230942605
            ]
          ]
        ]
      }
    },
    {
      "type": "Feature",
      "properties": {
        "stop_id": "0_3004;0_3053",
        "tier": "0-400m",
        "name": "0_3004;0_3053_0-400m"
      },
      "geometry": {
        "type": "Polygon",
        "coordinates": [
          [
            [
              -71.79390647030066,
              42.2694740996548
            ],
            [
              -71.79375711806465,
              42.26916404632285
            ],
            [
              -71.79364155248192,
              42.268821328879646
            ],
            [
              -71.79357177249452,
              42.268471848474796
            ],
            [
              -71.79354844937686,
              42.26811897087856
            ],
            [
              -71.79356487673952,
              42.26787079382776
            ],
            [
              -71.80318248126795,
              42.267577710332176
            ],
            [
              -71.80318230791104,
              42.26758033539423
            ],
            [
              -71.80318230792014,
              42.26758042374199
            ],
            [
              -71.80318231958813,
              42.26758051166366
            ],
            [
              -71.80321937356646,
              42.26776594875257
            ],
            [
              -71.80324275048898,
              42.26811882440153
            ],
            [
              -71.8032208526462,
              42.268450413271346
            ],
            [
              -71.79390647030066,
              42.2694740996548
            ]
          ]
        ]
      }
    },
    {
      "type": "Feature",
      "properties": {
        "stop_id": "0_283;0_292",
        "tier": "0-400m",
        "name": "0_283;0_292_0-400m"
      },
      "geometry": {
        "type": "Polygon",
        "coordinates": [
          [
            [
              -71.75892465475526,
              42.24054762583432
            ],
            [
              -71.75166103692038,
              42.24447075203347
            ],
            [
              -71.7515370199929,
              42.24441545514134
            ],
            [
              -71.75115524717116,
              42.24420484130177
            ],
            [
              -71.75080309893994,
              42.243967436510715
            ],
            [
              -71.7504839667544,
              42.243705527390546
            ],
            [
              -71.75020092395471,
              42.24342163655359
            ],
            [
              -71.74995669617098,
              42.24311849829714
            ],
            [
              -71.74975363508274,
              42.24279903226011
            ],
            [
              -71.74959369578512,
              42.242466315295694
            ],
            [
              -71.74947841797918,
              42.242123551831064
            ],
            [
              -71.74940891116687,
              42.24177404300006
            ],
            [
              -71.7493858439924,
              42.24142115484631
            ],
            [
              -71.74940943783126,
              42.241068285903204
            ],
            [
              -71.74947946468816,
              42.24071883446311
            ],
            [
              -71.74959524942244,
              42.24037616585105
            ],
            [
              -71.7497556762786,
              42.240043580018025
            ],
            [
              -71.7499591996579,
              42.23972427976578
            ],
            [
              -71.75020385902651,
              42.23942133990919
            ],
            [
              -71.75048729781545,
              42.23913767767249
            ],
            [
              -71.75080678612952,
              42.23887602460452
            ],
            [
              -71.75115924704642,
              42.23863890028304
            ],
            [
              -71.7515412862521,
              42.23842858806061
            ],
            [
              -71.75194922472681,
              42.23824711308559
            ],
            [
              -71.75237913416744,
              42.23809622280948
            ],
            [
              -71.75282687480504,
              42.23797737016753
            ],
            [
              -71.75328813525411,
              42.23789169959475
            ],
            [
              -71.75375847401045,
              42.23784003601126
            ],
            [
              -71.754233362199,
              42.23782287688309
            ],
            [
              -71.75470822716065,
              42.2378403874344
            ],
            [
              -71.75517849645988,
              42.23789239905744
            ],
            [
              -71.75563964188991,
              42.23797841093514
            ],
            [
              -71.75608722305341,
              42.23809759486112
            ],
            [
              -71.75651693009954,
              42.238248803210546
            ],
            [
              -71.75692462520703,
              42.23843057998543
            ],
            [
              -71.75730638241491,
              42.238641174828224
            ],
            [
              -71.75765852541744,
              42.23887855986895
            ],
            [
              -71.75797766296039,
              42.23914044924424
            ],
            [
              -71.75826072149773,
              42.23942432110058
            ],
            [
              -71.75850497479459,
              42.23972744187006
            ],
            [
              -71.75870807019093,
              42.24004689258581
            ],
            [
              -71.7588680512732,
              42.2403795969834
            ],
            [
              -71.75892449693183,
              42.24054735732068
            ],
            [
              -71.75892453139545,
              42.240547441875954
            ],
            [
              -71.7589245768468,
              42.24054752351399
            ],
            [
              -71.75892463284808,
              42.240547601448554
            ],
            [
              -71.75892465475526,
              42.24054762583432
            ]
          ]
        ]
      }
    },
    {
      "type": "Feature",
      "properties": {
        "stop_id": "0_566;0_570",
        "tier": "0-400m",
        "name": "0_566;0_570_0-400m"
      },
      "geometry": {
        "type": "Polygon",
        "coordinates": [
          [
            [
              -71.8032210499478,
              42.26845221172757
            ],
            [
              -71.80337044687893,
              42.268762252773165
            ],
            [
              -71.80348606505063,
              42.269104960415234
            ],
            [
              -71.80355590049774,
              42.269454434747196
            ],
            [
              -71.80357927992179,
              42.26980731022324
            ],
            [
              -71.80355597739134,
              42.27016018848772
            ],
            [
              -71.80352543150009,
              42.27031321547322
            ],
            [
              -71.80352541985019,
              42.27031330339622
            ],
            [
              -71.80352541985978,
              42.27031339174393
            ],
            [
              -71.80352543152875,
              42.27031347966553
            ],
            [
              -71.80352549989284,
              42.270313821771076
            ],
            [
              -71.79395413515577,
              42.27039118109027
            ],
            [
              -71.79390804571537,
              42.27016036255734
            ],
            [
              -71.79388472010014,
              42.269807485133754
            ],
            [
              -71.79390666734069,
              42.2694758981267
            ],
            [
              -71.8032210499478,
              42.26845221172757
            ]
          ]
        ]
      }
    },
    {
      "type": "Feature",
      "properties": {
        "stop_id": "0_528;0_544",
        "tier": "0-400m",
        "name": "0_528;0_544_0-400m"
      },
      "geometry": {
        "type": "Polygon",
        "coordinates": [
          [
            [
              -71.78216753615636,
              42.28787034338052
            ],
            [
              -71.78216757093693,
              42.28787032613138
            ],
            [
              -71.78216766292731,
              42.287870270095986
            ],
            [
              -71.78216774707752,
              42.287870207635535
            ],
            [
              -71.78216782257715,
              42.28787013935158
            ],
            [
              -71.78216788869915,
              42.28787006590172
            ],
            [
              -71.78216794480667,
              42.28786998799331
            ],
            [
              -71.78230469504238,
              42.28765539901543
            ],
            [
              -71.78254938496265,
              42.28735239270291
            ],
            [
              -71.78283289353372,
              42.28706865291074
            ],
            [
              -71.78315249018719,
              42.28680691193453
            ],
            [
              -71.78350509695657,
              42.2865696901983
            ],
            [
              -71.78378605091817,
              42.28641502129461
            ],
            [
              -71.78378614290499,
              42.28641496525789
            ],
            [
              -71.78378622705166,
              42.28641490279625
            ],
            [
              -71.78378630254782,
              42.28641483451121
            ],
            [
              -71.78379239699207,
              42.286408734854255
            ],
            [
              -71.79059987044506,
              42.291365476383554
            ],
            [
              -71.79032847736174,
              42.29163712397662
            ],
            [
              -71.79000888599728,
              42.291898884722166
            ],
            [
              -71.78965627390822,
              42.292136126226424
            ],
            [
              -71.78927403701827,
              42.292346563439324
            ],
            [
              -71.78886585670399,
              42.29252816946175
            ],
            [
              -71.78843566433248,
              42.292679195076154
            ],
            [
              -71.78798760338597,
              42.29279818560223
            ],
            [
              -71.78752598953893,
              42.29288399491473
            ],
            [
              -71.78705526907247,
              42.29293579648829
            ],
            [
              -71.78657997602792,
              42.292953091362484
            ],
            [
              -71.78648245885945,
              42.292949525906174
            ],
            [
              -71.78216753615636,
              42.28787034338052
            ]
          ]
        ]
      }
    },
    {
      "type": "Feature",
      "properties": {
        "stop_id": "0_644;0_599",
        "tier": "0-400m",
        "name": "0_644;0_599_0-400m"
      },
      "geometry": {
        "type": "Polygon",
        "coordinates": [
          [
            [
              -71.81614351903073,
              42.25778960859251
            ],
            [
              -71.81614275757015,
              42.25778981113405
            ],
            [
              -71.81614028002106,
              42.25779027259498
            ],
            [
              -71.81614016622046,
              42.25779029826035
            ],
            [
              -71.81614005635429,
              42.2577903320883
            ],
            [
              -71.8161399514806,
              42.25779037375302
            ],
            [
              -71.81613985260938,
              42.257790422853276
            ],
            [
              -71.81613976069283,
              42.25779047891621
            ],
            [
              -71.81613967661616,
              42.2577905414019
            ],
            [
              -71.81613960118906,
              42.257790609708564
            ],
            [
              -71.81609690528299,
              42.25783339559138
            ],
            [
              -71.81577759124758,
              42.25809522964193
            ],
            [
              -71.81542526414843,
              42.25833255172398
            ],
            [
              -71.81504331716395,
              42.25854307601169
            ],
            [
              -71.81463542887786,
              42.258724774767444
            ],
            [
              -71.81420552784384,
              42.25887589788075
            ],
            [
              -71.81405274672822,
              42.258916532515386
            ],
            [
              -71.81405263685897,
              42.25891656634133
            ],
            [
              -71.81405256524562,
              42.25891659479004
            ],
            [
              -71.80869440213883,
              42.253192021188966
            ],
            [
              -71.80892278473151,
              42.25300476687195
            ],
            [
              -71.80927510655809,
              42.252767464544725
            ],
            [
              -71.80965703787986,
              42.2525569592547
            ],
            [
              -71.810064900715,
              42.252375278009396
            ],
            [
              -71.81049476748792,
              42.25222417024643
            ],
            [
              -71.81093938033236,
              42.25210592040536
            ],
            [
              -71.81614351903073,
              42.25778960859251
            ]
          ]
        ]
      }
    },
    {
      "type": "Feature",
      "properties": {
        "stop_id": "0_262;0_305",
        "tier": "0-400m",
        "name": "0_262;0_305_0-400m"
      },
      "geometry": {
        "type": "Polygon",
        "coordinates": [
          [
            [
              -71.78805474821482,
              42.25259647703885
            ],
            [
              -71.78827568903127,
              42.25260455720351
            ],
            [
              -71.78874609554084,
              42.25265643102985
            ],
            [
              -71.78920739407918,
              42.25274230769202
            ],
            [
              -71.78965514277517,
              42.2528613602856
            ],
            [
              -71.78978179074075,
              42.2529058704378
            ],
            [
              -71.78760609592676,
              42.259780637382256
            ],
            [
              -71.78760566167698,
              42.25978048477314
            ],
            [
              -71.78760555180176,
              42.25978045095519
            ],
            [
              -71.78760543799336,
              42.25978042530017
            ],
            [
              -71.7876053213478,
              42.25978040805514
            ],
            [
              -71.78760520298843,
              42.25978039938618
            ],
            [
              -71.78732465718929,
              42.25977013882821
            ],
            [
              -71.78685419897364,
              42.25971825923425
            ],
            [
              -71.7863928527855,
              42.25963237320987
            ],
            [
              -71.78609056533554,
              42.25955199676554
            ],
            [
              -71.78725094775503,
              42.25404730533579
            ],
            [
              -71.78805474821482,
              42.25259647703885
            ]
          ]
        ]
      }
    },
    {
      "type": "Feature",
      "properties": {
        "stop_id": "0_567;0_569",
        "tier": "0-400m",
        "name": "0_567;0_569_0-400m"
      },
      "geometry": {
        "type": "Polygon",
        "coordinates": [
          [
            [
              -71.79393747315042,
              42.271320197377236
            ],
            [
              -71.79393747761793,
              42.271320163699954
            ],
            [
              -71.79393747762174,
              42.27132007535223
            ],
            [
              -71.7939374659659,
              42.27131998742968
            ],
            [
              -71.79392396265472,
              42.271252363170774
            ],
            [
              -71.79390063654834,
              42.270899485817836
            ],
            [
              -71.79392399320281,
              42.27054660956239
            ],
            [
              -71.7939545624292,
              42.27039358514082
            ],
            [
              -71.79395457409244,
              42.27039349721879
            ],
            [
              -71.79395457409622,
              42.27039340887108
            ],
            [
              -71.79395456244052,
              42.270393320948514
            ],
            [
              -71.79395449412809,
              42.27039297883727
            ],
            [
              -71.8035258591367,
              42.27031561948814
            ],
            [
              -71.80357198377773,
              42.27054643414849
            ],
            [
              -71.80359536369554,
              42.27089930955382
            ],
            [
              -71.80357206085313,
              42.27125218775415
            ],
            [
              -71.80350229889473,
              42.27160167031155
            ],
            [
              -71.80348368737133,
              42.27165687233415
            ],
            [
              -71.79393747315042,
              42.271320197377236
            ]
          ]
        ]
      }
    },
    {
      "type": "Feature",
      "properties": {
        "stop_id": "0_265;0_318",
        "tier": "0-400m",
        "name": "0_265;0_318_0-400m"
      },
      "geometry": {
        "type": "Polygon",
        "coordinates": [
          [
            [
              -71.77505890073097,
              42.25233480722688
            ],
            [
              -71.77849251844553,
              42.24748092861295
            ],
            [
              -71.77848881424362,
              42.247893590784315
            ],
            [
              -71.777254318546,
              42.25451753728582
            ],
            [
              -71.77679100071072,
              42.25450054839236
            ],
            [
              -71.77632059029891,
              42.25444862554623
            ],
            [
              -71.7758592968148,
              42.25436269707595
            ],
            [
              -71.77541156345275,
              42.25424359065458
            ],
            [
              -71.77498170273097,
              42.25409245352357
            ],
            [
              -71.77471280864168,
              42.25397265100863
            ],
            [
              -71.77505890073097,
              42.25233480722688
            ]
          ]
        ]
      }
    },
    {
      "type": "Feature",
      "properties": {
        "stop_id": "0_604;0_642",
        "tier": "0-400m",
        "name": "0_604;0_642_0-400m"
      },
      "geometry": {
        "type": "Polygon",
        "coordinates": [
          [
            [
              -71.82616654173938,
              42.25251043051674
            ],
            [
              -71.8260154016625,
              42.25261227051467
            ],
            [
              -71.82563352441294,
              42.252822830272564
            ],
            [
              -71.82522570338482,
              42.25300456686566
            ],
            [
              -71.82479586648383,
              42.253155729819
            ],
            [
              -71.82434815376729,
              42.25327486312962
            ],
            [
              -71.82413681251704,
              42.25331424561466
            ],
            [
              -71.82413669872773,
              42.253314271287984
            ],
            [
              -71.82413658887359,
              42.253314305123595
            ],
            [
              -71.82413648401257,
              42.253314346795676
            ],
            [
              -71.82413638515455,
              42.25331439590286
            ],
            [
              -71.82413629325158,
              42.25331445197225
            ],
            [
              -71.82413620918875,
              42.253314514463845
            ],
            [
              -71.82413613377562,
              42.25331458277583
            ],
            [
              -71.82413606773844,
              42.25331465625031
            ],
            [
              -71.82413574768572,
              42.25331505323762
            ],
            [
              -71.81885576846742,
              42.247898272965195
            ],
            [
              -71.81891020345478,
              42.24783075641093
            ],
            [
              -71.81919337198273,
              42.24754692484191
            ],
            [
              -71.81951261869725,
              42.247285080803714
            ],
            [
              -71.8198648690013,
              42.24704774571317
            ],
            [
              -71.8202467306076,
              42.24683720495255
            ],
            [
              -71.82065452620544,
              42.246655485870974
            ],
            [
              -71.82081153011656,
              42.246600272978675
            ],
            [
              -71.82616654173938,
              42.25251043051674
            ]
          ]
        ]
      }
    },
    {
      "type": "Feature",
      "properties": {
        "stop_id": "0_522;0_554",
        "tier": "0-400m",
        "name": "0_522;0_554_0-400m"
      },
      "geometry": {
        "type": "Polygon",
        "coordinates": [
          [
            [
              -71.79759354637144,
              42.28129336286616
            ],
            [
              -71.79760467316359,
              42.2814615126767
            ],
            [
              -71.79758133301182,
              42.28181438900735
            ],
            [
              -71.79751152630713,
              42.282163867274946
            ],
            [
              -71.79739592458078,
              42.28250658172971
            ],
            [
              -71.79723564045352,
              42.282839231709275
            ],
            [
              -71.79703221694689,
              42.283158613431084
            ],
            [
              -71.79695655155898,
              42.2832523547675
            ],
            [
              -71.78792078590462,
              42.281270223206036
            ],
            [
              -71.78792084883143,
              42.28127014526287
            ],
            [
              -71.78792090492601,
              42.28127006735157
            ],
            [
              -71.78792095046654,
              42.28126998573254
            ],
            [
              -71.78792098501448,
              42.28126990119185
            ],
            [
              -71.78792100823708,
              42.28126981454364
            ],
            [
              -71.78792101991068,
              42.28126972662241
            ],
            [
              -71.78793172119896,
              42.2811083081431
            ],
            [
              -71.78800157967,
              42.28075883564324
            ],
            [
              -71.78811722910326,
              42.28041613055308
            ],
            [
              -71.78827755504466,
              42.28008349317508
            ],
            [
              -71.78848101286576,
              42.27976412680754
            ],
            [
              -71.78872564266258,
              42.27946110690207
            ],
            [
              -71.78887549222036,
              42.27931109388275
            ],
            [
              -71.79759354637144,
              42.28129336286616
            ]
          ]
        ]
      }
    },
    {
      "type": "Feature",
      "properties": {
        "stop_id": "0_263;0_304",
        "tier": "0-400m",
        "name": "0_263;0_304_0-400m"
      },
      "geometry": {
        "type": "Polygon",
        "coordinates": [
          [
            [
              -71.78724794632564,
              42.25404990639667
            ],
            [
              -71.78608824216604,
              42.25955137904464
            ],
            [
              -71.78608783067337,
              42.25955126963047
            ],
            [
              -71.78608771686598,
              42.259551243973945
            ],
            [
              -71.78608760022126,
              42.259551226727375
            ],
            [
              -71.78608748186254,
              42.259551218056856
            ],
            [
              -71.78608736292966,
              42.259551218045885
            ],
            [
              -71.78584438482109,
              42.25956006240302
            ],
            [
              -71.78536934833654,
              42.25954268085221
            ],
            [
              -71.78489889341466,
              42.259490793235855
            ],
            [
              -71.78443755153816,
              42.25940489934313
            ],
            [
              -71.78398976636774,
              42.259285826514045
            ],
            [
              -71.78355985092077,
              42.25913472166646
            ],
            [
              -71.78315194601149,
              42.25895304024375
            ],
            [
              -71.78276998035373,
              42.258742532189466
            ],
            [
              -71.78241763271119,
              42.25850522508484
            ],
            [
              -71.78212575579961,
              42.25826591835906
            ],
            [
              -71.78212567171742,
              42.258265855877
            ],
            [
              -71.78212557979583,
              42.25826579981803
            ],
            [
              -71.78212345176549,
              42.25826462698777
            ],
            [
              -71.78724794632564,
              42.25404990639667
            ]
          ]
        ]
      }
    },
    {
      "type": "Feature",
      "properties": {
        "stop_id": "0_518;0_551",
        "tier": "0-400m",
        "name": "0_518;0_551_0-400m"
      },
      "geometry": {
        "type": "Polygon",
        "coordinates": [
          [
            [
              -71.80232388620648,
              42.27444268233494
            ],
            [
              -71.80230240699916,
              42.274550269577865
            ],
            [
              -71.80218684514064,
              42.27489298931597
            ],
            [
              -71.80202660549764,
              42.27522564643153
            ],
            [
              -71.80182323066346,
              42.275545037073265
            ],
            [
              -71.80157867875477,
              42.2758480851137
            ],
            [
              -71.80129530457283,
              42.27613187178239
            ],
            [
              -71.80097583693977,
              42.27639366378493
            ],
            [
              -71.80062335242704,
              42.27663093963662
            ],
            [
              -71.80032673927614,
              42.276794322117546
            ],
            [
              -71.79277609754124,
              42.273232727597076
            ],
            [
              -71.79279349849087,
              42.273145633277515
            ],
            [
              -71.79290910804363,
              42.27280292289964
            ],
            [
              -71.79306938949127,
              42.2724702783811
            ],
            [
              -71.79327279863398,
              42.272150903089035
            ],
            [
              -71.79351737603663,
              42.27184787256103
            ],
            [
              -71.7938007659182,
              42.27156410489462
            ],
            [
              -71.7938956473487,
              42.27148636052376
            ],
            [
              -71.80232388620648,
              42.27444268233494
            ]
          ]
        ]
      }
    },
    {
      "type": "Feature",
      "properties": {
        "stop_id": "0_3002;0_3055",
        "tier": "0-400m",
        "name": "0_3002;0_3055_0-400m"
      },
      "geometry": {
        "type": "Polygon",
        "coordinates": [
          [
            [
              -71.79522279370843,
              42.26538603551205
            ],
            [
              -71.80072065414569,
              42.26521413787651
            ],
            [
              -71.80207145318857,
              42.26610362936294
            ],
            [
              -71.79353689542329,
              42.26773964445537
            ],
            [
              -71.79338109024603,
              42.26741618143828
            ],
            [
              -71.79326552989197,
              42.26707346351145
            ],
            [
              -71.79319575390859,
              42.26672398277098
            ],
            [
              -71.79317243353177,
              42.266371104990405
            ],
            [
              -71.79319579257476,
              42.26601822860364
            ],
            [
              -71.79323183749989,
              42.26583779123786
            ],
            [
              -71.79522279370843,
              42.26538603551205
            ]
          ]
        ]
      }
    },
    {
      "type": "Feature",
      "properties": {
        "stop_id": "0_273;0_296",
        "tier": "0-400m",
        "name": "0_273;0_296_0-400m"
      },
      "geometry": {
        "type": "Polygon",
        "coordinates": [
          [
            [
              -71.78724873220612,
              42.254046573684214
            ],
            [
              -71.7821214961287,
              42.258263549169406
            ],
            [
              -71.7817557185247,
              42.258061955378196
            ],
            [
              -71.78140337847341,
              42.25782464512979
            ],
            [
              -71.78108404985139,
              42.25756282180171
            ],
            [
              -71.78084613101304,
              42.25732442215576
            ],
            [
              -71.78084605558254,
              42.25732435385151
            ],
            [
              -71.78084597150288,
              42.2573242913685
            ],
            [
              -71.78084309438869,
              42.25732235350399
            ],
            [
              -71.78793868419717,
              42.25251900290669
            ],
            [
              -71.78805255996258,
              42.25259569620681
            ],
            [
              -71.78724873220612,
              42.254046573684214
            ]
          ]
        ]
      }
    },
    {
      "type": "Feature",
      "properties": {
        "stop_id": "0_601;0_616",
        "tier": "0-400m",
        "name": "0_601;0_616_0-400m"
      },
      "geometry": {
        "type": "Polygon",
        "coordinates": [
          [
            [
              -71.81996149040758,
              42.255688263010626
            ],
            [
              -71.81987676975089,
              42.25577317294527
            ],
            [
              -71.81955748174346,
              42.2560350176116
            ],
            [
              -71.81920518028352,
              42.25627235138877
            ],
            [
              -71.81882325830246,
              42.25648288833828
            ],
            [
              -71.81846371514445,
              42.2566430726849
            ],
            [
              -71.81846361627683,
              42.256643121787164
            ],
            [
              -71.818463524364,
              42.25664317785198
            ],
            [
              -71.81846344029114,
              42.25664324033937
            ],
            [
              -71.818462251824,
              42.25664421494818
            ],
            [
              -71.81240451335378,
              42.25118920957044
            ],
            [
              -71.8127025943918,
              42.250944778933565
            ],
            [
              -71.81305489058539,
              42.250707464910576
            ],
            [
              -71.81343679691066,
              42.25049694695859
            ],
            [
              -71.81384463562644,
              42.25031525220712
            ],
            [
              -71.81427447938933,
              42.25016413022382
            ],
            [
              -71.81452161201058,
              42.25009839141012
            ],
            [
              -71.81452172186428,
              42.25009835758369
            ],
            [
              -71.81452182672629,
              42.25009831592038
            ],
            [
              -71.81452192558675,
              42.25009826682146
            ],
            [
              -71.81452201749354,
              42.25009821075974
            ],
            [
              -71.81452210156162,
              42.25009814827517
            ],
            [
              -71.81452210404113,
              42.25009814602952
            ],
            [
              -71.81996149040758,
              42.255688263010626
            ]
          ]
        ]
      }
    },
    {
      "type": "Feature",
      "properties": {
        "stop_id": "0_269;0_299",
        "tier": "0-400m",
        "name": "0_269;0_299_0-400m"
      },
      "geometry": {
        "type": "Polygon",
        "coordinates": [
          [
            [
              -71.77006797153014,
              42.25405009351875
            ],
            [
              -71.7696591643622,
              42.25412606591945
            ],
            [
              -71.76918871758429,
              42.25417779456455
            ],
            [
              -71.76871371076727,
              42.254195015567454
            ],
            [
              -71.76823871926081,
              42.25417756305276
            ],
            [
              -71.76818955786574,
              42.25417213304762
            ],
            [
              -71.76757033032477,
              42.2470986910603
            ],
            [
              -71.76757794300744,
              42.247099532039435
            ],
            [
              -71.76757806134036,
              42.24709954072908
            ],
            [
              -71.76757818024983,
              42.24709954075923
            ],
            [
              -71.76757829859069,
              42.247099532129624
            ],
            [
              -71.76757841522327,
              42.24709951492335
            ],
            [
              -71.76777154136582,
              42.24706362441142
            ],
            [
              -71.76824193643421,
              42.247011901510106
            ],
            [
              -71.76871688948383,
              42.2469946824343
            ],
            [
              -71.76919182723124,
              42.247012132985375
            ],
            [
              -71.76966217654024,
              42.24706408513323
            ],
            [
              -71.770123408434,
              42.247150038633514
            ],
            [
              -71.77057108168283,
              42.24726916584192
            ],
            [
              -71.77083723552627,
              42.2473627673574
            ],
            [
              -71.77083734537096,
              42.24736280119149
            ],
            [
              -71.77083745915024,
              42.2473628268632
            ],
            [
              -71.77083757576837,
              42.24736284412531
            ],
            [
              -71.77083769410223,
              42.247362852811584
            ],
            [
              -71.77083781301218,
              42.24736285283836
            ],
            [
              -71.7708379313531,
              42.247362844205384
            ],
            [
              -71.77083804798528,
              42.2473628269958
            ],
            [
              -71.77084119561835,
              42.247362241950825
            ],
            [
              -71.77006797153014,
              42.25405009351875
            ]
          ]
        ]
      }
    },
    {
      "type": "Feature",
      "properties": {
        "stop_id": "0_529;0_543",
        "tier": "0-400m",
        "name": "0_529;0_543_0-400m"
      },
      "geometry": {
        "type": "Polygon",
        "coordinates": [
          [
            [
              -71.78647966279588,
              42.29294960974949
            ],
            [
              -71.78647962801368,
              42.29294962699991
            ],
            [
              -71.78647953601975,
              42.292949683038714
            ],
            [
              -71.78647945186705,
              42.29294974550228
            ],
            [
              -71.78647937636599,
              42.29294981378901
            ],
            [
              -71.78647931024369,
              42.29294988724129
            ],
            [
              -71.78647925413698,
              42.29294996515173
            ],
            [
              -71.78634250661537,
              42.29316455890678
            ],
            [
              -71.78609781237586,
              42.293467573000996
            ],
            [
              -71.7858142897601,
              42.29375132054316
            ],
            [
              -71.78549466901978,
              42.29401306861552
            ],
            [
              -71.78514202820122,
              42.29425029615636
            ],
            [
              -71.78475976350484,
              42.294460718250086
            ],
            [
              -71.78435155657513,
              42.29464230814314
            ],
            [
              -71.78392133903563,
              42.29479331677336
            ],
            [
              -71.78347325461108,
              42.294912289624
            ],
            [
              -71.78320314140144,
              42.29496248818
            ],
            [
              -71.78320302752059,
              42.294962513812514
            ],
            [
              -71.78320291757221,
              42.29496254760868
            ],
            [
              -71.78320281261519,
              42.29496258924302
            ],
            [
              -71.78320271366029,
              42.29496263831455
            ],
            [
              -71.78319660153595,
              42.294966002627866
            ],
            [
              -71.77903054766647,
              42.288661875568145
            ],
            [
              -71.77937329198883,
              42.28847321708228
            ],
            [
              -71.77978147338615,
              42.28829164470429
            ],
            [
              -71.78021165657408,
              42.28814065142403
            ],
            [
              -71.78065969914796,
              42.28802169116836
            ],
            [
              -71.78112128681543,
              42.28793590940823
            ],
            [
              -71.78159197492225,
              42.2878841321342
            ],
            [
              -71.78206723123039,
              42.28786685790684
            ],
            [
              -71.78216474031167,
              42.28787042711877
            ],
            [
              -71.78647966279588,
              42.29294960974949
            ]
          ]
        ]
      }
    },
    {
      "type": "Feature",
      "properties": {
        "stop_id": "0_268;0_317",
        "tier": "0-400m",
        "name": "0_268;0_317_0-400m"
      },
      "geometry": {
        "type": "Polygon",
        "coordinates": [
          [
            [
              -71.7743875806194,
              42.25402483577591
            ],
            [
              -71.77404962874219,
              42.254143499989134
            ],
            [
              -71.77360181361117,
              42.25426243515352
            ],
            [
              -71.77314046137356,
              42.2543481871842
            ],
            [
              -71.77267001579008,
              42.2543999301077
            ],
            [
              -71.77219500825353,
              42.25441716552865
            ],
            [
              -71.77172001412055,
              42.254399727432705
            ],
            [
              -71.77124960861858,
              42.25434778378653
            ],
            [
              -71.77078832275414,
              42.25426183491902
            ],
            [
              -71.77034059964818,
              42.254142708699725
            ],
            [
              -71.77007441803596,
              42.254049106140045
            ],
            [
              -71.77007430818007,
              42.254049072305264
            ],
            [
              -71.7700741943891,
              42.25404904663282
            ],
            [
              -71.77007407775886,
              42.25404902936996
            ],
            [
              -71.77007395941261,
              42.2540490206829
            ],
            [
              -71.77007384049008,
              42.25404902065533
            ],
            [
              -71.77007372213656,
              42.25404902928752
            ],
            [
              -71.77007360549186,
              42.2540490464963
            ],
            [
              -71.77007045751918,
              42.254049631519486
            ],
            [
              -71.7708436813391,
              42.247361779934245
            ],
            [
              -71.77125244340314,
              42.2472858032173
            ],
            [
              -71.77134556601766,
              42.24727556110689
            ],
            [
              -71.7743875806194,
              42.25402483577591
            ]
          ]
        ]
      }
    },
    {
      "type": "Feature",
      "properties": {
        "stop_id": "0_278;0_293",
        "tier": "0-400m",
        "name": "0_278;0_293_0-400m"
      },
      "geometry": {
        "type": "Polygon",
        "coordinates": [
          [
            [
              -71.7663250087163,
              42.247458420440594
            ],
            [
              -71.76053768162,
              42.25199047106574
            ],
            [
              -71.76053704593278,
              42.25198947143888
            ],
            [
              -71.7605369899194,
              42.25198939350525
            ],
            [
              -71.76053692389365,
              42.25198932002577
            ],
            [
              -71.76053684849143,
              42.2519892517081
            ],
            [
              -71.7605367644389,
              42.25198918921015
            ],
            [
              -71.76053667254553,
              42.25198913313381
            ],
            [
              -71.76053657369629,
              42.25198908401916
            ],
            [
              -71.76053646884316,
              42.25198904233917
            ],
            [
              -71.76053635899594,
              42.25198900849525
            ],
            [
              -71.76036839026172,
              42.2519442985492
            ],
            [
              -71.7599385810749,
              42.25179310498165
            ],
            [
              -71.75953079128072,
              42.25161133933512
            ],
            [
              -71.7591489484838,
              42.25140075236436
            ],
            [
              -71.75879673026404,
              42.25116337241064
            ],
            [
              -71.75847752875083,
              42.25090148585713
            ],
            [
              -71.75819441795213,
              42.25061761509893
            ],
            [
              -71.75818892997715,
              42.250610805632334
            ],
            [
              -71.75905228860715,
              42.24951701128924
            ],
            [
              -71.76581133909393,
              42.24620449745073
            ],
            [
              -71.76581137317147,
              42.24620452832542
            ],
            [
              -71.76597150049243,
              42.24633589112744
            ],
            [
              -71.76625462702216,
              42.246619742900464
            ],
            [
              -71.76649894633181,
              42.246922846267175
            ],
            [
              -71.76660579418115,
              42.247090848633015
            ],
            [
              -71.76660585019769,
              42.24709092656373
            ],
            [
              -71.76660591622536,
              42.24709100003977
            ],
            [
              -71.76660599162831,
              42.24709106835353
            ],
            [
              -71.76660607568033,
              42.24709113084708
            ],
            [
              -71.76660616757198,
              42.24709118691859
            ],
            [
              -71.76660626641828,
              42.24709123602806
            ],
            [
              -71.76660637126729,
              42.24709127770254
            ],
            [
              -71.76660648110924,
              42.247091311540665
            ],
            [
              -71.76660659488633,
              42.24709133721658
            ],
            [
              -71.76660671150279,
              42.247091354483
            ],
            [
              -71.76660682983555,
              42.247091363173645
            ],
            [
              -71.766606948745,
              42.2470913632048
            ],
            [
              -71.76660897255692,
              42.24709128986619
            ],
            [
              -71.7663250087163,
              42.247458420440594
            ]
          ]
        ]
      }
    },
    {
      "type": "Feature",
      "properties": {
        "stop_id": "0_260;0_297",
        "tier": "0-400m",
        "name": "0_260;0_297_0-400m"
      },
      "geometry": {
        "type": "Polygon",
        "coordinates": [
          [
            [
              -71.79605071241527,
              42.256563646733305
            ],
            [
              -71.78899307590301,
              42.26046669507689
            ],
            [
              -71.78861834695593,
              42.26029981805081
            ],
            [
              -71.7882363549891,
              42.26008932825071
            ],
            [
              -71.78792456709736,
              42.259879369985974
            ],
            [
              -71.79297825723452,
              42.253928307794986
            ],
            [
              -71.79298369124385,
              42.253931966992965
            ],
            [
              -71.79298378316876,
              42.253932023043276
            ],
            [
              -71.79298388204622,
              42.25393207212995
            ],
            [
              -71.7929839869239,
              42.25393211378025
            ],
            [
              -71.79298409679183,
              42.25393214759308
            ],
            [
              -71.7931659909468,
              42.25398050430049
            ],
            [
              -71.79359589431664,
              42.25413157327568
            ],
            [
              -71.79400379813046,
              42.25431321770665
            ],
            [
              -71.79438577441827,
              42.2545236885103
            ],
            [
              -71.79473814476545,
              42.25476095901122
            ],
            [
              -71.79505751572916,
              42.25502274444923
            ],
            [
              -71.79534081151617,
              42.25530652397185
            ],
            [
              -71.79558530360734,
              42.255609564900666
            ],
            [
              -71.79578863704342,
              42.255928949037916
            ],
            [
              -71.79594885311865,
              42.25626160076069
            ],
            [
              -71.7960506498929,
              42.256563511970874
            ],
            [
              -71.79605068441485,
              42.25656359651475
            ],
            [
              -71.79605071241527,
              42.256563646733305
            ]
          ]
        ]
      }
    },
    {
      "type": "Feature",
      "properties": {
        "stop_id": "0_621;0_246",
        "tier": "0-400m",
        "name": "0_621;0_246_0-400m"
      },
      "geometry": {
        "type": "Polygon",
        "coordinates": [
          [
            [
              -71.80308951668857,
              42.26657715762311
            ],
            [
              -71.8020746912697,
              42.26610335536243
            ],
            [
              -71.80072211864221,
              42.26521269602057
            ],
            [
              -71.79953284259562,
              42.26289519897021
            ],
            [
              -71.79964084489023,
              42.26283250404566
            ],
            [
              -71.80328362415048,
              42.2621301215588
            ],
            [
              -71.80670961399376,
              42.263730078673504
            ],
            [
              -71.80669879690119,
              42.263784288983935
            ],
            [
              -71.80658327851094,
              42.26412701379502
            ],
            [
              -71.80642308923971,
              42.26445967767676
            ],
            [
              -71.80621977119591,
              42.26477907671285
            ],
            [
              -71.8059752819494,
              42.26508213469501
            ],
            [
              -71.80569197569812,
              42.26536593275713
            ],
            [
              -71.80537258060997,
              42.265627737495166
            ],
            [
              -71.8050201725577,
              42.26586502730186
            ],
            [
              -71.80463814549958,
              42.26607551666213
            ],
            [
              -71.80423017879079,
              42.26625717817474
            ],
            [
              -71.80380020174059,
              42.26640826208786
            ],
            [
              -71.80335235575669,
              42.26652731315973
            ],
            [
              -71.80309039804754,
              42.26657606643572
            ],
            [
              -71.80309028422585,
              42.2665760920881
            ],
            [
              -71.80309017433743,
              42.26657612590349
            ],
            [
              -71.8030900694406,
              42.266576167556224
            ],
            [
              -71.80308997054553,
              42.26657621664515
            ],
            [
              -71.80308987860465,
              42.266576272697556
            ],
            [
              -71.80308979450344,
              42.26657633517357
            ],
            [
              -71.80308971905177,
              42.26657640347155
            ],
            [
              -71.80308965297634,
              42.266576476933736
            ],
            [
              -71.80308959691347,
              42.266576554852655
            ],
            [
              -71.80308955140306,
              42.26657663647791
            ],
            [
              -71.80308951688342,
              42.2665767210234
            ],
            [
              -71.803089493687,
              42.26657680767489
            ],
            [
              -71.80308948203717,
              42.26657689559789
            ],
            [
              -71.80308948204615,
              42.26657698394567
            ],
            [
              -71.80308949371383,
              42.26657707186737
            ],
            [
              -71.80308951668857,
              42.26657715762311
            ]
          ]
        ]
      }
    },
    {
      "type": "Feature",
      "properties": {
        "stop_id": "0_608;0_611",
        "tier": "0-400m",
        "name": "0_608;0_611_0-400m"
      },
      "geometry": {
        "type": "Polygon",
        "coordinates": [
          [
            [
              -71.8305880217754,
              42.25004302261565
            ],
            [
              -71.82492909746648,
              42.24439064834842
            ],
            [
              -71.82511255872019,
              42.24424014707965
            ],
            [
              -71.82546477109604,
              42.24400279466594
            ],
            [
              -71.82584659571974,
              42.243792235150465
            ],
            [
              -71.82625435563658,
              42.24361049606299
            ],
            [
              -71.8266841242617,
              42.243459327398135
            ],
            [
              -71.82713176318114,
              42.24334018477172
            ],
            [
              -71.82723224192108,
              42.243321455297966
            ],
            [
              -71.82723235569117,
              42.243321429621545
            ],
            [
              -71.82723246552632,
              42.24332139578289
            ],
            [
              -71.82723257036874,
              42.24332135410791
            ],
            [
              -71.82723266920877,
              42.24332130499797
            ],
            [
              -71.82723276109448,
              42.24332124892601
            ],
            [
              -71.827232845141,
              42.24332118643205
            ],
            [
              -71.82723559802268,
              42.24331892796934
            ],
            [
              -71.83227267240801,
              42.24907945983561
            ],
            [
              -71.83196771763629,
              42.24932964990203
            ],
            [
              -71.8316155000145,
              42.24956702206775
            ],
            [
              -71.83123365975781,
              42.24977760058027
            ],
            [
              -71.8308258744217,
              42.249959357179826
            ],
            [
              -71.8305880217754,
              42.25004302261565
            ]
          ]
        ]
      }
    },
    {
      "type": "Feature",
      "properties": {
        "stop_id": "0_516;0_553",
        "tier": "0-400m",
        "name": "0_516;0_553_0-400m"
      },
      "geometry": {
        "type": "Polygon",
        "coordinates": [
          [
            [
              -71.80348310368574,
              42.27165865432474
            ],
            [
              -71.80348309922327,
              42.271658688002404
            ],
            [
              -71.8034830992328,
              42.2716587763501
            ],
            [
              -71.80348311090198,
              42.27165886427168
            ],
            [
              -71.80349662451735,
              42.27172648739996
            ],
            [
              -71.8035200044515,
              42.27207936274778
            ],
            [
              -71.80349670075469,
              42.27243224085995
            ],
            [
              -71.80342693707934,
              42.27278172329939
            ],
            [
              -71.80331138454257,
              42.27312444427622
            ],
            [
              -71.80315115529166,
              42.273457103065354
            ],
            [
              -71.8029477918198,
              42.273776495799446
            ],
            [
              -71.80270325213425,
              42.274079546330874
            ],
            [
              -71.80241989091861,
              42.2743633358652
            ],
            [
              -71.80232501564929,
              42.274441087247574
            ],
            [
              -71.79389677695124,
              42.27148476551857
            ],
            [
              -71.793918269412,
              42.271377179792324
            ],
            [
              -71.79393688919905,
              42.27132197931935
            ],
            [
              -71.80348310368574,
              42.27165865432474
            ]
          ]
        ]
      }
    },
    {
      "type": "Feature",
      "properties": {
        "stop_id": "0_602;0_615",
        "tier": "0-400m",
        "name": "0_602;0_615_0-400m"
      },
      "geometry": {
        "type": "Polygon",
        "coordinates": [
          [
            [
              -71.81996300792515,
              42.255686749140594
            ],
            [
              -71.81452362155483,
              42.25009663222997
            ],
            [
              -71.81460834179656,
              42.25001172616552
            ],
            [
              -71.81492761990141,
              42.249749895002324
            ],
            [
              -71.81527990110557,
              42.24951257409567
            ],
            [
              -71.81566179282434,
              42.249302048691185
            ],
            [
              -71.81606961745713,
              42.249120345990114
            ],
            [
              -71.81643176228741,
              42.24899301433244
            ],
            [
              -71.82197112151292,
              42.25468770731202
            ],
            [
              -71.82196631030368,
              42.25468939909507
            ],
            [
              -71.82196620543895,
              42.25468944076514
            ],
            [
              -71.82196610657712,
              42.25468948987045
            ],
            [
              -71.82196601467022,
              42.25468954593808
            ],
            [
              -71.82196593060343,
              42.25468960842807
            ],
            [
              -71.82178255674694,
              42.25484000174638
            ],
            [
              -71.82143027028009,
              42.255077342406814
            ],
            [
              -71.82104836290964,
              42.25528788680874
            ],
            [
              -71.82064051283766,
              42.25546960702087
            ],
            [
              -71.82021064824961,
              42.25562075272602
            ],
            [
              -71.81996349997804,
              42.25568650373689
            ],
            [
              -71.81996339011756,
              42.2556865375685
            ],
            [
              -71.81996328524987,
              42.255686579236745
            ],
            [
              -71.81996318638491,
              42.255686628340314
            ],
            [
              -71.8199630944748,
              42.25568668440633
            ],
            [
              -71.8199630104047,
              42.25568674689483
            ],
            [
              -71.81996300792515,
              42.255686749140594
            ]
          ]
        ]
      }
    },
    {
      "type": "Feature",
      "properties": {
        "stop_id": "0_525;0_547",
        "tier": "0-400m",
        "name": "0_525;0_547_0-400m"
      },
      "geometry": {
        "type": "Polygon",
        "coordinates": [
          [
            [
              -71.79375332668553,
              42.28880809279636
            ],
            [
              -71.78643518042227,
              42.28457923898153
            ],
            [
              -71.78647628226764,
              42.2844939739784
            ],
            [
              -71.78667976337533,
              42.28417461105294
            ],
            [
              -71.78692441886379,
              42.283871595223445
            ],
            [
              -71.78720789219993,
              42.28358784444573
            ],
            [
              -71.78731142708624,
              42.283503039049755
            ],
            [
              -71.78731150257511,
              42.28350297076236
            ],
            [
              -71.78731156868655,
              42.28350289730948
            ],
            [
              -71.7873115694987,
              42.28350289618153
            ],
            [
              -71.7957635896595,
              42.28543375892665
            ],
            [
              -71.79578066961311,
              42.28551926279021
            ],
            [
              -71.79580401159885,
              42.28587213885802
            ],
            [
              -71.79578065977205,
              42.28622501454985
            ],
            [
              -71.79571083824823,
              42.28657449145186
            ],
            [
              -71.79559521870117,
              42.28691720382741
            ],
            [
              -71.79543491392319,
              42.287249851034126
            ],
            [
              -71.79523146713457,
              42.28756922931611
            ],
            [
              -71.7949868371448,
              42.2878722626648
            ],
            [
              -71.79470337950707,
              42.28815603245112
            ],
            [
              -71.79438382384723,
              42.28841780554318
            ],
            [
              -71.79403124758456,
              42.28865506063834
            ],
            [
              -71.79375332668553,
              42.28880809279636
            ]
          ]
        ]
      }
    },
    {
      "type": "Feature",
      "properties": {
        "stop_id": "0_521;0_549",
        "tier": "0-400m",
        "name": "0_521;0_549_0-400m"
      },
      "geometry": {
        "type": "Polygon",
        "coordinates": [
          [
            [
              -71.7984772359238,
              42.279797398684316
            ],
            [
              -71.79846796289937,
              42.279843827973416
            ],
            [
              -71.79835237059544,
              42.280186543531066
            ],
            [
              -71.79819209737755,
              42.28051919498199
            ],
            [
              -71.79798868616224,
              42.28083857852942
            ],
            [
              -71.79774409541646,
              42.281141618114184
            ],
            [
              -71.79759426255654,
              42.28129164266986
            ],
            [
              -71.78887620862011,
              42.27930937374027
            ],
            [
              -71.78886510541012,
              42.27914122302098
            ],
            [
              -71.78888849320121,
              42.27878834830104
            ],
            [
              -71.78895834382254,
              42.27843887507648
            ],
            [
              -71.78907398382916,
              42.27809616888239
            ],
            [
              -71.7892342988578,
              42.27776353003191
            ],
            [
              -71.78943774438518,
              42.27744416183754
            ],
            [
              -71.78968236062575,
              42.277141139768496
            ],
            [
              -71.78979489306099,
              42.27702847784124
            ],
            [
              -71.78979495916278,
              42.27702840438684
            ],
            [
              -71.7897950152513,
              42.277028326474564
            ],
            [
              -71.78979506078637,
              42.27702824485474
            ],
            [
              -71.78979509532947,
              42.27702816031342
            ],
            [
              -71.78979511854794,
              42.27702807366478
            ],
            [
              -71.78979579660243,
              42.27702468093034
            ],
            [
              -71.7984772359238,
              42.279797398684316
            ]
          ]
        ]
      }
    },
    {
      "type": "Feature",
      "properties": {
        "stop_id": "0_646;0_596",
        "tier": "0-400m",
        "name": "0_646;0_596_0-400m"
      },
      "geometry": {
        "type": "Polygon",
        "coordinates": [
          [
            [
              -71.81180684769903,
              42.26000377635712
            ],
            [
              -71.8118025716792,
              42.260004913516596
            ],
            [
              -71.81179998190221,
              42.260005395759535
            ],
            [
              -71.81179986809587,
              42.26000542142059
            ],
            [
              -71.81179975822353,
              42.260005455244354
            ],
            [
              -71.81179965334331,
              42.26000549690511
            ],
            [
              -71.81179955446527,
              42.2600055460016
            ],
            [
              -71.81179946254167,
              42.26000560206103
            ],
            [
              -71.81179937845776,
              42.26000566454352
            ],
            [
              -71.81179930302334,
              42.26000573284729
            ],
            [
              -71.81162683341866,
              42.260178540941595
            ],
            [
              -71.81130748906025,
              42.260440362440775
            ],
            [
              -71.81095513214566,
              42.260677670694704
            ],
            [
              -71.81057315614055,
              42.260888180010745
            ],
            [
              -71.81016523990823,
              42.26106986279543
            ],
            [
              -71.80977030352696,
              42.26120867083304
            ],
            [
              -71.80428208334345,
              42.255485536521554
            ],
            [
              -71.80429049474205,
              42.255482580415574
            ],
            [
              -71.8042905996197,
              42.25548253876166
            ],
            [
              -71.80429069849652,
              42.2554824896716
            ],
            [
              -71.8042907904202,
              42.25548243361814
            ],
            [
              -71.80429087450551,
              42.255482371141106
            ],
            [
              -71.80445278806378,
              42.25534963458877
            ],
            [
              -71.80480513969847,
              42.25511234609039
            ],
            [
              -71.80518710003274,
              42.2549018557722
            ],
            [
              -71.80559499080545,
              42.25472019049748
            ],
            [
              -71.80602488417212,
              42.25456909955009
            ],
            [
              -71.80646599265232,
              42.2544518055306
            ],
            [
              -71.81180684769903,
              42.26000377635712
            ]
          ]
        ]
      }
    },
    {
      "type": "Feature",
      "properties": {
        "stop_id": "0_261;0_319",
        "tier": "0-400m",
        "name": "0_261;0_319_0-400m"
      },
      "geometry": {
        "type": "Polygon",
        "coordinates": [
          [
            [
              -71.78792274389764,
              42.25987814223492
            ],
            [
              -71.78791730967043,
              42.25987448280095
            ],
            [
              -71.78791721774135,
              42.25987442674664
            ],
            [
              -71.78791711885856,
              42.25987437765565
            ],
            [
              -71.78791701397435,
              42.25987433600075
            ],
            [
              -71.78791690409884,
              42.259874302183114
            ],
            [
              -71.78773499701663,
              42.259825937200084
            ],
            [
              -71.78760833664371,
              42.25978142484108
            ],
            [
              -71.78978403124141,
              42.25290665785507
            ],
            [
              -71.7897844654493,
              42.252906810456125
            ],
            [
              -71.78978457531375,
              42.252906844272026
            ],
            [
              -71.78978468911066,
              42.25290686992492
            ],
            [
              -71.78978480574416,
              42.25290688716775
            ],
            [
              -71.78978492409098,
              42.252906895834464
            ],
            [
              -71.79006543987008,
              42.25291715038611
            ],
            [
              -71.79053585016912,
              42.2529690168686
            ],
            [
              -71.79099715341329,
              42.25305488632719
            ],
            [
              -71.79144490768618,
              42.25317393192684
            ],
            [
              -71.79187480147073,
              42.25332500737466
            ],
            [
              -71.79228269514822,
              42.25350665795249
            ],
            [
              -71.79266466084626,
              42.253717134517984
            ],
            [
              -71.79297643410818,
              42.253927080123
            ],
            [
              -71.78792274389764,
              42.25987814223492
            ]
          ]
        ]
      }
    },
    {
      "type": "Feature",
      "properties": {
        "stop_id": "0_274;0_295",
        "tier": "0-400m",
        "name": "0_274;0_295_0-400m"
      },
      "geometry": {
        "type": "Polygon",
        "coordinates": [
          [
            [
              -71.78750078730307,
              42.25211735261693
            ],
            [
              -71.78769591811808,
              42.2522773339745
            ],
            [
              -71.7879338437863,
              42.252515719621194
            ],
            [
              -71.78793391921873,
              42.25251578792085
            ],
            [
              -71.787934003299,
              42.25251585039871
            ],
            [
              -71.78793688041182,
              42.25251778808696
            ],
            [
              -71.78084129060267,
              42.257321138573694
            ],
            [
              -71.7805221312897,
              42.257106169363894
            ],
            [
              -71.78020280993738,
              42.25684434354972
            ],
            [
              -71.7799195751433,
              42.25656052671664
            ],
            [
              -71.77967515438706,
              42.2562574524494
            ],
            [
              -71.77947190120702,
              42.25593803977089
            ],
            [
              -71.77931177254847,
              42.25560536502064
            ],
            [
              -71.77919630993613,
              42.25526263221958
            ],
            [
              -71.77917092415308,
              42.255135316300745
            ],
            [
              -71.78750078730307,
              42.25211735261693
            ]
          ]
        ]
      }
    },
    {
      "type": "Feature",
      "properties": {
        "stop_id": "0_519;0_550",
        "tier": "0-400m",
        "name": "0_519;0_550_0-400m"
      },
      "geometry": {
        "type": "Polygon",
        "coordinates": [
          [
            [
              -71.80032515274033,
              42.27679570679657
            ],
            [
              -71.80030776115625,
              42.27688280220271
            ],
            [
              -71.80019218423067,
              42.27722551979157
            ],
            [
              -71.80003192819025,
              42.277558173985085
            ],
            [
              -71.79982853578613,
              42.27787756096013
            ],
            [
              -71.79958396530417,
              42.278180604624495
            ],
            [
              -71.79930057172454,
              42.27846438624985
            ],
            [
              -71.79928768140985,
              42.27847494855827
            ],
            [
              -71.79082743181033,
              42.27538295979141
            ],
            [
              -71.79083162288951,
              42.27537952614238
            ],
            [
              -71.7908316983649,
              42.27537945785258
            ],
            [
              -71.79083176446376,
              42.27537938439757
            ],
            [
              -71.79083182054956,
              42.275379306484744
            ],
            [
              -71.79083186608209,
              42.275379224864494
            ],
            [
              -71.79083190062292,
              42.27537914032282
            ],
            [
              -71.79091417096288,
              42.275135292885906
            ],
            [
              -71.79107446881035,
              42.27480265129105
            ],
            [
              -71.79127789552419,
              42.274483279667315
            ],
            [
              -71.79152249150006,
              42.27418025351694
            ],
            [
              -71.79180590077806,
              42.273896490895204
            ],
            [
              -71.79212539374599,
              42.27363472431768
            ],
            [
              -71.79247789343577,
              42.27339747445503
            ],
            [
              -71.79277451092948,
              42.273234112172524
            ],
            [
              -71.80032515274033,
              42.27679570679657
            ]
          ]
        ]
      }
    },
    {
      "type": "Feature",
      "properties": {
        "stop_id": "0_617;0_597",
        "tier": "0-400m",
        "name": "0_617;0_597_0-400m"
      },
      "geometry": {
        "type": "Polygon",
        "coordinates": [
          [
            [
              -71.81405085696744,
              42.25891792367887
            ],
            [
              -71.81382246821325,
              42.259105188014246
            ],
            [
              -71.81347012816148,
              42.259342504049016
            ],
            [
              -71.81308816857937,
              42.25955302178917
            ],
            [
              -71.81268026817199,
              42.259734713560185
            ],
            [
              -71.81225035560979,
              42.25988582931881
            ],
            [
              -71.81180921997912,
              42.26000314547578
            ],
            [
              -71.80646836477756,
              42.25445117475912
            ],
            [
              -71.80647264051805,
              42.25445003779743
            ],
            [
              -71.80647523010832,
              42.25444955567433
            ],
            [
              -71.80647534390681,
              42.25444953001854
            ],
            [
              -71.80647545377238,
              42.25444949619984
            ],
            [
              -71.8064755586469,
              42.254449454543916
            ],
            [
              -71.80647565752038,
              42.254449405451965
            ],
            [
              -71.80647574944064,
              42.25444934939675
            ],
            [
              -71.8064758335224,
              42.25444928691811
            ],
            [
              -71.80647590895596,
              42.25444921861776
            ],
            [
              -71.80664837701435,
              42.25427641809615
            ],
            [
              -71.80696770955002,
              42.25401460928779
            ],
            [
              -71.80732004432602,
              42.253777313008165
            ],
            [
              -71.80770198824187,
              42.25356681426575
            ],
            [
              -71.80810986319452,
              42.25338514000499
            ],
            [
              -71.80853974149176,
              42.25323403959623
            ],
            [
              -71.80869251243115,
              42.253193412265546
            ],
            [
              -71.80869262229334,
              42.25319337844472
            ],
            [
              -71.80869269390264,
              42.25319334999932
            ],
            [
              -71.81405085696744,
              42.25891792367887
            ]
          ]
        ]
      }
    },
    {
      "type": "Feature",
      "properties": {
        "stop_id": "0_609;0_640",
        "tier": "0-400m",
        "name": "0_609;0_640_0-400m"
      },
      "geometry": {
        "type": "Polygon",
        "coordinates": [
          [
            [
              -71.83415642343574,
              42.248319179151586
            ],
            [
              -71.83404525045222,
              42.24839410802293
            ],
            [
              -71.83366342535014,
              42.248604694666675
            ],
            [
              -71.83325565454349,
              42.248786459941364
            ],
            [
              -71.83282586545397,
              42.248937653095844
            ],
            [
              -71.83237819767835,
              42.249056817836205
            ],
            [
              -71.8322777113592,
              42.249075551801
            ],
            [
              -71.8322775975808,
              42.249075577482415
            ],
            [
              -71.83227748773837,
              42.24907561132587
            ],
            [
              -71.83227738288973,
              42.249075653005406
            ],
            [
              -71.83227728404466,
              42.249075702119654
            ],
            [
              -71.83227719215506,
              42.2490757581956
            ],
            [
              -71.83227710810587,
              42.24907582069322
            ],
            [
              -71.8322743551538,
              42.24907807927466
            ],
            [
              -71.82723728072526,
              42.24331754748091
            ],
            [
              -71.82754222524211,
              42.243067369731634
            ],
            [
              -71.82789442198816,
              42.24283000980858
            ],
            [
              -71.82827623146163,
              42.24261944216185
            ],
            [
              -71.8286839768536,
              42.24243769439952
            ],
            [
              -71.82911373171906,
              42.24228651659973
            ],
            [
              -71.82956135777648,
              42.24216736446631
            ],
            [
              -71.83002254474289,
              42.24208138531796
            ],
            [
              -71.8304928518211,
              42.242029407045855
            ],
            [
              -71.83096775044075,
              42.24201193014599
            ],
            [
              -71.83144266784228,
              42.242029122902125
            ],
            [
              -71.83174942047265,
              42.24206283781661
            ],
            [
              -71.83415642343574,
              42.248319179151586
            ]
          ]
        ]
      }
    },
    {
      "type": "Feature",
      "properties": {
        "stop_id": "0_532;0_540",
        "tier": "0-400m",
        "name": "0_532;0_540_0-400m"
      },
      "geometry": {
        "type": "Polygon",
        "coordinates": [
          [
            [
              -71.77921906575847,
              42.29655729654151
            ],
            [
              -71.77921853319003,
              42.29655739549254
            ],
            [
              -71.7792184193047,
              42.2965574211211
            ],
            [
              -71.77921830935142,
              42.29655745491344
            ],
            [
              -71.77921820438912,
              42.29655749654412
            ],
            [
              -71.77921810542864,
              42.2965575456122
            ],
            [
              -71.77921801342302,
              42.29655760164514
            ],
            [
              -71.77921792925834,
              42.29655766410335
            ],
            [
              -71.77921785374512,
              42.296557732385246
            ],
            [
              -71.77918177032926,
              42.29659383672757
            ],
            [
              -71.77886210775793,
              42.29685556618942
            ],
            [
              -71.7785094261961,
              42.297092773223035
            ],
            [
              -71.77812712223668,
              42.297303173110315
            ],
            [
              -71.7777188779025,
              42.29748473931158
            ],
            [
              -71.77728862517746,
              42.29763572299284
            ],
            [
              -71.77684050812537,
              42.29775466987764
            ],
            [
              -71.7763788429613,
              42.2978404342611
            ],
            [
              -71.77590807646082,
              42.297892190050625
            ],
            [
              -71.77543274310885,
              42.29790943872678
            ],
            [
              -71.77495742140127,
              42.297892014147585
            ],
            [
              -71.77448668972171,
              42.29784008414945
            ],
            [
              -71.77402508221945,
              42.29775414892993
            ],
            [
              -71.77357704511437,
              42.297635036227234
            ],
            [
              -71.77314689385098,
              42.297483893343454
            ],
            [
              -71.77273877151522,
              42.2973021760885
            ],
            [
              -71.77235660891527,
              42.2970916347513
            ],
            [
              -71.77200408671168,
              42.29685429723388
            ],
            [
              -71.77168459996177,
              42.296592449510996
            ],
            [
              -71.77140122542063,
              42.2963086136041
            ],
            [
              -71.77115669191315,
              42.296005523281806
            ],
            [
              -71.7709533540627,
              42.295686097721806
            ],
            [
              -71.77079316962897,
              42.295353413387865
            ],
            [
              -71.7706776806727,
              42.29501067439329
            ],
            [
              -71.77060799872795,
              42.294661181636556
            ],
            [
              -71.7705847941239,
              42.294308301006815
            ],
            [
              -71.77060828955783,
              42.293955430965205
            ],
            [
              -71.77067825798026,
              42.293605969814855
            ],
            [
              -71.7707940248114,
              42.293263282974394
            ],
            [
              -71.7709544744663,
              42.292930670570364
            ],
            [
              -71.77115806112498,
              42.29261133566041
            ],
            [
              -71.77140282364273,
              42.29230835339297
            ],
            [
              -71.77168640445582,
              42.29202464140054
            ],
            [
              -71.77200607230036,
              42.29176293171092
            ],
            [
              -71.77235874852441,
              42.29152574444678
            ],
            [
              -71.77274103674014,
              42.29131536356652
            ],
            [
              -71.77314925552979,
              42.29113381487937
            ],
            [
              -71.77357947389106,
              42.29098284654629
            ],
            [
              -71.77402754908077,
              42.2908639122539
            ],
            [
              -71.7744618664494,
              42.29078322883187
            ],
            [
              -71.77921906575847,
              42.29655729654151
            ]
          ]
        ]
      }
    },
    {
      "type": "Feature",
      "properties": {
        "stop_id": "0_637;0_576",
        "tier": "0-400m",
        "name": "0_637;0_576_0-400m"
      },
      "geometry": {
        "type": "Polygon",
        "coordinates": [
          [
            [
              -71.83415867664748,
              42.248318484469365
            ],
            [
              -71.83175167348817,
              42.242062143180945
            ],
            [
              -71.83186283807174,
              42.241987216451086
            ],
            [
              -71.83224462926748,
              42.241776635562836
            ],
            [
              -71.8326523578426,
              42.24159487366554
            ],
            [
              -71.83308209751394,
              42.24144368097349
            ],
            [
              -71.8335297101462,
              42.24132451333389
            ],
            [
              -71.83399088558559,
              42.241238518214715
            ],
            [
              -71.83446118314593,
              42.241186523661014
            ],
            [
              -71.83493607434845,
              42.24116903032546
            ],
            [
              -71.83541098650497,
              42.241186206650085
            ],
            [
              -71.83588134672573,
              42.241237887245134
            ],
            [
              -71.83634262592896,
              42.24132357448081
            ],
            [
              -71.83679038243,
              42.24144244327651
            ],
            [
              -71.83722030469053,
              42.24159334904178
            ],
            [
              -71.8376282528182,
              42.24177483869218
            ],
            [
              -71.83801029841686,
              42.24198516463496
            ],
            [
              -71.83836276240517,
              42.24222230158962
            ],
            [
              -71.83868225043939,
              42.24248396608196
            ],
            [
              -71.83896568559985,
              42.242767638424255
            ],
            [
              -71.83921033802619,
              42.243070586970326
            ],
            [
              -71.8394138512161,
              42.24338989441223
            ],
            [
              -71.83957426473371,
              42.24372248586589
            ],
            [
              -71.8396900331087,
              42.24406515847539
            ],
            [
              -71.83976004074289,
              42.244414612251184
            ],
            [
              -71.83978361268063,
              42.24476748184576
            ],
            [
              -71.8397605211374,
              42.245120368960436
            ],
            [
              -71.83969098772334,
              42.245469875071784
            ],
            [
              -71.83957568133869,
              42.245812634162306
            ],
            [
              -71.8394157117606,
              42.24614534514028
            ],
            [
              -71.83921261898173,
              42.24646480363609
            ],
            [
              -71.83896835840237,
              42.24676793286916
            ],
            [
              -71.83868528201793,
              42.24705181328744
            ],
            [
              -71.83836611578207,
              42.24731371069394
            ],
            [
              -71.83801393336286,
              42.247551102589114
            ],
            [
              -71.83763212654486,
              42.247761702474776
            ],
            [
              -71.83722437256137,
              42.24794348188532
            ],
            [
              -71.83679459867197,
              42.248094689933424
            ],
            [
              -71.8363469443269,
              42.248213870181765
            ],
            [
              -71.83588572128298,
              42.248299874677784
            ],
            [
              -71.83541537205582,
              42.24835187501614
            ],
            [
              -71.83494042710973,
              42.24836937032183
            ],
            [
              -71.83446546119816,
              42.24835219207709
            ],
            [
              -71.83415867664748,
              42.248318484469365
            ]
          ]
        ]
      }
    },
    {
      "type": "Feature",
      "properties": {
        "stop_id": "0_605",
        "tier": "0-400m",
        "name": "0_605_0-400m"
      },
      "geometry": {
        "type": "Polygon",
        "coordinates": [
          [
            [
              -71.82180175903008,
              42.24608861825888
            ],
            [
              -71.82780712248561,
              42.25154259874948
            ],
            [
              -71.827786905544,
              42.25156286612683
            ],
            [
              -71.82746767148855,
              42.251824733001094
            ],
            [
              -71.82711542311472,
              42.25206209124541
            ],
            [
              -71.82673355284246,
              42.25227265468569
            ],
            [
              -71.82632573851643,
              42.25245439520727
            ],
            [
              -71.82616872489767,
              42.25250961559335
            ],
            [
              -71.82081371314003,
              42.24659945815637
            ],
            [
              -71.82096484723296,
              42.246497624907114
            ],
            [
              -71.8213467018639,
              42.246287080464086
            ],
            [
              -71.8217544907618,
              42.24610535745414
            ],
            [
              -71.82180130706138,
              42.246088893105195
            ],
            [
              -71.82180141191196,
              42.24608885143521
            ],
            [
              -71.82180151076051,
              42.24608880232997
            ],
            [
              -71.82180160265504,
              42.24608874626239
            ],
            [
              -71.82180168671059,
              42.246088683772435
            ],
            [
              -71.82180175903008,
              42.24608861825888
            ]
          ]
        ]
      }
    },
    {
      "type": "Feature",
      "properties": {
        "stop_id": "0_619",
        "tier": "0-400m",
        "name": "0_619_0-400m"
      },
      "geometry": {
        "type": "Polygon",
        "coordinates": [
          [
            [
              -71.8097680776896,
              42.261209453141085
            ],
            [
              -71.80975966578576,
              42.261212409645864
            ],
            [
              -71.80975956090221,
              42.261212451304736
            ],
            [
              -71.80975946202071,
              42.261212500399466
            ],
            [
              -71.80975937009353,
              42.261212556457245
            ],
            [
              -71.80975928600601,
              42.26121261893821
            ],
            [
              -71.80959736857957,
              42.26134536284598
            ],
            [
              -71.80924500021426,
              42.26158266580906
            ],
            [
              -71.80886301305887,
              42.261793169396775
            ],
            [
              -71.80880228189267,
              42.26182021713222
            ],
            [
              -71.80210942104104,
              42.25683810227721
            ],
            [
              -71.80214006196503,
              42.25680012024775
            ],
            [
              -71.80242334580377,
              42.25651633053411
            ],
            [
              -71.80274270711462,
              42.25625453359207
            ],
            [
              -71.80309507019722,
              42.25601725038486
            ],
            [
              -71.80347704167862,
              42.25580676579501
            ],
            [
              -71.80388494319037,
              42.2556251066307
            ],
            [
              -71.8042798576395,
              42.255486318723875
            ],
            [
              -71.8097680776896,
              42.261209453141085
            ]
          ]
        ]
      }
    },
    {
      "type": "Feature",
      "properties": {
        "stop_id": "0_3490",
        "tier": "0-400m",
        "name": "0_3490_0-400m"
      },
      "geometry": {
        "type": "Polygon",
        "coordinates": [
          [
            [
              -71.75401975377727,
              42.24652823931738
            ],
            [
              -71.75665903885356,
              42.24589729044397
            ],
            [
              -71.75869845854733,
              42.24614563721709
            ],
            [
              -71.76001622736439,
              42.2472837760159
            ],
            [
              -71.75905027326337,
              42.2495160052243
            ],
            [
              -71.75818751061401,
              42.25060904448957
            ],
            [
              -71.75818635801356,
              42.25060761434528
            ],
            [
              -71.75818629199199,
              42.250607540864436
            ],
            [
              -71.75818621659394,
              42.250607472545184
            ],
            [
              -71.75818613254556,
              42.2506074100455
            ],
            [
              -71.75818604065628,
              42.25060735396728
            ],
            [
              -71.75818594181102,
              42.25060730485058
            ],
            [
              -71.75818583696173,
              42.25060726316844
            ],
            [
              -71.75818572711817,
              42.25060722932225
            ],
            [
              -71.75818561333818,
              42.250607203638005
            ],
            [
              -71.75818549671756,
              42.25060718636304
            ],
            [
              -71.75818537837937,
              42.25060717766371
            ],
            [
              -71.75807937107525,
              42.25060327285233
            ],
            [
              -71.75760900498226,
              42.250551273228304
            ],
            [
              -71.75714776530656,
              42.250465269446416
            ],
            [
              -71.75670009472401,
              42.25034608990518
            ],
            [
              -71.75627030514788,
              42.25019488255033
            ],
            [
              -71.75586253617949,
              42.250013103812535
            ],
            [
              -71.75548071522283,
              42.24980250457262
            ],
            [
              -71.75512851964741,
              42.24956511329003
            ],
            [
              -71.75480934136439,
              42.24930321645702
            ],
            [
              -71.75452625415797,
              42.24901933656766
            ],
            [
              -71.75428198408596,
              42.24871620781384
            ],
            [
              -71.75407888323517,
              42.24839674974302
            ],
            [
              -71.75391890708359,
              42.24806403913171
            ],
            [
              -71.75380359568709,
              42.24772128034597
            ],
            [
              -71.75373405887105,
              42.24737177447464
            ],
            [
              -71.7537109655684,
              42.24701888753286
            ],
            [
              -71.75373453740615,
              42.246666018042404
            ],
            [
              -71.75374244238095,
              42.246626560235896
            ],
            [
              -71.75401975377727,
              42.24652823931738
            ]
          ]
        ]
      }
    },
    {
      "type": "Feature",
      "properties": {
        "stop_id": "0_641",
        "tier": "0-400m",
        "name": "0_641_0-400m"
      },
      "geometry": {
        "type": "Polygon",
        "coordinates": [
          [
            [
              -71.82892715844068,
              42.25094227957657
            ],
            [
              -71.82864554516371,
              42.25113205066285
            ],
            [
              -71.8282636855902,
              42.2513426192311
            ],
            [
              -71.82785588164764,
              42.25152436522222
            ],
            [
              -71.82780906290365,
              42.251540832027466
            ],
            [
              -71.82780895804801,
              42.251540873702915
            ],
            [
              -71.82780885919561,
              42.251540922813284
            ],
            [
              -71.82780876729846,
              42.25154097888562
            ],
            [
              -71.82780868324161,
              42.25154104137993
            ],
            [
              -71.82780861092212,
              42.2515411068972
            ],
            [
              -71.82180324747992,
              42.24608712648312
            ],
            [
              -71.82182346458907,
              42.2460668601412
            ],
            [
              -71.82214269296504,
              42.245805008715195
            ],
            [
              -71.82249492517711,
              42.24556766548632
            ],
            [
              -71.82287676911221,
              42.24535711591521
            ],
            [
              -71.82328454762974,
              42.24517538743586
            ],
            [
              -71.82361612740446,
              42.245058769769166
            ],
            [
              -71.82361623225216,
              42.24505872809751
            ],
            [
              -71.82361632822838,
              42.245058680416186
            ],
            [
              -71.82892715844068,
              42.25094227957657
            ]
          ]
        ]
      }
    },
    {
      "type": "Feature",
      "properties": {
        "stop_id": "0_647",
        "tier": "0-400m",
        "name": "0_647_0-400m"
      },
      "geometry": {
        "type": "Polygon",
        "coordinates": [
          [
            [
              -71.80880085439449,
              42.26182170353423
            ],
            [
              -71.80877021503723,
              42.26185968730969
            ],
            [
              -71.80848693574458,
              42.26214349243414
            ],
            [
              -71.80825067310796,
              42.262337177425145
            ],
            [
              -71.80160392689774,
              42.25897486282484
            ],
            [
              -71.80096614768978,
              42.25760361883427
            ],
            [
              -71.80099353465107,
              42.2575761842511
            ],
            [
              -71.8013129072234,
              42.25731439133886
            ],
            [
              -71.80166528156623,
              42.25707711256828
            ],
            [
              -71.80204726419821,
              42.25686663277922
            ],
            [
              -71.80210799349804,
              42.2568395885972
            ],
            [
              -71.80880085439449,
              42.26182170353423
            ]
          ]
        ]
      }
    },
    {
      "type": "Feature",
      "properties": {
        "stop_id": "0_3056",
        "tier": "0-400m",
        "name": "0_3056_0-400m"
      },
      "geometry": {
        "type": "Polygon",
        "coordinates": [
          [
            [
              -71.80071936031939,
              42.26521237623433
            ],
            [
              -71.79522566066103,
              42.26538414382055
            ],
            [
              -71.79889937579401,
              42.26267537298547
            ],
            [
              -71.79953043327669,
              42.26289555906419
            ],
            [
              -71.80071936031939,
              42.26521237623433
            ]
          ]
        ]
      }
    },
    {
      "type": "Feature",
      "properties": {
        "stop_id": "0_3054",
        "tier": "0-400m",
        "name": "0_3054_0-400m"
      },
      "geometry": {
        "type": "Polygon",
        "coordinates": [
          [
            [
              -71.80309036816605,
              42.26657968183701
            ],
            [
              -71.8031057829535,
              42.26662537577124
            ],
            [
              -71.80317561356239,
              42.266974850486484
            ],
            [
              -71.8031989899482,
              42.26732772619323
            ],
            [
              -71.80318260051402,
              42.26757590464556
            ],
            [
              -71.7935649962606,
              42.26786898815124
            ],
            [
              -71.79356517001732,
              42.267866363103884
            ],
            [
              -71.79356517002164,
              42.26786627475615
            ],
            [
              -71.79356515836696,
              42.26786618683349
            ],
            [
              -71.79354193888068,
              42.2677498941922
            ],
            [
              -71.7935419156793,
              42.267749807541385
            ],
            [
              -71.79354188115461,
              42.26774972299691
            ],
            [
              -71.79354183563909,
              42.26774964137298
            ],
            [
              -71.79354132274801,
              42.26774883585571
            ],
            [
              -71.79353771541366,
              42.26774134680641
            ],
            [
              -71.80207375902162,
              42.26610504680503
            ],
            [
              -71.80309036816605,
              42.26657968183701
            ]
          ]
        ]
      }
    },
    {
      "type": "Feature",
      "properties": {
        "stop_id": "0_242",
        "tier": "0-400m",
        "name": "0_242_0-400m"
      },
      "geometry": {
        "type": "Polygon",
        "coordinates": [
          [
            [
              -71.79323105641274,
              42.26583608579894
            ],
            [
              -71.79305325071873,
              42.265690359383896
            ],
            [
              -71.79276991870631,
              42.26540657472585
            ],
            [
              -71.79252540224815,
              42.265103528314455
            ],
            [
              -71.79232205580435,
              42.26478413890446
            ],
            [
              -71.79216183721843,
              42.2644514826114
            ],
            [
              -71.79204628888114,
              42.264108763278614
            ],
            [
              -71.79197652289957,
              42.263759281615314
            ],
            [
              -71.7919532104134,
              42.26340640340394
            ],
            [
              -71.79197486938139,
              42.2630792894846
            ],
            [
              -71.79281776888256,
              42.26269210826132
            ],
            [
              -71.79451556398946,
              42.26222029914615
            ],
            [
              -71.7981334980706,
              42.26211087769528
            ],
            [
              -71.7988974034334,
              42.26267429030684
            ],
            [
              -71.79522194688552,
              42.26538434499202
            ],
            [
              -71.79323105641274,
              42.26583608579894
            ]
          ]
        ]
      }
    },
    {
      "type": "Feature",
      "properties": {
        "stop_id": "0_243",
        "tier": "0-400m",
        "name": "0_243_0-400m"
      },
      "geometry": {
        "type": "Polygon",
        "coordinates": [
          [
            [
              -71.79964273372306,
              42.262830279693006
            ],
            [
              -71.80174164538849,
              42.26003069247828
            ],
            [
              -71.80328201863428,
              42.2621285709431
            ],
            [
              -71.79964273372306,
              42.262830279693006
            ]
          ]
        ]
      }
    },
    {
      "type": "Feature",
      "properties": {
        "stop_id": "0_277",
        "tier": "0-400m",
        "name": "0_277_0-400m"
      },
      "geometry": {
        "type": "Polygon",
        "coordinates": [
          [
            [
              -71.76632717539303,
              42.247459232853764
            ],
            [
              -71.76661184819231,
              42.24709118565926
            ],
            [
              -71.7670437843825,
              42.2470755323839
            ],
            [
              -71.76751872227517,
              42.24709298986384
            ],
            [
              -71.76756787811571,
              42.247098420162686
            ],
            [
              -71.76818710538002,
              42.25417186216358
            ],
            [
              -71.7681794918388,
              42.254171021225815
            ],
            [
              -71.76817937349257,
              42.254171012536816
            ],
            [
              -71.7681792545698,
              42.25417101250727
            ],
            [
              -71.76817913621579,
              42.254171021137495
            ],
            [
              -71.76817901957037,
              42.25417103834435
            ],
            [
              -71.76798587197341,
              42.25420692949568
            ],
            [
              -71.76751542322715,
              42.25425865127593
            ],
            [
              -71.76704041534822,
              42.25427586534806
            ],
            [
              -71.76656542369656,
              42.25425840590341
            ],
            [
              -71.76609502347564,
              42.25420644111423
            ],
            [
              -71.765665793917,
              42.25412644450478
            ],
            [
              -71.76632717539303,
              42.247459232853764
            ]
          ]
        ]
      }
    },
    {
      "type": "Feature",
      "properties": {
        "stop_id": "0_279",
        "tier": "0-400m",
        "name": "0_279_0-400m"
      },
      "geometry": {
        "type": "Polygon",
        "coordinates": [
          [
            [
              -71.75905359368905,
              42.24951421485053
            ],
            [
              -71.76001862290258,
              42.24728412268782
            ],
            [
              -71.76440238472809,
              42.24487397915311
            ],
            [
              -71.76448662212664,
              42.244920435311954
            ],
            [
              -71.76483882695884,
              42.24515779804824
            ],
            [
              -71.76515802583683,
              42.24541966715858
            ],
            [
              -71.765441144624,
              42.24570352098463
            ],
            [
              -71.76568545650534,
              42.24600662613223
            ],
            [
              -71.7658102603066,
              42.24620286918557
            ],
            [
              -71.75905359368905,
              42.24951421485053
            ]
          ]
        ]
      }
    },
    {
      "type": "Feature",
      "properties": {
        "stop_id": "0_280",
        "tier": "0-400m",
        "name": "0_280_0-400m"
      },
      "geometry": {
        "type": "Polygon",
        "coordinates": [
          [
            [
              -71.7644007937581,
              42.24487261400181
            ],
            [
              -71.76001777304383,
              42.24728235007001
            ],
            [
              -71.75870083228277,
              42.2461449264853
            ],
            [
              -71.76316600394796,
              42.24352521964926
            ],
            [
              -71.76316875474666,
              42.24352863276779
            ],
            [
              -71.76316882076664,
              42.24352870624587
            ],
            [
              -71.76316889616162,
              42.24352877456191
            ],
            [
              -71.76316898020553,
              42.24352883705803
            ],
            [
              -71.76331350532156,
              42.24362624295405
            ],
            [
              -71.7636326901726,
              42.24388811637859
            ],
            [
              -71.76391579527602,
              42.24417197404491
            ],
            [
              -71.76416009394848,
              42.24447508252184
            ],
            [
              -71.76436323309302,
              42.2447945229609
            ],
            [
              -71.7644007937581,
              42.24487261400181
            ]
          ]
        ]
      }
    },
    {
      "type": "Feature",
      "properties": {
        "stop_id": "0_281",
        "tier": "0-400m",
        "name": "0_281_0-400m"
      },
      "geometry": {
        "type": "Polygon",
        "coordinates": [
          [
            [
              -71.75665827393426,
              42.24589558186687
            ],
            [
              -71.75402272644718,
              42.24652563727995
            ],
            [
              -71.75981772050555,
              42.24107899491983
            ],
            [
              -71.75982536711093,
              42.24108526934257
            ],
            [
              -71.75982545114829,
              42.24108533184116
            ],
            [
              -71.7598255430252,
              42.24108538791816
            ],
            [
              -71.75982564185688,
              42.241085437033526
            ],
            [
              -71.76001164590699,
              42.24116835889399
            ],
            [
              -71.76039342988199,
              42.2413789433619
            ],
            [
              -71.76074559967702,
              42.241616318812085
            ],
            [
              -71.76106476377993,
              42.24187819947353
            ],
            [
              -71.76133890642096,
              42.242153097036095
            ],
            [
              -71.75665827393426,
              42.24589558186687
            ]
          ]
        ]
      }
    },
    {
      "type": "Feature",
      "properties": {
        "stop_id": "0_3103",
        "tier": "0-400m",
        "name": "0_3103_0-400m"
      },
      "geometry": {
        "type": "Polygon",
        "coordinates": [
          [
            [
              -71.80160172041555,
              42.2589756324079
            ],
            [
              -71.80174041339777,
              42.260028635088624
            ],
            [
              -71.79963935731614,
              42.26283108243559
            ],
            [
              -71.79953123232157,
              42.262893848586046
            ],
            [
              -71.79889982878244,
              42.26267354176066
            ],
            [
              -71.79813523444999,
              42.26210962102327
            ],
            [
              -71.798671285432,
              42.25762601254938
            ],
            [
              -71.79892424638321,
              42.257578937309475
            ],
            [
              -71.79939469411009,
              42.2575270867213
            ],
            [
              -71.79986971755476,
              42.257509738655045
            ],
            [
              -71.80034474275614,
              42.25752706015398
            ],
            [
              -71.80081519573623,
              42.25757888443062
            ],
            [
              -71.80096254314967,
              42.257606296640795
            ],
            [
              -71.80096265979486,
              42.25760631387224
            ],
            [
              -71.800962778152,
              42.257606322527415
            ],
            [
              -71.8009628970812,
              42.25760632252295
            ],
            [
              -71.80096301543716,
              42.25760631385891
            ],
            [
              -71.80096313208001,
              42.257606296618704
            ],
            [
              -71.80096324588644,
              42.2576062709684
            ],
            [
              -71.80096335576043,
              42.257606237154995
            ],
            [
              -71.8009634606438,
              42.257606195504145
            ],
            [
              -71.8009635595265,
              42.25760614641697
            ],
            [
              -71.8009636514562,
              42.2576060903662
            ],
            [
              -71.80096373554761,
              42.25760602789164
            ],
            [
              -71.80096381099088,
              42.25760595959494
            ],
            [
              -71.80096439835108,
              42.25760537121378
            ],
            [
              -71.80160172041555,
              42.2589756324079
            ]
          ]
        ]
      }
    },
    {
      "type": "Feature",
      "properties": {
        "stop_id": "0_1182",
        "tier": "0-400m",
        "name": "0_1182_0-400m"
      },
      "geometry": {
        "type": "Polygon",
        "coordinates": [
          [
            [
              -71.80328473885143,
              42.26212851531285
            ],
            [
              -71.80174283859037,
              42.260028557240176
            ],
            [
              -71.80160437097175,
              42.25897726593006
            ],
            [
              -71.80824902981608,
              42.26233852456825
            ],
            [
              -71.80824699960351,
              42.26234018890235
            ],
            [
              -71.80824692416248,
              42.26234025720377
            ],
            [
              -71.80824685809745,
              42.26234033066899
            ],
            [
              -71.80824680204466,
              42.2623404085905
            ],
            [
              -71.80813461970286,
              42.262516655713924
            ],
            [
              -71.80789014836601,
              42.262819717896974
            ],
            [
              -71.80760686082971,
              42.26310352080044
            ],
            [
              -71.8072874850816,
              42.26336533097362
            ],
            [
              -71.80693509680816,
              42.263602626756985
            ],
            [
              -71.80671073564908,
              42.263726255922435
            ],
            [
              -71.80671064371555,
              42.26372631197774
            ],
            [
              -71.80671055962166,
              42.26372637445645
            ],
            [
              -71.80671048417732,
              42.263726442756855
            ],
            [
              -71.80671041810906,
              42.26372651622117
            ],
            [
              -71.80671036205317,
              42.2637265941419
            ],
            [
              -71.8067103165495,
              42.26372667576862
            ],
            [
              -71.80671028203624,
              42.263726760315244
            ],
            [
              -71.80671025884583,
              42.26372684696752
            ],
            [
              -71.8067100021992,
              42.263728133164015
            ],
            [
              -71.80328473885143,
              42.26212851531285
            ]
          ]
        ]
      }
    },
    {
      "type": "Feature",
      "properties": {
        "stop_id": "0_1180",
        "tier": "0-400m",
        "name": "0_1180_0-400m"
      },
      "geometry": {
        "type": "Polygon",
        "coordinates": [
          [
            [
              -71.75869875815764,
              42.24614384914482
            ],
            [
              -71.75666137186239,
              42.24589575000268
            ],
            [
              -71.76134037397054,
              42.24215456861873
            ],
            [
              -71.76134569160773,
              42.24215990086886
            ],
            [
              -71.76134576699911,
              42.242159969186126
            ],
            [
              -71.76134585103941,
              42.24216003168359
            ],
            [
              -71.76134594291922,
              42.24216008775937
            ],
            [
              -71.76134604175375,
              42.242160136873416
            ],
            [
              -71.76163381691386,
              42.24228842137257
            ],
            [
              -71.7620156130352,
              42.24249900039991
            ],
            [
              -71.76236779513901,
              42.24273637082317
            ],
            [
              -71.76268697159459,
              42.24299824691975
            ],
            [
              -71.76297006848127,
              42.24328210696401
            ],
            [
              -71.76316474856586,
              42.24352366200409
            ],
            [
              -71.75869875815764,
              42.24614384914482
            ]
          ]
        ]
      }
    },
    {
      "type": "Feature",
      "properties": {
        "stop_id": "0_527",
        "tier": "0-400m",
        "name": "0_527_0-400m"
      },
      "geometry": {
        "type": "Polygon",
        "coordinates": [
          [
            [
              -71.79161579367974,
              42.29064900300442
            ],
            [
              -71.79156081650547,
              42.29070403397951
            ],
            [
              -71.79124123495899,
              42.29096579820083
            ],
            [
              -71.79088863269743,
              42.291203043531596
            ],
            [
              -71.79060767483445,
              42.29135772969946
            ],
            [
              -71.7906075828465,
              42.29135778574161
            ],
            [
              -71.79060749869998,
              42.2913578482082
            ],
            [
              -71.79060742320529,
              42.291357916497674
            ],
            [
              -71.79060132894139,
              42.29136401651137
            ],
            [
              -71.78379385553123,
              42.28640727506734
            ],
            [
              -71.78406525423692,
              42.286135642684314
            ],
            [
              -71.78438484107407,
              42.28587389823182
            ],
            [
              -71.78473743801804,
              42.28563667266876
            ],
            [
              -71.78511964944423,
              42.285426250322374
            ],
            [
              -71.78542687159695,
              42.28528956056322
            ],
            [
              -71.785426970535,
              42.28528951148968
            ],
            [
              -71.7854270625187,
              42.28528945545164
            ],
            [
              -71.78542714666227,
              42.28528939298878
            ],
            [
              -71.78542722215532,
              42.28528932470264
            ],
            [
              -71.78542729697557,
              42.28528924981402
            ],
            [
              -71.79161579367974,
              42.29064900300442
            ]
          ]
        ]
      }
    },
    {
      "type": "Feature",
      "properties": {
        "stop_id": "0_302",
        "tier": "0-400m",
        "name": "0_302_0-400m"
      },
      "geometry": {
        "type": "Polygon",
        "coordinates": [
          [
            [
              -71.77865727669065,
              42.254647598357195
            ],
            [
              -71.77865727555222,
              42.25464759800667
            ],
            [
              -71.77865716175667,
              42.25464757234274
            ],
            [
              -71.778657045123,
              42.254647555088596
            ],
            [
              -71.77865692677447,
              42.25464754641041
            ],
            [
              -71.77865680785081,
              42.25464754639174
            ],
            [
              -71.77855997047133,
              42.25465106530327
            ],
            [
              -71.7780849728309,
              42.25463365356937
            ],
            [
              -71.77761456036852,
              42.25458173603178
            ],
            [
              -71.7772713573363,
              42.254517809573684
            ],
            [
              -71.77727124070326,
              42.25451779231814
            ],
            [
              -71.77727112235515,
              42.254517783638505
            ],
            [
              -71.77727100343174,
              42.254517783618404
            ],
            [
              -71.77726599699633,
              42.2545179654858
            ],
            [
              -71.77725674872347,
              42.254517626390374
            ],
            [
              -71.77849006815306,
              42.24789999069291
            ],
            [
              -71.77958148060037,
              42.25335309509786
            ],
            [
              -71.77865727669065,
              42.254647598357195
            ]
          ]
        ]
      }
    },
    {
      "type": "Feature",
      "properties": {
        "stop_id": "0_3130",
        "tier": "0-400m",
        "name": "0_3130_0-400m"
      },
      "geometry": {
        "type": "Polygon",
        "coordinates": [
          [
            [
              -71.7945175740352,
              42.26221843636504
            ],
            [
              -71.79846539635831,
              42.257558423657606
            ],
            [
              -71.79851711509534,
              42.257572169577784
            ],
            [
              -71.79866891334547,
              42.25762550035149
            ],
            [
              -71.79813286386796,
              42.262109094862396
            ],
            [
              -71.7945175740352,
              42.26221843636504
            ]
          ]
        ]
      }
    },
    {
      "type": "Feature",
      "properties": {
        "stop_id": "0_3530",
        "tier": "0-400m",
        "name": "0_3530_0-400m"
      },
      "geometry": {
        "type": "Polygon",
        "coordinates": [
          [
            [
              -71.79451451309063,
              42.262218668779276
            ],
            [
              -71.79281952670196,
              42.26268969738629
            ],
            [
              -71.79641995151682,
              42.25672825678048
            ],
            [
              -71.79642748648068,
              42.25673161182099
            ],
            [
              -71.79643182859573,
              42.25673400412803
            ],
            [
              -71.79643192748021,
              42.25673405321171
            ],
            [
              -71.79643203236482,
              42.25673409485884
            ],
            [
              -71.79643214223944,
              42.25673412866834
            ],
            [
              -71.79643225604595,
              42.25673415431463
            ],
            [
              -71.79659678126457,
              42.25676476932947
            ],
            [
              -71.79704457231188,
              42.25688379298955
            ],
            [
              -71.79747450465771,
              42.25703484734889
            ],
            [
              -71.79788243831224,
              42.25721647789233
            ],
            [
              -71.79826444501819,
              42.257426935670516
            ],
            [
              -71.79845587888086,
              42.257555821295504
            ],
            [
              -71.7984559708159,
              42.25755587734138
            ],
            [
              -71.79845606970324,
              42.25755592642331
            ],
            [
              -71.79845617459053,
              42.25755596806858
            ],
            [
              -71.79845628446768,
              42.257556001876154
            ],
            [
              -71.79846305888555,
              42.25755780239824
            ],
            [
              -71.79451451309063,
              42.262218668779276
            ]
          ]
        ]
      }
    },
    {
      "type": "Feature",
      "properties": {
        "stop_id": "EXTERNAL",
        "tier": "BUFFER",
        "name": "TRANSITION_ZONE"
      },
      "geometry": {
        "type": "Polygon",
        "coordinates": [
          [
            [
              -71.83450244999722,
              42.25033043668056
            ],
            [
              -71.83429280368526,
              42.25041377877196
            ],
            [
              -71.83386295219111,
              42.250564994709876
            ],
            [
              -71.83364331857211,
              42.25063266748018
            ],
            [
              -71.83363391586605,
              42.250635170418185
            ],
            [
              -71.83363379262103,
              42.250635209052014
            ],
            [
              -71.8336336758586,
              42.25063525754282
            ],
            [
              -71.83363356700163,
              42.25063531529975
            ],
            [
              -71.83363346737669,
              42.25063538161893
            ],
            [
              -71.83359601579906,
              42.25066323018155
            ],
            [
              -71.83324375274714,
              42.250900637026184
            ],
            [
              -71.8330600156083,
              42.25101276222725
            ],
            [
              -71.8326781236095,
              42.25122337187366
            ],
            [
              -71.83248047650655,
              42.25132157627102
            ],
            [
              -71.83207263372734,
              42.2515033600225
            ],
            [
              -71.83205512378498,
              42.25151032028186
            ],
            [
              -71.8320550218112,
              42.25151036573328
            ],
            [
              -71.83205492632501,
              42.2515104183916
            ],
            [
              -71.83205483824592,
              42.251510477749676
            ],
            [
              -71.83203093862159,
              42.251528248333166
            ],
            [
              -71.83167866488819,
              42.25176565033581
            ],
            [
              -71.83149492246723,
              42.25187777301308
            ],
            [
              -71.83111302004434,
              42.252088377417124
            ],
            [
              -71.83091536781322,
              42.252186579102904
            ],
            [
              -71.83050751496772,
              42.25236835726214
            ],
            [
              -71.83029785664844,
              42.252451692022206
            ],
            [
              -71.83029115161159,
              42.25245405041874
            ],
            [
              -71.83029104675606,
              42.25245409209644
            ],
            [
              -71.83029094790416,
              42.25245414120894
            ],
            [
              -71.83029085600789,
              42.25245419728327
            ],
            [
              -71.83027377559681,
              42.25246570742557
            ],
            [
              -71.83009002865603,
              42.25257782783876
            ],
            [
              -71.82970811733664,
              42.25278842753966
            ],
            [
              -71.82951046074072,
              42.25288662679265
            ],
            [
              -71.82936280650497,
              42.252952432707964
            ],
            [
              -71.82936270765158,
              42.25295248181967
            ],
            [
              -71.82936261575378,
              42.25295253789323
            ],
            [
              -71.82936253169657,
              42.25295260038866
            ],
            [
              -71.82926401212863,
              42.25303341727425
            ],
            [
              -71.82909593905069,
              42.25315837659423
            ],
            [
              -71.82874364524103,
              42.25339576951591
            ],
            [
              -71.82855989289096,
              42.25350788745989
            ],
            [
              -71.82817797087078,
              42.253718482032205
            ],
            [
              -71.82798030899758,
              42.25381667863261
            ],
            [
              -71.82757243722261,
              42.25399844630402
            ],
            [
              -71.8275299757227,
              42.2540153220666
            ],
            [
              -71.82752987374165,
              42.254015367513986
            ],
            [
              -71.8275297782479,
              42.25401542016852
            ],
            [
              -71.82745985887352,
              42.25405808044618
            ],
            [
              -71.82707792987465,
              42.25426867133566
            ],
            [
              -71.82688026457718,
              42.25436686603104
            ],
            [
              -71.82647238609879,
              42.25454862977344
            ],
            [
              -71.82626271524704,
              42.25463195712623
            ],
            [
              -71.8258328159314,
              42.254783142858756
            ],
            [
              -71.82562661733543,
              42.254846654894365
            ],
            [
              -71.82562650984666,
              42.25484669269513
            ],
            [
              -71.82562640786291,
              42.25484673814081
            ],
            [
              -71.82562631236632,
              42.25484679079375
            ],
            [
              -71.82562622427659,
              42.254846850146855
            ],
            [
              -71.82562614444204,
              42.25484691562854
            ],
            [
              -71.82559314914009,
              42.254876804296316
            ],
            [
              -71.82527384931124,
              42.25513869771467
            ],
            [
              -71.8251057627678,
              42.25526365114224
            ],
            [
              -71.82475344227932,
              42.25550103172183
            ],
            [
              -71.82456967675142,
              42.25561314323253
            ],
            [
              -71.82418772875569,
              42.25582372444159
            ],
            [
              -71.8239900541193,
              42.2559219141298
            ],
            [
              -71.82358215732239,
              42.2561036675455
            ],
            [
              -71.82341659750844,
              42.256169457348136
            ],
            [
              -71.82341649552096,
              42.25616950279184
            ],
            [
              -71.82341640002053,
              42.25616955544293
            ],
            [
              -71.82341631192689,
              42.25616961479433
            ],
            [
              -71.82341078211212,
              42.25617372535417
            ],
            [
              -71.82305845020232,
              42.25641110069001
            ],
            [
              -71.82287467903053,
              42.25652320946745
            ],
            [
              -71.82249271990489,
              42.256733784999085
            ],
            [
              -71.82229503979732,
              42.25683197175065
            ],
            [
              -71.82188713226915,
              42.25701371910991
            ],
            [
              -71.82167744721642,
              42.25709703804518
            ],
            [
              -71.82142441438774,
              42.257186008287846
            ],
            [
              -71.8214243095185,
              42.25718604995742
            ],
            [
              -71.82142421065235,
              42.25718609906223
            ],
            [
              -71.82142411874136,
              42.2571861551294
            ],
            [
              -71.82142403467071,
              42.257186217618965
            ],
            [
              -71.82135379084274,
              42.2572438248937
            ],
            [
              -71.82118569097148,
              42.25736877253107
            ],
            [
              -71.8208333440658,
              42.257606140982865
            ],
            [
              -71.82064956548368,
              42.2577182461721
            ],
            [
              -71.82026759174458,
              42.257928814250384
            ],
            [
              -71.82006990445335,
              42.25802699714673
            ],
            [
              -71.82001866463138,
              42.258049825921965
            ],
            [
              -71.82001856576278,
              42.25804987502556
            ],
            [
              -71.8200184738493,
              42.2580499310916
            ],
            [
              -71.82001838977611,
              42.25804999358011
            ],
            [
              -71.81995882844595,
              42.25809883780733
            ],
            [
              -71.81979072355045,
              42.25822378338183
            ],
            [
              -71.81943836665423,
              42.25846114751332
            ],
            [
              -71.81925458311902,
              42.25857325045087
            ],
            [
              -71.81887259957959,
              42.258783813852446
            ],
            [
              -71.81867490745411,
              42.25888199432998
            ],
            [
              -71.81826697632009,
              42.259063728750284
            ],
            [
              -71.81805727971079,
              42.259147041037835
            ],
            [
              -71.81762733013193,
              42.259298195896505
            ],
            [
              -71.8175498594032,
              42.25932204980198
            ],
            [
              -71.81754975190202,
              42.25932208759515
            ],
            [
              -71.81754964990526,
              42.25932213303361
            ],
            [
              -71.8175495543952,
              42.259322185679785
            ],
            [
              -71.81754946629165,
              42.259322245026645
            ],
            [
              -71.81740577383208,
              42.25942903774375
            ],
            [
              -71.81705340128244,
              42.25966639449914
            ],
            [
              -71.81686961002355,
              42.25977849359187
            ],
            [
              -71.81648761127614,
              42.2599890490068
            ],
            [
              -71.81628991168662,
              42.26008722535316
            ],
            [
              -71.81588196593663,
              42.26026895125323
            ],
            [
              -71.81567226219485,
              42.26035225916303
            ],
            [
              -71.81547343754848,
              42.260422152665825
            ],
            [
              -71.81547331574734,
              42.260422202008755
            ],
            [
              -71.81547320233588,
              42.260422261368745
            ],
            [
              -71.81547309880028,
              42.260422329967916
            ],
            [
              -71.815450635581,
              42.26043902363649
            ],
            [
              -71.81509825007632,
              42.26067637434392
            ],
            [
              -71.81491445242173,
              42.26078847028414
            ],
            [
              -71.81453244107422,
              42.260999019150724
            ],
            [
              -71.81433473529705,
              42.26109719210992
            ],
            [
              -71.8139267774233,
              42.26127891102431
            ],
            [
              -71.81371706776154,
              42.26136221534488
            ],
            [
              -71.81328709276899,
              42.26151335387605
            ],
            [
              -71.8132592920492,
              42.26152191242998
            ],
            [
              -71.81325919506146,
              42.261521946089566
            ],
            [
              -71.81325910245067,
              42.26152198597515
            ],
            [
              -71.81325901493935,
              42.26152203177559
            ],
            [
              -71.81325893321024,
              42.26152208313352
            ],
            [
              -71.81325885790098,
              42.26152213964827
            ],
            [
              -71.81310376563546,
              42.26164929800423
            ],
            [
              -71.81293563777749,
              42.26177423345457
            ],
            [
              -71.81258323540683,
              42.26201157638032
            ],
            [
              -71.8123994294202,
              42.26212366826446
            ],
            [
              -71.81201740164646,
              42.26233420870587
            ],
            [
              -71.81181968779698,
              42.26243237730719
            ],
            [
              -71.81141171409506,
              42.26261408723408
            ],
            [
              -71.81120199669851,
              42.26269738693697
            ],
            [
              -71.81119502468125,
              42.26269983741795
            ],
            [
              -71.81119491979618,
              42.26269987907812
            ],
            [
              -71.81119482091347,
              42.26269992817407
            ],
            [
              -71.81119472898541,
              42.26269998423299
            ],
            [
              -71.81087309071525,
              42.26291659555949
            ],
            [
              -71.81068927907117,
              42.263028684685544
            ],
            [
              -71.810537497876,
              42.26311232886604
            ],
            [
              -71.81053740594676,
              42.263112384924426
            ],
            [
              -71.8105373218575,
              42.263112447405966
            ],
            [
              -71.810537246418,
              42.263112515708876
            ],
            [
              -71.81043408881374,
              42.26321586758686
            ],
            [
              -71.81028324678836,
              42.26335243901648
            ],
            [
              -71.8102715610756,
              42.26336201906993
            ],
            [
              -71.81027146821411,
              42.26336210528202
            ],
            [
              -71.81027139025856,
              42.26336219928925
            ],
            [
              -71.81021393943229,
              42.263442067429516
            ],
            [
              -71.80996944385797,
              42.2637451719565
            ],
            [
              -71.80983734761436,
              42.26389206750459
            ],
            [
              -71.80955402852757,
              42.26417591071295
            ],
            [
              -71.80940318231474,
              42.2643124809624
            ],
            [
              -71.80908376789354,
              42.26457432887628
            ],
            [
              -71.80891562432873,
              42.26469925837047
            ],
            [
              -71.80886626528027,
              42.26473249714751
            ],
            [
              -71.80886617324096,
              42.264732566206426
            ],
            [
              -71.8088660917588,
              42.264732642231564
            ],
            [
              -71.80886602178312,
              42.26473272433713
            ],
            [
              -71.80886596412923,
              42.26473281156653
            ],
            [
              -71.80886591946881,
              42.26473290290346
            ],
            [
              -71.8088657357329,
              42.26473335303259
            ],
            [
              -71.8087055368626,
              42.26506606173527
            ],
            [
              -71.80861455524979,
              42.26522927585729
            ],
            [
              -71.8084112203291,
              42.26554871874222
            ],
            [
              -71.8082991372691,
              42.26570452277391
            ],
            [
              -71.8080546237829,
              42.266007623099846
            ],
            [
              -71.80792251837201,
              42.26615451638483
            ],
            [
              -71.8076391805676,
              42.26643835475157
            ],
            [
              -71.80748832482932,
              42.26657492242896
            ],
            [
              -71.80716889106503,
              42.266836764907275
            ],
            [
              -71.80700073770835,
              42.2669616915452
            ],
            [
              -71.80664828419106,
              42.26719901602184
            ],
            [
              -71.80646445262451,
              42.26731109829383
            ],
            [
              -71.80608237378831,
              42.26752161877727
            ],
            [
              -71.80588463452419,
              42.267619777059274
            ],
            [
              -71.80564451636259,
              42.26772669932014
            ],
            [
              -71.80564441746772,
              42.26772674841128
            ],
            [
              -71.80564432552744,
              42.26772680446569
            ],
            [
              -71.8056442414272,
              42.26772686694358
            ],
            [
              -71.80564416597694,
              42.267726935243225
            ],
            [
              -71.80564409990328,
              42.26772700870687
            ],
            [
              -71.80564404384252,
              42.26772708662703
            ],
            [
              -71.80564399833457,
              42.26772716825327
            ],
            [
              -71.80564396381772,
              42.2677272527995
            ],
            [
              -71.80564394062438,
              42.267727339451504
            ],
            [
              -71.8056439289779,
              42.26772742737475
            ],
            [
              -71.80564392899043,
              42.267727515722505
            ],
            [
              -71.8056640013894,
              42.268030334292895
            ],
            [
              -71.80566402306646,
              42.26818270627335
            ],
            [
              -71.80566402891556,
              42.26818279451422
            ],
            [
              -71.80566404638147,
              42.26818288190437
            ],
            [
              -71.80566407529592,
              42.26818296760218
            ],
            [
              -71.80572193324907,
              42.2683245769621
            ],
            [
              -71.80583757784092,
              42.268667325186115
            ],
            [
              -71.80588400347189,
              42.268840578438216
            ],
            [
              -71.80595386062093,
              42.26919009509998
            ],
            [
              -71.80597719914041,
              42.26936589384671
            ],
            [
              -71.80600059496604,
              42.269718813034416
            ],
            [
              -71.80600062103817,
              42.26989546427964
            ],
            [
              -71.8059773290629,
              42.27024838723078
            ],
            [
              -71.80597143799523,
              42.270292860851306
            ],
            [
              -71.80597143217146,
              42.27029294909307
            ],
            [
              -71.80597143802117,
              42.2702930373339
            ],
            [
              -71.80599332418818,
              42.27045789292379
            ],
            [
              -71.80601672050828,
              42.27081081204075
            ],
            [
              -71.80601674662626,
              42.27098746325221
            ],
            [
              -71.80599345433964,
              42.271340386139194
            ],
            [
              -71.80597016677214,
              42.27151618860466
            ],
            [
              -71.80592497353597,
              42.27174263405349
            ],
            [
              -71.80592496188915,
              42.271742721976715
            ],
            [
              -71.80592496190208,
              42.27174281032439
            ],
            [
              -71.80594140653282,
              42.271990866841996
            ],
            [
              -71.80594143244137,
              42.27216751801702
            ],
            [
              -71.80591813930097,
              42.27252044081585
            ],
            [
              -71.8058948510902,
              42.27269624322974
            ],
            [
              -71.80582509163477,
              42.273045770886554
            ],
            [
              -71.80577871300953,
              42.27321903142415
            ],
            [
              -71.80566315794226,
              42.27356179767207
            ],
            [
              -71.80559413501393,
              42.2737308476576
            ],
            [
              -71.80543389616231,
              42.27406355126809
            ],
            [
              -71.8053428931733,
              42.27422676253857
            ],
            [
              -71.80513951282134,
              42.274546199121815
            ],
            [
              -71.80502740576667,
              42.274701999711766
            ],
            [
              -71.80478284183654,
              42.27500509258715
            ],
            [
              -71.80465071004349,
              42.27515198187326
            ],
            [
              -71.80457250740332,
              42.27523030544756
            ],
            [
              -71.80457244132057,
              42.27523037891048
            ],
            [
              -71.80457238525186,
              42.27523045683
            ],
            [
              -71.80457233973715,
              42.27523053845572
            ],
            [
              -71.80457230521476,
              42.27523062300152
            ],
            [
              -71.80453867651413,
              42.275330365630154
            ],
            [
              -71.80446964865172,
              42.27549941488685
            ],
            [
              -71.80430939940729,
              42.275832116823814
            ],
            [
              -71.80421839097335,
              42.275995327151804
            ],
            [
              -71.804014999258,
              42.27631476164271
            ],
            [
              -71.80390288629995,
              42.27647056108557
            ],
            [
              -71.80365831014527,
              42.276773651469924
            ],
            [
              -71.80352617204726,
              42.276920539415386
            ],
            [
              -71.80324276630395,
              42.27720436638861
            ],
            [
              -71.80309187540423,
              42.27734092802715
            ],
            [
              -71.80277236908493,
              42.27760275776962
            ],
            [
              -71.80260417843112,
              42.27772767772747
            ],
            [
              -71.80248509223547,
              42.277807842596495
            ],
            [
              -71.80248500017017,
              42.277807911650136
            ],
            [
              -71.80248491866348,
              42.277807987670556
            ],
            [
              -71.80248484866507,
              42.27780806977205
            ],
            [
              -71.80248479099046,
              42.27780815699804
            ],
            [
              -71.80248474631162,
              42.27780824833226
            ],
            [
              -71.8024750527973,
              42.27783198480823
            ],
            [
              -71.802314787154,
              42.27816468382322
            ],
            [
              -71.80222377021819,
              42.27832789250226
            ],
            [
              -71.80202036093101,
              42.27864732332642
            ],
            [
              -71.80190823892634,
              42.27880312075634
            ],
            [
              -71.80166364419604,
              42.27910620676445
            ],
            [
              -71.80153149659377,
              42.27925309235241
            ],
            [
              -71.80150168161293,
              42.279282949226726
            ],
            [
              -71.8015016054651,
              42.27928303538444
            ],
            [
              -71.80150154307591,
              42.27928312744029
            ],
            [
              -71.80150149526293,
              42.27928322418794
            ],
            [
              -71.80148218990061,
              42.279330494066414
            ],
            [
              -71.80132191523874,
              42.27966319160715
            ],
            [
              -71.80123089358506,
              42.27982639945567
            ],
            [
              -71.80102747446524,
              42.28014582843563
            ],
            [
              -71.8009153473589,
              42.280301624854324
            ],
            [
              -71.80073978079362,
              42.28051916500143
            ],
            [
              -71.80073972471548,
              42.28051924291901
            ],
            [
              -71.80073967919202,
              42.28051932454314
            ],
            [
              -71.80073964466163,
              42.2805194090877
            ],
            [
              -71.80070437227789,
              42.28062399805253
            ],
            [
              -71.80063532839205,
              42.28079304484542
            ],
            [
              -71.80047504557005,
              42.28112574111789
            ],
            [
              -71.8003840196266,
              42.28128894825275
            ],
            [
              -71.80018059152644,
              42.28160837564931
            ],
            [
              -71.80006845974144,
              42.281764171200415
            ],
            [
              -71.80000742505179,
              42.28183979448824
            ],
            [
              -71.80000736897158,
              42.281839872405456
            ],
            [
              -71.80000732344622,
              42.28183995402926
            ],
            [
              -71.80000728891413,
              42.281840038573606
            ],
            [
              -71.80000726570789,
              42.281840125224235
            ],
            [
              -71.80000725405097,
              42.281840213146694
            ],
            [
              -71.800003122478,
              42.28190271368418
            ],
            [
              -71.79997981437477,
              42.28207851460854
            ],
            [
              -71.79991001188937,
              42.282428038094196
            ],
            [
              -71.79986361018378,
              42.28260129595574
            ],
            [
              -71.79974800592468,
              42.28294405568213
            ],
            [
              -71.79967895695023,
              42.28311310183081
            ],
            [
              -71.79951866321834,
              42.283445796632044
            ],
            [
              -71.79942763146809,
              42.28360900294181
            ],
            [
              -71.79932491299842,
              42.283770283585774
            ],
            [
              -71.79932486747077,
              42.2837703652093
            ],
            [
              -71.79932483293672,
              42.28377044975339
            ],
            [
              -71.79932480972884,
              42.28377053640386
            ],
            [
              -71.79927308317772,
              42.284029527521476
            ],
            [
              -71.79922667855246,
              42.284202785076836
            ],
            [
              -71.79911106791437,
              42.28454554406536
            ],
            [
              -71.79904201548909,
              42.28471458978331
            ],
            [
              -71.79888171434774,
              42.28504728360138
            ],
            [
              -71.79879067864873,
              42.28521048936
            ],
            [
              -71.7985872298877,
              42.28552991371196
            ],
            [
              -71.79847508722489,
              42.28568570759874
            ],
            [
              -71.79823044942498,
              42.28598878592163
            ],
            [
              -71.79822376466444,
              42.285996214765895
            ],
            [
              -71.7982236979378,
              42.28599629835996
            ],
            [
              -71.7982236437341,
              42.28599638680725
            ],
            [
              -71.79822360268491,
              42.28599647907729
            ],
            [
              -71.79822357526848,
              42.285996574095016
            ],
            [
              -71.79822356180422,
              42.285996670753384
            ],
            [
              -71.79820261562432,
              42.286313377170515
            ],
            [
              -71.7981793008908,
              42.28648917759334
            ],
            [
              -71.79810948358673,
              42.28683869971369
            ],
            [
              -71.79806307371243,
              42.28701195671322
            ],
            [
              -71.79794745163242,
              42.28735471436063
            ],
            [
              -71.79787839302944,
              42.2875237592951
            ],
            [
              -71.79771807864584,
              42.28785645132367
            ],
            [
              -71.79762703589988,
              42.28801965607867
            ],
            [
              -71.79742357222372,
              42.28833907820999
            ],
            [
              -71.79731142171252,
              42.288494870882666
            ],
            [
              -71.79706676746818,
              42.28879794657511
            ],
            [
              -71.79693458893746,
              42.288944826618355
            ],
            [
              -71.7966510997276,
              42.28922863670869
            ],
            [
              -71.79650016590499,
              42.289365189389
            ],
            [
              -71.79618057154607,
              42.28962700022005
            ],
            [
              -71.7960123358926,
              42.28975191024985
            ],
            [
              -71.79572399861765,
              42.28994594127142
            ],
            [
              -71.79572391447805,
              42.2899460037418
            ],
            [
              -71.79572383899057,
              42.28994607203465
            ],
            [
              -71.79572377288216,
              42.28994614549229
            ],
            [
              -71.7957237167895,
              42.28994622340729
            ],
            [
              -71.79569957268806,
              42.289984124596344
            ],
            [
              -71.79558741501174,
              42.290139915538795
            ],
            [
              -71.79534274613953,
              42.290442987467365
            ],
            [
              -71.7952105601655,
              42.29058986548196
            ],
            [
              -71.79492705584242,
              42.29087367123032
            ],
            [
              -71.79477611437001,
              42.29101022160307
            ],
            [
              -71.79445650455811,
              42.29127202755585
            ],
            [
              -71.79428826112203,
              42.2913969350214
            ],
            [
              -71.79393562372388,
              42.29163421941686
            ],
            [
              -71.79375169860042,
              42.291746280833294
            ],
            [
              -71.79336942982157,
              42.29195675806568
            ],
            [
              -71.79320489006204,
              42.292038377805206
            ],
            [
              -71.79320480992186,
              42.29203842117992
            ],
            [
              -71.79320473482395,
              42.292038469271986
            ],
            [
              -71.79320466527066,
              42.292038521759686
            ],
            [
              -71.79303799496113,
              42.292175041555346
            ],
            [
              -71.79286974632002,
              42.29229994692087
            ],
            [
              -71.79251709856224,
              42.29253722691856
            ],
            [
              -71.79234227814166,
              42.292643735906424
            ],
            [
              -71.7923421691833,
              42.292643811046965
            ],
            [
              -71.79234207343315,
              42.29264389552492
            ],
            [
              -71.7922762305951,
              42.29270980185453
            ],
            [
              -71.7921252790146,
              42.29284634869562
            ],
            [
              -71.79180564894513,
              42.293108147179076
            ],
            [
              -71.79163739538649,
              42.2932330507169
            ],
            [
              -71.79128473779947,
              42.29347032688769
            ],
            [
              -71.79110080263649,
              42.29358238401813
            ],
            [
              -71.79071851393199,
              42.29379285234972
            ],
            [
              -71.79052066867507,
              42.29389098369075
            ],
            [
              -71.79011243084203,
              42.29407261684714
            ],
            [
              -71.7899025810731,
              42.29415587714191
            ],
            [
              -71.78947232621661,
              42.29430692551788
            ],
            [
              -71.78925249322882,
              42.29437451274568
            ],
            [
              -71.78880436568068,
              42.29449352133092
            ],
            [
              -71.78857666699963,
              42.29454478443799
            ],
            [
              -71.78811498337762,
              42.29463060684242
            ],
            [
              -71.78792818277775,
              42.29465817834134
            ],
            [
              -71.78792807446898,
              42.29465819821246
            ],
            [
              -71.7879279690786,
              42.294658225389945
            ],
            [
              -71.78792786749875,
              42.29465825964373
            ],
            [
              -71.78792777058935,
              42.29465830068386
            ],
            [
              -71.78792767917075,
              42.2946583481629
            ],
            [
              -71.7879275940168,
              42.294658401678966
            ],
            [
              -71.78792751584834,
              42.294658460779
            ],
            [
              -71.7879274453271,
              42.294658524962735
            ],
            [
              -71.78776203153208,
              42.2948240746607
            ],
            [
              -71.78761106515428,
              42.29496061551125
            ],
            [
              -71.78729140570371,
              42.29522240132024
            ],
            [
              -71.78712313760036,
              42.29534729819099
            ],
            [
              -71.78677045127836,
              42.29558456039678
            ],
            [
              -71.78658650196338,
              42.29569661024786
            ],
            [
              -71.78620418544693,
              42.29590706345836
            ],
            [
              -71.7860063265671,
              42.296005186977794
            ],
            [
              -71.78559806211315,
              42.29618680400268
            ],
            [
              -71.78538819938167,
              42.29627005600895
            ],
            [
              -71.78495791935191,
              42.29642108739832
            ],
            [
              -71.78473807418685,
              42.296488665950584
            ],
            [
              -71.78428992315567,
              42.296607656857766
            ],
            [
              -71.78428127252515,
              42.29660960399596
            ],
            [
              -71.78428116047316,
              42.296609633747174
            ],
            [
              -71.78428105288872,
              42.29660967150892
            ],
            [
              -71.78428095080793,
              42.296609716917494
            ],
            [
              -71.78409838273858,
              42.29670025189362
            ],
            [
              -71.78369010831494,
              42.29688186210667
            ],
            [
              -71.78348024076367,
              42.29696511061268
            ],
            [
              -71.78304995144521,
              42.297116134827824
            ],
            [
              -71.78296047905326,
              42.29714363590715
            ],
            [
              -71.78296038463519,
              42.297143668521215
            ],
            [
              -71.78296029433444,
              42.29714370702898
            ],
            [
              -71.78296020881696,
              42.29714375114649
            ],
            [
              -71.78296012871343,
              42.29714380054838
            ],
            [
              -71.78295311882876,
              42.29714851572817
            ],
            [
              -71.78276915819735,
              42.29726055942762
            ],
            [
              -71.78238681951531,
              42.29747099985894
            ],
            [
              -71.7821889498158,
              42.29756911676776
            ],
            [
              -71.7817806642955,
              42.29775072015797
            ],
            [
              -71.78157079134536,
              42.29783396515829
            ],
            [
              -71.78114049155151,
              42.2979849821888
            ],
            [
              -71.78092063686731,
              42.29805255340726
            ],
            [
              -71.78053933507304,
              42.298153778123705
            ],
            [
              -71.78053923590575,
              42.29815380817923
            ],
            [
              -71.78053914069784,
              42.29815384461392
            ],
            [
              -71.7805390501921,
              42.29815388714348
            ],
            [
              -71.78053896509466,
              42.2981539354361
            ],
            [
              -71.78053888606945,
              42.29815398911501
            ],
            [
              -71.78049050956652,
              42.29818988923632
            ],
            [
              -71.78013778249343,
              42.29842713093252
            ],
            [
              -71.77995381315132,
              42.298539170092354
            ],
            [
              -71.77957145736401,
              42.298749601093625
            ],
            [
              -71.77937357929267,
              42.2988477131246
            ],
            [
              -71.77896527742652,
              42.299029306454486
            ],
            [
              -71.7787553965241,
              42.29911254628574
            ],
            [
              -71.77832508130138,
              42.29926355272257
            ],
            [
              -71.77810521916108,
              42.299331118530496
            ],
            [
              -71.77765703549534,
              42.29945008346793
            ],
            [
              -71.77742930992379,
              42.299501324405085
            ],
            [
              -71.77696757497367,
              42.2995871018735
            ],
            [
              -71.77673417957942,
              42.29962152434243
            ],
            [
              -71.7762633411372,
              42.2996732880557
            ],
            [
              -71.77602652418628,
              42.29969056046714
            ],
            [
              -71.77555111780352,
              42.299707811788046
            ],
            [
              -71.7753131605467,
              42.29970776775748
            ],
            [
              -71.77483776581138,
              42.29969034050455
            ],
            [
              -71.7746009604924,
              42.29967298045616
            ],
            [
              -71.77413015688016,
              42.29962104250576
            ],
            [
              -71.77389678463764,
              42.29958653366836
            ],
            [
              -71.77343510736424,
              42.29950058533634
            ],
            [
              -71.77320741624095,
              42.29944926013124
            ],
            [
              -71.77275931254255,
              42.29933012934974
            ],
            [
              -71.7725394958149,
              42.29926248218621
            ],
            [
              -71.77210928207907,
              42.299111316522485
            ],
            [
              -71.77189945711588,
              42.299027999031665
            ],
            [
              -71.77149127727776,
              42.298846254625886
            ],
            [
              -71.77129346513287,
              42.29874806937946
            ],
            [
              -71.77091125073827,
              42.298537496908516
            ],
            [
              -71.77072735667433,
              42.29842538968257
            ],
            [
              -71.77037478899562,
              42.29818801748553
            ],
            [
              -71.77020658412668,
              42.29806306814463
            ],
            [
              -71.76988705869711,
              42.297801182672906
            ],
            [
              -71.76973616292756,
              42.297664594762296
            ],
            [
              -71.76945275683602,
              42.29738071854347
            ],
            [
              -71.76932062325997,
              42.29723380768999
            ],
            [
              -71.76907606552147,
              42.29693067501809
            ],
            [
              -71.76896396643308,
              42.29677485625191
            ],
            [
              -71.76876061171993,
              42.29645538683876
            ],
            [
              -71.76866962636917,
              42.29629216095825
            ],
            [
              -71.76850943235539,
              42.29595943180063
            ],
            [
              -71.76844043656683,
              42.29579037091198
            ],
            [
              -71.76832494510329,
              42.29544758664567
            ],
            [
              -71.76827860285728,
              42.29527431901678
            ],
            [
              -71.76820892515764,
              42.29492478104371
            ],
            [
              -71.76818568221458,
              42.29474897541857
            ],
            [
              -71.76816248819335,
              42.29439605010475
            ],
            [
              -71.7681625678215,
              42.29421939962932
            ],
            [
              -71.76818607968549,
              42.29386648588013
            ],
            [
              -71.76820948053292,
              42.29369069179487
            ],
            [
              -71.7682794706859,
              42.29334118832017
            ],
            [
              -71.76832596681592,
              42.2931679435761
            ],
            [
              -71.76844176009537,
              42.292825216160374
            ],
            [
              -71.76851090318452,
              42.292656189116755
            ],
            [
              -71.76867138340671,
              42.29232353820962
            ],
            [
              -71.76876250708308,
              42.29216035656981
            ],
            [
              -71.76896612783217,
              42.2918409855087
            ],
            [
              -71.76907835411168,
              42.29168522064913
            ],
            [
              -71.76932315366727,
              42.291382204819804
            ],
            [
              -71.76945540142489,
              42.29123535666257
            ],
            [
              -71.76973902168298,
              42.29095161389433
            ],
            [
              -71.76989001707707,
              42.29081509646902
            ],
            [
              -71.77020972628091,
              42.2905533589489
            ],
            [
              -71.77037801502966,
              42.29042848678233
            ],
            [
              -71.77073073409117,
              42.29019127475847
            ],
            [
              -71.77091469548242,
              42.290079250223165
            ],
            [
              -71.77129702763979,
              42.28986884774984
            ],
            [
              -71.77149489013932,
              42.28977074949278
            ],
            [
              -71.77190315366522,
              42.289589182450136
            ],
            [
              -71.77211301197329,
              42.28950595501286
            ],
            [
              -71.77254327561893,
              42.28935497161235
            ],
            [
              -71.7727631090106,
              42.28928741634218
            ],
            [
              -71.77314436978182,
              42.28918621730856
            ],
            [
              -71.77314449313889,
              42.28918617874002
            ],
            [
              -71.77314461001883,
              42.28918613031112
            ],
            [
              -71.77314471899733,
              42.28918607261202
            ],
            [
              -71.7731448187464,
              42.28918600634585
            ],
            [
              -71.77319319252982,
              42.289150109265044
            ],
            [
              -71.77354589389834,
              42.28891288853168
            ],
            [
              -71.7737298465825,
              42.28880085945657
            ],
            [
              -71.7741121616421,
              42.28859044755322
            ],
            [
              -71.77431001577368,
              42.288492344418444
            ],
            [
              -71.77471826296161,
              42.28831076731605
            ],
            [
              -71.77492811332135,
              42.28822753471013
            ],
            [
              -71.77535836154603,
              42.28807654071705
            ],
            [
              -71.77544782441343,
              42.28804904552177
            ],
            [
              -71.77544794941014,
              42.2880490007216
            ],
            [
              -71.7754480666921,
              42.288048945608004
            ],
            [
              -71.77544817472244,
              42.288048880903204
            ],
            [
              -71.77545518415779,
              42.28804416617443
            ],
            [
              -71.77563913093195,
              42.28793213402047
            ],
            [
              -71.77602143438568,
              42.2877217157217
            ],
            [
              -71.77621928283685,
              42.28762360927888
            ],
            [
              -71.77662751893345,
              42.28744202535399
            ],
            [
              -71.77683736389704,
              42.28735878924268
            ],
            [
              -71.77726760165167,
              42.2872077880657
            ],
            [
              -71.77748742253122,
              42.28714022371674
            ],
            [
              -71.77793551926148,
              42.287021259179916
            ],
            [
              -71.77794416877562,
              42.28701931251685
            ],
            [
              -71.77794428081359,
              42.287019282771766
            ],
            [
              -71.7779443883855,
              42.28701924501592
            ],
            [
              -71.77794449045537,
              42.28701919961289
            ],
            [
              -71.77812703938164,
              42.28692867427461
            ],
            [
              -71.77853526551361,
              42.2867470835384
            ],
            [
              -71.77874510565991,
              42.28666384392713
            ],
            [
              -71.77917533413083,
              42.28651283557679
            ],
            [
              -71.77939515055628,
              42.28644526756393
            ],
            [
              -71.77984323877313,
              42.286326295560755
            ],
            [
              -71.78007091493916,
              42.28627504971148
            ],
            [
              -71.78053254847175,
              42.28618925954879
            ],
            [
              -71.78071932727786,
              42.286161700049156
            ],
            [
              -71.78071945082826,
              42.28616167674588
            ],
            [
              -71.78071957040066,
              42.28616164393943
            ],
            [
              -71.78071968467331,
              42.28616160199245
            ],
            [
              -71.78071979238304,
              42.28616155136863
            ],
            [
              -71.78071989233918,
              42.28616149262756
            ],
            [
              -71.78071998343681,
              42.286161426418566
            ],
            [
              -71.78072006466891,
              42.286161353473574
            ],
            [
              -71.7808854742354,
              42.285995813677516
            ],
            [
              -71.78103643372982,
              42.28585928146235
            ],
            [
              -71.78135607173765,
              42.28559751265101
            ],
            [
              -71.7815243252847,
              42.28547262402464
            ],
            [
              -71.78187697488738,
              42.28523537752401
            ],
            [
              -71.78205179245118,
              42.28512888434515
            ],
            [
              -71.78205186647978,
              42.285128835354385
            ],
            [
              -71.78205193486897,
              42.28512878203538
            ],
            [
              -71.78205199716132,
              42.2851287247448
            ],
            [
              -71.78211784276019,
              42.28506282419586
            ],
            [
              -71.7822687973666,
              42.284926290336514
            ],
            [
              -71.78258842555726,
              42.28466451804833
            ],
            [
              -71.78275667418822,
              42.28453962759396
            ],
            [
              -71.78310931396477,
              42.284302377265924
            ],
            [
              -71.78329323629424,
              42.284190332765185
            ],
            [
              -71.783675491658,
              42.283979888820504
            ],
            [
              -71.78384002274774,
              42.283898282632585
            ],
            [
              -71.78384010288403,
              42.28389823926434
            ],
            [
              -71.7838401779794,
              42.283898191178345
            ],
            [
              -71.7838402475315,
              42.28389813869626
            ],
            [
              -71.78400691588003,
              42.2837616320652
            ],
            [
              -71.7841751593076,
              42.28363673951052
            ],
            [
              -71.7844635032456,
              42.28344273730148
            ],
            [
              -71.78446358738766,
              42.283442674839314
            ],
            [
              -71.78446366287955,
              42.28344260655378
            ],
            [
              -71.78446372899423,
              42.28344253310254
            ],
            [
              -71.784463785095,
              42.283442455192954
            ],
            [
              -71.78448793343209,
              42.28340455632547
            ],
            [
              -71.78460010650348,
              42.28324877605184
            ],
            [
              -71.78484479901924,
              42.28294572665423
            ],
            [
              -71.78485148502875,
              42.28293829858569
            ],
            [
              -71.78485154149664,
              42.282938229294615
            ],
            [
              -71.7848515893497,
              42.28293815651551
            ],
            [
              -71.78485162820067,
              42.28293808083743
            ],
            [
              -71.7848516577351,
              42.282938002872854
            ],
            [
              -71.78485167771396,
              42.28293792325279
            ],
            [
              -71.78485168797556,
              42.28293784262162
            ],
            [
              -71.78487269989212,
              42.282621138460094
            ],
            [
              -71.78489605018646,
              42.282445340625294
            ],
            [
              -71.78496593566106,
              42.282095826282905
            ],
            [
              -71.78501237780496,
              42.28192257443518
            ],
            [
              -71.78512806005155,
              42.28157982950321
            ],
            [
              -71.7851971462416,
              42.28141079207032
            ],
            [
              -71.78535751014601,
              42.2810781171673
            ],
            [
              -71.78544857455839,
              42.28091492195282
            ],
            [
              -71.78555132377285,
              42.28075365365548
            ],
            [
              -71.78555136931608,
              42.280753572037405
            ],
            [
              -71.78555140386689,
              42.28075348749741
            ],
            [
              -71.78555142709254,
              42.280753400849676
            ],
            [
              -71.78560320715002,
              42.28049441577472
            ],
            [
              -71.78564964637185,
              42.28032116362034
            ],
            [
              -71.78576532223504,
              42.27997841794944
            ],
            [
              -71.78583440497226,
              42.27980938008527
            ],
            [
              -71.78599476146368,
              42.27947670419792
            ],
            [
              -71.78608582192577,
              42.279313508431684
            ],
            [
              -71.78628931382133,
              42.27899410590616
            ],
            [
              -71.78640147463295,
              42.278838323750456
            ],
            [
              -71.7864625226924,
              42.278762707662956
            ],
            [
              -71.78646257878657,
              42.27876262975232
            ],
            [
              -71.78646262432719,
              42.27876254813384
            ],
            [
              -71.78646265887569,
              42.27876246359355
            ],
            [
              -71.78646268209935,
              42.2787623769456
            ],
            [
              -71.78646269377454,
              42.27876228902447
            ],
            [
              -71.78646683852162,
              42.27869978894123
            ],
            [
              -71.78649018293625,
              42.27852399066112
            ],
            [
              -71.78656005526666,
              42.27817447510733
            ],
            [
              -71.78660649016363,
              42.27800122249511
            ],
            [
              -71.78672215659792,
              42.27765847571988
            ],
            [
              -71.78679123424368,
              42.2774894372107
            ],
            [
              -71.78695157982013,
              42.2771567598504
            ],
            [
              -71.78704263447322,
              42.276993563258195
            ],
            [
              -71.78724611407293,
              42.27667415890531
            ],
            [
              -71.78735826841402,
              42.27651837575064
            ],
            [
              -71.78753386989185,
              42.276300855933734
            ],
            [
              -71.7875339259825,
              42.27630077802255
            ],
            [
              -71.78753397151998,
              42.276300696403624
            ],
            [
              -71.7875340060657,
              42.27630061186296
            ],
            [
              -71.78756929781399,
              42.27619602686994
            ],
            [
              -71.78763837159855,
              42.276026987807256
            ],
            [
              -71.78779870901202,
              42.27569430917745
            ],
            [
              -71.78788975937418,
              42.27553111187091
            ],
            [
              -71.78809322999169,
              42.27521170593337
            ],
            [
              -71.78820537965346,
              42.275055921910464
            ],
            [
              -71.78845002320055,
              42.274752864387125
            ],
            [
              -71.78858219177478,
              42.274605993754655
            ],
            [
              -71.78861201064859,
              42.27457614021408
            ],
            [
              -71.78861208680831,
              42.274576054064866
            ],
            [
              -71.78861214921162,
              42.274575962015945
            ],
            [
              -71.78861219704075,
              42.27457586527358
            ],
            [
              -71.7886315105687,
              42.27452859752225
            ],
            [
              -71.7887918389609,
              42.2741959174168
            ],
            [
              -71.78888288460406,
              42.27403271927906
            ],
            [
              -71.78908634538729,
              42.27371331149593
            ],
            [
              -71.78919848994684,
              42.2735575264611
            ],
            [
              -71.78944312294135,
              42.27325446674001
            ],
            [
              -71.78957528607926,
              42.273107594924646
            ],
            [
              -71.78985873478494,
              42.27282380151788
            ],
            [
              -71.7900096434744,
              42.272687257179534
            ],
            [
              -71.79032917778635,
              42.27242546276207
            ],
            [
              -71.7904973785803,
              42.272300560686865
            ],
            [
              -71.7906164695983,
              42.27222040818595
            ],
            [
              -71.79061656166843,
              42.272220339141754
            ],
            [
              -71.79061664318216,
              42.27222026312969
            ],
            [
              -71.7906167131898,
              42.272220181035365
            ],
            [
              -71.79061677087569,
              42.272220093815264
            ],
            [
              -71.79061681556772,
              42.272220002485554
            ],
            [
              -71.79062651267124,
              42.27219626698856
            ],
            [
              -71.79078682466094,
              42.27186358395863
            ],
            [
              -71.79087786180091,
              42.27170038417069
            ],
            [
              -71.79108130501048,
              42.27138097271837
            ],
            [
              -71.79119344052296,
              42.27122518566943
            ],
            [
              -71.79143805494195,
              42.27092212156981
            ],
            [
              -71.79147906424932,
              42.27087654434195
            ],
            [
              -71.79147912541018,
              42.270876468566364
            ],
            [
              -71.79147917627618,
              42.27087638870328
            ],
            [
              -71.79147921635744,
              42.270876305521845
            ],
            [
              -71.79147924526798,
              42.270876219823094
            ],
            [
              -71.79147926272933,
              42.27087613243243
            ],
            [
              -71.79147926857335,
              42.27087604419139
            ],
            [
              -71.79147927389583,
              42.27081107635219
            ],
            [
              -71.79150264694982,
              42.27045815638432
            ],
            [
              -71.79150854820332,
              42.27041368350875
            ],
            [
              -71.79150855404728,
              42.27041359526771
            ],
            [
              -71.7915085482177,
              42.27041350702616
            ],
            [
              -71.79148669980819,
              42.27024864867334
            ],
            [
              -71.7914633847451,
              42.269895726562524
            ],
            [
              -71.791463397266,
              42.26974335462694
            ],
            [
              -71.79146339143655,
              42.269743266385376
            ],
            [
              -71.79146337398984,
              42.26974317899309
            ],
            [
              -71.7914633450939,
              42.26974309329173
            ],
            [
              -71.79140551775701,
              42.269601476776394
            ],
            [
              -71.79128994963936,
              42.26925871406221
            ],
            [
              -71.79124356366438,
              42.26908545491814
            ],
            [
              -71.79117378789219,
              42.268735929295694
            ],
            [
              -71.7911504907361,
              42.26856012751995
            ],
            [
              -71.7911271781699,
              42.26820720523655
            ],
            [
              -71.79112718910464,
              42.26808221214994
            ],
            [
              -71.79112718464195,
              42.268082134909456
            ],
            [
              -71.79112717127327,
              42.26808205823819
            ],
            [
              -71.79112714909722,
              42.26808198270156
            ],
            [
              -71.7911271182773,
              42.26808190885661
            ],
            [
              -71.79109857800101,
              42.26802265244597
            ],
            [
              -71.79102955230046,
              42.26785360431806
            ],
            [
              -71.79091398941128,
              42.267510841120334
            ],
            [
              -71.7908676057468,
              42.26733758177128
            ],
            [
              -71.79079783397816,
              42.266988055813314
            ],
            [
              -71.7907745385098,
              42.26681225390748
            ],
            [
              -71.79075122868375,
              42.266459331439776
            ],
            [
              -71.79075123424555,
              42.26639979599519
            ],
            [
              -71.79075122841739,
              42.26639970775352
            ],
            [
              -71.7907512109726,
              42.26639962036108
            ],
            [
              -71.79075118207913,
              42.26639953465949
            ],
            [
              -71.7907511420153,
              42.26639945147409
            ],
            [
              -71.7907510911669,
              42.266399371606035
            ],
            [
              -71.79075103002366,
              42.26639929582448
            ],
            [
              -71.79069064548929,
              42.26633216133988
            ],
            [
              -71.79044610478627,
              42.2660290725857
            ],
            [
              -71.7903340078058,
              42.26587327385935
            ],
            [
              -71.7901306444801,
              42.265553840601115
            ],
            [
              -71.79003964842055,
              42.26539063078765
            ],
            [
              -71.78987942023073,
              42.26505792967389
            ],
            [
              -71.78981040102057,
              42.26488888072476
            ],
            [
              -71.78969485014834,
              42.26454611612123
            ],
            [
              -71.78964847199437,
              42.26437285618944
            ],
            [
              -71.78960793685721,
              42.264169763760556
            ],
            [
              -71.78960791525071,
              42.26416968187528
            ],
            [
              -71.78960788353005,
              42.264169601827646
            ],
            [
              -71.78960784196772,
              42.26416952430537
            ],
            [
              -71.78960779092078,
              42.264169449974446
            ],
            [
              -71.78960773082778,
              42.264169379473444
            ],
            [
              -71.78960766220497,
              42.26416931340804
            ],
            [
              -71.78960758564187,
              42.264169252345795
            ],
            [
              -71.78960750179627,
              42.264169196811295
            ],
            [
              -71.78960741138845,
              42.26416914728162
            ],
            [
              -71.78959796092656,
              42.26416445606229
            ],
            [
              -71.7892158945239,
              42.26395394330139
            ],
            [
              -71.78903206853768,
              42.26384186473865
            ],
            [
              -71.78867962488403,
              42.26360454736048
            ],
            [
              -71.78851147579759,
              42.26347962410233
            ],
            [
              -71.78819204923217,
              42.26321778803005
            ],
            [
              -71.78804119641296,
              42.263081223370385
            ],
            [
              -71.78775786307335,
              42.262797390655486
            ],
            [
              -71.78762575920231,
              42.2626504999971
            ],
            [
              -71.78738124740401,
              42.26234740451439
            ],
            [
              -71.78726916448987,
              42.26219160269286
            ],
            [
              -71.7870658284641,
              42.26187216379588
            ],
            [
              -71.7869748456018,
              42.261708951446316
            ],
            [
              -71.78692718293107,
              42.26160996703754
            ],
            [
              -71.78692713742849,
              42.26160988541091
            ],
            [
              -71.7869270813741,
              42.26160980749031
            ],
            [
              -71.78692701530768,
              42.261609734026145
            ],
            [
              -71.78692693986552,
              42.26160966572593
            ],
            [
              -71.78692685577414,
              42.26160960324742
            ],
            [
              -71.78692676384344,
              42.261609547192336
            ],
            [
              -71.78679220518835,
              42.26153539984704
            ],
            [
              -71.78678502950272,
              42.26153102442721
            ],
            [
              -71.78678494220122,
              42.261530975907874
            ],
            [
              -71.78678484938273,
              42.26153093341298
            ],
            [
              -71.78678475179844,
              42.261530897286455
            ],
            [
              -71.78678465023813,
              42.26153086782069
            ],
            [
              -71.78678454552382,
              42.26153084525415
            ],
            [
              -71.78678443850293,
              42.26153082976951
            ],
            [
              -71.78649822930342,
              42.26149926791285
            ],
            [
              -71.7862649909264,
              42.261464784007075
            ],
            [
              -71.78580357501781,
              42.26137888488014
            ],
            [
              -71.78571051092814,
              42.26135790499549
            ],
            [
              -71.78571036631793,
              42.26135787947058
            ],
            [
              -71.78571021858893,
              42.26135786728686
            ],
            [
              -71.78525006144083,
              42.261341030143385
            ],
            [
              -71.78501339679751,
              42.26132369147457
            ],
            [
              -71.78454286999853,
              42.261271795914126
            ],
            [
              -71.78430963352537,
              42.26123730803072
            ],
            [
              -71.78384822192946,
              42.26115140103418
            ],
            [
              -71.7836206603609,
              42.261100096155566
            ],
            [
              -71.78317280864401,
              42.26098100525671
            ],
            [
              -71.78295311400802,
              42.26091337759624
            ],
            [
              -71.7825231361297,
              42.26076224997784
            ],
            [
              -71.78231342461868,
              42.26067895097868
            ],
            [
              -71.78190546224164,
              42.260497242414175
            ],
            [
              -71.78170775381643,
              42.260399074469674
            ],
            [
              -71.78132573639158,
              42.26018853529037
            ],
            [
              -71.78114193531574,
              42.260076444009826
            ],
            [
              -71.78078954221824,
              42.25983910223379
            ],
            [
              -71.7806214187103,
              42.25971416732801
            ],
            [
              -71.78048980968543,
              42.259606260339545
            ],
            [
              -71.78048972560309,
              42.25960619785629
            ],
            [
              -71.78048963368099,
              42.259606141796034
            ],
            [
              -71.78031146692302,
              42.25950794587886
            ],
            [
              -71.78012766961987,
              42.259395852959784
            ],
            [
              -71.779775284115,
              42.25915850803962
            ],
            [
              -71.7796071644169,
              42.25903357163244
            ],
            [
              -71.77928779712913,
              42.25877171056271
            ],
            [
              -71.77913697412035,
              42.25863513408791
            ],
            [
              -71.77904120915417,
              42.2585391729275
            ],
            [
              -71.77904113372416,
              42.25853910462205
            ],
            [
              -71.77904104964466,
              42.25853904213774
            ],
            [
              -71.77889403684442,
              42.258440019931676
            ],
            [
              -71.77872592079413,
              42.25831508221726
            ],
            [
              -71.77840656077726,
              42.25805321866122
            ],
            [
              -71.77825574138191,
              42.25791664101063
            ],
            [
              -71.77797247504486,
              42.25763278387183
            ],
            [
              -71.77784040466337,
              42.25748588181293
            ],
            [
              -71.77759595967609,
              42.2571827652013
            ],
            [
              -71.77748390999457,
              42.25702695367943
            ],
            [
              -71.77728063994473,
              42.256707497151886
            ],
            [
              -71.77718968973804,
              42.256544276895504
            ],
            [
              -71.77709057214018,
              42.25633834050269
            ],
            [
              -71.77709052895425,
              42.256338262507995
            ],
            [
              -71.77709047613334,
              42.256338187857594
            ],
            [
              -71.77709041414096,
              42.25633811720659
            ],
            [
              -71.77709034352117,
              42.25633805117496
            ],
            [
              -71.77709026489369,
              42.256337990342175
            ],
            [
              -71.7770901789485,
              42.256337935242094
            ],
            [
              -71.77709008643983,
              42.256337886358246
            ],
            [
              -71.77708998817948,
              42.25633784411961
            ],
            [
              -71.77708988502978,
              42.25633780889684
            ],
            [
              -71.77708977789591,
              42.25633778099906
            ],
            [
              -71.777089667718,
              42.25633776067107
            ],
            [
              -71.77702514520843,
              42.25632821488739
            ],
            [
              -71.77691592510507,
              42.25630787118211
            ],
            [
              -71.77691580846881,
              42.2563078539262
            ],
            [
              -71.7769156901174,
              42.25630784524621
            ],
            [
              -71.77667147961131,
              42.25629889032627
            ],
            [
              -71.7764348361726,
              42.256281533942364
            ],
            [
              -71.77596435389313,
              42.25622960314654
            ],
            [
              -71.77573114067563,
              42.256195097789714
            ],
            [
              -71.77526977748238,
              42.25610915621029
            ],
            [
              -71.77504224099641,
              42.25605783426824
            ],
            [
              -71.77459444109881,
              42.25593870977215
            ],
            [
              -71.77454645772362,
              42.255923933908285
            ],
            [
              -71.77454635286834,
              42.25592390574427
            ],
            [
              -71.77454624497244,
              42.25592388485871
            ],
            [
              -71.77454613494926,
              42.255923871428415
            ],
            [
              -71.77454602373017,
              42.255923865567055
            ],
            [
              -71.77454591225667,
              42.25592386732426
            ],
            [
              -71.77454580147239,
              42.25592387668516
            ],
            [
              -71.77454569231513,
              42.25592389357049
            ],
            [
              -71.77454558570894,
              42.25592391783734
            ],
            [
              -71.77441769330626,
              42.25595788464614
            ],
            [
              -71.77419012164265,
              42.25600911955618
            ],
            [
              -71.77372869968069,
              42.256094884667526
            ],
            [
              -71.7734954629504,
              42.256129300822984
            ],
            [
              -71.77302494549002,
              42.256181051666736
            ],
            [
              -71.77278829043003,
              42.25619831753925
            ],
            [
              -71.77231320992944,
              42.25621555560228
            ],
            [
              -71.77207541623035,
              42.25621550487039
            ],
            [
              -71.77160034913682,
              42.25619806409898
            ],
            [
              -71.77136370746608,
              42.256180697251416
            ],
            [
              -71.77089323009768,
              42.25612874565216
            ],
            [
              -71.77066002001675,
              42.2560942299832
            ],
            [
              -71.77019866444508,
              42.25600826800327
            ],
            [
              -71.76997113243402,
              42.25595693599996
            ],
            [
              -71.76985168076365,
              42.25592515346692
            ],
            [
              -71.76985156696938,
              42.25592512779426
            ],
            [
              -71.76985145033576,
              42.255925110531166
            ],
            [
              -71.76985133198605,
              42.25592510184389
            ],
            [
              -71.76985121306,
              42.255925101816096
            ],
            [
              -71.76985109470291,
              42.255925110448025
            ],
            [
              -71.76954354807825,
              42.25595892695625
            ],
            [
              -71.76930689289934,
              42.25597618564573
            ],
            [
              -71.76883181311833,
              42.25599340928833
            ],
            [
              -71.76859402025684,
              42.255993351338255
            ],
            [
              -71.76836266322516,
              42.25598485088312
            ],
            [
              -71.76836256411146,
              42.255984850256255
            ],
            [
              -71.7683624652603,
              42.2559848556486
            ],
            [
              -71.76836236733295,
              42.25598486702405
            ],
            [
              -71.76834072771146,
              42.25598805911748
            ],
            [
              -71.76787020708744,
              42.25603978881452
            ],
            [
              -71.76763355114997,
              42.25605704405079
            ],
            [
              -71.76715847030684,
              42.25607426076149
            ],
            [
              -71.76692067714318,
              42.256074199341896
            ],
            [
              -71.76644561253154,
              42.256056737218245
            ],
            [
              -71.76620897280397,
              42.25603935973452
            ],
            [
              -71.76573850071793,
              42.2559873869888
            ],
            [
              -71.7655052939692,
              42.25595286083769
            ],
            [
              -71.76547823953359,
              42.25594781867954
            ],
            [
              -71.7654781229011,
              42.255947801411985
            ],
            [
              -71.76547800455195,
              42.2559477927202
            ],
            [
              -71.76547788562586,
              42.25594779268787
            ],
            [
              -71.76509909451309,
              42.25596151295024
            ],
            [
              -71.7648613017751,
              42.25596144726084
            ],
            [
              -71.76438623857803,
              42.255943976606645
            ],
            [
              -71.76414959983748,
              42.255926594873536
            ],
            [
              -71.76367913028075,
              42.255874613679204
            ],
            [
              -71.76344592507088,
              42.25584008334008
            ],
            [
              -71.76298458115077,
              42.255754092337924
            ],
            [
              -71.76275705590471,
              42.25570274602116
            ],
            [
              -71.76230928164487,
              42.255583573554205
            ],
            [
              -71.76208962804041,
              42.2555159058723
            ],
            [
              -71.7616597366538,
              42.2553646999091
            ],
            [
              -71.76145007048787,
              42.25528136269074
            ],
            [
              -71.76104220280351,
              42.25509957975935
            ],
            [
              -71.7608445435999,
              42.25500137576606
            ],
            [
              -71.76046262815598,
              42.25479076691409
            ],
            [
              -71.76027887970385,
              42.25467864210234
            ],
            [
              -71.75992659489272,
              42.25444123601886
            ],
            [
              -71.7597585269034,
              42.254316270422365
            ],
            [
              -71.75943926553356,
              42.25405435388477
            ],
            [
              -71.75928849659303,
              42.25391775120512
            ],
            [
              -71.75900533321023,
              42.25363384703972
            ],
            [
              -71.75887331519122,
              42.25348692304577
            ],
            [
              -71.75878138946345,
              42.25337286887259
            ],
            [
              -71.75878131630877,
              42.2533727883167
            ],
            [
              -71.75878123189311,
              42.25337271408778
            ],
            [
              -71.7587811372,
              42.253372647050696
            ],
            [
              -71.75878103333268,
              42.25337258798646
            ],
            [
              -71.75878092150137,
              42.25337253758327
            ],
            [
              -71.75869172317793,
              42.25333707947832
            ],
            [
              -71.75828387594045,
              42.253155286678336
            ],
            [
              -71.75808622708605,
              42.25305707789921
            ],
            [
              -71.75770433254732,
              42.2528464597932
            ],
            [
              -71.75752059462337,
              42.252734330525534
            ],
            [
              -71.75716833097427,
              42.25249691589169
            ],
            [
              -71.75700027359066,
              42.2523719462121
            ],
            [
              -71.75687780438888,
              42.25227146529223
            ],
            [
              -71.75687772033959,
              42.2522714027916
            ],
            [
              -71.75687762844903,
              42.252271346712355
            ],
            [
              -71.75687752960219,
              42.25227129759453
            ],
            [
              -71.75687742475102,
              42.252271255911204
            ],
            [
              -71.75687731490528,
              42.25227122206379
            ],
            [
              -71.75687720112283,
              42.252271196378246
            ],
            [
              -71.75655776608303,
              42.252211633496735
            ],
            [
              -71.7563302587822,
              42.252160274400886
            ],
            [
              -71.7558825216783,
              42.25204107677367
            ],
            [
              -71.75566288723513,
              42.251973396744006
            ],
            [
              -71.75523303525488,
              42.251822166603425
            ],
            [
              -71.7550233892816,
              42.25173881758757
            ],
            [
              -71.7546155628742,
              42.25155701169455
            ],
            [
              -71.75441792470004,
              42.25145879656763
            ],
            [
              -71.75403605200594,
              42.251248166190926
            ],
            [
              -71.75385232521734,
              42.25113603101667
            ],
            [
              -71.75350008421688,
              42.25089860505264
            ],
            [
              -71.75333203831646,
              42.25077362996455
            ],
            [
              -71.75301282139603,
              42.25051169538202
            ],
            [
              -71.7528620747569,
              42.250375084173044
            ],
            [
              -71.75257895603397,
              42.25009116397209
            ],
            [
              -71.75244696031405,
              42.24994423249324
            ],
            [
              -71.75220266603627,
              42.249641061390896
            ],
            [
              -71.75209069220229,
              42.24948522487072
            ],
            [
              -71.75188757450537,
              42.249165722948455
            ],
            [
              -71.7517967006015,
              42.24900248235604
            ],
            [
              -71.75163671487802,
              42.248669726923225
            ],
            [
              -71.75156781565616,
              42.24850065450617
            ],
            [
              -71.75145250175258,
              42.248157850451136
            ],
            [
              -71.751406240264,
              42.24798457458818
            ],
            [
              -71.75133670768588,
              42.24763502350302
            ],
            [
              -71.75131700804765,
              42.247485602232395
            ],
            [
              -71.75131699208671,
              42.247485520255346
            ],
            [
              -71.75131696605251,
              42.24748543971519
            ],
            [
              -71.75131693016546,
              42.24748536129371
            ],
            [
              -71.75131688472933,
              42.247485285654776
            ],
            [
              -71.75131683012879,
              42.24748521343866
            ],
            [
              -71.75131676682598,
              42.2474851452567
            ],
            [
              -71.75131669535679,
              42.24748508168605
            ],
            [
              -71.75131661632624,
              42.24748502326486
            ],
            [
              -71.75130087309483,
              42.247474410441136
            ],
            [
              -71.75113284062094,
              42.24734943205782
            ],
            [
              -71.75081365005657,
              42.24708749120127
            ],
            [
              -71.75066291631194,
              42.246950877021824
            ],
            [
              -71.75037982275516,
              42.246666951225826
            ],
            [
              -71.75024783927343,
              42.24652001712983
            ],
            [
              -71.75000356872951,
              42.246216841165285
            ],
            [
              -71.74989160635961,
              42.24606100240647
            ],
            [
              -71.7496885107357,
              42.24574149640162
            ],
            [
              -71.74960049132392,
              42.245583363275856
            ],
            [
              -71.74960044054414,
              42.245583283389266
            ],
            [
              -71.74960037947027,
              42.2455832075855
            ],
            [
              -71.74960030869042,
              42.24558313659459
            ],
            [
              -71.7496002288863,
              42.24558307110021
            ],
            [
              -71.7496001408264,
              42.2455830117331
            ],
            [
              -71.74952691010064,
              42.24553830764212
            ],
            [
              -71.74917471645232,
              42.2453008681685
            ],
            [
              -71.74900669394134,
              42.24517588662402
            ],
            [
              -71.74868752312545,
              42.24491393975347
            ],
            [
              -71.74853679914017,
              42.24477732272918
            ],
            [
              -71.7482537248301,
              42.24449339158005
            ],
            [
              -71.7481217508102,
              42.244346454982896
            ],
            [
              -71.74787749882586,
              42.24404327437762
            ],
            [
              -71.74776554552906,
              42.24388743348542
            ],
            [
              -71.74756246759884,
              42.24356792359689
            ],
            [
              -71.74747161287159,
              42.2434046794208
            ],
            [
              -71.74731166400514,
              42.24307191763502
            ],
            [
              -71.74724278241472,
              42.24290284245711
            ],
            [
              -71.7471275021037,
              42.242560033723514
            ],
            [
              -71.7470812565316,
              42.24238675594908
            ],
            [
              -71.74701175395825,
              42.242037201904736
            ],
            [
              -71.74698858923499,
              42.241861390375206
            ],
            [
              -71.74696553262969,
              42.24150845754048
            ],
            [
              -71.74696567127155,
              42.241331805458486
            ],
            [
              -71.74698928152036,
              42.24097889281084
            ],
            [
              -71.7470127216084,
              42.24080310143215
            ],
            [
              -71.74708277017042,
              42.24045360767055
            ],
            [
              -71.7471292853915,
              42.24028036992007
            ],
            [
              -71.74724509654449,
              42.23993766073535
            ],
            [
              -71.74731423839268,
              42.2397686449049
            ],
            [
              -71.74747469578354,
              42.23943602057106
            ],
            [
              -71.74756579790022,
              42.23927285425605
            ],
            [
              -71.74776935533556,
              42.238953517854696
            ],
            [
              -71.74788153994547,
              42.23879777228402
            ],
            [
              -71.74812623631693,
              42.23849479886735
            ],
            [
              -71.7482584226974,
              42.238347973777486
            ],
            [
              -71.74854190089658,
              42.238064280766594
            ],
            [
              -71.74869281579795,
              42.237927789965156
            ],
            [
              -71.74901234543769,
              42.23766610906833
            ],
            [
              -71.74918053535391,
              42.23754126682594
            ],
            [
              -71.74953303907637,
              42.23730411774645
            ],
            [
              -71.74971688424746,
              42.23719212614773
            ],
            [
              -71.75009896736508,
              42.23698179233419
            ],
            [
              -71.75029669737616,
              42.236883729709156
            ],
            [
              -71.7507046805599,
              42.23670223638108
            ],
            [
              -71.75091439138693,
              42.23661904692842
            ],
            [
              -71.75134434608715,
              42.23646814158793
            ],
            [
              -71.75156401842506,
              42.23640062628945
            ],
            [
              -71.75201180468433,
              42.236281761906426
            ],
            [
              -71.75223932338163,
              42.236230570819934
            ],
            [
              -71.75270062967635,
              42.23614489185187
            ],
            [
              -71.75293380408922,
              42.23611051785666
            ],
            [
              -71.75340418881733,
              42.236058849237274
            ],
            [
              -71.75364077388811,
              42.23604162329192
            ],
            [
              -71.75411570810445,
              42.236024462494406
            ],
            [
              -71.75435342596201,
              42.23602455045265
            ],
            [
              -71.75482833695175,
              42.23604206270344
            ],
            [
              -71.75506489882675,
              42.2360594637185
            ],
            [
              -71.75553521409842,
              42.236111480407665
            ],
            [
              -71.75576834234286,
              42.236146026940354
            ],
            [
              -71.75622953361943,
              42.23623204724378
            ],
            [
              -71.75645698361974,
              42.23628340667448
            ],
            [
              -71.75690461040546,
              42.236402602372216
            ],
            [
              -71.75712419217867,
              42.23647028020087
            ],
            [
              -71.75755394448404,
              42.23662150364566
            ],
            [
              -71.75776354374979,
              42.23670484824963
            ],
            [
              -71.7581712835644,
              42.2368866434088
            ],
            [
              -71.75836888209088,
              42.236984852312446
            ],
            [
              -71.75875068320639,
              42.23719546877766
            ],
            [
              -71.75893437823453,
              42.23730759637375
            ],
            [
              -71.75928656403504,
              42.23754500620378
            ],
            [
              -71.75945458659457,
              42.23766997285267
            ],
            [
              -71.75977376545151,
              42.23793189008782
            ],
            [
              -71.75992449739279,
              42.23806849250685
            ],
            [
              -71.76020759532376,
              42.23835239516764
            ],
            [
              -71.76033958490137,
              42.23849931801108
            ],
            [
              -71.76058387517874,
              42.23880247236989
            ],
            [
              -71.76069585103704,
              42.238958300888505
            ],
            [
              -71.76089898046085,
              42.23927778778104
            ],
            [
              -71.76098701933056,
              42.23943591241086
            ],
            [
              -71.76098707011975,
              42.239435992292485
            ],
            [
              -71.76098713120135,
              42.23943606809027
            ],
            [
              -71.76098720198709,
              42.23943613907423
            ],
            [
              -71.76098728179527,
              42.239436204560754
            ],
            [
              -71.76098736985728,
              42.239436263919174
            ],
            [
              -71.7610606016186,
              42.23948096073935
            ],
            [
              -71.76131571177775,
              42.23965291719966
            ],
            [
              -71.76131577999713,
              42.23965295988919
            ],
            [
              -71.76131585225795,
              42.23965299873393
            ],
            [
              -71.76145589478267,
              42.23972259303194
            ],
            [
              -71.76183772266704,
              42.23993319912086
            ],
            [
              -71.76202143110051,
              42.240045321719485
            ],
            [
              -71.76237364369554,
              42.240282721957506
            ],
            [
              -71.7625416796087,
              42.24040768402464
            ],
            [
              -71.76286088502789,
              42.240669592544485
            ],
            [
              -71.76301163014253,
              42.24080619084156
            ],
            [
              -71.76301829994861,
              42.24081287884592
            ],
            [
              -71.76301838876718,
              42.2408129579993
            ],
            [
              -71.76301848917802,
              42.24081302909137
            ],
            [
              -71.7630185998653,
              42.240813091190525
            ],
            [
              -71.76307805430973,
              42.24084263536202
            ],
            [
              -71.7634598943412,
              42.24105323600962
            ],
            [
              -71.76364360889545,
              42.24116535598819
            ],
            [
              -71.76399583380011,
              42.24140275119856
            ],
            [
              -71.76416387588576,
              42.24152771086477
            ],
            [
              -71.76448309365861,
              42.24178961481904
            ],
            [
              -71.76463384493803,
              42.2419262109575
            ],
            [
              -71.76491698122207,
              42.24221010180414
            ],
            [
              -71.76504898976364,
              42.24235701912966
            ],
            [
              -71.76508006094866,
              42.24239557019813
            ],
            [
              -71.76508011529684,
              42.242395631768915
            ],
            [
              -71.76508017623489,
              42.242395689833614
            ],
            [
              -71.76508024335519,
              42.24239574400381
            ],
            [
              -71.76510959326467,
              42.24241756837242
            ],
            [
              -71.76542881943375,
              42.2426794696542
            ],
            [
              -71.76557957487108,
              42.24281606452856
            ],
            [
              -71.7658627193727,
              42.24309995299681
            ],
            [
              -71.76599473196298,
              42.2432468692112
            ],
            [
              -71.76623906762111,
              42.243550011275005
            ],
            [
              -71.76635106578713,
              42.243705834144016
            ],
            [
              -71.7663957732082,
              42.24377613396621
            ],
            [
              -71.76639582922157,
              42.24377621189709
            ],
            [
              -71.76639589524555,
              42.2437762853733
            ],
            [
              -71.76639597064431,
              42.243776353687245
            ],
            [
              -71.76639605469173,
              42.24377641618098
            ],
            [
              -71.76646687585436,
              42.24382414390835
            ],
            [
              -71.76663492924087,
              42.24394909990172
            ],
            [
              -71.76695416943814,
              42.244210996868546
            ],
            [
              -71.76710493181132,
              42.24434758970175
            ],
            [
              -71.76738808999812,
              42.24463147432901
            ],
            [
              -71.76752010931959,
              42.2447783887487
            ],
            [
              -71.76776445818814,
              42.24508152748249
            ],
            [
              -71.76785257817343,
              42.245204120473275
            ],
            [
              -71.76785263926881,
              42.24520419626732
            ],
            [
              -71.7678527100687,
              42.24520426724698
            ],
            [
              -71.767882086298,
              42.24523088159215
            ],
            [
              -71.76788216230713,
              42.245230944225774
            ],
            [
              -71.76788224587088,
              42.24523100129987
            ],
            [
              -71.76788233625597,
              42.24523105231359
            ],
            [
              -71.76788243266914,
              42.245231096819275
            ],
            [
              -71.7678825342644,
              42.245231134426334
            ],
            [
              -71.76788264015012,
              42.24523116480476
            ],
            [
              -71.76788274939715,
              42.24523118768797
            ],
            [
              -71.76788286104674,
              42.24523120287515
            ],
            [
              -71.76788297411915,
              42.24523121023299
            ],
            [
              -71.76788308762205,
              42.245231209696954
            ],
            [
              -71.76788320055944,
              42.24523120127174
            ],
            [
              -71.76788719261341,
              42.245230762311905
            ],
            [
              -71.76812380801181,
              42.245213506515505
            ],
            [
              -71.76859880709242,
              42.24519628576531
            ],
            [
              -71.76883655940041,
              42.24519634370161
            ],
            [
              -71.76931154317899,
              42.2452137959469
            ],
            [
              -71.76954814329568,
              42.245231167058144
            ],
            [
              -71.77001853858029,
              42.245283124266685
            ],
            [
              -71.77025170848967,
              42.24531764130161
            ],
            [
              -71.7707129862333,
              42.24540360322192
            ],
            [
              -71.77091446398816,
              42.24544906355747
            ],
            [
              -71.77091458905194,
              42.24544908645971
            ],
            [
              -71.77091471668116,
              42.245449099368244
            ],
            [
              -71.7709148454335,
              42.24544910213719
            ],
            [
              -71.77091497385393,
              42.24544909473525
            ],
            [
              -71.77091510049118,
              42.24544907724607
            ],
            [
              -71.77091522391416,
              42.245449049867304
            ],
            [
              -71.77131791975529,
              42.245342093607846
            ],
            [
              -71.77154545539751,
              42.245290864298234
            ],
            [
              -71.77200680157019,
              42.245205107802015
            ],
            [
              -71.77223999886306,
              42.24517069460482
            ],
            [
              -71.77271043513453,
              42.24511894687488
            ],
            [
              -71.7729034521643,
              42.24510486241915
            ],
            [
              -71.77290355031145,
              42.245104852231606
            ],
            [
              -71.77290364700985,
              42.24510483611868
            ],
            [
              -71.77290374161261,
              42.245104814188146
            ],
            [
              -71.77315423134787,
              42.245038278906996
            ],
            [
              -71.77338176441236,
              42.244987045950936
            ],
            [
              -71.77384310588386,
              42.2449012820623
            ],
            [
              -71.77407630105952,
              42.24486686512894
            ],
            [
              -71.77454673357252,
              42.24481510986295
            ],
            [
              -71.77478334560183,
              42.24479784032426
            ],
            [
              -71.7752583397512,
              42.2447805919882
            ],
            [
              -71.77549609050361,
              42.244780636117596
            ],
            [
              -71.7759710729977,
              42.24479806078066
            ],
            [
              -71.77620767338723,
              42.24481541815328
            ],
            [
              -71.77667807104653,
              42.24486734804879
            ],
            [
              -71.77691124305458,
              42.24490185154564
            ],
            [
              -71.7773725268092,
              42.24498778668504
            ],
            [
              -71.77760002540109,
              42.24503910410078
            ],
            [
              -71.77804775386544,
              42.24515821708414
            ],
            [
              -71.77826738859056,
              42.24522585432328
            ],
            [
              -71.77869725079667,
              42.24537699829968
            ],
            [
              -71.77890690686519,
              42.245460304130404
            ],
            [
              -71.77910133486505,
              42.24554693139375
            ],
            [
              -71.77910143971972,
              42.245546973056804
            ],
            [
              -71.77910154956567,
              42.24554700688298
            ],
            [
              -71.77910166334506,
              42.24554703254651
            ],
            [
              -71.77910177996208,
              42.24554704980023
            ],
            [
              -71.77910189829366,
              42.245547058477975
            ],
            [
              -71.77910201720022,
              42.245547058496186
            ],
            [
              -71.77954112304802,
              42.2455310970466
            ],
            [
              -71.77977887662128,
              42.24553113229693
            ],
            [
              -71.78025386592348,
              42.245548539219044
            ],
            [
              -71.78049047029123,
              42.24556588775332
            ],
            [
              -71.78096087703804,
              42.24561780007461
            ],
            [
              -71.78119405414336,
              42.24565229485892
            ],
            [
              -71.78165534917751,
              42.245738212760045
            ],
            [
              -71.78188285393668,
              42.24578952167294
            ],
            [
              -71.78233059576402,
              42.24590861791992
            ],
            [
              -71.78255023766712,
              42.24597624694777
            ],
            [
              -71.78298011519111,
              42.24612737485083
            ],
            [
              -71.78318977937919,
              42.24621067284087
            ],
            [
              -71.78359765338446,
              42.24639237728733
            ],
            [
              -71.78364981666108,
              42.24641828247437
            ],
            [
              -71.78364991864271,
              42.24641832790594
            ],
            [
              -71.78365002612668,
              42.24641836569181
            ],
            [
              -71.78365013807789,
              42.24641839546809
            ],
            [
              -71.78365025341814,
              42.246418416948
            ],
            [
              -71.78366171717875,
              42.246420112536924
            ],
            [
              -71.78412302115547,
              42.24650602050056
            ],
            [
              -71.78435053067322,
              42.24655732451123
            ],
            [
              -71.78479828257183,
              42.246676411107885
            ],
            [
              -71.78501792977421,
              42.246744035400496
            ],
            [
              -71.78544781840127,
              42.24689515403332
            ],
            [
              -71.78565748837836,
              42.246978447500695
            ],
            [
              -71.78606537441163,
              42.24716014314626
            ],
            [
              -71.78626304825116,
              42.24725830380517
            ],
            [
              -71.78664500407524,
              42.24746882701339
            ],
            [
              -71.78682877829334,
              42.24758090972122
            ],
            [
              -71.78718112580341,
              42.24781823344897
            ],
            [
              -71.7873492306677,
              42.24794315899837
            ],
            [
              -71.78766857667881,
              42.24820499811523
            ],
            [
              -71.78781939324742,
              42.24834156361935
            ],
            [
              -71.78810266216827,
              42.24862539689831
            ],
            [
              -71.78823473788118,
              42.24877228736709
            ],
            [
              -71.78847920133813,
              42.249075381748895
            ],
            [
              -71.78859126401052,
              42.24923118274496
            ],
            [
              -71.78879456713634,
              42.24955061964325
            ],
            [
              -71.78888553721892,
              42.24971383089616
            ],
            [
              -71.78902900531156,
              42.250011815148966
            ],
            [
              -71.7890290508085,
              42.250011896774936
            ],
            [
              -71.78902910685522,
              42.250011974694665
            ],
            [
              -71.78907437626853,
              42.25006809926528
            ],
            [
              -71.78918644216272,
              42.25022389965278
            ],
            [
              -71.78938975147932,
              42.25054333544061
            ],
            [
              -71.78948072452268,
              42.25070654619312
            ],
            [
              -71.78960238536217,
              42.250959227247705
            ],
            [
              -71.78960243086054,
              42.250959308873426
            ],
            [
              -71.7896024869088,
              42.25095938679288
            ],
            [
              -71.78960255296721,
              42.25095946025562
            ],
            [
              -71.78960262839956,
              42.25095952855421
            ],
            [
              -71.78960271247944,
              42.25095959103087
            ],
            [
              -71.78960280439705,
              42.2509596470839
            ],
            [
              -71.78960290326721,
              42.250959696173524
            ],
            [
              -71.78960300813777,
              42.250959737826946
            ],
            [
              -71.78960311799872,
              42.25095977164303
            ],
            [
              -71.78960323179209,
              42.25095979729612
            ],
            [
              -71.78979649750443,
              42.250995775890836
            ],
            [
              -71.7900240277543,
              42.25104706860602
            ],
            [
              -71.79033514768555,
              42.2511297927395
            ],
            [
              -71.79033524228687,
              42.25112981469482
            ],
            [
              -71.79033533898682,
              42.25112983083309
            ],
            [
              -71.79033543713848,
              42.25112984104638
            ],
            [
              -71.7904212019647,
              42.25113612146266
            ],
            [
              -71.79089165824129,
              42.251187992998176
            ],
            [
              -71.79112486127251,
              42.25122246755664
            ],
            [
              -71.79158621036862,
              42.25130834542746
            ],
            [
              -71.79181374319201,
              42.25135963458909
            ],
            [
              -71.79226154309329,
              42.25147869194664
            ],
            [
              -71.79248121492888,
              42.251546301888
            ],
            [
              -71.7929111539799,
              42.25169739241694
            ],
            [
              -71.79312084968073,
              42.25178067216905
            ],
            [
              -71.79352878807406,
              42.25196234111661
            ],
            [
              -71.79372648848029,
              42.25206048882827
            ],
            [
              -71.79410849809652,
              42.25227098700148
            ],
            [
              -71.7942922994686,
              42.2523830576548
            ],
            [
              -71.79429663503984,
              42.25238597715912
            ],
            [
              -71.7942967269637,
              42.252386033208396
            ],
            [
              -71.79429682583974,
              42.252386082293945
            ],
            [
              -71.79429693071575,
              42.252386123943076
            ],
            [
              -71.79463221577824,
              42.25250394299502
            ],
            [
              -71.79484191641501,
              42.25258721958848
            ],
            [
              -71.7952498649451,
              42.25276888238848
            ],
            [
              -71.79544757053871,
              42.2528670271194
            ],
            [
              -71.7958295907453,
              42.253077519530024
            ],
            [
              -71.79601339750626,
              42.25318958740918
            ],
            [
              -71.79636581066485,
              42.253426882683904
            ],
            [
              -71.79653394854756,
              42.25355179464677
            ],
            [
              -71.79685336084134,
              42.253813607929246
            ],
            [
              -71.79700421058608,
              42.253950161219876
            ],
            [
              -71.79728754578565,
              42.254233971531946
            ],
            [
              -71.79741965451305,
              42.25438085127788
            ],
            [
              -71.79766418360668,
              42.25468392578159
            ],
            [
              -71.79777627881401,
              42.2548397176488
            ],
            [
              -71.7979796463025,
              42.2551591379493
            ],
            [
              -71.7980237773526,
              42.25523828323898
            ],
            [
              -71.79802382820121,
              42.25523836310398
            ],
            [
              -71.79802388934237,
              42.255238438881804
            ],
            [
              -71.79802396018732,
              42.25523850984273
            ],
            [
              -71.79802404005372,
              42.25523857530328
            ],
            [
              -71.79802412817243,
              42.25523863463309
            ],
            [
              -71.79802422369484,
              42.25523868726077
            ],
            [
              -71.79802432570098,
              42.25523873267948
            ],
            [
              -71.79802443320851,
              42.25523877045181
            ],
            [
              -71.79808079630259,
              42.25525611341066
            ],
            [
              -71.79851077391669,
              42.25540718284873
            ],
            [
              -71.79872048927427,
              42.2554904523078
            ],
            [
              -71.79912846764668,
              42.25567210121856
            ],
            [
              -71.79924644718095,
              42.255730660042765
            ],
            [
              -71.79924654918878,
              42.255730705460394
            ],
            [
              -71.79924665669787,
              42.25573074323158
            ],
            [
              -71.79924676867286,
              42.25573077299258
            ],
            [
              -71.79924688403537,
              42.25573079445678
            ],
            [
              -71.7992470016744,
              42.255730807417464
            ],
            [
              -71.79924712045703,
              42.25573081174982
            ],
            [
              -71.79924723923929,
              42.2557308074121
            ],
            [
              -71.79927566104338,
              42.25572872720533
            ],
            [
              -71.79975073052275,
              42.25571137745375
            ],
            [
              -71.79998852233742,
              42.25571137080417
            ],
            [
              -71.80008332868333,
              42.25571482801751
            ],
            [
              -71.80008345609531,
              42.25571482768182
            ],
            [
              -71.80008358275563,
              42.255714817410144
            ],
            [
              -71.80008370726416,
              42.255714797316
            ],
            [
              -71.8000838282446,
              42.2557147676215
            ],
            [
              -71.80008394435956,
              42.255714728654915
            ],
            [
              -71.80008405432551,
              42.25571468084698
            ],
            [
              -71.80008415692687,
              42.25571462472618
            ],
            [
              -71.80022134470909,
              42.25563097855475
            ],
            [
              -71.80037312159665,
              42.255547347916874
            ],
            [
              -71.8003732135239,
              42.255547291866556
            ],
            [
              -71.80037329761316,
              42.255547229392405
            ],
            [
              -71.8003733730546,
              42.25554716109609
            ],
            [
              -71.80047653458904,
              42.255443818128356
            ],
            [
              -71.80062737892786,
              42.25530725940746
            ],
            [
              -71.80094678156924,
              42.25504543461959
            ],
            [
              -71.80111491521829,
              42.254920516596925
            ],
            [
              -71.8014673211129,
              42.254683208614544
            ],
            [
              -71.80165112485317,
              42.254571134104424
            ],
            [
              -71.80203314025397,
              42.254360627906244
            ],
            [
              -71.80223084406889,
              42.254262476037056
            ],
            [
              -71.80263879029764,
              42.254080798502336
            ],
            [
              -71.80284849041477,
              42.253997514332035
            ],
            [
              -71.80285546179663,
              42.25399506435471
            ],
            [
              -71.80285556667276,
              42.2539950227021
            ],
            [
              -71.80285566554835,
              42.25399497361325
            ],
            [
              -71.80285575747116,
              42.25399491756093
            ],
            [
              -71.80317737784533,
              42.25377832838003
            ],
            [
              -71.80336117593042,
              42.25366625111169
            ],
            [
              -71.80374318018346,
              42.25345573918442
            ],
            [
              -71.80394087852065,
              42.253357584351974
            ],
            [
              -71.80434881400983,
              42.25317590070614
            ],
            [
              -71.80455850887942,
              42.25309261339607
            ],
            [
              -71.80498844751321,
              42.25294150736616
            ],
            [
              -71.80501624558279,
              42.25293295080425
            ],
            [
              -71.80501636615165,
              42.252932907754214
            ],
            [
              -71.80501647959879,
              42.252932855093604
            ],
            [
              -71.80501658454173,
              42.25293279346413
            ],
            [
              -71.80501667970167,
              42.252932723616816
            ],
            [
              -71.80517176685804,
              42.25280557600292
            ],
            [
              -71.80533988622022,
              42.25268065173793
            ],
            [
              -71.8056922638064,
              42.25244333068134
            ],
            [
              -71.80587605356273,
              42.252331249356715
            ],
            [
              -71.80625804139649,
              42.25212072900414
            ],
            [
              -71.80645573166491,
              42.25202256981389
            ],
            [
              -71.80686365133327,
              42.25184087718094
            ],
            [
              -71.80707333847182,
              42.25175758525351
            ],
            [
              -71.8072721451787,
              42.251687706207484
            ],
            [
              -71.8072722669694,
              42.251687656873194
            ],
            [
              -71.80727238037292,
              42.25168759752121
            ],
            [
              -71.80727248390312,
              42.251687528929345
            ],
            [
              -71.80729494617385,
              42.251670836837015
            ],
            [
              -71.80764731080983,
              42.25143350973196
            ],
            [
              -71.807831094173,
              42.25132142525472
            ],
            [
              -71.80821306941198,
              42.25111089835371
            ],
            [
              -71.80841075349552,
              42.25101273577636
            ],
            [
              -71.80881866104578,
              42.25083103615804
            ],
            [
              -71.80902834226724,
              42.25074774064164
            ],
            [
              -71.80945825430615,
              42.25059661779433
            ],
            [
              -71.80953571740591,
              42.25057276931845
            ],
            [
              -71.809535824897,
              42.25057273153274
            ],
            [
              -71.80953592688543,
              42.250572686101336
            ],
            [
              -71.80953602238897,
              42.25057263346174
            ],
            [
              -71.80953611048784,
              42.250572574120966
            ],
            [
              -71.80967979612268,
              42.250465791098485
            ],
            [
              -71.8100321451111,
              42.25022845661678
            ],
            [
              -71.81021592075369,
              42.25011636829453
            ],
            [
              -71.81059788079119,
              42.249905833406814
            ],
            [
              -71.81079555741404,
              42.249807666698345
            ],
            [
              -71.81084679389103,
              42.249784842011024
            ],
            [
              -71.81084689275383,
              42.24978479291524
            ],
            [
              -71.81084698466344,
              42.24978473685648
            ],
            [
              -71.81084706873472,
              42.24978467437459
            ],
            [
              -71.81090662927393,
              42.249735834808455
            ],
            [
              -71.81107472916749,
              42.24961090207066
            ],
            [
              -71.81142706816881,
              42.24937356326821
            ],
            [
              -71.81161083886018,
              42.249261472694144
            ],
            [
              -71.8119927891013,
              42.24905093312956
            ],
            [
              -71.81219046089197,
              42.248952764002304
            ],
            [
              -71.81259834432173,
              42.24877105087621
            ],
            [
              -71.81280801374754,
              42.24868774841991
            ],
            [
              -71.81306102472,
              42.248598797056346
            ],
            [
              -71.81306112958049,
              42.24859875539436
            ],
            [
              -71.81306122843974,
              42.248598706296676
            ],
            [
              -71.81306132034567,
              42.24859865023613
            ],
            [
              -71.81306140441316,
              42.2485985877526
            ],
            [
              -71.8131316461961,
              42.248540985469816
            ],
            [
              -71.81329973852661,
              42.248416049444955
            ],
            [
              -71.81365206253753,
              42.24817870375789
            ],
            [
              -71.81383582582149,
              42.24806660959542
            ],
            [
              -71.81421776145527,
              42.247856062577384
            ],
            [
              -71.81441542606548,
              42.24775788959495
            ],
            [
              -71.81482329541153,
              42.24757616851832
            ],
            [
              -71.81498884168454,
              42.24751039102277
            ],
            [
              -71.81498894366412,
              42.247510345586484
            ],
            [
              -71.81498903915849,
              42.247510292942344
            ],
            [
              -71.814989127248,
              42.247510233597325
            ],
            [
              -71.81499465685297,
              42.24750612343735
            ],
            [
              -71.81534696944678,
              42.24726877250611
            ],
            [
              -71.81553072708904,
              42.247156675610256
            ],
            [
              -71.8159126515976,
              42.246946122914686
            ],
            [
              -71.816110310739,
              42.24684794699566
            ],
            [
              -71.8165181693588,
              42.246666219862846
            ],
            [
              -71.81672782665693,
              42.24658291021021
            ],
            [
              -71.81715769203628,
              42.24643175839341
            ],
            [
              -71.81736387172266,
              42.24636826149235
            ],
            [
              -71.81736397920199,
              42.24636822369928
            ],
            [
              -71.817364081178,
              42.246368178260866
            ],
            [
              -71.81736417666868,
              42.24636812561474
            ],
            [
              -71.81736426475436,
              42.24636806626789
            ],
            [
              -71.81736434458676,
              42.24636800079186
            ],
            [
              -71.8173973393401,
              42.24633811444713
            ],
            [
              -71.81771662737665,
              42.24607624255594
            ],
            [
              -71.81788470411664,
              42.245951299758055
            ],
            [
              -71.81823699722545,
              42.24571393988513
            ],
            [
              -71.81842074523887,
              42.245601838328675
            ],
            [
              -71.81880265075851,
              42.245391275952535
            ],
            [
              -71.81900030056512,
              42.245293095026376
            ],
            [
              -71.81940814087488,
              42.24511135756731
            ],
            [
              -71.81945059856862,
              42.24509448478582
            ],
            [
              -71.81945070054111,
              42.24509443934555
            ],
            [
              -71.81945079602812,
              42.245094386697666
            ],
            [
              -71.81952071090166,
              42.24505173123636
            ],
            [
              -71.81990260944558,
              42.24484116517734
            ],
            [
              -71.8201002558295,
              42.24474298234623
            ],
            [
              -71.82024790054913,
              42.24467718826272
            ],
            [
              -71.82024799939667,
              42.24467713915882
            ],
            [
              -71.82024809129055,
              42.24467708309246
            ],
            [
              -71.82024817534575,
              42.244677020603625
            ],
            [
              -71.82034669342227,
              42.24459621134527
            ],
            [
              -71.82051476104414,
              42.24447126466109
            ],
            [
              -71.8208670360598,
              42.2442338966487
            ],
            [
              -71.82105077512223,
              42.2441217908499
            ],
            [
              -71.82143266296967,
              42.24391121966213
            ],
            [
              -71.82163030407857,
              42.243813034178444
            ],
            [
              -71.82203812730718,
              42.243631287320454
            ],
            [
              -71.82224776729365,
              42.243547967533544
            ],
            [
              -71.82225447168703,
              42.243545609603665
            ],
            [
              -71.82225457653311,
              42.24354556793325
            ],
            [
              -71.82225467537734,
              42.243545518827595
            ],
            [
              -71.82225476726778,
              42.24354546275963
            ],
            [
              -71.82227184673077,
              42.24353395379378
            ],
            [
              -71.8224555812752,
              42.24342184573081
            ],
            [
              -71.82283746022996,
              42.24321126983987
            ],
            [
              -71.823035096976,
              42.243113081923426
            ],
            [
              -71.8234429116647,
              42.2429313300481
            ],
            [
              -71.82346042018156,
              42.24292437109338
            ],
            [
              -71.82346052214767,
              42.24292432564952
            ],
            [
              -71.82346061762809,
              42.24292427299829
            ],
            [
              -71.82346070570327,
              42.24292421364672
            ],
            [
              -71.8234846044861,
              42.242906444822616
            ],
            [
              -71.82383685966428,
              42.24266906762411
            ],
            [
              -71.82402058892866,
              42.242556957037195
            ],
            [
              -71.82440245746363,
              42.24234637590381
            ],
            [
              -71.82460008908379,
              42.24224818527581
            ],
            [
              -71.82500789371079,
              42.24206642780846
            ],
            [
              -71.82521752460914,
              42.24198310257058
            ],
            [
              -71.8256473384961,
              42.24183191881469
            ],
            [
              -71.82586695013643,
              42.241764261256066
            ],
            [
              -71.82587635183229,
              42.24176175895112
            ],
            [
              -71.82587647506479,
              42.24176172032556
            ],
            [
              -71.8258765918168,
              42.24176167184257
            ],
            [
              -71.82587670066557,
              42.241761614092916
            ],
            [
              -71.82587680028468,
              42.24176154778037
            ],
            [
              -71.8259142499937,
              42.24173370169547
            ],
            [
              -71.82626648954114,
              42.241496316986606
            ],
            [
              -71.82645021110174,
              42.2413842024848
            ],
            [
              -71.82683206448569,
              42.24117361321912
            ],
            [
              -71.82702968867865,
              42.24107541838455
            ],
            [
              -71.82743747878013,
              42.24089365224133
            ],
            [
              -71.82764710259941,
              42.2408103225457
            ],
            [
              -71.82807690272615,
              42.24065912965389
            ],
            [
              -71.82829650770361,
              42.240591467429276
            ],
            [
              -71.82874417938498,
              42.240472303527326
            ],
            [
              -71.828971651017,
              42.240420960246134
            ],
            [
              -71.82943288383146,
              42.240334972675186
            ],
            [
              -71.82966603192688,
              42.24030044268195
            ],
            [
              -71.83013638497899,
              42.24024845934676
            ],
            [
              -71.8303729647332,
              42.24023107510191
            ],
            [
              -71.83084790938234,
              42.2402135965055
            ],
            [
              -71.83104055247094,
              42.240213538913565
            ],
            [
              -71.83104068305265,
              42.24021353362991
            ],
            [
              -71.83104081210728,
              42.240213517918775
            ],
            [
              -71.83104093813118,
              42.24021349196323
            ],
            [
              -71.83104105965606,
              42.24021345606569
            ],
            [
              -71.83104117526602,
              42.24021341064437
            ],
            [
              -71.8314057796067,
              42.24005087442669
            ],
            [
              -71.83161539541435,
              42.23996753746565
            ],
            [
              -71.83204518034651,
              42.23981632968005
            ],
            [
              -71.83226477816125,
              42.23974865984685
            ],
            [
              -71.83271243641711,
              42.23962948043722
            ],
            [
              -71.83293990180421,
              42.23957812927754
            ],
            [
              -71.83340112309139,
              42.23949212573433
            ],
            [
              -71.83363426591978,
              42.239457587668554
            ],
            [
              -71.83410460945373,
              42.239405588050296
            ],
            [
              -71.8343411849695,
              42.239388195616556
            ],
            [
              -71.83481612220123,
              42.239370700583045
            ],
            [
              -71.83505385262512,
              42.23937062123789
            ],
            [
              -71.83552881081063,
              42.2393877992333
            ],
            [
              -71.83576540725235,
              42.23940503374058
            ],
            [
              -71.83623581344608,
              42.239456719372896
            ],
            [
              -71.83646899792508,
              42.2394911017965
            ],
            [
              -71.83693032297533,
              42.239576797428754
            ],
            [
              -71.83715785033708,
              42.239627996728906
            ],
            [
              -71.8376056524612,
              42.23974687726696
            ],
            [
              -71.83782533197846,
              42.23981440048534
            ],
            [
              -71.83825529950015,
              42.239965321316205
            ],
            [
              -71.83846501595225,
              42.24004851831876
            ],
            [
              -71.83887300879061,
              42.24023002632338
            ],
            [
              -71.83907074281834,
              42.24032809605564
            ],
            [
              -71.8394528323307,
              42.24053844359066
            ],
            [
              -71.83963667987129,
              42.24065044178547
            ],
            [
              -71.83998918666694,
              42.24088760349929
            ],
            [
              -71.8401573772827,
              42.241012451763126
            ],
            [
              -71.84047690664434,
              42.24127414408548
            ],
            [
              -71.84062782056841,
              42.24141064027578
            ],
            [
              -71.84091129514077,
              42.24169434339336
            ],
            [
              -71.84104347887649,
              42.241841173187616
            ],
            [
              -71.84128816830713,
              42.242144155294845
            ],
            [
              -71.84140034863015,
              42.24229990484013
            ],
            [
              -71.84160389587733,
              42.24261924843221
            ],
            [
              -71.84169499210623,
              42.24278241795377
            ],
            [
              -71.84185543615946,
              42.24311504790923
            ],
            [
              -71.84192457057553,
              42.24328406614727
            ],
            [
              -71.84204036536968,
              42.243626779330356
            ],
            [
              -71.84208687168577,
              42.24380001866628
            ],
            [
              -71.84215690102505,
              42.24414951476444
            ],
            [
              -71.8421803308209,
              42.24432530689111
            ],
            [
              -71.84220391916799,
              42.24467822019097
            ],
            [
              -71.84220404622943,
              42.24485487217628
            ],
            [
              -71.84218096525419,
              42.24520780397253
            ],
            [
              -71.84215778777379,
              42.24538361456161
            ],
            [
              -71.8420882585968,
              42.245733165886705
            ],
            [
              -71.84204199921358,
              42.24590644188597
            ],
            [
              -71.8419266903213,
              42.246249246245675
            ],
            [
              -71.84185779399873,
              42.24641831883071
            ],
            [
              -71.84169781484857,
              42.24675107463004
            ],
            [
              -71.84160694461002,
              42.24691431542052
            ],
            [
              -71.84140383498521,
              42.24723381776761
            ],
            [
              -71.84129186554733,
              42.247389654514016
            ],
            [
              -71.8410475807628,
              42.24769282609544
            ],
            [
              -71.84091559012744,
              42.24783975782651
            ],
            [
              -71.8406324822275,
              42.24812367855622
            ],
            [
              -71.84048174131247,
              42.248260290041
            ],
            [
              -71.8401625364406,
              42.24852222519685
            ],
            [
              -71.83999449684863,
              42.24864720058171
            ],
            [
              -71.83964226900628,
              42.24888462715811
            ],
            [
              -71.83945854904978,
              42.24899676264723
            ],
            [
              -71.83907669049658,
              42.249207393669536
            ],
            [
              -71.83887905961235,
              42.24930560912636
            ],
            [
              -71.8384712481924,
              42.24948741569201
            ],
            [
              -71.83826160989669,
              42.24957076504967
            ],
            [
              -71.83783177360604,
              42.24972199588342
            ],
            [
              -71.83761214715406,
              42.24978967626351
            ],
            [
              -71.83716442629078,
              42.24990887459779
            ],
            [
              -71.83693692721775,
              42.249960234049325
            ],
            [
              -71.83647563448017,
              42.25004625166642
            ],
            [
              -71.83624245421169,
              42.250080795450344
            ],
            [
              -71.83577203313017,
              42.25013280375085
            ],
            [
              -71.83553541785898,
              42.25015019910931
            ],
            [
              -71.8350603999626,
              42.25016769709981
            ],
            [
              -71.83486772658884,
              42.25016776144889
            ],
            [
              -71.8348675959869,
              42.250167766736894
            ],
            [
              -71.83486746691295,
              42.250167782452316
            ],
            [
              -71.83486734087082,
              42.250167808412016
            ],
            [
              -71.834867219329,
              42.25016784431355
            ],
            [
              -71.83486710370359,
              42.25016788973865
            ],
            [
              -71.83450244999722,
              42.25033043668056
            ]
          ],
          [
            [
              -71.83352906261949,
              42.241322777711154
            ],
            [
              -71.83352894885553,
              42.24132280339386
            ],
            [
              -71.83308122416756,
              42.241442000865625
            ],
            [
              -71.83308111433881,
              42.24144203470986
            ],
            [
              -71.83265126708461,
              42.241593265251325
            ],
            [
              -71.83265116224862,
              42.24159330693124
            ],
            [
              -71.83224333159923,
              42.24177511433082
            ],
            [
              -71.83224323276552,
              42.2417751634451
            ],
            [
              -71.83186134598687,
              42.241985797050496
            ],
            [
              -71.83186125410718,
              42.24198585312617
            ],
            [
              -71.83174969233062,
              42.242061047568875
            ],
            [
              -71.83144296353778,
              42.24202733527414
            ],
            [
              -71.83144284520561,
              42.2420273266504
            ],
            [
              -71.83096780891522,
              42.24201012959032
            ],
            [
              -71.83096769001533,
              42.24201012962587
            ],
            [
              -71.83049267251153,
              42.24202761090085
            ],
            [
              -71.83049255418875,
              42.242027619595376
            ],
            [
              -71.83002212937544,
              42.242079610879514
            ],
            [
              -71.83002201276909,
              42.24207962814932
            ],
            [
              -71.82956071034994,
              42.24216562882142
            ],
            [
              -71.82956059658285,
              42.24216565450019
            ],
            [
              -71.82911285846635,
              42.24228483646187
            ],
            [
              -71.829112748634,
              42.24228487030233
            ],
            [
              -71.8286828861819,
              42.24243608594776
            ],
            [
              -71.82868278134188,
              42.24243612762407
            ],
            [
              -71.82827493387144,
              42.242617920885145
            ],
            [
              -71.82827483503333,
              42.24261796999599
            ],
            [
              -71.82789292997238,
              42.24282859035655
            ],
            [
              -71.82789283808796,
              42.24282864642905
            ],
            [
              -71.82754055316576,
              42.243066065773576
            ],
            [
              -71.82754046911988,
              42.24306612826778
            ],
            [
              -71.8272312957874,
              42.24331977532984
            ],
            [
              -71.8271311158092,
              42.24333844911345
            ],
            [
              -71.82713100203902,
              42.2433384747898
            ],
            [
              -71.82668325105728,
              42.24345764724209
            ],
            [
              -71.82668314122161,
              42.243457681080216
            ],
            [
              -71.82625326500637,
              42.24360888758845
            ],
            [
              -71.82625316016282,
              42.243608929262535
            ],
            [
              -71.82584529816388,
              42.24379071384657
            ],
            [
              -71.82584519932207,
              42.243790762955314
            ],
            [
              -71.82546327910708,
              42.24400137518259
            ],
            [
              -71.8254631872188,
              42.244001431253125
            ],
            [
              -71.82511088666291,
              42.24423884308643
            ],
            [
              -71.82511080261308,
              42.244238905578825
            ],
            [
              -71.82492667911714,
              42.244389950108676
            ],
            [
              -71.82468826185519,
              42.2444738065925
            ],
            [
              -71.82468815700918,
              42.244473848265145
            ],
            [
              -71.82428028494651,
              42.244655627256435
            ],
            [
              -71.82428018610211,
              42.24465567636382
            ],
            [
              -71.82389825546532,
              42.244866283347996
            ],
            [
              -71.8238981635744,
              42.244866339417264
            ],
            [
              -71.82361492816703,
              42.245057199482474
            ],
            [
              -71.82328345704802,
              42.245173778933506
            ],
            [
              -71.82328335219995,
              42.245173820604855
            ],
            [
              -71.82287547159564,
              42.24535559457813
            ],
            [
              -71.82287537274907,
              42.24535564368431
            ],
            [
              -71.82249343321784,
              42.24556624596472
            ],
            [
              -71.82249334132467,
              42.24556630203286
            ],
            [
              -71.82214102092759,
              42.24580370467902
            ],
            [
              -71.82214093687277,
              42.24580376716924
            ],
            [
              -71.82182162857211,
              42.24606568414851
            ],
            [
              -71.82182155316511,
              42.24606575245905
            ],
            [
              -71.8217999959754,
              42.24608736214368
            ],
            [
              -71.82175340020292,
              42.24610374893751
            ],
            [
              -71.82175329535228,
              42.24610379060744
            ],
            [
              -71.82134540436503,
              42.24628555910996
            ],
            [
              -71.82134530551582,
              42.2462856082148
            ],
            [
              -71.82096335528607,
              42.24649620536583
            ],
            [
              -71.8209632633902,
              42.24649626143273
            ],
            [
              -71.82081220518985,
              42.246598043544566
            ],
            [
              -71.82065343566504,
              42.24665387734403
            ],
            [
              -71.82065333081277,
              42.24665391901295
            ],
            [
              -71.82024543312386,
              42.2468356835861
            ],
            [
              -71.82024533427294,
              42.246835732689995
            ],
            [
              -71.81986337706611,
              42.247046326157715
            ],
            [
              -71.81986328516845,
              42.247046382223736
            ],
            [
              -71.81951094667487,
              42.247283776729546
            ],
            [
              -71.81951086261549,
              42.247283839217815
            ],
            [
              -71.81919153597168,
              42.24754574880744
            ],
            [
              -71.81919146056009,
              42.24754581711624
            ],
            [
              -71.81890822113294,
              42.247829719741745
            ],
            [
              -71.81890815509543,
              42.24782979321327
            ],
            [
              -71.81885227279925,
              42.24789910488196
            ],
            [
              -71.81864137516749,
              42.247938397331204
            ],
            [
              -71.81864126138561,
              42.247938422999106
            ],
            [
              -71.81819346189715,
              42.24805756221035
            ],
            [
              -71.81819335204895,
              42.24805759604031
            ],
            [
              -71.81776342433066,
              42.24820877060495
            ],
            [
              -71.8177633194739,
              42.24820881227123
            ],
            [
              -71.81735540347125,
              42.24839056651675
            ],
            [
              -71.81735530461566,
              42.248390615618135
            ],
            [
              -71.81697332841622,
              42.2486011994041
            ],
            [
              -71.81697323651376,
              42.248601255467776
            ],
            [
              -71.81662087853158,
              42.24883864103091
            ],
            [
              -71.81662079446725,
              42.24883870351704
            ],
            [
              -71.81643754671278,
              42.24898898850643
            ],
            [
              -71.81606852699073,
              42.249118737420254
            ],
            [
              -71.81606842213135,
              42.24911877908498
            ],
            [
              -71.81566049540027,
              42.24930052727352
            ],
            [
              -71.81566039654194,
              42.249300576373436
            ],
            [
              -71.8152784092151,
              42.24951115448117
            ],
            [
              -71.8152783173098,
              42.2495112105435
            ],
            [
              -71.81492594790836,
              42.24974859086187
            ],
            [
              -71.81492586384118,
              42.24974865334675
            ],
            [
              -71.8146065057992,
              42.25001055005812
            ],
            [
              -71.81460643037971,
              42.25001061836388
            ],
            [
              -71.81452044901656,
              42.25009678831113
            ],
            [
              -71.81427360642172,
              42.250162449975264
            ],
            [
              -71.81427349656778,
              42.25016248380146
            ],
            [
              -71.81384354519601,
              42.25031364361646
            ],
            [
              -71.81384344033319,
              42.25031368527914
            ],
            [
              -71.81343549951558,
              42.25049542551607
            ],
            [
              -71.81343540065365,
              42.25049547461406
            ],
            [
              -71.81305339871663,
              42.250706045267435
            ],
            [
              -71.81305330680765,
              42.25070610132795
            ],
            [
              -71.81270092241303,
              42.25094347476092
            ],
            [
              -71.81270083834205,
              42.25094353724417
            ],
            [
              -71.8124000051122,
              42.25119022469923
            ],
            [
              -71.8120405788633,
              42.25135034312596
            ],
            [
              -71.81204047999897,
              42.25135039222272
            ],
            [
              -71.81165846826367,
              42.25156095819867
            ],
            [
              -71.8116583763522,
              42.25156101425807
            ],
            [
              -71.81130598196867,
              42.251798383369845
            ],
            [
              -71.81130589789517,
              42.25179844585205
            ],
            [
              -71.81098651453793,
              42.25206033239
            ],
            [
              -71.8109864391121,
              42.25206040069334
            ],
            [
              -71.81094396635945,
              42.25210296146686
            ],
            [
              -71.81094185182215,
              42.252103355248174
            ],
            [
              -71.81094173802967,
              42.25210338090842
            ],
            [
              -71.81049389459223,
              42.25222248996971
            ],
            [
              -71.81049378473269,
              42.25222252379227
            ],
            [
              -71.81006381034511,
              42.25237366938336
            ],
            [
              -71.81006370547637,
              42.25237371104258
            ],
            [
              -71.80965574053339,
              42.25255543776996
            ],
            [
              -71.80965564166532,
              42.25255548686468
            ],
            [
              -71.80927361472556,
              42.25276604485292
            ],
            [
              -71.80927352281023,
              42.2527661009104
            ],
            [
              -71.8089211127762,
              42.2530034626447
            ],
            [
              -71.80892102869878,
              42.25300352512513
            ],
            [
              -71.8086914098361,
              42.25319179307014
            ],
            [
              -71.80853886863402,
              42.25323235930491
            ],
            [
              -71.80853875877168,
              42.2532323931256
            ],
            [
              -71.80810877285691,
              42.25338353136065
            ],
            [
              -71.80810866798522,
              42.25338357301806
            ],
            [
              -71.80770069092166,
              42.25356529275918
            ],
            [
              -71.80770059205051,
              42.253565341852195
            ],
            [
              -71.80731855251352,
              42.25377589329119
            ],
            [
              -71.80731846059498,
              42.253775949347094
            ],
            [
              -71.80696603760833,
              42.25401330503225
            ],
            [
              -71.80696595352762,
              42.25401336751125
            ],
            [
              -71.80664654104119,
              42.25427524186221
            ],
            [
              -71.80664646560804,
              42.254275310162676
            ],
            [
              -71.80647422034373,
              42.25444788745644
            ],
            [
              -71.80647199359883,
              42.25444830202595
            ],
            [
              -71.80647187980034,
              42.25444832768173
            ],
            [
              -71.80602401136272,
              42.254567419240026
            ],
            [
              -71.80602390149673,
              42.25456745305829
            ],
            [
              -71.80559390050873,
              42.25471858182961
            ],
            [
              -71.8055937956332,
              42.254718623484706
            ],
            [
              -71.80518580274563,
              42.25490033423752
            ],
            [
              -71.80518570387045,
              42.254900383328355
            ],
            [
              -71.8048036479109,
              42.25511092634103
            ],
            [
              -71.80480355598823,
              42.2551109823949
            ],
            [
              -71.80445111613865,
              42.25534833029687
            ],
            [
              -71.80445103205368,
              42.25534839277401
            ],
            [
              -71.8042892403825,
              42.255481029400876
            ],
            [
              -71.80388385292154,
              42.25562349794683
            ],
            [
              -71.80388374804338,
              42.255623539600364
            ],
            [
              -71.80347574441407,
              42.25580524424123
            ],
            [
              -71.80347564553612,
              42.25580529333059
            ],
            [
              -71.80309357842668,
              42.25601583061347
            ],
            [
              -71.80309348650117,
              42.256015886665956
            ],
            [
              -71.80274103520081,
              42.256253229275444
            ],
            [
              -71.80274095111294,
              42.25625329175133
            ],
            [
              -71.80242150984414,
              42.25651515423299
            ],
            [
              -71.80242143440375,
              42.25651522253066
            ],
            [
              -71.80213807963696,
              42.25679908329032
            ],
            [
              -71.80213801357063,
              42.25679915675208
            ],
            [
              -71.80210658319439,
              42.25683811737246
            ],
            [
              -71.80204596694631,
              42.25686511120954
            ],
            [
              -71.80204586806562,
              42.25686516029766
            ],
            [
              -71.80166378980279,
              42.25707569277857
            ],
            [
              -71.80166369787447,
              42.25707574882991
            ],
            [
              -71.80131123531106,
              42.25731308700163
            ],
            [
              -71.80131115122037,
              42.25731314947645
            ],
            [
              -71.80099169868727,
              42.257575007927315
            ],
            [
              -71.80099162324407,
              42.25757507622402
            ],
            [
              -71.80096234646008,
              42.257604403914044
            ],
            [
              -71.80081572679896,
              42.257577127092844
            ],
            [
              -71.80081561015385,
              42.257577109861245
            ],
            [
              -71.80034503940213,
              42.257525272611105
            ],
            [
              -71.80034492104524,
              42.257525263955294
            ],
            [
              -71.79986977692803,
              42.257507938120156
            ],
            [
              -71.79986965799901,
              42.257507938123474
            ],
            [
              -71.79939451563895,
              42.2575252905326
            ],
            [
              -71.79939439728294,
              42.257525299195045
            ],
            [
              -71.79892383178574,
              42.25757716276329
            ],
            [
              -71.7989237151424,
              42.2575771800014
            ],
            [
              -71.79867094006708,
              42.25762422065068
            ],
            [
              -71.79851809752554,
              42.25757052299076
            ],
            [
              -71.79851798764835,
              42.257570489183244
            ],
            [
              -71.79845732793564,
              42.25755436690792
            ],
            [
              -71.79826602857639,
              42.25742557184104
            ],
            [
              -71.79826593664171,
              42.257425515794985
            ],
            [
              -71.7978838342989,
              42.25721500533047
            ],
            [
              -71.79788373541254,
              42.25721495624805
            ],
            [
              -71.79747569963241,
              42.25703328023521
            ],
            [
              -71.79747559474663,
              42.25703323858903
            ],
            [
              -71.79704555476971,
              42.256882146414945
            ],
            [
              -71.7970454448945,
              42.25688211260603
            ],
            [
              -71.79659754174682,
              42.25676305914982
            ],
            [
              -71.7965974279402,
              42.25676303350371
            ],
            [
              -71.79643307880671,
              42.25673245125526
            ],
            [
              -71.79642888249049,
              42.25673013927671
            ],
            [
              -71.79642878360602,
              42.25673009019304
            ],
            [
              -71.79605287903416,
              42.2565627127621
            ],
            [
              -71.79595118975001,
              42.25626112037974
            ],
            [
              -71.79595115522837,
              42.25626103583581
            ],
            [
              -71.7957908990303,
              42.255928300832124
            ],
            [
              -71.79579085352037,
              42.25592821920893
            ],
            [
              -71.79558746916832,
              42.25560875511318
            ],
            [
              -71.79558741310856,
              42.255608677196726
            ],
            [
              -71.79534285979895,
              42.25530556040171
            ],
            [
              -71.79534279372936,
              42.25530548694231
            ],
            [
              -71.79505942701131,
              42.25502163637623
            ],
            [
              -71.79505935156823,
              42.25502156808128
            ],
            [
              -71.79473990064415,
              42.25475971710653
            ],
            [
              -71.79473981655417,
              42.25475965463368
            ],
            [
              -71.7943873579874,
              42.25452232473366
            ],
            [
              -71.79438726606038,
              42.25452226868448
            ],
            [
              -71.79400519414331,
              42.25431174519126
            ],
            [
              -71.7940050952645,
              42.25431169610547
            ],
            [
              -71.79359708933255,
              42.25413000620162
            ],
            [
              -71.79359698445413,
              42.254129964551865
            ],
            [
              -71.79316697346047,
              42.25397885775827
            ],
            [
              -71.79316686359236,
              42.253978823945616
            ],
            [
              -71.79298514034139,
              42.2539305126736
            ],
            [
              -71.79266624443228,
              42.25371577076492
            ],
            [
              -71.79266615250795,
              42.25371571471435
            ],
            [
              -71.79228409118332,
              42.25350518545783
            ],
            [
              -71.7922839923071,
              42.25350513637056
            ],
            [
              -71.79187599651402,
              42.253323440318326
            ],
            [
              -71.79187589163806,
              42.25332339866699
            ],
            [
              -71.79144589023211,
              42.25317228539913
            ],
            [
              -71.79144578036632,
              42.253172251584814
            ],
            [
              -71.79099791400225,
              42.25305317618357
            ],
            [
              -71.79099780020456,
              42.25305315053189
            ],
            [
              -71.79053638147853,
              42.252967259577005
            ],
            [
              -71.79053626484473,
              42.25296724233494
            ],
            [
              -71.79006573678474,
              42.25291536286838
            ],
            [
              -71.79006561843788,
              42.25291535420196
            ],
            [
              -71.78978528395739,
              42.25290510627825
            ],
            [
              -71.78965612536278,
              42.252859713773134
            ],
            [
              -71.78965601549851,
              42.25285967995711
            ],
            [
              -71.78920815471274,
              42.252740597560184
            ],
            [
              -71.78920804091634,
              42.252740571906706
            ],
            [
              -71.78874662689732,
              42.252654673746456
            ],
            [
              -71.78874651026457,
              42.25265465650258
            ],
            [
              -71.78827598599501,
              42.252602769690334
            ],
            [
              -71.78827586764896,
              42.25260276102206
            ],
            [
              -71.78805464557011,
              42.252594670571
            ],
            [
              -71.7879357194879,
              42.25251457596814
            ],
            [
              -71.7876978294462,
              42.252276226023646
            ],
            [
              -71.78769775401433,
              42.25227615772383
            ],
            [
              -71.78750236365934,
              42.252115963581105
            ],
            [
              -71.78747684564631,
              42.25198806408716
            ],
            [
              -71.78747682245901,
              42.25198797743488
            ],
            [
              -71.78736129331715,
              42.25164516683075
            ],
            [
              -71.7873612588095,
              42.25164508228418
            ],
            [
              -71.78720105944782,
              42.25131233501185
            ],
            [
              -71.78720101395231,
              42.25131225338519
            ],
            [
              -71.78699768778017,
              42.25099277380144
            ],
            [
              -71.78699763173508,
              42.25099269588073
            ],
            [
              -71.78679694146538,
              42.250743871092666
            ],
            [
              -71.78676613042622,
              42.2506524406983
            ],
            [
              -71.78676609591989,
              42.25065235615154
            ],
            [
              -71.78660590219809,
              42.250319607990264
            ],
            [
              -71.78660585670404,
              42.25031952636333
            ],
            [
              -71.78640253672327,
              42.25000004566916
            ],
            [
              -71.78640248067978,
              42.24999996774813
            ],
            [
              -71.78615799301657,
              42.24969683107378
            ],
            [
              -71.78615792696348,
              42.24969675760902
            ],
            [
              -71.78587462653482,
              42.249412884074204
            ],
            [
              -71.78587455110834,
              42.24941281577315
            ],
            [
              -71.78555516647835,
              42.24915093896154
            ],
            [
              -71.78555508240487,
              42.24915087648189
            ],
            [
              -71.78520268949867,
              42.248913518125775
            ],
            [
              -71.78520259758793,
              42.248913462069176
            ],
            [
              -71.78482059006575,
              42.24870290777465
            ],
            [
              -71.78482049120281,
              42.24870285868089
            ],
            [
              -71.78441254778016,
              42.248521135927206
            ],
            [
              -71.78441244291707,
              42.24852109426901
            ],
            [
              -71.78398249194544,
              42.24836995289339
            ],
            [
              -71.78398238209198,
              42.248369919071905
            ],
            [
              -71.78353456374059,
              42.248250814427266
            ],
            [
              -71.78353444995456,
              42.24825078876815
            ],
            [
              -71.78307307635745,
              42.24816486771583
            ],
            [
              -71.78307295973453,
              42.24816485046617
            ],
            [
              -71.78269368448578,
              42.24812300407275
            ],
            [
              -71.78235282400372,
              42.247935115334435
            ],
            [
              -71.78235272514388,
              42.24793506623855
            ],
            [
              -71.7819447937518,
              42.24775333468275
            ],
            [
              -71.78194468889163,
              42.247753293022306
            ],
            [
              -71.78151474902545,
              42.247602142375094
            ],
            [
              -71.78151463917463,
              42.24760210855125
            ],
            [
              -71.78106683089672,
              42.24748299425482
            ],
            [
              -71.78106671711308,
              42.24748296859325
            ],
            [
              -71.78060535246051,
              42.24739703760191
            ],
            [
              -71.78060523583967,
              42.24739702034972
            ],
            [
              -71.78013475731994,
              42.24734510009091
            ],
            [
              -71.78013463898483,
              42.24734509141423
            ],
            [
              -71.77965957681856,
              42.24732768182529
            ],
            [
              -71.77965945790865,
              42.24732768180767
            ],
            [
              -71.7791843864296,
              42.24734495052427
            ],
            [
              -71.77918426808985,
              42.24734495916586
            ],
            [
              -71.77871376172146,
              42.24739673990868
            ],
            [
              -71.77871364509134,
              42.24739675712628
            ],
            [
              -71.77851016471168,
              42.247434592286105
            ],
            [
              -71.77845191257357,
              42.24739534848153
            ],
            [
              -71.778451820671,
              42.24739529241951
            ],
            [
              -71.7780698447608,
              42.24718471558434
            ],
            [
              -71.77806974590548,
              42.24718466648476
            ],
            [
              -71.77766183164258,
              42.247002919671246
            ],
            [
              -71.77766172678643,
              42.247002878006874
            ],
            [
              -71.77723180224159,
              42.24685171128394
            ],
            [
              -71.77723169239437,
              42.24685167745597
            ],
            [
              -71.77678389748252,
              42.246732546420574
            ],
            [
              -71.77678378370196,
              42.24673252075476
            ],
            [
              -71.77632243033149,
              42.246646572522394
            ],
            [
              -71.7763223137132,
              42.24664655526585
            ],
            [
              -71.77585184428304,
              42.24659461742997
            ],
            [
              -71.77585172594995,
              42.24659460874888
            ],
            [
              -71.77537667059323,
              42.24657718141606
            ],
            [
              -71.77537655168474,
              42.246577181394
            ],
            [
              -71.77490148466971,
              42.246594432370756
            ],
            [
              -71.77490136633078,
              42.24659444100793
            ],
            [
              -71.77443086203786,
              42.24664620418575
            ],
            [
              -71.77443074540797,
              42.24664622139899
            ],
            [
              -71.77396933430578,
              42.246731998353
            ],
            [
              -71.77396922050796,
              42.246732023976584
            ],
            [
              -71.77352134555093,
              42.246850988762404
            ],
            [
              -71.77352123568097,
              42.24685102254959
            ],
            [
              -71.7734237401551,
              42.24688525908519
            ],
            [
              -71.77306513632483,
              42.246898274964266
            ],
            [
              -71.77306501798508,
              42.24689828359954
            ],
            [
              -71.77259450993284,
              42.24695003924009
            ],
            [
              -71.7725943933019,
              42.24695005645147
            ],
            [
              -71.7721329774974,
              42.24703582601186
            ],
            [
              -71.77213286369832,
              42.247035851633605
            ],
            [
              -71.77168498314136,
              42.24715480924074
            ],
            [
              -71.77168487326988,
              42.247154843026166
            ],
            [
              -71.77134658401577,
              42.247273628985425
            ],
            [
              -71.77125202964874,
              42.24728402856801
            ],
            [
              -71.77125191301683,
              42.247284045778024
            ],
            [
              -71.7708378804525,
              42.247361002113706
            ],
            [
              -71.77057206467994,
              42.24726751949142
            ],
            [
              -71.77057195483553,
              42.24726748565708
            ],
            [
              -71.77012416951581,
              42.24714832862664
            ],
            [
              -71.77012405573721,
              42.24714830295422
            ],
            [
              -71.76966270837944,
              42.24706232793662
            ],
            [
              -71.7696625917622,
              42.2470623106733
            ],
            [
              -71.76919212470753,
              42.24701034551993
            ],
            [
              -71.76919200637455,
              42.247010336831956
            ],
            [
              -71.76871694973322,
              42.24699288191239
            ],
            [
              -71.76871683082395,
              42.24699288188341
            ],
            [
              -71.76824175887657,
              42.24701010526978
            ],
            [
              -71.76824164053596,
              42.24701011390008
            ],
            [
              -71.76777112771045,
              42.247061849749514
            ],
            [
              -71.76777101107798,
              42.247061866955974
            ],
            [
              -71.7675780610098,
              42.24709772474652
            ],
            [
              -71.76751901979908,
              42.247091202402764
            ],
            [
              -71.76751890146619,
              42.247091193713075
            ],
            [
              -71.76704384467953,
              42.247073731862905
            ],
            [
              -71.76704372577012,
              42.24707373183218
            ],
            [
              -71.7666076393523,
              42.247089535503214
            ],
            [
              -71.76650111196754,
              42.24692203702771
            ],
            [
              -71.76650105595128,
              42.24692195909692
            ],
            [
              -71.76625667546648,
              42.246618779848376
            ],
            [
              -71.76625660943968,
              42.24661870637212
            ],
            [
              -71.76597341202127,
              42.24633478353755
            ],
            [
              -71.76597333661991,
              42.24633471522337
            ],
            [
              -71.76581328999323,
              42.2462034186235
            ],
            [
              -71.76568762212011,
              42.246005816907974
            ],
            [
              -71.76568756610567,
              42.246005738976784
            ],
            [
              -71.76544319305103,
              42.24570255794691
            ],
            [
              -71.76544312702615,
              42.24570248447018
            ],
            [
              -71.76515993735224,
              42.245418559582056
            ],
            [
              -71.76515986195284,
              42.24541849126733
            ],
            [
              -71.76484058315754,
              42.24515655659929
            ],
            [
              -71.76484049910985,
              42.24515649410443
            ],
            [
              -71.76448820609949,
              42.24491907194598
            ],
            [
              -71.76448811421285,
              42.24491901587274
            ],
            [
              -71.76440314761265,
              42.244872157565894
            ],
            [
              -71.76436549500367,
              42.24479387537367
            ],
            [
              -71.76436544954228,
              42.24479379373785
            ],
            [
              -71.76416225953037,
              42.24447427332618
            ],
            [
              -71.76416220351915,
              42.24447419539423
            ],
            [
              -71.76391784367668,
              42.24417101103418
            ],
            [
              -71.76391777765517,
              42.244170937556554
            ],
            [
              -71.76363460166844,
              42.2438870088272
            ],
            [
              -71.76363452627251,
              42.24388694051146
            ],
            [
              -71.76331526150769,
              42.24362500152814
            ],
            [
              -71.76331517746351,
              42.24362493903214
            ],
            [
              -71.76317074138129,
              42.24352759314437
            ],
            [
              -71.76297211686752,
              42.24328114397003
            ],
            [
              -71.76297205084803,
              42.24328107049183
            ],
            [
              -71.7626888830801,
              42.24299713938393
            ],
            [
              -71.76268880768626,
              42.242997071067556
            ],
            [
              -71.76236955131901,
              42.242735129411535
            ],
            [
              -71.76236946727694,
              42.24273506691483
            ],
            [
              -71.76201719700066,
              42.24249763706748
            ],
            [
              -71.76201710511974,
              42.24249758099225
            ],
            [
              -71.76163521341424,
              42.242286949248225
            ],
            [
              -71.76163511457928,
              42.242286900134424
            ],
            [
              -71.76134749504473,
              42.24215868501171
            ],
            [
              -71.76106667526,
              42.241877091964554
            ],
            [
              -71.76106659986924,
              42.2418770236471
            ],
            [
              -71.76074735585775,
              42.24161507742506
            ],
            [
              -71.76074727181877,
              42.241615014927156
            ],
            [
              -71.76039501385434,
              42.24137758005163
            ],
            [
              -71.76039492197647,
              42.24137752397508
            ],
            [
              -71.76001304242035,
              42.24116688678911
            ],
            [
              -71.76001294358842,
              42.2411668376739
            ],
            [
              -71.75982704261263,
              42.24108396176566
            ],
            [
              -71.75978651391887,
              42.24105070592281
            ],
            [
              -71.75978642988159,
              42.241050643424195
            ],
            [
              -71.75943417865851,
              42.24081320557454
            ],
            [
              -71.75943408678233,
              42.24081314949723
            ],
            [
              -71.75905221382503,
              42.24060250909159
            ],
            [
              -71.75905211499473,
              42.240602459975555
            ],
            [
              -71.75892672597756,
              42.24054655883129
            ],
            [
              -71.75887038759953,
              42.24037911735658
            ],
            [
              -71.75887035313606,
              42.24037903280127
            ],
            [
              -71.7587103319898,
              42.24004624510957
            ],
            [
              -71.75871028653908,
              42.24004616347144
            ],
            [
              -71.75850714028637,
              42.239726632780524
            ],
            [
              -71.75850708428631,
              42.23972655484574
            ],
            [
              -71.75826276983081,
              42.23942335819005
            ],
            [
              -71.75826270382079,
              42.239423284709105
            ],
            [
              -71.75797957441178,
              42.2391393417862
            ],
            [
              -71.7579794990276,
              42.23913927346667
            ],
            [
              -71.7576602815827,
              42.2388773185286
            ],
            [
              -71.75766019755041,
              42.238877256028395
            ],
            [
              -71.7573079663852,
              42.23863981155991
            ],
            [
              -71.75730787451405,
              42.23863975548088
            ],
            [
              -71.75692602173176,
              42.23842910791744
            ],
            [
              -71.75692592290649,
              42.23842905879957
            ],
            [
              -71.7565181257331,
              42.23824723651866
            ],
            [
              -71.75651802090538,
              42.238247194834905
            ],
            [
              -71.7560882062846,
              42.23809594863217
            ],
            [
              -71.75608809646384,
              42.238095914783926
            ],
            [
              -71.7556404032525,
              42.237976701021715
            ],
            [
              -71.75564028949624,
              42.237976675334885
            ],
            [
              -71.75517902862384,
              42.23789064192525
            ],
            [
              -71.75517891202742,
              42.23789062464718
            ],
            [
              -71.75470852500257,
              42.23783860000374
            ],
            [
              -71.75470840668874,
              42.237838591300815
            ],
            [
              -71.75423342285136,
              42.23782107636597
            ],
            [
              -71.75423330395932,
              42.23782107632198
            ],
            [
              -71.75375829688925,
              42.23783823974569
            ],
            [
              -71.75375817856381,
              42.237838248361065
            ],
            [
              -71.75328772206443,
              42.237889924877834
            ],
            [
              -71.75328760544494,
              42.2378899420696
            ],
            [
              -71.75282622952473,
              42.23797563408889
            ],
            [
              -71.7528261157341,
              42.23797565969153
            ],
            [
              -71.75237826300877,
              42.23809454208678
            ],
            [
              -71.7523781531427,
              42.23809457585374
            ],
            [
              -71.75194813607675,
              42.238245503903535
            ],
            [
              -71.75194803119322,
              42.2382455455097
            ],
            [
              -71.75153999059171,
              42.23842706591517
            ],
            [
              -71.75153989170067,
              42.23842711495988
            ],
            [
              -71.75115775685002,
              42.23863747983222
            ],
            [
              -71.75115766490377,
              42.238637535843246
            ],
            [
              -71.75080511574464,
              42.238874719527224
            ],
            [
              -71.75080503162862,
              42.238874781965194
            ],
            [
              -71.75048546332484,
              42.23913650053676
            ],
            [
              -71.75048538784915,
              42.23913656880045
            ],
            [
              -71.75020187809339,
              42.23942030205126
            ],
            [
              -71.75020181198495,
              42.239420375483334
            ],
            [
              -71.74995709135602,
              42.23972339118082
            ],
            [
              -71.74995703525155,
              42.23972346907413
            ],
            [
              -71.74975346090872,
              42.24004284926385
            ],
            [
              -71.74975341534865,
              42.24004293086829
            ],
            [
              -71.74959294831693,
              42.24037559996575
            ],
            [
              -71.74959291374017,
              42.2403756844955
            ],
            [
              -71.74947710000562,
              42.24071843889715
            ],
            [
              -71.74947707674531,
              42.24071852553817
            ],
            [
              -71.74940703234324,
              42.24106806446693
            ],
            [
              -71.74940702062356,
              42.241068152384855
            ],
            [
              -71.74938342086419,
              42.24142110967321
            ],
            [
              -71.74938342079822,
              42.24142119802135
            ],
            [
              -71.74940649373444,
              42.24177417452613
            ],
            [
              -71.74940650532302,
              42.241774262453646
            ],
            [
              -71.74947602952439,
              42.24212385879058
            ],
            [
              -71.74947605265608,
              42.24212394545066
            ],
            [
              -71.74959135931151,
              42.24246679473332
            ],
            [
              -71.74959139376372,
              42.24246687929137
            ],
            [
              -71.74975137309396,
              42.24279967955935
            ],
            [
              -71.74975141853508,
              42.24279976120098
            ],
            [
              -71.74995453045393,
              42.24311930722469
            ],
            [
              -71.74995458644648,
              42.2431193851636
            ],
            [
              -71.7501988753697,
              42.24342259931939
            ],
            [
              -71.75019894137453,
              42.243422672804925
            ],
            [
              -71.75048205503406,
              42.24370663472272
            ],
            [
              -71.75048213041556,
              42.24370670304711
            ],
            [
              -71.75080134249902,
              42.24396867774488
            ],
            [
              -71.7508014265313,
              42.243968740250054
            ],
            [
              -71.75115366292911,
              42.2442062044837
            ],
            [
              -71.7511537548029,
              42.24420626056763
            ],
            [
              -71.75153562321077,
              42.24441692714212
            ],
            [
              -71.75153572204121,
              42.2444169762646
            ],
            [
              -71.75166111219548,
              42.24447288545284
            ],
            [
              -71.75171743514542,
              42.24464033034674
            ],
            [
              -71.75171746960166,
              42.244640414904126
            ],
            [
              -71.75187746559186,
              42.24497321208205
            ],
            [
              -71.75187751103728,
              42.24497329372282
            ],
            [
              -71.75208064065225,
              42.24529283586197
            ],
            [
              -71.75208069664932,
              42.245292913799815
            ],
            [
              -71.75232500413435,
              42.24559612331392
            ],
            [
              -71.7523250701439,
              42.2455961967982
            ],
            [
              -71.75260820305218,
              42.245880153361874
            ],
            [
              -71.75260827843856,
              42.24588022168484
            ],
            [
              -71.75292751027231,
              42.246142190367586
            ],
            [
              -71.75292759430958,
              42.246142252871174
            ],
            [
              -71.75327985076898,
              42.24637971048681
            ],
            [
              -71.7532799426478,
              42.246379766569014
            ],
            [
              -71.7536618312353,
              42.24659042598624
            ],
            [
              -71.75366193007078,
              42.246590475106856
            ],
            [
              -71.75374022805063,
              42.24662538359391
            ],
            [
              -71.75373213169034,
              42.24666579669705
            ],
            [
              -71.75373211997564,
              42.24666588461533
            ],
            [
              -71.7537085422229,
              42.247018842451155
            ],
            [
              -71.75370854216294,
              42.24701893079921
            ],
            [
              -71.75373164123387,
              42.247371906091715
            ],
            [
              -71.75373165282947,
              42.24737199401871
            ],
            [
              -71.75380120704209,
              42.24772158739523
            ],
            [
              -71.75380123018174,
              42.24772167405436
            ],
            [
              -71.75391657043612,
              42.24806451865696
            ],
            [
              -71.75391660489716,
              42.24806460321365
            ],
            [
              -71.75407662109059,
              42.24839739712691
            ],
            [
              -71.7540766665413,
              42.248397478766755
            ],
            [
              -71.75427981823267,
              42.24871701682227
            ],
            [
              -71.75427987423548,
              42.248717094758995
            ],
            [
              -71.75452420545756,
              42.24902029940977
            ],
            [
              -71.75452427147323,
              42.24902037289276
            ],
            [
              -71.75480742955061,
              42.24930432386021
            ],
            [
              -71.75480750494344,
              42.24930439218169
            ],
            [
              -71.75512676313592,
              42.24956635458922
            ],
            [
              -71.75512684717991,
              42.24956641709117
            ],
            [
              -71.7554791309338,
              42.24980386781297
            ],
            [
              -71.75547922281952,
              42.24980392389339
            ],
            [
              -71.75586113937436,
              42.25001457586454
            ],
            [
              -71.7558612382169,
              42.25001462498325
            ],
            [
              -71.75626910928237,
              42.250196449236334
            ],
            [
              -71.75626921412972,
              42.25019649092024
            ],
            [
              -71.75669911131834,
              42.25034773613582
            ],
            [
              -71.75669922116064,
              42.250347769983435
            ],
            [
              -71.7571470038343,
              42.25046697936611
            ],
            [
              -71.75714711761363,
              42.25046700505139
            ],
            [
              -71.75760847277913,
              42.250553030367875
            ],
            [
              -71.75760858939951,
              42.25055304764344
            ],
            [
              -71.75807907326828,
              42.25060506028776
            ],
            [
              -71.75807919160644,
              42.250605068987205
            ],
            [
              -71.75818461146793,
              42.25060895216027
            ],
            [
              -71.75819236925577,
              42.25061857800629
            ],
            [
              -71.75819243527735,
              42.25061865148713
            ],
            [
              -71.75847561695294,
              42.25090259332118
            ],
            [
              -71.75847569235164,
              42.25090266164021
            ],
            [
              -71.75879497378011,
              42.251164613765674
            ],
            [
              -71.75879505782984,
              42.2511646762649
            ],
            [
              -71.75914736423374,
              42.25140211565501
            ],
            [
              -71.75914745612502,
              42.251402171732465
            ],
            [
              -71.75952939452561,
              42.251612811431414
            ],
            [
              -71.75952949337348,
              42.251612860546935
            ],
            [
              -71.75993738526998,
              42.25179467170547
            ],
            [
              -71.75993749012238,
              42.251794713386
            ],
            [
              -71.76036740692659,
              42.251945944810856
            ],
            [
              -71.76036751677366,
              42.25194597865493
            ],
            [
              -71.7605350690306,
              42.251990577743605
            ],
            [
              -71.76070615112887,
              42.25225960542776
            ],
            [
              -71.76070620714273,
              42.2522596833613
            ],
            [
              -71.7609505828093,
              42.25256287413769
            ],
            [
              -71.76095064883611,
              42.25256294761692
            ],
            [
              -71.76123385157722,
              42.25284688254614
            ],
            [
              -71.7612339269812,
              42.25284695086335
            ],
            [
              -71.76155322962641,
              42.2531088952232
            ],
            [
              -71.76155331368145,
              42.25310895772041
            ],
            [
              -71.76190564124886,
              42.25334638855889
            ],
            [
              -71.76190573314541,
              42.25334644463412
            ],
            [
              -71.76228769245245,
              42.25355707507779
            ],
            [
              -71.7622877913055,
              42.25355712419093
            ],
            [
              -71.76269570364997,
              42.253738925479645
            ],
            [
              -71.76269580850742,
              42.253738967157645
            ],
            [
              -71.76312574510408,
              42.25389018819318
            ],
            [
              -71.76312585495597,
              42.25389022203462
            ],
            [
              -71.76357367478703,
              42.25400940625444
            ],
            [
              -71.76357378857531,
              42.25400943193333
            ],
            [
              -71.76403517828955,
              42.25409543134653
            ],
            [
              -71.7640352949182,
              42.25409544861554
            ],
            [
              -71.76450581039411,
              42.254147434865644
            ],
            [
              -71.76450592873978,
              42.25414744355843
            ],
            [
              -71.76498103791121,
              42.2541649159061
            ],
            [
              -71.76498115683395,
              42.25416491593895
            ],
            [
              -71.76545628336503,
              42.25414770608757
            ],
            [
              -71.76545640171936,
              42.25414769746016
            ],
            [
              -71.76565357583392,
              42.25412602369199
            ],
            [
              -71.76609449147732,
              42.25420819829208
            ],
            [
              -71.76609460810674,
              42.25420821555901
            ],
            [
              -71.76656512611196,
              42.25426019335975
            ],
            [
              -71.7665652444581,
              42.25426020205042
            ],
            [
              -71.76704035504413,
              42.25427766586681
            ],
            [
              -71.76704047396709,
              42.25427766589752
            ],
            [
              -71.76751560078444,
              42.254260447515115
            ],
            [
              -71.7675157191387,
              42.25426043888558
            ],
            [
              -71.76798628568142,
              42.25420870415461
            ],
            [
              -71.76798640232698,
              42.25420868694794
            ],
            [
              -71.76817937384033,
              42.25417282851712
            ],
            [
              -71.76823842172385,
              42.25417935051348
            ],
            [
              -71.76823854007009,
              42.254179359202425
            ],
            [
              -71.76871365051086,
              42.2541968160871
            ],
            [
              -71.76871376943366,
              42.25419681611609
            ],
            [
              -71.76918889518885,
              42.25417959080118
            ],
            [
              -71.76918901354273,
              42.25417958216991
            ],
            [
              -71.7696595781166,
              42.254127840572394
            ],
            [
              -71.76965969476156,
              42.254127823364016
            ],
            [
              -71.77007377302024,
              42.25405087137737
            ],
            [
              -71.77033961653822,
              42.25414435504625
            ],
            [
              -71.77033972639444,
              42.254144388880775
            ],
            [
              -71.77078756160466,
              42.25426354492817
            ],
            [
              -71.77078767539633,
              42.254263570599896
            ],
            [
              -71.77124907676216,
              42.25434954098827
            ],
            [
              -71.77124919339326,
              42.25434955824995
            ],
            [
              -71.77171971668085,
              42.2544015149024
            ],
            [
              -71.77171983502798,
              42.25440152358776
            ],
            [
              -71.77219494809593,
              42.25441896605005
            ],
            [
              -71.77219506701915,
              42.25441896607543
            ],
            [
              -71.77267019349404,
              42.25440172633887
            ],
            [
              -71.77267031184785,
              42.25440171770403
            ],
            [
              -71.77314087522703,
              42.25434996182449
            ],
            [
              -71.77314099187144,
              42.254349944612585
            ],
            [
              -71.77360245962706,
              42.25426417111033
            ],
            [
              -71.77360257343855,
              42.254264145487156
            ],
            [
              -71.77405050069692,
              42.25414518054252
            ],
            [
              -71.77405061057925,
              42.25414514675488
            ],
            [
              -71.7743889314849,
              42.25402635296439
            ],
            [
              -71.77448349540794,
              42.2540159508084
            ],
            [
              -71.77448361205138,
              42.254015933595134
            ],
            [
              -71.7747105585605,
              42.25397374801913
            ],
            [
              -71.77498050725494,
              42.254094020403606
            ],
            [
              -71.77498061212104,
              42.25409406207037
            ],
            [
              -71.77541058047314,
              42.25424523704456
            ],
            [
              -71.77541069033221,
              42.25424527087422
            ],
            [
              -71.77585853580109,
              42.25436440711872
            ],
            [
              -71.775858649595,
              42.254364432785415
            ],
            [
              -71.77632005858241,
              42.25445038277145
            ],
            [
              -71.77632017521508,
              42.25445040002798
            ],
            [
              -71.77679070341374,
              42.25450233587517
            ],
            [
              -71.77679082176175,
              42.25450234455529
            ],
            [
              -71.7772659369829,
              42.25451976600986
            ],
            [
              -71.77726605590631,
              42.25451976602996
            ],
            [
              -71.77727094226066,
              42.254519588524715
            ],
            [
              -71.77761402868683,
              42.25458349326298
            ],
            [
              -71.7776141453201,
              42.254583510518174
            ],
            [
              -71.77808467556983,
              42.2546354410555
            ],
            [
              -71.77808479391825,
              42.25463544973428
            ],
            [
              -71.77855991049455,
              42.25465286582796
            ],
            [
              -71.77856002941823,
              42.25465286584673
            ],
            [
              -71.7786562007855,
              42.25464937113731
            ],
            [
              -71.77868960774661,
              42.25469079713835
            ],
            [
              -71.77868967379626,
              42.25469087060735
            ],
            [
              -71.77897296561987,
              42.254974761628006
            ],
            [
              -71.77897304104555,
              42.25497482993354
            ],
            [
              -71.77916841863725,
              42.25513503852644
            ],
            [
              -71.7791939211298,
              42.25526293979731
            ],
            [
              -71.77919394430698,
              42.25526302645123
            ],
            [
              -71.77930943581507,
              42.25560584506264
            ],
            [
              -71.77930947031413,
              42.25560592961157
            ],
            [
              -71.7794696390527,
              42.25593868765479
            ],
            [
              -71.77946968454158,
              42.25593876928448
            ],
            [
              -71.77967298860035,
              42.2562582619363
            ],
            [
              -71.77967304464109,
              42.256258339860544
            ],
            [
              -71.77991752658512,
              42.25656149001109
            ],
            [
              -71.77991759263813,
              42.25656156347936
            ],
            [
              -71.78020089834013,
              42.25684545137475
            ],
            [
              -71.78020097376937,
              42.256845519679445
            ],
            [
              -71.78052037506697,
              42.25710741105038
            ],
            [
              -71.78052045914602,
              42.257107473533615
            ],
            [
              -71.7808442550408,
              42.257325565691886
            ],
            [
              -71.78108213824785,
              42.2575639296413
            ],
            [
              -71.78108221367889,
              42.25756399794541
            ],
            [
              -71.78140162224803,
              42.25782588682961
            ],
            [
              -71.78140170632891,
              42.257825949312206
            ],
            [
              -71.78175413459485,
              42.25806331897954
            ],
            [
              -71.78175422651584,
              42.2580633750388
            ],
            [
              -71.7821240397446,
              42.25826719300371
            ],
            [
              -71.78241587648681,
              42.258506466800036
            ],
            [
              -71.7824159605696,
              42.25850652928188
            ],
            [
              -71.7827683964287,
              42.25874389580466
            ],
            [
              -71.78276848835156,
              42.25874395186311
            ],
            [
              -71.78315054964375,
              42.25895451262581
            ],
            [
              -71.78315064852141,
              42.25895456172093
            ],
            [
              -71.78355865556183,
              42.25913628863455
            ],
            [
              -71.78355876044196,
              42.25913633029344
            ],
            [
              -71.78398878353293,
              42.25928747297609
            ],
            [
              -71.78398889340535,
              42.25928750679751
            ],
            [
              -71.78443679069558,
              42.25940660944132
            ],
            [
              -71.78443690450204,
              42.259406635099495
            ],
            [
              -71.78489836189394,
              42.25949255049932
            ],
            [
              -71.78489847853824,
              42.259492567747095
            ],
            [
              -71.78536905125812,
              42.25954446835569
            ],
            [
              -71.78536916961676,
              42.25954447702696
            ],
            [
              -71.78584432504687,
              42.259561862929964
            ],
            [
              -71.78584444397977,
              42.25956186294118
            ],
            [
              -71.78608724078369,
              42.25955302518382
            ],
            [
              -71.78639209199301,
              42.25963408332097
            ],
            [
              -71.78639220580067,
              42.2596341089772
            ],
            [
              -71.78685366750531,
              42.259720016506705
            ],
            [
              -71.78685378415057,
              42.25972003375249
            ],
            [
              -71.78732436016503,
              42.2597719263367
            ],
            [
              -71.78732447852435,
              42.25977193500593
            ],
            [
              -71.78760484302127,
              42.25978218893341
            ],
            [
              -71.78773401427085,
              42.259827583694076
            ],
            [
              -71.78773412414621,
              42.259827617511895
            ],
            [
              -71.78791586032034,
              42.25987593705475
            ],
            [
              -71.78823477114811,
              42.26009069194107
            ],
            [
              -71.7882348630778,
              42.26009074799512
            ],
            [
              -71.78861695068565,
              42.26030129049908
            ],
            [
              -71.78861704956967,
              42.26030133958947
            ],
            [
              -71.78899295668,
              42.260468741282196
            ],
            [
              -71.7890946195649,
              42.260770339610715
            ],
            [
              -71.78909465407986,
              42.26077042415664
            ],
            [
              -71.78925488733192,
              42.26110316823395
            ],
            [
              -71.78925493283712,
              42.26110324985967
            ],
            [
              -71.78945830287917,
              42.26142272487727
            ],
            [
              -71.78945835893651,
              42.261422802796645
            ],
            [
              -71.78970290769813,
              42.26172593181438
            ],
            [
              -71.78970297376787,
              42.261726005276934
            ],
            [
              -71.78998634647812,
              42.262009868744364
            ],
            [
              -71.78998642192406,
              42.26200993704257
            ],
            [
              -71.79030588977511,
              42.26227180092558
            ],
            [
              -71.7903059738707,
              42.262271863401615
            ],
            [
              -71.79065846028905,
              42.26250920552316
            ],
            [
              -71.79065855222439,
              42.262509261575254
            ],
            [
              -71.79104066249695,
              42.26271979591624
            ],
            [
              -71.79104076138661,
              42.2627198450045
            ],
            [
              -71.79144881535663,
              42.262901543730344
            ],
            [
              -71.79144892024819,
              42.26290158538199
            ],
            [
              -71.79187898776578,
              42.263052698382275
            ],
            [
              -71.79187909764894,
              42.2630527321961
            ],
            [
              -71.79197255594222,
              42.26307757559992
            ],
            [
              -71.7919507864134,
              42.26340635913047
            ],
            [
              -71.79195078640683,
              42.2634064474783
            ],
            [
              -71.79197410471615,
              42.26375941403822
            ],
            [
              -71.79197411636787,
              42.2637595019611
            ],
            [
              -71.79204389980337,
              42.264109071123514
            ],
            [
              -71.79204392300139,
              42.264109157774676
            ],
            [
              -71.79215950025589,
              42.26445196291445
            ],
            [
              -71.79215953477696,
              42.264452047459386
            ],
            [
              -71.7923197934654,
              42.264784787040796
            ],
            [
              -71.79231983897719,
              42.264784868665245
            ],
            [
              -71.79252323632306,
              42.265104338042754
            ],
            [
              -71.79252329238744,
              42.26510441596059
            ],
            [
              -71.79276787005739,
              42.26540753824833
            ],
            [
              -71.79276793613452,
              42.26540761170909
            ],
            [
              -71.79305133907921,
              42.26569146742141
            ],
            [
              -71.79305141453285,
              42.26569153571755
            ],
            [
              -71.79322945424727,
              42.26583745393453
            ],
            [
              -71.79319338598556,
              42.26601800808685
            ],
            [
              -71.79319337432209,
              42.26601809600886
            ],
            [
              -71.79317000941735,
              42.26637106074273
            ],
            [
              -71.79317000941249,
              42.26637114909051
            ],
            [
              -71.79319333561442,
              42.26672411521953
            ],
            [
              -71.79319334726837,
              42.26672420314224
            ],
            [
              -71.7932631407082,
              42.26707377138159
            ],
            [
              -71.79326316390896,
              42.26707385803247
            ],
            [
              -71.79337875318326,
              42.26741666176592
            ],
            [
              -71.79337878770754,
              42.26741674631045
            ],
            [
              -71.79353906031554,
              42.267749484015795
            ],
            [
              -71.79353910583104,
              42.26774956563972
            ],
            [
              -71.79353956731266,
              42.267750290416295
            ],
            [
              -71.79356274290724,
              42.267866363252075
            ],
            [
              -71.79354602519521,
              42.26811892663885
            ],
            [
              -71.79354602519086,
              42.268119014986596
            ],
            [
              -71.79356935413432,
              42.26847198093121
            ],
            [
              -71.79356936578914,
              42.268472068853846
            ],
            [
              -71.79363916323396,
              42.26882163675753
            ],
            [
              -71.79363918643587,
              42.2688217234083
            ],
            [
              -71.79375478094015,
              42.269164526658024
            ],
            [
              -71.7937548154659,
              42.26916461120241
            ],
            [
              -71.79390430320764,
              42.26947494586467
            ],
            [
              -71.79388229585358,
              42.269807440901175
            ],
            [
              -71.7938822958497,
              42.26980752924889
            ],
            [
              -71.79390562729132,
              42.27016049502083
            ],
            [
              -71.79390563894692,
              42.27016058294342
            ],
            [
              -71.7939521380221,
              42.2703934529874
            ],
            [
              -71.79392158643884,
              42.270546389061046
            ],
            [
              -71.79392157477554,
              42.27054647698306
            ],
            [
              -71.79389821225992,
              42.27089944158559
            ],
            [
              -71.79389821225607,
              42.27089952993329
            ],
            [
              -71.79392154418898,
              42.271252495634556
            ],
            [
              -71.7939215558448,
              42.271252583557114
            ],
            [
              -71.79393503251839,
              42.271320074428715
            ],
            [
              -71.7939159033064,
              42.27137678514488
            ],
            [
              -71.79391588009565,
              42.27137687179444
            ],
            [
              -71.79389432691484,
              42.27148476144866
            ],
            [
              -71.79379892968224,
              42.27156292845857
            ],
            [
              -71.79379885421463,
              42.27156299675036
            ],
            [
              -71.79351539337844,
              42.2718468354573
            ],
            [
              -71.79351532728639,
              42.27184690891391
            ],
            [
              -71.79327068864393,
              42.27215001530549
            ],
            [
              -71.79327063256402,
              42.27215009321954
            ],
            [
              -71.79306717248637,
              42.272469548467896
            ],
            [
              -71.7930671269588,
              42.272469630089084
            ],
            [
              -71.79290680537197,
              42.27280235788674
            ],
            [
              -71.79290677083533,
              42.27280244242906
            ],
            [
              -71.79279113232612,
              42.273145238606986
            ],
            [
              -71.79279110911318,
              42.2731453252563
            ],
            [
              -71.79277373215248,
              42.27323229949155
            ],
            [
              -71.79247640149372,
              42.273396054549885
            ],
            [
              -71.79247630953354,
              42.27339611059369
            ],
            [
              -71.7921237215918,
              42.27363341985024
            ],
            [
              -71.79212363747037,
              42.273633482318154
            ],
            [
              -71.79180406451151,
              42.273895314427705
            ],
            [
              -71.79180398903894,
              42.27389538271816
            ],
            [
              -71.7915205088015,
              42.27417921637914
            ],
            [
              -71.79152044270468,
              42.27417928983456
            ],
            [
              -71.79127578548436,
              42.274482391847435
            ],
            [
              -71.79127572939993,
              42.27448246976047
            ],
            [
              -71.79107225174673,
              42.27480192133958
            ],
            [
              -71.7910722062149,
              42.27480200295995
            ],
            [
              -71.79091186822414,
              42.275134727833176
            ],
            [
              -71.79091183368357,
              42.275134812374866
            ],
            [
              -71.79082962266162,
              42.275378483968716
            ],
            [
              -71.7908110106306,
              42.275393732347595
            ],
            [
              -71.79081093515518,
              42.275393800637396
            ],
            [
              -71.79052744374702,
              42.27567763176952
            ],
            [
              -71.79052737764748,
              42.27567770522436
            ],
            [
              -71.79028270987335,
              42.275980805039445
            ],
            [
              -71.79028265378636,
              42.275980882951984
            ],
            [
              -71.79007916629793,
              42.276300332685494
            ],
            [
              -71.79007912076375,
              42.276300414305446
            ],
            [
              -71.78991877375103,
              42.27663313770309
            ],
            [
              -71.7899187392083,
              42.276633222244456
            ],
            [
              -71.78980307750302,
              42.2769760151796
            ],
            [
              -71.7898030542846,
              42.276976101828254
            ],
            [
              -71.78979276487478,
              42.27702758626845
            ],
            [
              -71.78968037786453,
              42.277140102599425
            ],
            [
              -71.7896803117625,
              42.27714017605375
            ],
            [
              -71.78943563427242,
              42.277443273984275
            ],
            [
              -71.78943557818309,
              42.27744335189638
            ],
            [
              -71.78923208171165,
              42.27776280004525
            ],
            [
              -71.78923203617532,
              42.277762881664856
            ],
            [
              -71.78907168099906,
              42.278095603793034
            ],
            [
              -71.7890716464544,
              42.27809568833412
            ],
            [
              -71.78895597748374,
              42.278438480327196
            ],
            [
              -71.7889559542636,
              42.27843856697566
            ],
            [
              -71.78888608614122,
              42.27878812769435
            ],
            [
              -71.7888860744694,
              42.27878821561573
            ],
            [
              -71.78886268080937,
              42.27914117868235
            ],
            [
              -71.78886268079847,
              42.279141267029935
            ],
            [
              -71.78887380655041,
              42.27930975922904
            ],
            [
              -71.78872365984434,
              42.279460069716876
            ],
            [
              -71.78872359373877,
              42.27946014317062
            ],
            [
              -71.78847890268904,
              42.279763238937036
            ],
            [
              -71.78847884659648,
              42.279763316848644
            ],
            [
              -71.78827533782822,
              42.28008276317021
            ],
            [
              -71.78827529228899,
              42.2800828447894
            ],
            [
              -71.78811492619725,
              42.28041556544472
            ],
            [
              -71.78811489165004,
              42.28041564998549
            ],
            [
              -71.78799921325036,
              42.28075844087438
            ],
            [
              -71.78799919002806,
              42.28075852752261
            ],
            [
              -71.78792931405401,
              42.281108087516394
            ],
            [
              -71.78792930238043,
              42.281108175437645
            ],
            [
              -71.78791861308933,
              42.2812694128591
            ],
            [
              -71.78784171137931,
              42.28136466562726
            ],
            [
              -71.78784165528455,
              42.281364743538525
            ],
            [
              -71.78763813814453,
              42.28168418863991
            ],
            [
              -71.78763809260333,
              42.28168427025881
            ],
            [
              -71.78747771909826,
              42.282016989929865
            ],
            [
              -71.78747768454933,
              42.282017074470424
            ],
            [
              -71.78736199976618,
              42.28235986462046
            ],
            [
              -71.78736197654241,
              42.28235995126854
            ],
            [
              -71.7872920952763,
              42.282709510776044
            ],
            [
              -71.78729208360156,
              42.282709598697195
            ],
            [
              -71.78726867959321,
              42.283062561196154
            ],
            [
              -71.7872686795801,
              42.28306264954368
            ],
            [
              -71.78729197899875,
              42.28341561584044
            ],
            [
              -71.78729199064759,
              42.2834157037635
            ],
            [
              -71.7873092454986,
              42.28350214520525
            ],
            [
              -71.78720605573756,
              42.2835866679066
            ],
            [
              -71.78720598024846,
              42.283586736193925
            ],
            [
              -71.78692243593684,
              42.28387055800791
            ],
            [
              -71.78692236982457,
              42.283870631460566
            ],
            [
              -71.78667765307674,
              42.28417372314998
            ],
            [
              -71.78667759697804,
              42.28417380106065
            ],
            [
              -71.78647406491739,
              42.28449324393929
            ],
            [
              -71.78647401937266,
              42.28449332555769
            ],
            [
              -71.78643264012807,
              42.28457916601308
            ],
            [
              -71.78615442739911,
              42.28473234028233
            ],
            [
              -71.78615433541687,
              42.284732396320955
            ],
            [
              -71.78580166055453,
              42.28496968567053
            ],
            [
              -71.78580157641177,
              42.28496974813369
            ],
            [
              -71.78548191999703,
              42.285231562106986
            ],
            [
              -71.7854818445041,
              42.28523163039315
            ],
            [
              -71.78542541838362,
              42.285288108122664
            ],
            [
              -71.78511835201385,
              42.285424728568856
            ],
            [
              -71.78511825307537,
              42.28542477764212
            ],
            [
              -71.78473594596109,
              42.28563525266596
            ],
            [
              -71.78473585397626,
              42.28563530870345
            ],
            [
              -71.78438316875597,
              42.28587259365435
            ],
            [
              -71.7843830846106,
              42.28587265611643
            ],
            [
              -71.78406341775904,
              42.286134466095405
            ],
            [
              -71.78406334226351,
              42.286134534380636
            ],
            [
              -71.78378446223934,
              42.28641365447317
            ],
            [
              -71.78350360490528,
              42.286568270179714
            ],
            [
              -71.783503512918,
              42.286568326216205
            ],
            [
              -71.78315081786985,
              42.286805607339296
            ],
            [
              -71.78315073372204,
              42.28680566980047
            ],
            [
              -71.78283105705167,
              42.2870674763023
            ],
            [
              -71.7828309815537,
              42.287067544586705
            ],
            [
              -71.78254740199831,
              42.28735135541238
            ],
            [
              -71.78254733587733,
              42.28735142886247
            ],
            [
              -71.78230258468906,
              42.287654511032535
            ],
            [
              -71.78230252858188,
              42.28765458894102
            ],
            [
              -71.782166099371,
              42.28786867415617
            ],
            [
              -71.78206729113901,
              42.28786505739078
            ],
            [
              -71.78206717215289,
              42.28786505737565
            ],
            [
              -71.7815917968711,
              42.287882335927364
            ],
            [
              -71.78159167845584,
              42.28788234457138
            ],
            [
              -71.78112087251856,
              42.28793413480714
            ],
            [
              -71.78112075581436,
              42.28793415202706
            ],
            [
              -71.78065905259385,
              42.288019955261525
            ],
            [
              -71.78065893872446,
              42.288019980891555
            ],
            [
              -71.78021078398726,
              42.28813897092746
            ],
            [
              -71.78021067404914,
              42.2881390047208
            ],
            [
              -71.77978038316738,
              42.28829003580051
            ],
            [
              -71.77978027821915,
              42.288290077431775
            ],
            [
              -71.77937199463425,
              42.288471695264576
            ],
            [
              -71.77937189568655,
              42.28847174433289
            ],
            [
              -71.7790212048252,
              42.28866477684463
            ],
            [
              -71.77875129094949,
              42.28871493223801
            ],
            [
              -71.77875117707808,
              42.28871495786614
            ],
            [
              -71.77830301382559,
              42.28883394043455
            ],
            [
              -71.77830290388526,
              42.28883397422606
            ],
            [
              -71.77787260371777,
              42.28898499813136
            ],
            [
              -71.77787249876715,
              42.28898503976085
            ],
            [
              -71.7774642052155,
              42.289166650781425
            ],
            [
              -71.77746410626521,
              42.28916669984806
            ],
            [
              -71.77708175105148,
              42.289377149222815
            ],
            [
              -71.77708165905443,
              42.289377205254134
            ],
            [
              -71.77673073400042,
              42.28961324921727
            ],
            [
              -71.77639373884107,
              42.289702710067395
            ],
            [
              -71.7763936288982,
              42.28970274385707
            ],
            [
              -71.77596331825846,
              42.28985376057746
            ],
            [
              -71.77596321330516,
              42.28985380220521
            ],
            [
              -71.77555490865991,
              42.290035406402346
            ],
            [
              -71.77555480970679,
              42.29003545546733
            ],
            [
              -71.7751724428849,
              42.29024589844588
            ],
            [
              -71.77517235088487,
              42.29024595447566
            ],
            [
              -71.77481960406101,
              42.29048320982853
            ],
            [
              -71.77481951990005,
              42.290483272283566
            ],
            [
              -71.77449979014203,
              42.290745055396876
            ],
            [
              -71.77449971463065,
              42.290745123675755
            ],
            [
              -71.77446385487596,
              42.2907810034096
            ],
            [
              -71.77402690267967,
              42.29086217631056
            ],
            [
              -71.77402678880249,
              42.29086220193398
            ],
            [
              -71.77357860144129,
              42.29098116600013
            ],
            [
              -71.7735784914947,
              42.29098119978709
            ],
            [
              -71.77314816543077,
              42.29113220591339
            ],
            [
              -71.77314806047347,
              42.291132247538556
            ],
            [
              -71.77273973948688,
              42.2913138416746
            ],
            [
              -71.77273964052958,
              42.29131389073715
            ],
            [
              -71.77235725660654,
              42.291524324284474
            ],
            [
              -71.77235716460216,
              42.291524380311984
            ],
            [
              -71.77200440008195,
              42.29176162695435
            ],
            [
              -71.77200431591652,
              42.291761689407295
            ],
            [
              -71.77168456803729,
              42.292023464614694
            ],
            [
              -71.77168449252136,
              42.292023532891704
            ],
            [
              -71.77140084070587,
              42.29230731591069
            ],
            [
              -71.77140077456673,
              42.29230738935429
            ],
            [
              -71.77115595076285,
              42.29261044747324
            ],
            [
              -71.77115589463754,
              42.29261052537619
            ],
            [
              -71.77095225699944,
              42.29292994023232
            ],
            [
              -71.7709522114286,
              42.29293002184444
            ],
            [
              -71.77079172159239,
              42.29326271751953
            ],
            [
              -71.77079168701499,
              42.29326280205489
            ],
            [
              -71.77067589118805,
              42.29360557468951
            ],
            [
              -71.77067586793727,
              42.293605661334034
            ],
            [
              -71.77060588198431,
              42.29395520997548
            ],
            [
              -71.77060587028426,
              42.293955297894755
            ],
            [
              -71.77058236895445,
              42.294308256281894
            ],
            [
              -71.770582368918,
              42.29430834462923
            ],
            [
              -71.77060557931816,
              42.294661313608124
            ],
            [
              -71.77060559094586,
              42.29466140153268
            ],
            [
              -71.77067529032348,
              42.29501098179131
            ],
            [
              -71.77067531350353,
              42.29501106844632
            ],
            [
              -71.77079083136215,
              42.295353893252816
            ],
            [
              -71.77079086587148,
              42.29535397780372
            ],
            [
              -71.77095109039917,
              42.29568674543305
            ],
            [
              -71.77095113590563,
              42.29568682706553
            ],
            [
              -71.77115452465598,
              42.296006332602076
            ],
            [
              -71.77115458072142,
              42.296006410529934
            ],
            [
              -71.77139917544494,
              42.29630957673956
            ],
            [
              -71.77139924152955,
              42.29630965021222
            ],
            [
              -71.77168268701358,
              42.296593557186235
            ],
            [
              -71.771682762481,
              42.29659362549606
            ],
            [
              -71.7720023292176,
              42.296855538781166
            ],
            [
              -71.77200241334108,
              42.29685560127023
            ],
            [
              -71.77235502380493,
              42.29709299821341
            ],
            [
              -71.77235511577432,
              42.29709305427985
            ],
            [
              -71.772737374058,
              42.29730364833381
            ],
            [
              -71.77273747298753,
              42.29730369743756
            ],
            [
              -71.77314569750888,
              42.297485460192405
            ],
            [
              -71.77314580244574,
              42.29748550186053
            ],
            [
              -71.77357606141219,
              42.29763668258893
            ],
            [
              -71.77357617134567,
              42.297636716420094
            ],
            [
              -71.77402432063364,
              42.297755858947504
            ],
            [
              -71.7740244345049,
              42.297755884615846
            ],
            [
              -71.77448615758907,
              42.2978418413528
            ],
            [
              -71.77448627430127,
              42.29784185861107
            ],
            [
              -71.77495712384814,
              42.29789380161204
            ],
            [
              -71.7749572422771,
              42.297893810294006
            ],
            [
              -71.77543268300171,
              42.297911239236186
            ],
            [
              -71.77543280200672,
              42.29791123925822
            ],
            [
              -71.77590825437862,
              42.29789398626311
            ],
            [
              -71.7759083728134,
              42.29789397762499
            ],
            [
              -71.77637925718992,
              42.297842208876226
            ],
            [
              -71.77637937391368,
              42.29784219166117
            ],
            [
              -71.77684115467414,
              42.297756405803035
            ],
            [
              -71.7768412685626,
              42.29775638017684
            ],
            [
              -71.77728949781762,
              42.29763740350885
            ],
            [
              -71.77728960777381,
              42.29763736971837
            ],
            [
              -71.77771996822732,
              42.29748634823237
            ],
            [
              -71.77772007319216,
              42.297486306603076
            ],
            [
              -71.77812841974249,
              42.29730469493975
            ],
            [
              -71.77812851870497,
              42.29730464587259
            ],
            [
              -71.77851091838353,
              42.297094193303984
            ],
            [
              -71.77851101039056,
              42.29709413727159
            ],
            [
              -71.77886378025258,
              42.29685687084488
            ],
            [
              -71.77886386441801,
              42.29685680838696
            ],
            [
              -71.77918360702006,
              42.296595013392476
            ],
            [
              -71.77918368253334,
              42.296594945110584
            ],
            [
              -71.7792195429079,
              42.296559063938055
            ],
            [
              -71.77965652781062,
              42.296477871343214
            ],
            [
              -71.77965664169564,
              42.29647784571422
            ],
            [
              -71.78010485658692,
              42.2963588580201
            ],
            [
              -71.78010496653937,
              42.29635882422691
            ],
            [
              -71.78053531156337,
              42.29620779214607
            ],
            [
              -71.78053541652423,
              42.29620775051419
            ],
            [
              -71.78094374672798,
              42.29602612878939
            ],
            [
              -71.78094384568628,
              42.29602607971981
            ],
            [
              -71.78132622825868,
              42.295815617719974
            ],
            [
              -71.78132632026136,
              42.29581556168533
            ],
            [
              -71.78167726258809,
              42.2955795039224
            ],
            [
              -71.7820142815962,
              42.29549002764578
            ],
            [
              -71.78201439154611,
              42.29548999385076
            ],
            [
              -71.78244472609431,
              42.295338954584516
            ],
            [
              -71.78244483105246,
              42.29533891295087
            ],
            [
              -71.78285315015906,
              42.295157284402414
            ],
            [
              -71.78285324911451,
              42.295157235331175
            ],
            [
              -71.78320396429085,
              42.29496419132617
            ],
            [
              -71.7834739013129,
              42.29491402551289
            ],
            [
              -71.78347401519356,
              42.2949139998801
            ],
            [
              -71.78392221181286,
              42.29479499723976
            ],
            [
              -71.78392232176057,
              42.29479496344292
            ],
            [
              -71.78435264701974,
              42.294643917001686
            ],
            [
              -71.78435275197548,
              42.2946438753663
            ],
            [
              -71.78476106111196,
              42.294462240005245
            ],
            [
              -71.78476116006486,
              42.29446219093236
            ],
            [
              -71.78514352047057,
              42.294251716151734
            ],
            [
              -71.78514361246758,
              42.294251660114014
            ],
            [
              -71.7854963415761,
              42.29401437317495
            ],
            [
              -71.7854964257312,
              42.29401431071213
            ],
            [
              -71.78581612649177,
              42.293752497102474
            ],
            [
              -71.78581620199449,
              42.29375242881619
            ],
            [
              -71.78609979559023,
              42.29346861022905
            ],
            [
              -71.7860998617135,
              42.293468536777
            ],
            [
              -71.7863446172093,
              42.29316544681453
            ],
            [
              -71.78634467331639,
              42.29316536890414
            ],
            [
              -71.78648109981056,
              42.29295127891834
            ],
            [
              -71.78657991624296,
              42.29295489187929
            ],
            [
              -71.78658003523866,
              42.29295489188974
            ],
            [
              -71.78705544729303,
              42.29293759268506
            ],
            [
              -71.78705556571701,
              42.29293758403542
            ],
            [
              -71.78752640404798,
              42.29288576949115
            ],
            [
              -71.78752652075956,
              42.29288575226474
            ],
            [
              -71.78798825019014,
              42.2927999214663
            ],
            [
              -71.78798836406516,
              42.29279989582902
            ],
            [
              -71.78843653720052,
              42.292680875508836
            ],
            [
              -71.78843664714215,
              42.292680841707636
            ],
            [
              -71.788866947227,
              42.29252977827799
            ],
            [
              -71.78886705217627,
              42.29252973663846
            ],
            [
              -71.78927533469067,
              42.292348085144006
            ],
            [
              -71.78927543363676,
              42.29234803606721
            ],
            [
              -71.78965776622906,
              42.29213754616361
            ],
            [
              -71.78965785821899,
              42.29213749012224
            ],
            [
              -71.79001055859081,
              42.29190018921627
            ],
            [
              -71.79001064273862,
              42.29190012675011
            ],
            [
              -71.790330314116,
              42.29163830046411
            ],
            [
              -71.79033038961134,
              42.29163823217483
            ],
            [
              -71.79060926378499,
              42.291359096425225
            ],
            [
              -71.79089012502392,
              42.291204463453
            ],
            [
              -71.79089021701141,
              42.291204407410625
            ],
            [
              -71.79124290755327,
              42.290967102677186
            ],
            [
              -71.79124299169864,
              42.29096704021011
            ],
            [
              -71.79156265325555,
              42.29070521044745
            ],
            [
              -71.79156272874845,
              42.29070514215736
            ],
            [
              -71.79161915422155,
              42.2906486614628
            ],
            [
              -71.79192623191372,
              42.29051202374162
            ],
            [
              -71.79192633085488,
              42.29051197466252
            ],
            [
              -71.79230864352033,
              42.29030147585695
            ],
            [
              -71.79230873550523,
              42.29030141981344
            ],
            [
              -71.79266141568675,
              42.29006411068161
            ],
            [
              -71.7926614998295,
              42.2900640482135
            ],
            [
              -71.79298115094768,
              42.28980221445698
            ],
            [
              -71.79298122643796,
              42.289802146165925
            ],
            [
              -71.79326477015414,
              42.289518309671834
            ],
            [
              -71.79326483626495,
              42.2895182362156
            ],
            [
              -71.79350954212451,
              42.28921513075848
            ],
            [
              -71.79350959821926,
              42.28921505284454
            ],
            [
              -71.79371310993858,
              42.28889559774811
            ],
            [
              -71.79371315547715,
              42.28889551612689
            ],
            [
              -71.79375452766367,
              42.28880967311039
            ],
            [
              -71.79403273992146,
              42.28865648051947
            ],
            [
              -71.79403283190246,
              42.28865642447457
            ],
            [
              -71.79438549643892,
              42.28841910997429
            ],
            [
              -71.7943855805778,
              42.288419047504895
            ],
            [
              -71.79470521624161,
              42.28815720886928
            ],
            [
              -71.79470529172808,
              42.28815714057708
            ],
            [
              -71.7949888203295,
              42.28787329974021
            ],
            [
              -71.79498888643658,
              42.28787322628296
            ],
            [
              -71.79523357766655,
              42.287570117061186
            ],
            [
              -71.79523363375773,
              42.2875700391464
            ],
            [
              -71.79543713147353,
              42.28725058089969
            ],
            [
              -71.79543717700868,
              42.287250499277775
            ],
            [
              -71.79559752191076,
              42.28691776878495
            ],
            [
              -71.79559755645153,
              42.28691768424201
            ],
            [
              -71.7957132049336,
              42.28657488606124
            ],
            [
              -71.79571322814748,
              42.28657479941153
            ],
            [
              -71.79578306713914,
              42.286225235011585
            ],
            [
              -71.79578307880276,
              42.286225147089624
            ],
            [
              -71.7958064364625,
              42.28587218304987
            ],
            [
              -71.7958064364637,
              42.28587209470239
            ],
            [
              -71.79578308862048,
              42.28551913028756
            ],
            [
              -71.79578307695947,
              42.285519042365415
            ],
            [
              -71.7957658099762,
              42.28543260222891
            ],
            [
              -71.79586899130882,
              42.2853480718556
            ],
            [
              -71.79586906679066,
              42.2853480035626
            ],
            [
              -71.79615257757436,
              42.28506415971003
            ],
            [
              -71.79615264367717,
              42.28506408625206
            ],
            [
              -71.79639731846022,
              42.284760974399134
            ],
            [
              -71.79639737454747,
              42.284760896483746
            ],
            [
              -71.79660085734554,
              42.28444143601575
            ],
            [
              -71.79660090287716,
              42.28444135439333
            ],
            [
              -71.79676123453432,
              42.284108622110445
            ],
            [
              -71.796761269072,
              42.28410853756713
            ],
            [
              -71.79687690610943,
              42.28376573804475
            ],
            [
              -71.79687692932067,
              42.283765651394766
            ],
            [
              -71.79694675877816,
              42.28341608611457
            ],
            [
              -71.79694677043962,
              42.28341599819245
            ],
            [
              -71.79695743707785,
              42.28325475999087
            ],
            [
              -71.79703432735697,
              42.283159501143714
            ],
            [
              -71.797034383442,
              42.283159423227985
            ],
            [
              -71.79723785786999,
              42.282839961540596
            ],
            [
              -71.79723790339963,
              42.28283987991789
            ],
            [
              -71.79739822764584,
              42.282507146651525
            ],
            [
              -71.79739826218176,
              42.28250706210799
            ],
            [
              -71.79751389283871,
              42.28216426184748
            ],
            [
              -71.79751391604849,
              42.282164175197344
            ],
            [
              -71.7975837402173,
              42.28181460943148
            ],
            [
              -71.7975837518776,
              42.28181452150926
            ],
            [
              -71.7976070978594,
              42.28146155683053
            ],
            [
              -71.79760709785809,
              42.281461468482995
            ],
            [
              -71.79759594846333,
              42.28129297719494
            ],
            [
              -71.79774607843532,
              42.28114265514315
            ],
            [
              -71.79774614453218,
              42.28114258168422
            ],
            [
              -71.79799079650832,
              42.28083946622484
            ],
            [
              -71.79799085259013,
              42.28083938830861
            ],
            [
              -71.79819431472373,
              42.280519924795115
            ],
            [
              -71.79819436025048,
              42.280519843171994
            ],
            [
              -71.79835467358456,
              42.28018710843393
            ],
            [
              -71.79835470811796,
              42.28018702389007
            ],
            [
              -71.7984703293501,
              42.279844222526386
            ],
            [
              -71.79847035255771,
              42.279844135876026
            ],
            [
              -71.79848063536268,
              42.27979265068303
            ],
            [
              -71.79859301143134,
              42.27968012578282
            ],
            [
              -71.79859307752568,
              42.279680052323386
            ],
            [
              -71.79883771978639,
              42.27937693498026
            ],
            [
              -71.79883777586585,
              42.279376857063596
            ],
            [
              -71.79904122901767,
              42.27905739196632
            ],
            [
              -71.79904127454229,
              42.279057310342864
            ],
            [
              -71.79920157971473,
              42.27872457433616
            ],
            [
              -71.79920161424619,
              42.27872448979202
            ],
            [
              -71.79928379736634,
              42.278480812341726
            ],
            [
              -71.79930240826315,
              42.278465562596395
            ],
            [
              -71.79930248373307,
              42.27846549430106
            ],
            [
              -71.79958594826036,
              42.278181641622204
            ],
            [
              -71.79958601435199,
              42.27818156816217
            ],
            [
              -71.79983064605925,
              42.277878448622154
            ],
            [
              -71.79983070213616,
              42.27787837070497
            ],
            [
              -71.80003414545385,
              42.27755890376303
            ],
            [
              -71.80003419097609,
              42.27755882213915
            ],
            [
              -71.80019448712841,
              42.277226084657784
            ],
            [
              -71.80019452165773,
              42.27722600011333
            ],
            [
              -71.80031012750767,
              42.27688319671792
            ],
            [
              -71.8003101507117,
              42.27688311006714
            ],
            [
              -71.80032751831342,
              42.276796134746085
            ],
            [
              -71.80062484462825,
              42.276632359435006
            ],
            [
              -71.80062493658592,
              42.27663230338469
            ],
            [
              -71.80097750934947,
              42.276394968122666
            ],
            [
              -71.80097759346583,
              42.2763949056483
            ],
            [
              -71.80129714108082,
              42.27613304809749
            ],
            [
              -71.8012972165458,
              42.27613297980079
            ],
            [
              -71.80158066167054,
              42.275849122077354
            ],
            [
              -71.8015807277574,
              42.27584904861614
            ],
            [
              -71.80182534088677,
              42.27554592469894
            ],
            [
              -71.80182539695915,
              42.27554584678076
            ],
            [
              -71.8020288227025,
              42.2752263761712
            ],
            [
              -71.80202886822049,
              42.2752262945465
            ],
            [
              -71.80218914797126,
              42.27489355414238
            ],
            [
              -71.80218918249665,
              42.274893469597295
            ],
            [
              -71.8023047732758,
              42.27455066405209
            ],
            [
              -71.80230479647621,
              42.27455057740088
            ],
            [
              -71.80232633635796,
              42.27444268622479
            ],
            [
              -71.80242172739617,
              42.27436451216266
            ],
            [
              -71.80242180285784,
              42.27436444386522
            ],
            [
              -71.80270523501301,
              42.2740805832754
            ],
            [
              -71.80270530109674,
              42.27408050981352
            ],
            [
              -71.80294990199987,
              42.273777383404735
            ],
            [
              -71.80294995806929,
              42.273777305485964
            ],
            [
              -71.8031533724475,
              42.273457832783535
            ],
            [
              -71.80315341796276,
              42.273457751158354
            ],
            [
              -71.80331368731886,
              42.273125009080225
            ],
            [
              -71.80331372184177,
              42.27312492453476
            ],
            [
              -71.80342930329682,
              42.27278211775054
            ],
            [
              -71.80342932649505,
              42.27278203109907
            ],
            [
              -71.80349910762378,
              42.27243246116032
            ],
            [
              -71.80349911927411,
              42.27243237323734
            ],
            [
              -71.80352242879185,
              42.27207940677666
            ],
            [
              -71.80352242878226,
              42.27207931842897
            ],
            [
              -71.80349904298114,
              42.27172635473431
            ],
            [
              -71.80349903131194,
              42.27172626681272
            ],
            [
              -71.80348554434937,
              42.271658777070094
            ],
            [
              -71.80350466506854,
              42.271602064761225
            ],
            [
              -71.80350468826624,
              42.27160197810972
            ],
            [
              -71.80357446767759,
              42.27125240805298
            ],
            [
              -71.8035744793276,
              42.27125232012999
            ],
            [
              -71.80359778799071,
              42.27089935358112
            ],
            [
              -71.80359778798103,
              42.27089926523342
            ],
            [
              -71.80357440219626,
              42.27054630148123
            ],
            [
              -71.80357439052716,
              42.270546213559626
            ],
            [
              -71.80352785592412,
              42.2703133474243
            ],
            [
              -71.8035583841742,
              42.270160408786936
            ],
            [
              -71.80355839582403,
              42.27016032086394
            ],
            [
              -71.80358170417513,
              42.2698073542509
            ],
            [
              -71.80358170416547,
              42.26980726590317
            ],
            [
              -71.80355831887458,
              42.269454302080234
            ],
            [
              -71.8035583072057,
              42.26945421415863
            ],
            [
              -71.80348845426134,
              42.26910465233227
            ],
            [
              -71.80348843104582,
              42.26910456568348
            ],
            [
              -71.80337278391553,
              42.268761772242044
            ],
            [
              -71.80337274937716,
              42.268761687700554
            ],
            [
              -71.80322321688116,
              42.268451365341534
            ],
            [
              -71.80324517467739,
              42.26811886843631
            ],
            [
              -71.80324517466819,
              42.26811878008855
            ],
            [
              -71.80322179187947,
              42.26776581609266
            ],
            [
              -71.80322178021139,
              42.26776572817101
            ],
            [
              -71.80318473501009,
              42.26758033504251
            ],
            [
              -71.80320141410627,
              42.26732777022894
            ],
            [
              -71.80320141409713,
              42.26732768188118
            ],
            [
              -71.80317803184523,
              42.26697471782749
            ],
            [
              -71.80317802017736,
              42.2669746299058
            ],
            [
              -71.80310817207243,
              42.26662506769607
            ],
            [
              -71.80310814885836,
              42.26662498104718
            ],
            [
              -71.80309216295412,
              42.266577594159834
            ],
            [
              -71.80335300271383,
              42.26652904894516
            ],
            [
              -71.80335311653533,
              42.266529023292506
            ],
            [
              -71.80380107465427,
              42.26640994241134
            ],
            [
              -71.80380118454202,
              42.26640990859528
            ],
            [
              -71.80423126925167,
              42.26625878685233
            ],
            [
              -71.80423137414725,
              42.26625874519855
            ],
            [
              -71.80463944300264,
              42.26607703820002
            ],
            [
              -71.80463954189571,
              42.26607698910974
            ],
            [
              -71.80502166460364,
              42.265866447045724
            ],
            [
              -71.80502175654176,
              42.26586639099178
            ],
            [
              -71.80537425282571,
              42.26562904177128
            ],
            [
              -71.80537433692344,
              42.26562897929357
            ],
            [
              -71.80569381197535,
              42.26536710900406
            ],
            [
              -71.80569388742275,
              42.26536704070434
            ],
            [
              -71.80597726459982,
              42.265083171584614
            ],
            [
              -71.80597733067034,
              42.26508309812074
            ],
            [
              -71.80622188112181,
              42.26477996425933
            ],
            [
              -71.80622193717925,
              42.26477988633884
            ],
            [
              -71.80642530611802,
              42.264460407332855
            ],
            [
              -71.8064253516226,
              42.264460325706246
            ],
            [
              -71.80658558098901,
              42.26412757853424
            ],
            [
              -71.80658561550264,
              42.26412749398766
            ],
            [
              -71.8067011628026,
              42.26378468336823
            ],
            [
              -71.80670118599306,
              42.26378459671596
            ],
            [
              -71.8067125830608,
              42.263727479822364
            ],
            [
              -71.80693658884373,
              42.26360404647651
            ],
            [
              -71.80693668077686,
              42.263603990421004
            ],
            [
              -71.80728915727703,
              42.26336663522233
            ],
            [
              -71.80728924136984,
              42.2633665727432
            ],
            [
              -71.80760869707686,
              42.26310469701718
            ],
            [
              -71.8076087725195,
              42.26310462871617
            ],
            [
              -71.80789213097691,
              42.26282075475388
            ],
            [
              -71.80789219704285,
              42.262820681288886
            ],
            [
              -71.80813672958018,
              42.26251754322552
            ],
            [
              -71.80813678563325,
              42.26251746530408
            ],
            [
              -71.80824891657623,
              42.26234129892313
            ],
            [
              -71.80848877198024,
              42.262144668636985
            ],
            [
              -71.80848884742078,
              42.26214460033541
            ],
            [
              -71.80877219763246,
              42.26186072415156
            ],
            [
              -71.80877226369638,
              42.26186065068604
            ],
            [
              -71.80880369246302,
              42.26182168827332
            ],
            [
              -71.80886431057569,
              42.261794690888
            ],
            [
              -71.8088644094588,
              42.26179464179407
            ],
            [
              -71.809246492254,
              42.261584085499024
            ],
            [
              -71.80924658418216,
              42.26158402944166
            ],
            [
              -71.80959904076921,
              42.26134666706147
            ],
            [
              -71.80959912485707,
              42.261346604580616
            ],
            [
              -71.80976092039299,
              42.26121396059916
            ],
            [
              -71.81016633043056,
              42.261071471418056
            ],
            [
              -71.81016643531362,
              42.26107142975881
            ],
            [
              -71.81057445367992,
              42.26088970148287
            ],
            [
              -71.8105745525603,
              42.260889652387434
            ],
            [
              -71.81095662420245,
              42.260679090362665
            ],
            [
              -71.81095671612778,
              42.26067903430392
            ],
            [
              -71.81130916126124,
              42.260441666631536
            ],
            [
              -71.81130924534621,
              42.26044160414941
            ],
            [
              -71.81162866965566,
              42.26017971709457
            ],
            [
              -71.81162874509046,
              42.26017964879091
            ],
            [
              -71.81180099189586,
              42.26000706392889
            ],
            [
              -71.8118032188014,
              42.26000664925632
            ],
            [
              -71.81180333260774,
              42.26000662359526
            ],
            [
              -71.81225122865786,
              42.259887509579904
            ],
            [
              -71.81225133852976,
              42.2598874757557
            ],
            [
              -71.81268135873523,
              42.25973632215926
            ],
            [
              -71.81268146361444,
              42.259736280497705
            ],
            [
              -71.81308946615182,
              42.2595545432332
            ],
            [
              -71.81308956502815,
              42.25955449413558
            ],
            [
              -71.81347162024318,
              42.259343923684575
            ],
            [
              -71.81347171216436,
              42.2593438676238
            ],
            [
              -71.81382414043075,
              42.259106492168655
            ],
            [
              -71.81382422451145,
              42.259106429684685
            ],
            [
              -71.8140538495602,
              42.25891815165763
            ],
            [
              -71.81420640092988,
              42.25887757812726
            ],
            [
              -71.81420651079897,
              42.25887754430117
            ],
            [
              -71.8146365194734,
              42.258726383348225
            ],
            [
              -71.81463662434963,
              42.25872634168488
            ],
            [
              -71.8150446147627,
              42.25854459743387
            ],
            [
              -71.81504471363594,
              42.25854454833455
            ],
            [
              -71.81542675625019,
              42.25833397133435
            ],
            [
              -71.81542684816814,
              42.25833391527201
            ],
            [
              -71.81577926347869,
              42.25809653376805
            ],
            [
              -71.81577934755613,
              42.258096471282634
            ],
            [
              -71.816098741535,
              42.25783457167328
            ],
            [
              -71.81609881696218,
              42.25783450336663
            ],
            [
              -71.81614129009374,
              42.257791940726754
            ],
            [
              -71.81614340478872,
              42.25779154684996
            ],
            [
              -71.81614351858933,
              42.25779152118458
            ],
            [
              -71.81659139079581,
              42.25767239017565
            ],
            [
              -71.81659150066154,
              42.25767235634728
            ],
            [
              -71.81702149545228,
              42.25752118642155
            ],
            [
              -71.81702160032495,
              42.25752114475601
            ],
            [
              -71.81742957612136,
              42.25733939198376
            ],
            [
              -71.81742967499086,
              42.257339342882396
            ],
            [
              -71.81781170239631,
              42.25712875789455
            ],
            [
              -71.81781179431042,
              42.257128701830275
            ],
            [
              -71.81816419396658,
              42.2568913129492
            ],
            [
              -71.81816427804006,
              42.25689125046202
            ],
            [
              -71.81846511589421,
              42.25664454813239
            ],
            [
              -71.81882455594983,
              42.25648440971822
            ],
            [
              -71.81882465481692,
              42.256484360615644
            ],
            [
              -71.81920667242146,
              42.256273770950486
            ],
            [
              -71.81920676433307,
              42.256273714885076
            ],
            [
              -71.819559153998,
              42.256036321683084
            ],
            [
              -71.81955923806896,
              42.25603625919487
            ],
            [
              -71.81987860601335,
              42.25577434896707
            ],
            [
              -71.81987868143402,
              42.25577428065791
            ],
            [
              -71.81996466321266,
              42.255688106779075
            ],
            [
              -71.82021152145013,
              42.255622432927765
            ],
            [
              -71.82021163131037,
              42.255622399095905
            ],
            [
              -71.8206416035297,
              42.255471215545434
            ],
            [
              -71.82064170839658,
              42.25547117387659
            ],
            [
              -71.82104966058597,
              42.25528940816384
            ],
            [
              -71.82104975944947,
              42.25528935905932
            ],
            [
              -71.82143176243976,
              42.25507876193987
            ],
            [
              -71.82143185434768,
              42.25507870587267
            ],
            [
              -71.82178422901575,
              42.25484130578568
            ],
            [
              -71.82178431308294,
              42.25484124329583
            ],
            [
              -71.82196756508067,
              42.25469094991658
            ],
            [
              -71.82233660519118,
              42.25456118214569
            ],
            [
              -71.82233671005545,
              42.25456114047528
            ],
            [
              -71.82274465151309,
              42.25437936870538
            ],
            [
              -71.82274475037384,
              42.25437931959941
            ],
            [
              -71.82312674223363,
              42.25416871680179
            ],
            [
              -71.82312683413872,
              42.25416866073322
            ],
            [
              -71.82347919738476,
              42.25393125540177
            ],
            [
              -71.82347928144905,
              42.25393119291067
            ],
            [
              -71.82379862255499,
              42.253669271673154
            ],
            [
              -71.8237986979689,
              42.253669203361405
            ],
            [
              -71.82408194158221,
              42.25338528894721
            ],
            [
              -71.82408200761952,
              42.25338521547276
            ],
            [
              -71.82413788903055,
              42.25331590132237
            ],
            [
              -71.82434880116467,
              42.253276598800554
            ],
            [
              -71.82434891495382,
              42.25327657312703
            ],
            [
              -71.82479673977201,
              42.25315740998654
            ],
            [
              -71.82479684962553,
              42.253157376150284
            ],
            [
              -71.82522679415088,
              42.25300617534731
            ],
            [
              -71.82522689901066,
              42.25300613367424
            ],
            [
              -71.8256348221489,
              42.252824351576436
            ],
            [
              -71.82563492100499,
              42.25282430246795
            ],
            [
              -71.82601689386686,
              42.252613689988664
            ],
            [
              -71.82601698576714,
              42.25261363391778
            ],
            [
              -71.82616804995007,
              42.252511845056645
            ],
            [
              -71.82632682930095,
              42.25245600367862
            ],
            [
              -71.8263269341591,
              42.25245596200453
            ],
            [
              -71.82673485059358,
              42.25227417597724
            ],
            [
              -71.82673494944795,
              42.252274126867796
            ],
            [
              -71.82711691533076,
              42.252063510705234
            ],
            [
              -71.82711700722928,
              42.25206345463345
            ],
            [
              -71.82746934379479,
              42.25182603695819
            ],
            [
              -71.82746942785235,
              42.25182597446414
            ],
            [
              -71.82778874183124,
              42.25156404202285
            ],
            [
              -71.82778881723837,
              42.25156397370845
            ],
            [
              -71.82781037424795,
              42.25154236291879
            ],
            [
              -71.827856972455,
              42.25152597367926
            ],
            [
              -71.8278570773106,
              42.25152593200378
            ],
            [
              -71.82826498335903,
              42.251344140505594
            ],
            [
              -71.82826508221076,
              42.25134409139483
            ],
            [
              -71.82864703739213,
              42.251133470102985
            ],
            [
              -71.82864712928793,
              42.25113341402997
            ],
            [
              -71.8289303767016,
              42.25094254173765
            ],
            [
              -71.82926186762185,
              42.250825946079836
            ],
            [
              -71.82926197247536,
              42.250825904403065
            ],
            [
              -71.82966986997948,
              42.250644107886714
            ],
            [
              -71.82966996882904,
              42.25064405877473
            ],
            [
              -71.83005191511344,
              42.25043343277916
            ],
            [
              -71.83005200700698,
              42.25043337670502
            ],
            [
              -71.83040432349495,
              42.25019594994751
            ],
            [
              -71.83040440754745,
              42.25019588745129
            ],
            [
              -71.83058853485416,
              42.25004483427959
            ],
            [
              -71.83082696527754,
              42.249960965609056
            ],
            [
              -71.83082707012859,
              42.24996092393085
            ],
            [
              -71.8312349575659,
              42.249779121821575
            ],
            [
              -71.8312350564129,
              42.24977907270824
            ],
            [
              -71.83161699227261,
              42.249568441469634
            ],
            [
              -71.83161708416353,
              42.24956838539423
            ],
            [
              -71.83196938996929,
              42.24933095379408
            ],
            [
              -71.83196947401912,
              42.249330891296694
            ],
            [
              -71.83227865771285,
              42.24907723172578
            ],
            [
              -71.8323788452527,
              42.24905855346308
            ],
            [
              -71.83237895903102,
              42.249058527781564
            ],
            [
              -71.83282673889707,
              42.248939333203445
            ],
            [
              -71.83282684873897,
              42.24893929935948
            ],
            [
              -71.83325674544083,
              42.24878806834781
            ],
            [
              -71.83325685028834,
              42.24878802666737
            ],
            [
              -71.83366472319256,
              42.248606215880784
            ],
            [
              -71.83366482203583,
              42.24860616676535
            ],
            [
              -71.83404674273716,
              42.24839552739349
            ],
            [
              -71.83404683462419,
              42.248395471316115
            ],
            [
              -71.83415840483083,
              42.24832027472086
            ],
            [
              -71.83446516555857,
              42.24835397971088
            ],
            [
              -71.83446528390297,
              42.248353988331495
            ],
            [
              -71.83494036874244,
              42.24837117087751
            ],
            [
              -71.8349404876543,
              42.24837117083782
            ],
            [
              -71.83541555152307,
              42.24835367115145
            ],
            [
              -71.83541566985699,
              42.248353662451834
            ],
            [
              -71.83588613685566,
              42.24830164909301
            ],
            [
              -71.83588625347187,
              42.24830163181728
            ],
            [
              -71.83634759200143,
              42.248215605786456
            ],
            [
              -71.83634770577663,
              42.248215580101
            ],
            [
              -71.83679547220873,
              42.24809637001104
            ],
            [
              -71.83679558204705,
              42.248096336163265
            ],
            [
              -71.837225463545,
              42.247945090254234
            ],
            [
              -71.8372255683885,
              42.247945048570166
            ],
            [
              -71.83763342446537,
              42.247763223644185
            ],
            [
              -71.83763352330425,
              42.24776317452531
            ],
            [
              -71.83801542571688,
              42.247552521908226
            ],
            [
              -71.83801551759919,
              42.247552465827674
            ],
            [
              -71.83836778819355,
              42.24731501449313
            ],
            [
              -71.83836787223437,
              42.247314951991044
            ],
            [
              -71.83868711837671,
              42.247052989009866
            ],
            [
              -71.83868719376667,
              42.247052920688255
            ],
            [
              -71.83897034101936,
              42.246768969191734
            ],
            [
              -71.83897040703249,
              42.24676889570863
            ],
            [
              -71.83921472875954,
              42.246465690578475
            ],
            [
              -71.83921478476014,
              42.24646561264164
            ],
            [
              -71.8394179283776,
              42.24614607416102
            ],
            [
              -71.83941797382646,
              42.24614599252107
            ],
            [
              -71.83957798344476,
              42.245813198241066
            ],
            [
              -71.83957801790433,
              42.24581311368431
            ],
            [
              -71.83969335314563,
              42.24547026877684
            ],
            [
              -71.83969337628423,
              42.24547018211765
            ],
            [
              -71.83976292709401,
              42.24512058850106
            ],
            [
              -71.83976293868896,
              42.24512050057402
            ],
            [
              -71.83978603600002,
              42.244767525108564
            ],
            [
              -71.83978603593985,
              42.244767436760476
            ],
            [
              -71.83976245808708,
              42.24441447882049
            ],
            [
              -71.83976244637256,
              42.2444143909022
            ],
            [
              -71.83969242119802,
              42.24406484963713
            ],
            [
              -71.83969239794216,
              42.2440647629953
            ],
            [
              -71.83957660057101,
              42.24372200459523
            ],
            [
              -71.83957656599796,
              42.24372192006428
            ],
            [
              -71.8394161123081,
              42.243389245344794
            ],
            [
              -71.83941606675097,
              42.24338916373874
            ],
            [
              -71.83921250260009,
              42.243069776357544
            ],
            [
              -71.83921244649777,
              42.24306969846224
            ],
            [
              -71.83896773281286,
              42.2427666740731
            ],
            [
              -71.83896766670573,
              42.2427666006387
            ],
            [
              -71.83868416057938,
              42.242482857279775
            ],
            [
              -71.83868408510418,
              42.24248278901339
            ],
            [
              -71.8383645170803,
              42.242221059014575
            ],
            [
              -71.83836443296393,
              42.242220996573586
            ],
            [
              -71.83801188073261,
              42.24198380025327
            ],
            [
              -71.83801178878518,
              42.241983744238944
            ],
            [
              -71.83762964753993,
              42.24177336564284
            ],
            [
              -71.83762954864689,
              42.24177331659455
            ],
            [
              -71.83722149839002,
              42.241591781510046
            ],
            [
              -71.83722139350368,
              42.24159173990011
            ],
            [
              -71.8367913636146,
              42.24144079635728
            ],
            [
              -71.83679125374498,
              42.241440762586365
            ],
            [
              -71.83634338515223,
              42.24132186403328
            ],
            [
              -71.83634327135728,
              42.241321838426536
            ],
            [
              -71.83588187667817,
              42.241236129740194
            ],
            [
              -71.83588176005367,
              42.2412361125442
            ],
            [
              -71.8354112820845,
              42.241184419011645
            ],
            [
              -71.83541116375336,
              42.24118441039197
            ],
            [
              -71.83493613270932,
              42.2411672297675
            ],
            [
              -71.83493601381099,
              42.24116722980718
            ],
            [
              -71.83446100372619,
              42.24118472752195
            ],
            [
              -71.83446088540555,
              42.241184736220596
            ],
            [
              -71.83399047011247,
              42.241236743790424
            ],
            [
              -71.8339903535088,
              42.24123676106425
            ],
            [
              -71.83352906261949,
              42.241322777711154
            ]
          ]
        ]
      }
    }
  ]
}